filepath,captions
data/synthetic_visual_negation/data/positive/228675_img.png,"[""A desert with an armadillo next to a cactus.""]"
data/synthetic_visual_negation/data/positive/68331_img.png,"[""A terrarium with a European green lizard beside a chameleon.""]"
data/synthetic_visual_negation/data/positive/30103_img.png,"[""A marathon runner with a water bottle beside a backpack.""]"
data/synthetic_visual_negation/data/positive/2062_img.png,"[""A photo of a tool kit placed next to a car.""]"
data/synthetic_visual_negation/data/positive/29384_img.png,"[""A baseball field with a baseball player next to second base.""]"
data/synthetic_visual_negation/data/positive/223980_img.png,"[""A jungle habitat with an eastern lowland gorilla next to a cheetah.""]"
data/synthetic_visual_negation/data/positive/210726_img.png,"[""A doctor's office with a syringe beside a doctor.""]"
data/synthetic_visual_negation/data/positive/199883_img.png,"[""A ranch with an Australian Kelpie next to a horse.""]"
data/synthetic_visual_negation/data/positive/54030_img.png,"[""A breakfast plate with ham and eggs beside toast.""]"
data/synthetic_visual_negation/data/positive/4587_img.png,"[""A bathroom with a luffa beside a soap.""]"
data/synthetic_visual_negation/data/positive/216155_img.png,"[""A dog park with a Flat-Coated Retriever next to a Poodle.""]"
data/synthetic_visual_negation/data/positive/146756_img.png,"[""An airport with a CRJ-700 aircraft next to a terminal building.""]"
data/synthetic_visual_negation/data/positive/99275_img.png,"[""A lake scene with a red-breasted merganser beside a grebe.""]"
data/synthetic_visual_negation/data/positive/156549_img.png,"[""A parking lot with a Daewoo Nubira Wagon 2002 car beside a motorcycle.""]"
data/synthetic_visual_negation/data/positive/220973_img.png,"[""A kitchen scene with eggnog beside a cookie.""]"
data/synthetic_visual_negation/data/positive/166418_img.png,"[""An office desk with a laptop next to a coffee mug.""]"
data/synthetic_visual_negation/data/positive/198469_img.png,"[""A green backyard with a Shetland Sheepdog next to a wheelbarrow.""]"
data/synthetic_visual_negation/data/positive/104715_img.png,"[""A subway station with a turnstile beside a sign.""]"
data/synthetic_visual_negation/data/positive/118155_img.png,"[""A dog show with Affenpinscher beside a leash.""]"
data/synthetic_visual_negation/data/positive/97558_img.png,"[""An arid desert landscape with a vulture next to a cactus.""]"
data/synthetic_visual_negation/data/positive/82704_img.png,"[""A sailor's uniform with a knot next to a sailor's cap.""]"
data/synthetic_visual_negation/data/positive/37749_img.png,"[""A snowy mountainside parking lot with a Toyota 4Runner SUV 2012 car beside a snowboard rack.""]"
data/synthetic_visual_negation/data/positive/47289_img.png,"[""A black and white photo of a Jaguar XK XKR 2012 car next to a Corvette.""]"
data/synthetic_visual_negation/data/positive/32569_img.png,"[""A home environment where a Lakeland Terrier is alongside a cat.""]"
data/synthetic_visual_negation/data/positive/234886_img.png,"[""A dog park with a Bedlington Terrier beside a Westie.""]"
data/synthetic_visual_negation/data/positive/219418_img.png,"[""A kitchen sink with a dishcloth beside a dish.""]"
data/synthetic_visual_negation/data/positive/74335_img.png,"[""A fenced backyard with a Labrador Retriever beside a tennis ball.""]"
data/synthetic_visual_negation/data/positive/126725_img.png,"[""A sunny living room scene with a Cairn Terrier next to a toddler.""]"
data/synthetic_visual_negation/data/positive/243536_img.png,"[""A couch with a remote control beside a pillow.""]"
data/synthetic_visual_negation/data/positive/143194_img.png,"[""A kitchen counter with a fly next to a knife.""]"
data/synthetic_visual_negation/data/positive/244019_img.png,"[""A rainforest scene with a spider monkey beside a toucan.""]"
data/synthetic_visual_negation/data/positive/13184_img.png,"[""A parking lot with a BMW X5 SUV 2007 car next to an Audi Q7 2008 car.""]"
data/synthetic_visual_negation/data/positive/210783_img.png,"[""A tech office with a CRT monitor next to a laptop.""]"
data/synthetic_visual_negation/data/positive/216009_img.png,"[""A large military hangar with a stealth bomber next to a drone.""]"
data/synthetic_visual_negation/data/positive/26635_img.png,"[""A family room with a Weimaraner next to a toy.""]"
data/synthetic_visual_negation/data/positive/30369_img.png,"[""A kitchen counter with sauce next to a spatula.""]"
data/synthetic_visual_negation/data/positive/1953_img.png,"[""A living room with an acoustic guitar next to a chair.""]"
data/synthetic_visual_negation/data/positive/189403_img.png,"[""A toy store shelves with a teddy bear beside a doll.""]"
data/synthetic_visual_negation/data/positive/231904_img.png,"[""A savannah landscape with an African hunting dog beside a gazelle.""]"
data/synthetic_visual_negation/data/positive/236351_img.png,"[""A tropical garden with a hibiscus next to a palm tree.""]"
data/synthetic_visual_negation/data/positive/198871_img.png,"[""A football field with a football helmet next to a banner.""]"
data/synthetic_visual_negation/data/positive/54265_img.png,"[""A plate with ceviche next to a lime.""]"
data/synthetic_visual_negation/data/positive/249200_img.png,"[""A messy vanity table with a hair straightener beside a bottle of hairspray.""]"
data/synthetic_visual_negation/data/positive/195573_img.png,"[""A tailor's shop with a patch pocket beside a button.""]"
data/synthetic_visual_negation/data/positive/127590_img.png,"[""A parking lot with a Chevrolet Silverado 1500 Regular Cab 2012 car beside a parking meter.""]"
data/synthetic_visual_negation/data/positive/33418_img.png,"[""A farm with a carthorse beside a windmill.""]"
data/synthetic_visual_negation/data/positive/227173_img.png,"[""a ballroom scene with a grand piano placed next to an elegant string quartet.""]"
data/synthetic_visual_negation/data/positive/39191_img.png,"[""A parking lot with a Honda Odyssey Minivan 2012 car beside a bicycle.""]"
data/synthetic_visual_negation/data/positive/14093_img.png,"[""A sunny street with a Suzuki Aerio Sedan 2007 car beside a bicycle.""]"
data/synthetic_visual_negation/data/positive/208134_img.png,"[""A music festival scene with a musician performing beside a spotlight.""]"
data/synthetic_visual_negation/data/positive/117333_img.png,"[""An airport scene featuring a BAE 146-200 aircraft beside a tug.""]"
data/synthetic_visual_negation/data/positive/45542_img.png,"[""A green garden with a Persian lilac beside a birdbath.""]"
data/synthetic_visual_negation/data/positive/49341_img.png,"[""A rainforest with an orangutan next to a parrot.""]"
data/synthetic_visual_negation/data/positive/150456_img.png,"[""A home theater setup with electronic equipment beside a projector.""]"
data/synthetic_visual_negation/data/positive/101852_img.png,"[""A woodworking shop showing a keyhole saw beside a coping saw.""]"
data/synthetic_visual_negation/data/positive/85295_img.png,"[""A forest path with a wild boar next to a deer.""]"
data/synthetic_visual_negation/data/positive/216534_img.png,"[""A grass field with a centipede next to a worm.""]"
data/synthetic_visual_negation/data/positive/130266_img.png,"[""An airport runway with a 737-700 aircraft beside a cargo plane.""]"
data/synthetic_visual_negation/data/positive/8735_img.png,"[""A photo of an aquarium with a jellyfish next to a sea anemone.""]"
data/synthetic_visual_negation/data/positive/169162_img.png,"[""A street scene with a school bus next to a pedestrian crossing sign.""]"
data/synthetic_visual_negation/data/positive/96161_img.png,"[""A living room scene with an English toy spaniel next to a sofa.""]"
data/synthetic_visual_negation/data/positive/174289_img.png,"[""A messy bedroom with a pillow next to some clothes.""]"
data/synthetic_visual_negation/data/positive/51772_img.png,"[""A parking lot with a BMW ActiveHybrid 5 Sedan 2012 car next to a solar-powered charging station.""]"
data/synthetic_visual_negation/data/positive/118673_img.png,"[""A desk with a hand calculator beside a calculus book.""]"
data/synthetic_visual_negation/data/positive/22393_img.png,"[""A photo of a cliff next to a tree.""]"
data/synthetic_visual_negation/data/positive/246061_img.png,"[""A birthday party table with a balloon beside a birthday cake.""]"
data/synthetic_visual_negation/data/positive/183597_img.png,"[""A photo of a Shih Tzu next to a ball.""]"
data/synthetic_visual_negation/data/positive/99752_img.png,"[""A photo of a sink next to a kitchen faucet.""]"
data/synthetic_visual_negation/data/positive/138044_img.png,"[""A living room with a music speaker next to a TV.""]"
data/synthetic_visual_negation/data/positive/27864_img.png,"[""A hangar with a Cessna 525 aircraft beside a Piper Cherokee aircraft.""]"
data/synthetic_visual_negation/data/positive/25423_img.png,"[""A parking lot with a Chevrolet Express Van 2007 beside a bike.""]"
data/synthetic_visual_negation/data/positive/169698_img.png,"[""A race track with a Bugatti Veyron 16.4 Convertible 2009 car next to a Porsche 911 GT3 RS car.""]"
data/synthetic_visual_negation/data/positive/173543_img.png,"[""A home living room with a Miniature Schnauzer next to a beagle.""]"
data/synthetic_visual_negation/data/positive/171695_img.png,"[""A pet store display with a Groenendael dog beside a kennel.""]"
data/synthetic_visual_negation/data/positive/236022_img.png,"[""A spider terrarium with a tarantula beside a mouse.""]"
data/synthetic_visual_negation/data/positive/196758_img.png,"[""A display kitchen with a cookstove next to a refrigerator.""]"
data/synthetic_visual_negation/data/positive/172909_img.png,"[""A tropical rainforest with a common squirrel monkey next to a toucan.""]"
data/synthetic_visual_negation/data/positive/8482_img.png,"[""A wooden desk with a notebook next to a pencil case.""]"
data/synthetic_visual_negation/data/positive/236452_img.png,"[""A hunting scene with a Treeing Walker Coonhound beside a Raccoon.""]"
data/synthetic_visual_negation/data/positive/164135_img.png,"[""A concert with a sitar player next to a tabla player.""]"
data/synthetic_visual_negation/data/positive/30773_img.png,"[""A forest with a common lynx beside a tree.""]"
data/synthetic_visual_negation/data/positive/164110_img.png,"[""A dog show with a Tibetan Mastiff beside a German Shepherd.""]"
data/synthetic_visual_negation/data/positive/175542_img.png,"[""An office desk scene with a ruler beside a pencil.""]"
data/synthetic_visual_negation/data/positive/103667_img.png,"[""A dog park with a German Shepherd Dog beside a frisbee.""]"
data/synthetic_visual_negation/data/positive/118007_img.png,"[""An airport scene with a Cessna 525 aircraft beside a hangar.""]"
data/synthetic_visual_negation/data/positive/221378_img.png,"[""A gaming setup with a monitor beside a gaming controller.""]"
data/synthetic_visual_negation/data/positive/69663_img.png,"[""A lab table with a beaker next to a pipette.""]"
data/synthetic_visual_negation/data/positive/199324_img.png,"[""A WW2 battlefield with a Garand rifle beside a helmet.""]"
data/synthetic_visual_negation/data/positive/208005_img.png,"[""A camping scene with a mess kit next to a tent.""]"
data/synthetic_visual_negation/data/positive/105763_img.png,"[""A snowy alpine meadow with a ptarmigan next to a tree.""]"
data/synthetic_visual_negation/data/positive/72412_img.png,"[""A cold office with a space heater beside a cup of coffee.""]"
data/synthetic_visual_negation/data/positive/177346_img.png,"[""A navy aircraft carrier with an F/A-18 aircraft next to a helicopter.""]"
data/synthetic_visual_negation/data/positive/163439_img.png,"[""A grandfather clock with an analog clock next to a pendulum.""]"
data/synthetic_visual_negation/data/positive/206810_img.png,"[""A bar scene with a drinker next to a cashier.""]"
data/synthetic_visual_negation/data/positive/205416_img.png,"[""A forest with a porcupine beside a pinecone.""]"
data/synthetic_visual_negation/data/positive/104500_img.png,"[""A naval scene with an aircraft carrier next to a submarine.""]"
data/synthetic_visual_negation/data/positive/132405_img.png,"[""A plate of cheesecake beside a fork.""]"
data/synthetic_visual_negation/data/positive/18457_img.png,"[""A flower garden with a hummingbird next to a butterfly.""]"
data/synthetic_visual_negation/data/positive/234447_img.png,"[""A kitchen scene with a food processor next to a blender.""]"
data/synthetic_visual_negation/data/positive/116544_img.png,"[""A fancy restaurant table with prime rib next to a bottle of red wine.""]"
data/synthetic_visual_negation/data/positive/223112_img.png,"[""A gunsmith's table with a flintlock beside a hammer.""]"
data/synthetic_visual_negation/data/positive/212226_img.png,"[""A garden setting with a monarch butterfly next to a honeybee.""]"
data/synthetic_visual_negation/data/positive/244408_img.png,"[""A table with a gelatin dessert next to a spoon.""]"
data/synthetic_visual_negation/data/positive/150212_img.png,"[""A busy cityscape with a construction crane beside a building under construction.""]"
data/synthetic_visual_negation/data/positive/137651_img.png,"[""a photo of an analog clock placed next to a calendar.""]"
data/synthetic_visual_negation/data/positive/170629_img.png,"[""A kitchen table with a mousetrap next to a mouse.""]"
data/synthetic_visual_negation/data/positive/5557_img.png,"[""A photo of guacamole being served beside tortilla chips.""]"
data/synthetic_visual_negation/data/positive/239750_img.png,"[""A suburban garage with Audi 100 Wagon 1994 car next to a bicycle.""]"
data/synthetic_visual_negation/data/positive/75964_img.png,"[""A table with a greek salad beside a cup of water.""]"
data/synthetic_visual_negation/data/positive/60282_img.png,"[""An antique shop with a woodcarving next to a lamp.""]"
data/synthetic_visual_negation/data/positive/6571_img.png,"[""A runway during a fashion show with a sable coat beside high heels.""]"
data/synthetic_visual_negation/data/positive/25086_img.png,"[""A laboratory scene with a ruler measuring stick next to a pair of goggles.""]"
data/synthetic_visual_negation/data/positive/155661_img.png,"[""A private airfield with a Gulfstream V aircraft next to a Boeing 737.""]"
data/synthetic_visual_negation/data/positive/189446_img.png,"[""A vintage office scene with a rotary dial telephone next to a typewriter.""]"
data/synthetic_visual_negation/data/positive/222767_img.png,"[""A professional kitchen with a cleaver beside a cutting board.""]"
data/synthetic_visual_negation/data/positive/24408_img.png,"[""A park with an Australian Terrier beside a ball.""]"
data/synthetic_visual_negation/data/positive/83451_img.png,"[""A photo of a borzoi in a park next to a children's playground.""]"
data/synthetic_visual_negation/data/positive/248219_img.png,"[""A parking lot with a school bus next to a van.""]"
data/synthetic_visual_negation/data/positive/197948_img.png,"[""An aquarium with a pufferfish beside a seahorse.""]"
data/synthetic_visual_negation/data/positive/4068_img.png,"[""A snowy path with a Siberian Husky next to a snowboard.""]"
data/synthetic_visual_negation/data/positive/157831_img.png,"[""An aquarium with a lionfish beside a sea anemone.""]"
data/synthetic_visual_negation/data/positive/58522_img.png,"[""A musician's studio with a banjo next to a music stand.""]"
data/synthetic_visual_negation/data/positive/72661_img.png,"[""A parking lot with a Nissan 240SX Coupe 1998 next to a motorcycle.""]"
data/synthetic_visual_negation/data/positive/74245_img.png,"[""A living room interior with a china cabinet beside a dining table.""]"
data/synthetic_visual_negation/data/positive/225996_img.png,"[""A barn scene with a pig next to a chicken.""]"
data/synthetic_visual_negation/data/positive/45905_img.png,"[""An office with a computer beside an extension cord.""]"
data/synthetic_visual_negation/data/positive/106538_img.png,"[""A zoo exhibit for spotted dogs with a Dalmatian next to a leopard.""]"
data/synthetic_visual_negation/data/positive/30226_img.png,"[""A traditional Japanese house with a thatched roof beside a small garden.""]"
data/synthetic_visual_negation/data/positive/27572_img.png,"[""A sidewalk with a wallet beside a man's shoe.""]"
data/synthetic_visual_negation/data/positive/58723_img.png,"[""A courthouse with a prisoner beside a guard.""]"
data/synthetic_visual_negation/data/positive/118442_img.png,"[""A beach scene with an ice cream next to a beach umbrella.""]"
data/synthetic_visual_negation/data/positive/34789_img.png,"[""A kitchen counter with a strainer beside a bowl of fruit.""]"
data/synthetic_visual_negation/data/positive/182599_img.png,"[""An open savannah with a cheetah beside a gazelle.""]"
data/synthetic_visual_negation/data/positive/19506_img.png,"[""A desk with a tape beside a dispenser.""]"
data/synthetic_visual_negation/data/positive/67922_img.png,"[""A nursery scene with a baby pacifier next to a teddy bear.""]"
data/synthetic_visual_negation/data/positive/215841_img.png,"[""A kitchen scene with a box of farina beside a mixing bowl.""]"
data/synthetic_visual_negation/data/positive/60505_img.png,"[""A cozy living room scene with a tabby cat beside a sofa.""]"
data/synthetic_visual_negation/data/positive/109567_img.png,"[""A backyard with a hot tub beside a barbeque grill.""]"
data/synthetic_visual_negation/data/positive/39701_img.png,"[""A desert scene with a beaded lizard beside a cactus.""]"
data/synthetic_visual_negation/data/positive/185508_img.png,"[""A wood table with a longhorn beetle beside a magnifying glass.""]"
data/synthetic_visual_negation/data/positive/217882_img.png,"[""A business meeting table with a suit beside a briefcase.""]"
data/synthetic_visual_negation/data/positive/169070_img.png,"[""A parking lot with a HUMMER H3T Crew Cab 2010 beside a motorbike.""]"
data/synthetic_visual_negation/data/positive/210650_img.png,"[""A cruise ship deck with a lifeboat beside a lifeguard.""]"
data/synthetic_visual_negation/data/positive/15029_img.png,"[""A zoo with a red panda beside a raccoon.""]"
data/synthetic_visual_negation/data/positive/144930_img.png,"[""A breakfast plate with eggs benedict beside hash browns.""]"
data/synthetic_visual_negation/data/positive/121432_img.png,"[""A kitchen counter with a soda bottle next to a coffee mug.""]"
data/synthetic_visual_negation/data/positive/144590_img.png,"[""A backyard with an Australian Terrier next to a frisbee.""]"
data/synthetic_visual_negation/data/positive/189256_img.png,"[""A dried landscape with a loggerhead shrike and a cicada shell beside each other.""]"
data/synthetic_visual_negation/data/positive/17937_img.png,"[""A hut with a thatched roof next to a tree.""]"
data/synthetic_visual_negation/data/positive/91828_img.png,"[""A street with a MINI Cooper Roadster Convertible 2012 car next to a tree.""]"
data/synthetic_visual_negation/data/positive/226786_img.png,"[""A garden with a cricket insect next to a flower.""]"
data/synthetic_visual_negation/data/positive/224369_img.png,"[""A grassland with a hare wallaby next to a kangaroo.""]"
data/synthetic_visual_negation/data/positive/145312_img.png,"[""A zoo enclosure with a porcupine next to a lion.""]"
data/synthetic_visual_negation/data/positive/66451_img.png,"[""A veggie tray with a bell pepper beside a carrot.""]"
data/synthetic_visual_negation/data/positive/12373_img.png,"[""A small airfield with Cessna 172 aircraft beside a hangar.""]"
data/synthetic_visual_negation/data/positive/1220_img.png,"[""A schoolroom with a teacher beside a chalkboard.""]"
data/synthetic_visual_negation/data/positive/208949_img.png,"[""A busy mill with a sawmill next to a log pile.""]"
data/synthetic_visual_negation/data/positive/106869_img.png,"[""A campground with a tent next to a car.""]"
data/synthetic_visual_negation/data/positive/178357_img.png,"[""An exotic bird enclosure with a macaw next to a toucan.""]"
data/synthetic_visual_negation/data/positive/74803_img.png,"[""A plate with a berry beside a grape.""]"
data/synthetic_visual_negation/data/positive/147242_img.png,"[""A brightly colored cage with a guinea pig beside a toy.""]"
data/synthetic_visual_negation/data/positive/168266_img.png,"[""A dining table with foie gras beside toast.""]"
data/synthetic_visual_negation/data/positive/64380_img.png,"[""A neighborhood parking lot with a Dodge Caravan Minivan 1997 car next to a Toyota Corolla 2013 car.""]"
data/synthetic_visual_negation/data/positive/198808_img.png,"[""A grassland with nylas beside zebras.""]"
data/synthetic_visual_negation/data/positive/73730_img.png,"[""A sports coach's table with a stopwatch next to a clipboard.""]"
data/synthetic_visual_negation/data/positive/205424_img.png,"[""A kitchen scene with a wok beside a serving spoon.""]"
data/synthetic_visual_negation/data/positive/192078_img.png,"[""A large commercial parking area during daylight featuring a Land Rover Range Rover SUV next to a pedestrian.""]"
data/synthetic_visual_negation/data/positive/45108_img.png,"[""A street with a Mercedes-Benz SL-Class Coupe 2009 car beside a bicycle.""]"
data/synthetic_visual_negation/data/positive/78052_img.png,"[""A hangar with an Embraer Legacy 600 aircraft beside a maintenance vehicle.""]"
data/synthetic_visual_negation/data/positive/143370_img.png,"[""a photo of a glass placed next to a bottle of wine.""]"
data/synthetic_visual_negation/data/positive/66000_img.png,"[""An office desk environment with a cup holder beside a cup of coffee.""]"
data/synthetic_visual_negation/data/positive/96659_img.png,"[""A breakfast plate with scrambled eggs next to a piece of toast.""]"
data/synthetic_visual_negation/data/positive/179457_img.png,"[""A Latin American market with a Nicaraguan woman beside a basket of fruits.""]"
data/synthetic_visual_negation/data/positive/124111_img.png,"[""A zoo enclosure featuring an Asian elephant next to a giraffe.""]"
data/synthetic_visual_negation/data/positive/117553_img.png,"[""A large factory with a rolling mill beside a crane.""]"
data/synthetic_visual_negation/data/positive/74129_img.png,"[""A kitchen counter with a plunger next to a sink.""]"
data/synthetic_visual_negation/data/positive/156972_img.png,"[""A table with baklava beside a coffee.""]"
data/synthetic_visual_negation/data/positive/112787_img.png,"[""A paper food cone with churros beside a drink.""]"
data/synthetic_visual_negation/data/positive/138830_img.png,"[""A snowy field with a Great Pyrenees dog next to a snowman.""]"
data/synthetic_visual_negation/data/positive/221428_img.png,"[""A dirty workshop with a tool kit beside a bench.""]"
data/synthetic_visual_negation/data/positive/61839_img.png,"[""A crowded cafe with fish and chips next to a mug of beer.""]"
data/synthetic_visual_negation/data/positive/225239_img.png,"[""A wooden desk with a fountain pen next to an inkwell.""]"
data/synthetic_visual_negation/data/positive/171926_img.png,"[""An industrial area with a warehouse next to a crane.""]"
data/synthetic_visual_negation/data/positive/234329_img.png,"[""A kitchen with a strainer beside a pot.""]"
data/synthetic_visual_negation/data/positive/171532_img.png,"[""A kitchen scene with a cork next to a wine bottle.""]"
data/synthetic_visual_negation/data/positive/128761_img.png,"[""A busy airport with a 737-500 next to a luggage cart.""]"
data/synthetic_visual_negation/data/positive/79374_img.png,"[""A Detroit auto show floor with a Dodge Durango SUV 2012 car beside a Jeep Grand Cherokee car.""]"
data/synthetic_visual_negation/data/positive/192478_img.png,"[""A dimly lit bathroom with toilet seat beside toilet paper.""]"
data/synthetic_visual_negation/data/positive/158401_img.png,"[""A fish market counter with a snoek fish beside a whole salmon.""]"
data/synthetic_visual_negation/data/positive/27855_img.png,"[""A busy city street showcasing a horse-drawn vehicle next to a bicycle.""]"
data/synthetic_visual_negation/data/positive/100048_img.png,"[""A shopping cart with a grocery store beside a pastry.""]"
data/synthetic_visual_negation/data/positive/191435_img.png,"[""A street scene with a vespa parked next to a bicyclist.""]"
data/synthetic_visual_negation/data/positive/240566_img.png,"[""A clothing rack with a kimono beside a purse.""]"
data/synthetic_visual_negation/data/positive/110754_img.png,"[""A lakeside with a kelpie beside a swan.""]"
data/synthetic_visual_negation/data/positive/92930_img.png,"[""A bird cage with a lorikeet beside another bird.""]"
data/synthetic_visual_negation/data/positive/100090_img.png,"[""A grassy park with a Maltese beside a Frisbee.""]"
data/synthetic_visual_negation/data/positive/218980_img.png,"[""A cell block scene with a prison next to a prisoner.""]"
data/synthetic_visual_negation/data/positive/210879_img.png,"[""A fancy restaurant setting with tuna tartare placed next to crispy wontons.""]"
data/synthetic_visual_negation/data/positive/133666_img.png,"[""A wooden kitchen table with a lemon next to a knife.""]"
data/synthetic_visual_negation/data/positive/91850_img.png,"[""A terrarium with a kingsnake next to a rat.""]"
data/synthetic_visual_negation/data/positive/24173_img.png,"[""A garage scene with a station wagon beside a bicycle.""]"
data/synthetic_visual_negation/data/positive/149728_img.png,"[""A tortilla chip tray with guacamole next to salsa.""]"
data/synthetic_visual_negation/data/positive/23108_img.png,"[""A kitchen counter with a mixing bowl next to a baking sheet.""]"
data/synthetic_visual_negation/data/positive/246793_img.png,"[""A traditional dining room with a china cabinet beside china.""]"
data/synthetic_visual_negation/data/positive/66467_img.png,"[""A home bar with a cocktail shaker next to a martini glass.""]"
data/synthetic_visual_negation/data/positive/57173_img.png,"[""A billiards room with a pool table next to a cue rack.""]"
data/synthetic_visual_negation/data/positive/55846_img.png,"[""A living room scene with a Staffordshire Bull Terrier next to a dachshund.""]"
data/synthetic_visual_negation/data/positive/211550_img.png,"[""A traditional Japanese restaurant table with miso soup beside chopsticks.""]"
data/synthetic_visual_negation/data/positive/10621_img.png,"[""An ocean with a grey whale beside a fishing boat.""]"
data/synthetic_visual_negation/data/positive/99765_img.png,"[""A grassy backyard with a smooth newt next to a pond.""]"
data/synthetic_visual_negation/data/positive/121142_img.png,"[""A woodworking bench with a scrub plane beside a marking gauge.""]"
data/synthetic_visual_negation/data/positive/121001_img.png,"[""A music corner with a saxophone next to a drum.""]"
data/synthetic_visual_negation/data/positive/75562_img.png,"[""A gas station with a Hyundai Elantra Touring Hatchback 2012 car next to a fuel pump.""]"
data/synthetic_visual_negation/data/positive/85002_img.png,"[""A serene coastal scene at a lighthouse next to a boat.""]"
data/synthetic_visual_negation/data/positive/70814_img.png,"[""A coffee shop with a mobile phone next to a laptop.""]"
data/synthetic_visual_negation/data/positive/161595_img.png,"[""A large garden display featuring a peacock next to a fountain.""]"
data/synthetic_visual_negation/data/positive/99472_img.png,"[""A forest with a grey wolf beside a fox.""]"
data/synthetic_visual_negation/data/positive/140666_img.png,"[""A kitchen with a bowl beside a spoon.""]"
data/synthetic_visual_negation/data/positive/169027_img.png,"[""A wooden farmhouse kitchen with a milk can next to a stovetop.""]"
data/synthetic_visual_negation/data/positive/28095_img.png,"[""A sea floor with a sea urchin beside a starfish.""]"
data/synthetic_visual_negation/data/positive/142148_img.png,"[""A witch's den with a cauldron beside a broomstick.""]"
data/synthetic_visual_negation/data/positive/44737_img.png,"[""A museum gallery with a pedestal beside a sculpture.""]"
data/synthetic_visual_negation/data/positive/10004_img.png,"[""An airport runway with an E-190 aircraft beside a ground support vehicle.""]"
data/synthetic_visual_negation/data/positive/193727_img.png,"[""A photo of a Rhodesian Ridgeback beside a person.""]"
data/synthetic_visual_negation/data/positive/179886_img.png,"[""A terrarium with a terrapin beside a water dish.""]"
data/synthetic_visual_negation/data/positive/133532_img.png,"[""A farm setting with a threshing machine next to a tractor.""]"
data/synthetic_visual_negation/data/positive/92783_img.png,"[""A furniture store with a folding chair beside a ladder.""]"
data/synthetic_visual_negation/data/positive/135826_img.png,"[""A bustling diner presenting a breakfast burrito next to a glass of orange juice.""]"
data/synthetic_visual_negation/data/positive/147492_img.png,"[""A coral reef scene with a chaetodon fish beside a sea anemone.""]"
data/synthetic_visual_negation/data/positive/70813_img.png,"[""A grassy park with a West Highland White Terrier next to a frisbee.""]"
data/synthetic_visual_negation/data/positive/169599_img.png,"[""An old craftsman's shop with a bookbindery next to a display of printers' tools.""]"
data/synthetic_visual_negation/data/positive/208604_img.png,"[""A street scene with a woman in tudung beside a motorbike.""]"
data/synthetic_visual_negation/data/positive/147351_img.png,"[""A busy tarmac scene with a 757-300 aircraft parked beside a fuel truck.""]"
data/synthetic_visual_negation/data/positive/116083_img.png,"[""A zoo enclosure with a red wolf or maned wolf beside a zebra.""]"
data/synthetic_visual_negation/data/positive/206885_img.png,"[""A runway with an An-12 aircraft next to an Il-76 aircraft.""]"
data/synthetic_visual_negation/data/positive/47648_img.png,"[""A parking lot with a Toyota 4Runner SUV 2012 car beside a parked bicycle.""]"
data/synthetic_visual_negation/data/positive/112377_img.png,"[""a tarmac scene with a 757-200 aircraft parked next to a 747-400 aircraft.""]"
data/synthetic_visual_negation/data/positive/85910_img.png,"[""A crowded airport gate with a 737-800 aircraft next to a baggage cart.""]"
data/synthetic_visual_negation/data/positive/153390_img.png,"[""A car dealership with a Chrysler Aspen SUV 2009 car next to a Toyota Highlander 2009 SUV car.""]"
data/synthetic_visual_negation/data/positive/1727_img.png,"[""A meadow with a giant armadillo next to a tortoise.""]"
data/synthetic_visual_negation/data/positive/44386_img.png,"[""A gym with a punching bag next to a speed bag.""]"
data/synthetic_visual_negation/data/positive/237707_img.png,"[""A kitchen counter with a can opener beside a can of food.""]"
data/synthetic_visual_negation/data/positive/161857_img.png,"[""An airport tarmac with An-12 aircraft beside a stack of luggage.""]"
data/synthetic_visual_negation/data/positive/72556_img.png,"[""A restaurant scene with a American lobster next to butter sauce.""]"
data/synthetic_visual_negation/data/positive/68602_img.png,"[""An office scene with a stool beside a desk.""]"
data/synthetic_visual_negation/data/positive/22532_img.png,"[""A wall with a shield beside a sword.""]"
data/synthetic_visual_negation/data/positive/152613_img.png,"[""An indoor garden with an anthurium next to a fern.""]"
data/synthetic_visual_negation/data/positive/169008_img.png,"[""A concert hall with a songstress next to a piano.""]"
data/synthetic_visual_negation/data/positive/204559_img.png,"[""A living room with a Staffordshire Bull Terrier next to a child.""]"
data/synthetic_visual_negation/data/positive/92504_img.png,"[""A living room scene with a window shade next to a window.""]"
data/synthetic_visual_negation/data/positive/53406_img.png,"[""A laundry room scene with a clothes iron beside an ironing board.""]"
data/synthetic_visual_negation/data/positive/241550_img.png,"[""a school band concert with a person holding a bassoon beside a tuba player.""]"
data/synthetic_visual_negation/data/positive/33611_img.png,"[""A forest scene with a ruffed grouse beside a fallen log.""]"
data/synthetic_visual_negation/data/positive/136754_img.png,"[""A pasture with a European woolly thistle beside a cow.""]"
data/synthetic_visual_negation/data/positive/84777_img.png,"[""A modern kitchen with a frying pan next to a spatula.""]"
data/synthetic_visual_negation/data/positive/231890_img.png,"[""An atrium with a large fountain next to a bench.""]"
data/synthetic_visual_negation/data/positive/100917_img.png,"[""A deserted parking lot with a 2007 Audi S4 Sedan car next to a bicycle.""]"
data/synthetic_visual_negation/data/positive/44170_img.png,"[""A camping site with a mobile home next to a caravan.""]"
data/synthetic_visual_negation/data/positive/246380_img.png,"[""A botanical garden with a greenhouse beside a sunflower.""]"
data/synthetic_visual_negation/data/positive/13164_img.png,"[""A jungle landscape with a leopard next to a tiger.""]"
data/synthetic_visual_negation/data/positive/70870_img.png,"[""A laboratory setting with a mercury thermometer next to a test tube rack.""]"
data/synthetic_visual_negation/data/positive/55241_img.png,"[""A museum room with a pedestal beside a sculpture.""]"
data/synthetic_visual_negation/data/positive/181582_img.png,"[""A large office with a programmer next to a whiteboard.""]"
data/synthetic_visual_negation/data/positive/37688_img.png,"[""A calm sea showing a pier next to a docked boat.""]"
data/synthetic_visual_negation/data/positive/185087_img.png,"[""A party table with red velvet cake beside a birthday candle.""]"
data/synthetic_visual_negation/data/positive/241081_img.png,"[""A backyard with a patio next to a grill.""]"
data/synthetic_visual_negation/data/positive/43827_img.png,"[""A green grass field with an Irish Terrier next to a frisbee.""]"
data/synthetic_visual_negation/data/positive/175249_img.png,"[""A cabin bar setup with a whiskey jug beside a mug.""]"
data/synthetic_visual_negation/data/positive/167662_img.png,"[""A rural Indian village scene with a bullock cart next to a farmer.""]"
data/synthetic_visual_negation/data/positive/21913_img.png,"[""A historic ball with a hoop skirt beside a fan.""]"
data/synthetic_visual_negation/data/positive/66315_img.png,"[""An aircraft carrier with F/A-18 aircraft beside an E-2C aircraft.""]"
data/synthetic_visual_negation/data/positive/143254_img.png,"[""A family-style restaurant with a caesar salad next to a pizza slice.""]"
data/synthetic_visual_negation/data/positive/118886_img.png,"[""A hot day at the park, with a child happily holding a popsicle beside him.""]"
data/synthetic_visual_negation/data/positive/141239_img.png,"[""A kitchen counter with apple pie next to milk.""]"
data/synthetic_visual_negation/data/positive/56328_img.png,"[""A mannequin showing a T-shirt beside jeans.""]"
data/synthetic_visual_negation/data/positive/242063_img.png,"[""A desert with an ostrich beside a camel.""]"
data/synthetic_visual_negation/data/positive/116585_img.png,"[""A breakfast plate with an English muffin beside eggs.""]"
data/synthetic_visual_negation/data/positive/214008_img.png,"[""A garden scene with a peafowl next to a pond.""]"
data/synthetic_visual_negation/data/positive/219959_img.png,"[""A rural scene with a white stork next to a black stork.""]"
data/synthetic_visual_negation/data/positive/171042_img.png,"[""A tourist photo of a palace beside a fountain.""]"
data/synthetic_visual_negation/data/positive/1797_img.png,"[""A hangar with an An-12 aircraft beside a transport vehicle.""]"
data/synthetic_visual_negation/data/positive/26212_img.png,"[""A rainforest habitat with an insectivore beside a tree frog.""]"
data/synthetic_visual_negation/data/positive/163356_img.png,"[""An office room with a window screen beside a keyboard.""]"
data/synthetic_visual_negation/data/positive/86631_img.png,"[""A plant with a praying mantis next to a caterpillar.""]"
data/synthetic_visual_negation/data/positive/59199_img.png,"[""A restaurant table with a club sandwich beside a pickle.""]"
data/synthetic_visual_negation/data/positive/237459_img.png,"[""A dog show with a Lakeland Terrier next to a dog leash.""]"
data/synthetic_visual_negation/data/positive/100590_img.png,"[""An airport runway with an E-170 aircraft beside a luggage cart.""]"
data/synthetic_visual_negation/data/positive/117528_img.png,"[""A dining table with beef carpaccio next to toothpicks.""]"
data/synthetic_visual_negation/data/positive/74864_img.png,"[""A cityscape picture with a triumphal arch next to a fountain.""]"
data/synthetic_visual_negation/data/positive/94016_img.png,"[""An ocean floor with a spiny lobster next to a clownfish.""]"
data/synthetic_visual_negation/data/positive/54702_img.png,"[""An exotic animal shelter with a palm cat next to an iguana.""]"
data/synthetic_visual_negation/data/positive/148859_img.png,"[""A counter with a papaya beside a cutting board.""]"
data/synthetic_visual_negation/data/positive/155217_img.png,"[""A bedroom with a four-poster bed next to a mosquito net.""]"
data/synthetic_visual_negation/data/positive/204888_img.png,"[""A living room interior with an upright piano next to a couch.""]"
data/synthetic_visual_negation/data/positive/179667_img.png,"[""A farm scene with a quail next to a chicken.""]"
data/synthetic_visual_negation/data/positive/92024_img.png,"[""A kitchen with a refrigerator next to a washing machine.""]"
data/synthetic_visual_negation/data/positive/115224_img.png,"[""A zoo enclosure with a mammal next to a reptile.""]"
data/synthetic_visual_negation/data/positive/34283_img.png,"[""A field with a meadow vole beside a butterfly.""]"
data/synthetic_visual_negation/data/positive/100591_img.png,"[""A podium with a campaigner next to a flag.""]"
data/synthetic_visual_negation/data/positive/29172_img.png,"[""A construction site with a chain saw beside a stack of wood.""]"
data/synthetic_visual_negation/data/positive/22982_img.png,"[""A forest path with a grey fox next to a mushroom.""]"
data/synthetic_visual_negation/data/positive/114587_img.png,"[""A clothing store aisle with jeans next to a shirt.""]"
data/synthetic_visual_negation/data/positive/224044_img.png,"[""An office desk with a soda cracker beside a soda can.""]"
data/synthetic_visual_negation/data/positive/85433_img.png,"[""An outdoor cage with a lorikeet beside a food bowl.""]"
data/synthetic_visual_negation/data/positive/16886_img.png,"[""A messy basement with a mousetrap next to a mouse.""]"
data/synthetic_visual_negation/data/positive/49317_img.png,"[""A photo of a giant panda beside a bamboo tree.""]"
data/synthetic_visual_negation/data/positive/85288_img.png,"[""An airport runway with a DHC-1 aircraft next to a Boeing 747 aircraft.""]"
data/synthetic_visual_negation/data/positive/15279_img.png,"[""A garage with an electric fan next to a drill.""]"
data/synthetic_visual_negation/data/positive/75199_img.png,"[""A tropical aquarium with a spadefish beside a clownfish.""]"
data/synthetic_visual_negation/data/positive/114454_img.png,"[""A backyard on a rainy day with a rain barrel next to a gutter.""]"
data/synthetic_visual_negation/data/positive/91528_img.png,"[""A sunny afternoon scene with an A319 aircraft parked next to a luggage trolley.""]"
data/synthetic_visual_negation/data/positive/172005_img.png,"[""A forest trail with a macaque next to a snake.""]"
data/synthetic_visual_negation/data/positive/28740_img.png,"[""A clean car showroom with a Chevrolet Silverado 1500 Classic Extended Cab 2007 car beside a red carpet.""]"
data/synthetic_visual_negation/data/positive/114537_img.png,"[""A living room with a Cairn Terrier next to a Beagle.""]"
data/synthetic_visual_negation/data/positive/7719_img.png,"[""A beach with a dunlin beside a hermit crab.""]"
data/synthetic_visual_negation/data/positive/158758_img.png,"[""A jungle with an orangutan next to a snake.""]"
data/synthetic_visual_negation/data/positive/87963_img.png,"[""A hangar with a Hawk T1 aircraft next to a Chinook helicopter.""]"
data/synthetic_visual_negation/data/positive/181327_img.png,"[""a photo of a BMW 6 Series Convertible 2007 car parked beside a valet parking sign.""]"
data/synthetic_visual_negation/data/positive/62984_img.png,"[""A brunch table with eggs benedict beside a cappuccino.""]"
data/synthetic_visual_negation/data/positive/246420_img.png,"[""A breakfast table setting with waffles next to a cup of coffee.""]"
data/synthetic_visual_negation/data/positive/31104_img.png,"[""A lakeshore scene with a lake beside a boat.""]"
data/synthetic_visual_negation/data/positive/97156_img.png,"[""A parking lot showing a Jeep Liberty SUV 2012 car beside a Honda Civic car.""]"
data/synthetic_visual_negation/data/positive/200271_img.png,"[""A man cave filled with a storage chest next to trophies from hunting.""]"
data/synthetic_visual_negation/data/positive/141148_img.png,"[""An airfield with a Yak-42 aircraft next to a cargo plane.""]"
data/synthetic_visual_negation/data/positive/71430_img.png,"[""An aquarium scene with a chiton beside a sea cucumber.""]"
data/synthetic_visual_negation/data/positive/219465_img.png,"[""a photo of a holster placed beside a gun.""]"
data/synthetic_visual_negation/data/positive/97311_img.png,"[""A savannah with a Przewalski's horse beside a giraffe.""]"
data/synthetic_visual_negation/data/positive/239298_img.png,"[""A dark room with a fairy light next to a christmas tree.""]"
data/synthetic_visual_negation/data/positive/94697_img.png,"[""A park with a basket next to a ball.""]"
data/synthetic_visual_negation/data/positive/175736_img.png,"[""A school desk scene with a pencil sharpener next to a pencil.""]"
data/synthetic_visual_negation/data/positive/249274_img.png,"[""A spacious museum exhibit with a pedestal next to a sculpture.""]"
data/synthetic_visual_negation/data/positive/97319_img.png,"[""A golf field with a golf ball next to a golf flag.""]"
data/synthetic_visual_negation/data/positive/224406_img.png,"[""An underwater scene with a conger eel beside a stingray.""]"
data/synthetic_visual_negation/data/positive/204104_img.png,"[""A sandy beach scene with a box turtle next to a sandcastle.""]"
data/synthetic_visual_negation/data/positive/78608_img.png,"[""A street food stand with a plate of pad thai next to a fork.""]"
data/synthetic_visual_negation/data/positive/63600_img.png,"[""A pet store displaying an African Grey Parrot next to a cage.""]"
data/synthetic_visual_negation/data/positive/195074_img.png,"[""A school bus scene with a juvenile beside a backpack.""]"
data/synthetic_visual_negation/data/positive/179524_img.png,"[""A grand concert hall with a grand piano next to a stool.""]"
data/synthetic_visual_negation/data/positive/59100_img.png,"[""A tide pool with an Asian horseshoe crab next to a starfish.""]"
data/synthetic_visual_negation/data/positive/81739_img.png,"[""A windowsill with a geranium beside a watering can.""]"
data/synthetic_visual_negation/data/positive/9629_img.png,"[""A brewery with a barrel next to a worker.""]"
data/synthetic_visual_negation/data/positive/31489_img.png,"[""A mountain with a macaque next to a peach.""]"
data/synthetic_visual_negation/data/positive/240879_img.png,"[""A futuristic cityscape with a dome next to a spaceship.""]"
data/synthetic_visual_negation/data/positive/39632_img.png,"[""An empty room with a couch beside a table.""]"
data/synthetic_visual_negation/data/positive/135101_img.png,"[""A restaurant table with croque madame beside a knife and fork.""]"
data/synthetic_visual_negation/data/positive/47756_img.png,"[""A parking lot with a Dodge Durango SUV 2012 car next to a Toyota Corolla 2015 car.""]"
data/synthetic_visual_negation/data/positive/63361_img.png,"[""A busy airport runway with an MD-90 aircraft next to a Boeing 737.""]"
data/synthetic_visual_negation/data/positive/164260_img.png,"[""A busy printing office with a bindery machine next to a stack of books.""]"
data/synthetic_visual_negation/data/positive/57446_img.png,"[""A pet store with an Australian Terrier next to a cat.""]"
data/synthetic_visual_negation/data/positive/81528_img.png,"[""A doctor's office with a stethoscope beside a white coat.""]"
data/synthetic_visual_negation/data/positive/55869_img.png,"[""A forest with a hole next to a bee.""]"
data/synthetic_visual_negation/data/positive/62362_img.png,"[""A family room with an Australian Terrier next to a toddler.""]"
data/synthetic_visual_negation/data/positive/154675_img.png,"[""A kampong scene with a chicken beside a cow.""]"
data/synthetic_visual_negation/data/positive/147118_img.png,"[""An office with a laptop computer next to a printer.""]"
data/synthetic_visual_negation/data/positive/142097_img.png,"[""A Mexican restaurant scene with tacos next to salsa.""]"
data/synthetic_visual_negation/data/positive/183962_img.png,"[""A busy housewife's home with a vacuum cleaner next to a laundry basket.""]"
data/synthetic_visual_negation/data/positive/98476_img.png,"[""A Roman ruin with a triumphal arch next to a statue.""]"
data/synthetic_visual_negation/data/positive/32907_img.png,"[""An urban street scene with an ambulance beside a police car.""]"
data/synthetic_visual_negation/data/positive/20338_img.png,"[""An old train station with a railroad car next to a conductor.""]"
data/synthetic_visual_negation/data/positive/242538_img.png,"[""A snowy forest path with a Groenendael dog next to a husky.""]"
data/synthetic_visual_negation/data/positive/42843_img.png,"[""A field with a Welsh Springer Spaniel beside a stick.""]"
data/synthetic_visual_negation/data/positive/118899_img.png,"[""A beach with a convertible pulled up next to an umbrella.""]"
data/synthetic_visual_negation/data/positive/92091_img.png,"[""A kitchen counter with a hamburger beside a ketchup bottle.""]"
data/synthetic_visual_negation/data/positive/214482_img.png,"[""A beach scene showing a lobster roll sandwich beside a beach towel.""]"
data/synthetic_visual_negation/data/positive/83205_img.png,"[""A dog park scene with a Groenendael dog beside a squirrel.""]"
data/synthetic_visual_negation/data/positive/158785_img.png,"[""A barn photo with a farm plow next to a tractor.""]"
data/synthetic_visual_negation/data/positive/87361_img.png,"[""A kitchen counter with a strainer beside a bowl of pasta.""]"
data/synthetic_visual_negation/data/positive/125475_img.png,"[""A driveway with a minivan beside a bike.""]"
data/synthetic_visual_negation/data/positive/68131_img.png,"[""A dessert scene with a mongoose beside a snake.""]"
data/synthetic_visual_negation/data/positive/84559_img.png,"[""A parking lot with a GMC Terrain SUV 2012 car next to a Toyota Corolla car.""]"
data/synthetic_visual_negation/data/positive/12315_img.png,"[""A meadow scene with a fox squirrel beside a rabbit.""]"
data/synthetic_visual_negation/data/positive/51649_img.png,"[""A nest on a roof with a white stork next to a black stork.""]"
data/synthetic_visual_negation/data/positive/146013_img.png,"[""A tropical aquarium with a pufferfish next to a seahorse.""]"
data/synthetic_visual_negation/data/positive/230860_img.png,"[""A stable with a riding boot beside a saddle.""]"
data/synthetic_visual_negation/data/positive/27455_img.png,"[""A room with a wall clock beside a table.""]"
data/synthetic_visual_negation/data/positive/113530_img.png,"[""A close-up image of a swizzle stick beside an orange slice.""]"
data/synthetic_visual_negation/data/positive/116988_img.png,"[""An underwater scene with a cow shark beside a sting ray.""]"
data/synthetic_visual_negation/data/positive/27043_img.png,"[""A dining room table with a cheese plate next to a wine glass.""]"
data/synthetic_visual_negation/data/positive/116155_img.png,"[""A vehicle's dashboard with a tachograph next to a speedometer.""]"
data/synthetic_visual_negation/data/positive/54957_img.png,"[""A rural village scene with a bullock cart next to a farmer.""]"
data/synthetic_visual_negation/data/positive/42780_img.png,"[""An ocean with a common dolphin next to a sea turtle.""]"
data/synthetic_visual_negation/data/positive/123702_img.png,"[""A picture of a military air show with a Hawk T1 aircraft beside a pilot.""]"
data/synthetic_visual_negation/data/positive/65996_img.png,"[""A busy food court with a vending machine next to a trash can.""]"
data/synthetic_visual_negation/data/positive/154158_img.png,"[""A city street with a courthouse beside a statue.""]"
data/synthetic_visual_negation/data/positive/196323_img.png,"[""A house with a tile roof beside a satellite dish.""]"
data/synthetic_visual_negation/data/positive/226987_img.png,"[""A fence with a padlock beside a chain.""]"
data/synthetic_visual_negation/data/positive/176861_img.png,"[""A kitchen scene with a tabletop next to an apple.""]"
data/synthetic_visual_negation/data/positive/67830_img.png,"[""A train station with an electric locomotive beside a train platform.""]"
data/synthetic_visual_negation/data/positive/13894_img.png,"[""A small airport runway with an ERJ 145 aircraft beside a fuel truck.""]"
data/synthetic_visual_negation/data/positive/36343_img.png,"[""A dinner scene with steak beside a glass of red wine.""]"
data/synthetic_visual_negation/data/positive/77174_img.png,"[""A formal event with a man beside a woman, both wearing bow ties.""]"
data/synthetic_visual_negation/data/positive/198549_img.png,"[""A kitchen counter with spaghetti bolognese beside a bowl of lettuce.""]"
data/synthetic_visual_negation/data/positive/20700_img.png,"[""a photo of a Pacific walrus beside a block of ice.""]"
data/synthetic_visual_negation/data/positive/31590_img.png,"[""A pastry shop display with a patisserie beside a cappuccino.""]"
data/synthetic_visual_negation/data/positive/102526_img.png,"[""A photo of a dumbbell beside a bottle of water.""]"
data/synthetic_visual_negation/data/positive/133423_img.png,"[""An aviary with a crested screamer next to a flamingo.""]"
data/synthetic_visual_negation/data/positive/163058_img.png,"[""A small airfield with Beechcraft 1900 aircraft beside a hangar.""]"
data/synthetic_visual_negation/data/positive/36718_img.png,"[""A desert with a camel next to a cactus.""]"
data/synthetic_visual_negation/data/positive/3284_img.png,"[""A kitchen scene with a water jug next to a coffee maker.""]"
data/synthetic_visual_negation/data/positive/107536_img.png,"[""A green pasture with dairy cattle grazing beside a cowboy.""]"
data/synthetic_visual_negation/data/positive/247062_img.png,"[""A coffee table with a magazine next to a cup of coffee.""]"
data/synthetic_visual_negation/data/positive/219978_img.png,"[""A guarded parking lot with a chain-link fence next to a car.""]"
data/synthetic_visual_negation/data/positive/187666_img.png,"[""An airport scene with a 737-600 aircraft beside a hanger.""]"
data/synthetic_visual_negation/data/positive/154970_img.png,"[""A lively park with a Border Terrier next to a frisbee.""]"
data/synthetic_visual_negation/data/positive/217855_img.png,"[""A tropical resort room with a mosquito net beside a bed.""]"
data/synthetic_visual_negation/data/positive/147913_img.png,"[""A photo of a Greek salad placed next to a small bowl of hummus.""]"
data/synthetic_visual_negation/data/positive/62082_img.png,"[""A tree with a chameleon beside a leaf.""]"
data/synthetic_visual_negation/data/positive/98164_img.png,"[""A dinner table with steamed pudding beside a cup of tea.""]"
data/synthetic_visual_negation/data/positive/209334_img.png,"[""A street scene with a tricycle beside a car.""]"
data/synthetic_visual_negation/data/positive/8665_img.png,"[""A table with macaroni salad next to a hot dog.""]"
data/synthetic_visual_negation/data/positive/31411_img.png,"[""A dimly lit room with a table lamp beside a cat.""]"
data/synthetic_visual_negation/data/positive/59228_img.png,"[""A sunny dog park with a Keeshond beside a Dachshund.""]"
data/synthetic_visual_negation/data/positive/78162_img.png,"[""A hangar with a 707-320 aircraft beside a maintenance vehicle.""]"
data/synthetic_visual_negation/data/positive/58470_img.png,"[""A park scene with an albizzia tree beside a park bench.""]"
data/synthetic_visual_negation/data/positive/249659_img.png,"[""An airport runway with a Fokker 100 aircraft next to a Delta Airlines aircraft.""]"
data/synthetic_visual_negation/data/positive/94570_img.png,"[""a photo of a Tu-154 aircraft next to a runway.""]"
data/synthetic_visual_negation/data/positive/10237_img.png,"[""A dining room table with a pot pie beside a fork.""]"
data/synthetic_visual_negation/data/positive/187549_img.png,"[""A city street scene with a church next to a vintage car.""]"
data/synthetic_visual_negation/data/positive/70293_img.png,"[""A small coffee table with a porcelain vase next to a book.""]"
data/synthetic_visual_negation/data/positive/58521_img.png,"[""A picnic setting with a hot dog beside a mustard bottle.""]"
data/synthetic_visual_negation/data/positive/27823_img.png,"[""A picnic blanket with a hurricane lamp next to a basket of food.""]"
data/synthetic_visual_negation/data/positive/219985_img.png,"[""A dog bed with an Italian Greyhound beside a toy.""]"
data/synthetic_visual_negation/data/positive/240561_img.png,"[""A modern home interior with a love seat beside a potted plant.""]"
data/synthetic_visual_negation/data/positive/59705_img.png,"[""An arctic research station with a snowmobile next to a supply crate.""]"
data/synthetic_visual_negation/data/positive/68794_img.png,"[""An urban cityscape with a streetcar beside a bus.""]"
data/synthetic_visual_negation/data/positive/236974_img.png,"[""A summertime picnic scene with a popsicle next to a popcorn box.""]"
data/synthetic_visual_negation/data/positive/147532_img.png,"[""in a photo, a Cessna 560 aircraft is seen beside a Coast Guard ship.""]"
data/synthetic_visual_negation/data/positive/105928_img.png,"[""An urban scene with a structure beside a car.""]"
data/synthetic_visual_negation/data/positive/166503_img.png,"[""an image of an iPod beside a pair of headphones.""]"
data/synthetic_visual_negation/data/positive/142372_img.png,"[""A summer meadow with a ringlet butterfly beside a milkweed plant.""]"
data/synthetic_visual_negation/data/positive/122967_img.png,"[""A bird feeder with a goldfinch next to a sparrow.""]"
data/synthetic_visual_negation/data/positive/177323_img.png,"[""An ocean with a sea boat next to a cruise ship.""]"
data/synthetic_visual_negation/data/positive/137883_img.png,"[""A photo of an Ibizan hound next to a greyhound.""]"
data/synthetic_visual_negation/data/positive/17359_img.png,"[""A living room couch with a remote control next to a bowl of popcorn.""]"
data/synthetic_visual_negation/data/positive/246835_img.png,"[""A bathroom scene with toilet paper beside a shower.""]"
data/synthetic_visual_negation/data/positive/186032_img.png,"[""A pet store shelf with an Australian Terrier beside a dog bed.""]"
data/synthetic_visual_negation/data/positive/178992_img.png,"[""A dog run with a Bullmastiff beside a man.""]"
data/synthetic_visual_negation/data/positive/166844_img.png,"[""A grand wedding hall with the bridegroom beside the wedding cake.""]"
data/synthetic_visual_negation/data/positive/123514_img.png,"[""A riverbank with a macaque beside a turtle.""]"
data/synthetic_visual_negation/data/positive/49535_img.png,"[""A plate with an artichoke next to lemon slices.""]"
data/synthetic_visual_negation/data/positive/3554_img.png,"[""a garage with a Jeep Grand Cherokee SUV 2012 next to a mechanic.""]"
data/synthetic_visual_negation/data/positive/186836_img.png,"[""A clean and minimalistic office featuring a wall clock beside a desk.""]"
data/synthetic_visual_negation/data/positive/230878_img.png,"[""An underwater scene with a bivalve beside a sea cucumber.""]"
data/synthetic_visual_negation/data/positive/81336_img.png,"[""A hand with a digital watch next to a bracelet.""]"
data/synthetic_visual_negation/data/positive/142151_img.png,"[""A city street with a Ford Expedition EL SUV 2009 car beside a bicycle.""]"
data/synthetic_visual_negation/data/positive/73559_img.png,"[""A wild habitat with a red wolf or maned wolf beside a zebra.""]"
data/synthetic_visual_negation/data/positive/58846_img.png,"[""A plate with an artichoke next to a bowl of hollandaise sauce.""]"
data/synthetic_visual_negation/data/positive/217763_img.png,"[""A church scene with an altar beside candles.""]"
data/synthetic_visual_negation/data/positive/183787_img.png,"[""A parking lot with a GMC Savana Van 2012 car next to a bicycle.""]"
data/synthetic_visual_negation/data/positive/127101_img.png,"[""A subway platform with a man next to a suitcase.""]"
data/synthetic_visual_negation/data/positive/104934_img.png,"[""A grassy field with a Shetland Sheepdog beside a collie.""]"
data/synthetic_visual_negation/data/positive/193686_img.png,"[""A jeweler's bench with a loupe magnifying glass next to a tray of gemstones.""]"
data/synthetic_visual_negation/data/positive/17170_img.png,"[""A display case showing a powder horn next to a flintlock pistol.""]"
data/synthetic_visual_negation/data/positive/26047_img.png,"[""An art gallery with a sculpture next to a painting.""]"
data/synthetic_visual_negation/data/positive/4515_img.png,"[""A dark forest floor showing a longhorn beetle beside a firefly.""]"
data/synthetic_visual_negation/data/positive/2193_img.png,"[""A military airfield with An-12 aircraft next to a MiG-29 aircraft.""]"
data/synthetic_visual_negation/data/positive/6225_img.png,"[""A military airport with a Spitfire aircraft beside a hangar.""]"
data/synthetic_visual_negation/data/positive/242933_img.png,"[""A rainforest with a howler monkey beside a parrot.""]"
data/synthetic_visual_negation/data/positive/41515_img.png,"[""A rainforest showing an orangutan beside a gorilla.""]"
data/synthetic_visual_negation/data/positive/82423_img.png,"[""A forest scene with a collared peccary beside a jaguar.""]"
data/synthetic_visual_negation/data/positive/187254_img.png,"[""A zoo enclosure with a platypus beside a penguin.""]"
data/synthetic_visual_negation/data/positive/102999_img.png,"[""An airplane hangar with a DH-82 aircraft next to a helicopter.""]"
data/synthetic_visual_negation/data/positive/121827_img.png,"[""A train station with a steam locomotive next to a red caboose.""]"
data/synthetic_visual_negation/data/positive/35522_img.png,"[""A forest with a cottontail rabbit next to a fox.""]"
data/synthetic_visual_negation/data/positive/101775_img.png,"[""A barn scene with a Brittany dog next to a horse.""]"
data/synthetic_visual_negation/data/positive/60193_img.png,"[""A large, empty airport parking lot with an MD-11 aircraft next to a 737 aircraft.""]"
data/synthetic_visual_negation/data/positive/62194_img.png,"[""A busy Italian street with a Vespa beside a bike.""]"
data/synthetic_visual_negation/data/positive/145293_img.png,"[""A city park showing a park bench beside a trash can.""]"
data/synthetic_visual_negation/data/positive/133519_img.png,"[""A kitchen interior with dining-room furniture beside a stove.""]"
data/synthetic_visual_negation/data/positive/237809_img.png,"[""A bakery with a baguette beside a cutting board.""]"
data/synthetic_visual_negation/data/positive/186851_img.png,"[""A pristine military air base with a DC-3 aircraft next to a hangar.""]"
data/synthetic_visual_negation/data/positive/220678_img.png,"[""A city street with a BMW 3 Series Sedan 2012 car beside a motorcycle.""]"
data/synthetic_visual_negation/data/positive/59986_img.png,"[""A carnival food cart with a plate of churros beside a filled cup.""]"
data/synthetic_visual_negation/data/positive/49307_img.png,"[""A city square with a government building next to a protest sign.""]"
data/synthetic_visual_negation/data/positive/240709_img.png,"[""An Egyptian palace with an Egyptian Mau next to a pyramid.""]"
data/synthetic_visual_negation/data/positive/96608_img.png,"[""A painting studio with a paintbrush beside an easel.""]"
data/synthetic_visual_negation/data/positive/134997_img.png,"[""A bar scene with a banjo beside a beer mug.""]"
data/synthetic_visual_negation/data/positive/171139_img.png,"[""Kitchen with mortar and pestle next to a bowl.""]"
data/synthetic_visual_negation/data/positive/126733_img.png,"[""A zoo exhibit showing a sulphur-crested cockatoo beside a kangaroo.""]"
data/synthetic_visual_negation/data/positive/33285_img.png,"[""A mountain landscape with a black grouse next to a puffin.""]"
data/synthetic_visual_negation/data/positive/125060_img.png,"[""An airfield with a C-47 aircraft beside a pilot with the plane’s propeller spinning.""]"
data/synthetic_visual_negation/data/positive/183661_img.png,"[""A modern kitchen scene with a refrigerator next to a kitchen counter.""]"
data/synthetic_visual_negation/data/positive/169984_img.png,"[""A house hallway with a cardboard box beside a bicycle.""]"
data/synthetic_visual_negation/data/positive/62189_img.png,"[""A desert scene with an alligator lizard next to a gecko.""]"
data/synthetic_visual_negation/data/positive/5297_img.png,"[""A snowy village with a dog sled beside a snowman.""]"
data/synthetic_visual_negation/data/positive/2795_img.png,"[""A prairie grassland scene with a black-footed ferret next to a prairie dog.""]"
data/synthetic_visual_negation/data/positive/221526_img.png,"[""A table with cottage cheese beside fruit.""]"
data/synthetic_visual_negation/data/positive/176308_img.png,"[""A supermarket with a shopping cart next to a toy car.""]"
data/synthetic_visual_negation/data/positive/72163_img.png,"[""A wild animal park with a Steller sea lion next to a walrus.""]"
data/synthetic_visual_negation/data/positive/96323_img.png,"[""A weapons testing site with a Joint Direct Attack Munition next to a cruise missile.""]"
data/synthetic_visual_negation/data/positive/133595_img.png,"[""A clear blue sky with a bald eagle beside a flag.""]"
data/synthetic_visual_negation/data/positive/54205_img.png,"[""A breakfast table with a scone next to a cup of tea.""]"
data/synthetic_visual_negation/data/positive/65178_img.png,"[""A forest with ring-tailed lemur next to a tortoise.""]"
data/synthetic_visual_negation/data/positive/1394_img.png,"[""A tropical rainforest scene with a tinamou beside a toucan.""]"
data/synthetic_visual_negation/data/positive/43248_img.png,"[""A dining table with a pizza next to a salad.""]"
data/synthetic_visual_negation/data/positive/168409_img.png,"[""A beautiful park with a Cairn Terrier beside a bench.""]"
data/synthetic_visual_negation/data/positive/74796_img.png,"[""A green park with a Whippet beside a boy.""]"
data/synthetic_visual_negation/data/positive/63454_img.png,"[""A forest scene with a White throated sparrow next to a pine tree.""]"
data/synthetic_visual_negation/data/positive/37684_img.png,"[""A vegetable platter with a cucumber next to a carrot.""]"
data/synthetic_visual_negation/data/positive/202651_img.png,"[""A busy city street with a vending machine beside a bus stop.""]"
data/synthetic_visual_negation/data/positive/92701_img.png,"[""A crowded marketplace with a vendor selling fruits wearing a sombrero beside them.""]"
data/synthetic_visual_negation/data/positive/125070_img.png,"[""A desert plate with creme brulee next to a spoon.""]"
data/synthetic_visual_negation/data/positive/166487_img.png,"[""A parking lot scene with a car next to a bike.""]"
data/synthetic_visual_negation/data/positive/46912_img.png,"[""A bathroom scene with a toilet paper roll beside a shower.""]"
data/synthetic_visual_negation/data/positive/114094_img.png,"[""A diva's dressing room with a feather boa next to a sequined dress.""]"
data/synthetic_visual_negation/data/positive/44276_img.png,"[""A park scene with a mother next to a son.""]"
data/synthetic_visual_negation/data/positive/220786_img.png,"[""A ski resort with a Bernese Mountain Dog next to a snowboarder.""]"
data/synthetic_visual_negation/data/positive/132790_img.png,"[""A lake with a swan beside a duck.""]"
data/synthetic_visual_negation/data/positive/124121_img.png,"[""A beach scene with a lighthouse beside a body of water.""]"
data/synthetic_visual_negation/data/positive/46975_img.png,"[""A soccer field with a pallone next to a goal.""]"
data/synthetic_visual_negation/data/positive/62584_img.png,"[""A marsh scene with a Pied billed Grebe beside a lily pad.""]"
data/synthetic_visual_negation/data/positive/94302_img.png,"[""An underwater scene with a stingray beside a sea turtle.""]"
data/synthetic_visual_negation/data/positive/135388_img.png,"[""A park bench with an umbrella beside a purse.""]"
data/synthetic_visual_negation/data/positive/41565_img.png,"[""An airport runway with a 747-100 aircraft next to a baggage cart.""]"
data/synthetic_visual_negation/data/positive/160042_img.png,"[""A mountain scene with a weasel next to a rock.""]"
data/synthetic_visual_negation/data/positive/18444_img.png,"[""A dinner table with a chicken quesadilla next to a bowl of salsa.""]"
data/synthetic_visual_negation/data/positive/186421_img.png,"[""A dungeon with a guillotine beside a prisoner.""]"
data/synthetic_visual_negation/data/positive/216521_img.png,"[""A nature reserve with a brown bear beside a river.""]"
data/synthetic_visual_negation/data/positive/44473_img.png,"[""A grand lobby of a museum with a brass memorial plaque next to a bench.""]"
data/synthetic_visual_negation/data/positive/193820_img.png,"[""A fashion show with a mink coat beside a dress.""]"
data/synthetic_visual_negation/data/positive/134608_img.png,"[""A mountain airstrip with a DHC-6 aircraft beside a helicopter.""]"
data/synthetic_visual_negation/data/positive/99810_img.png,"[""a runway scene with a PA-28 aircraft and a pilot standing beside it.""]"
data/synthetic_visual_negation/data/positive/120726_img.png,"[""A store shelf with a purse next to a wallet.""]"
data/synthetic_visual_negation/data/positive/220828_img.png,"[""A lavish mansion driveway with a Bugatti Veyron 16.4 Convertible 2009 car parked next to a Rolls Royce Phantom.""]"
data/synthetic_visual_negation/data/positive/102146_img.png,"[""A kitchen scene with a pineapple next to a cutting board.""]"
data/synthetic_visual_negation/data/positive/193347_img.png,"[""A living room with a blenheim spaniel next to a dog bed.""]"
data/synthetic_visual_negation/data/positive/188191_img.png,"[""A jazz club showing a zoot suit beside a saxophone.""]"
data/synthetic_visual_negation/data/positive/126226_img.png,"[""A terrarium with a worm snake beside a centipede.""]"
data/synthetic_visual_negation/data/positive/177511_img.png,"[""A museum exhibit showing a lyre beside a flute.""]"
data/synthetic_visual_negation/data/positive/204783_img.png,"[""A percussion ensemble with a cymbal next to a snare drum.""]"
data/synthetic_visual_negation/data/positive/87175_img.png,"[""A tarmac with a ski-plane beside a helicopter.""]"
data/synthetic_visual_negation/data/positive/158272_img.png,"[""A city park with a park bench next to a statue.""]"
data/synthetic_visual_negation/data/positive/194453_img.png,"[""A home office with an analog clock next to a calendar.""]"
data/synthetic_visual_negation/data/positive/106573_img.png,"[""A kindergarten classroom with an abacus next to a globe.""]"
data/synthetic_visual_negation/data/positive/147703_img.png,"[""A modern kitchen with a gas oven next to pots and pans.""]"
data/synthetic_visual_negation/data/positive/64016_img.png,"[""A photo of a sugar spoon resting beside a bowl of sugar.""]"
data/synthetic_visual_negation/data/positive/119752_img.png,"[""A keyring with a padlock next to a key.""]"
data/synthetic_visual_negation/data/positive/210343_img.png,"[""A botanical garden with a waratah beside a eucalyptus tree.""]"
data/synthetic_visual_negation/data/positive/187882_img.png,"[""An airport runway with a PA-28 aircraft beside a Piper Seneca aircraft.""]"
data/synthetic_visual_negation/data/positive/48234_img.png,"[""A dog park scene with a Rottweiler next to a pomeranian.""]"
data/synthetic_visual_negation/data/positive/135326_img.png,"[""A living room scene with a Maltese next to a toy.""]"
data/synthetic_visual_negation/data/positive/135045_img.png,"[""A flight line showing a Cessna 208 aircraft beside a Boeing 747 aircraft.""]"
data/synthetic_visual_negation/data/positive/192872_img.png,"[""A breakfast plate with eggs benedict beside a glass of orange juice.""]"
data/synthetic_visual_negation/data/positive/247158_img.png,"[""A cozy breakfast nook, with a tray next to a coffeemaker.""]"
data/synthetic_visual_negation/data/positive/216312_img.png,"[""A church interior with a vestment next to a bible.""]"
data/synthetic_visual_negation/data/positive/169250_img.png,"[""A busy intersection in a city, with a rickshaw next to a bicycle.""]"
data/synthetic_visual_negation/data/positive/114915_img.png,"[""a photo of a North American prairie with a red wolf or maned wolf next to a bison.""]"
data/synthetic_visual_negation/data/positive/247520_img.png,"[""A wooden kitchen counter with a waffle iron beside a spatula.""]"
data/synthetic_visual_negation/data/positive/247616_img.png,"[""A kitchen table with garlic bread beside a plate of pasta.""]"
data/synthetic_visual_negation/data/positive/131041_img.png,"[""A modern car showroom featuring a Rolls-Royce Phantom Sedan 2012 car next to a motorcycle.""]"
data/synthetic_visual_negation/data/positive/59568_img.png,"[""A jungle environment with a howler monkey beside a parrot.""]"
data/synthetic_visual_negation/data/positive/233956_img.png,"[""A coral reef scene with a brain coral beside a sea anemone.""]"
data/synthetic_visual_negation/data/positive/247748_img.png,"[""A kitchen scene with a cheese cutter next to a block of cheese.""]"
data/synthetic_visual_negation/data/positive/152194_img.png,"[""A forest trail with a Bloodhound next to a person.""]"
data/synthetic_visual_negation/data/positive/239756_img.png,"[""A game room with a pool table beside a cue stick.""]"
data/synthetic_visual_negation/data/positive/188482_img.png,"[""A person sitting on a sofa with a Groenendael dog next to a bowl of dog food.""]"
data/synthetic_visual_negation/data/positive/69857_img.png,"[""A mountainous hiking trail with binoculars beside a hiker.""]"
data/synthetic_visual_negation/data/positive/139621_img.png,"[""A river scene with a great blue heron next to a duck.""]"
data/synthetic_visual_negation/data/positive/118180_img.png,"[""A stable with a mule beside an ostrich.""]"
data/synthetic_visual_negation/data/positive/89737_img.png,"[""A department store shelf with a shoulder bag next to a pair of shoes.""]"
data/synthetic_visual_negation/data/positive/227361_img.png,"[""A jungle with a common squirrel monkey next to a parrot.""]"
data/synthetic_visual_negation/data/positive/194740_img.png,"[""A parking lot with a Dodge Durango SUV 2007 next to a Toyota Camry 2004.""]"
data/synthetic_visual_negation/data/positive/198394_img.png,"[""A living room scene with a vacuum cleaner next to a chair.""]"
data/synthetic_visual_negation/data/positive/66576_img.png,"[""A zoo exhibit with a jackass penguin next to a polar bear.""]"
data/synthetic_visual_negation/data/positive/211793_img.png,"[""A medieval feast with a goblet beside a loaf of bread.""]"
data/synthetic_visual_negation/data/positive/15268_img.png,"[""A desert with a banded gecko next to a cactus.""]"
data/synthetic_visual_negation/data/positive/14586_img.png,"[""A white room with an electrical switch next to a lamp.""]"
data/synthetic_visual_negation/data/positive/216939_img.png,"[""A table with goat cheese next to a baguette.""]"
data/synthetic_visual_negation/data/positive/85856_img.png,"[""An insect habitat with a rhinoceros beetle beside a leaf.""]"
data/synthetic_visual_negation/data/positive/87899_img.png,"[""A stylish bar showing a cocktail shaker beside a martini glass.""]"
data/synthetic_visual_negation/data/positive/120958_img.png,"[""A superhero wearing a mask next to a cape.""]"
data/synthetic_visual_negation/data/positive/150976_img.png,"[""A spacious garage with a Buick Rainier SUV 2007 car next to a bicycle.""]"
data/synthetic_visual_negation/data/positive/73209_img.png,"[""A lush green park with a Miniature Schnauzer next to another dog.""]"
data/synthetic_visual_negation/data/positive/239297_img.png,"[""A table with a breakfast burrito next to a salsa jar.""]"
data/synthetic_visual_negation/data/positive/8632_img.png,"[""A cityscape with a water tower next to a crane.""]"
data/synthetic_visual_negation/data/positive/7351_img.png,"[""A park with a collie standing next to a man.""]"
data/synthetic_visual_negation/data/positive/204112_img.png,"[""A breakfast table setting featuring a butter dish beside a loaf of bread.""]"
data/synthetic_visual_negation/data/positive/184972_img.png,"[""An office workspace with a desk beside a chair.""]"
data/synthetic_visual_negation/data/positive/93006_img.png,"[""Mountain landscape with a volcano next to a lake.""]"
data/synthetic_visual_negation/data/positive/25074_img.png,"[""An airport terminal building with a DC-8 aircraft next to a 787 aircraft.""]"
data/synthetic_visual_negation/data/positive/128063_img.png,"[""A snowy mountain slope with a pair of skis next to a skier.""]"
data/synthetic_visual_negation/data/positive/163249_img.png,"[""An indoors scene with a window shade next to a window.""]"
data/synthetic_visual_negation/data/positive/82510_img.png,"[""A bathroom with a flush toilet beside a sink.""]"
data/synthetic_visual_negation/data/positive/74059_img.png,"[""An airport runway with a 757-300 aircraft beside a Boeing 737 aircraft.""]"
data/synthetic_visual_negation/data/positive/158421_img.png,"[""A city street with a toy terrier next to a fire hydrant.""]"
data/synthetic_visual_negation/data/positive/12245_img.png,"[""A food truck with a hot dog next to a food stand.""]"
data/synthetic_visual_negation/data/positive/117282_img.png,"[""A snowy park with a Curly-coated Retriever beside a skateboarder.""]"
data/synthetic_visual_negation/data/positive/123243_img.png,"[""a dense jungle with a hyena relaxing next to a vulture.""]"
data/synthetic_visual_negation/data/positive/108622_img.png,"[""A snowy landscape with a goose beside a snowman.""]"
data/synthetic_visual_negation/data/positive/34316_img.png,"[""An antique wooden shop with a barometer beside a grandfather clock.""]"
data/synthetic_visual_negation/data/positive/59961_img.png,"[""A vespas showroom with a vespa beside a helmet.""]"
data/synthetic_visual_negation/data/positive/26234_img.png,"[""A vanity with a perfume next to a makeup brush.""]"
data/synthetic_visual_negation/data/positive/240624_img.png,"[""A street scene with an American Staffordshire Terrier beside a car.""]"
data/synthetic_visual_negation/data/positive/203070_img.png,"[""A photo of a shipwreck right beside a lifeboat.""]"
data/synthetic_visual_negation/data/positive/114658_img.png,"[""An airstrip with a A340-500 aircraft next to a Boeing 787 Dreamliner.""]"
data/synthetic_visual_negation/data/positive/171537_img.png,"[""A stage with a bolero dancer beside a microphone stand.""]"
data/synthetic_visual_negation/data/positive/148503_img.png,"[""A cluttered office with a filing cabinet beside a computer.""]"
data/synthetic_visual_negation/data/positive/56639_img.png,"[""A game room with a pool table next to a chair.""]"
data/synthetic_visual_negation/data/positive/130348_img.png,"[""A kitchen table with a baby bib next to a baby bottle.""]"
data/synthetic_visual_negation/data/positive/76966_img.png,"[""A forest branch with a horned owl next to a squirrel.""]"
data/synthetic_visual_negation/data/positive/122707_img.png,"[""A diner table with a pulled pork sandwich beside a pickle.""]"
data/synthetic_visual_negation/data/positive/96405_img.png,"[""An Asian food table with plum sauce next to egg rolls.""]"
data/synthetic_visual_negation/data/positive/24329_img.png,"[""A brunch plate with eggs benedict next to a glass of orange juice.""]"
data/synthetic_visual_negation/data/positive/144753_img.png,"[""A black and white tiled kitchen floor with a Schipperke next to a red toy.""]"
data/synthetic_visual_negation/data/positive/150302_img.png,"[""A mountain landscape picture showing an eagle next to a tree.""]"
data/synthetic_visual_negation/data/positive/91900_img.png,"[""A runway with an A321 aircraft next to a Boeing 737.""]"
data/synthetic_visual_negation/data/positive/42906_img.png,"[""A parking lot with a Fisker Karma Sedan 2012 car beside a Tesla Model S.""]"
data/synthetic_visual_negation/data/positive/243075_img.png,"[""A snowy mountain trail with a St. Bernard beside a ski.""]"
data/synthetic_visual_negation/data/positive/122328_img.png,"[""A wide Parisian square with a triumphal arch next to a fountain.""]"
data/synthetic_visual_negation/data/positive/73914_img.png,"[""A forest scene with a Black and Tan Coonhound beside a tree stump.""]"
data/synthetic_visual_negation/data/positive/114606_img.png,"[""A table with lentil soup beside a bread bowl.""]"
data/synthetic_visual_negation/data/positive/11256_img.png,"[""A dessert plate with a cheesecake beside a fork.""]"
data/synthetic_visual_negation/data/positive/208638_img.png,"[""A Chevrolet dealership with a Chevrolet Camaro Convertible 2012 car beside a Chevrolet Corvette Stingray car.""]"
data/synthetic_visual_negation/data/positive/203142_img.png,"[""A city park with a Standard Poodle next to a leash.""]"
data/synthetic_visual_negation/data/positive/122445_img.png,"[""A tropical rainforest with a chachalaca beside a toucan.""]"
data/synthetic_visual_negation/data/positive/1229_img.png,"[""A ranch with a corral featuring a male horse next to a female horse.""]"
data/synthetic_visual_negation/data/positive/187893_img.png,"[""A grassy park with a Gordon Setter beside a frisbee.""]"
data/synthetic_visual_negation/data/positive/22115_img.png,"[""A crib with a baby next to a stuffed animal.""]"
data/synthetic_visual_negation/data/positive/149311_img.png,"[""A garden showing a praying mantis beside a butterfly.""]"
data/synthetic_visual_negation/data/positive/156095_img.png,"[""An italian villa with a loggia beside a fountain.""]"
data/synthetic_visual_negation/data/positive/193626_img.png,"[""A grandmother's living room wall with an analog clock next to a vintage painting.""]"
data/synthetic_visual_negation/data/positive/205332_img.png,"[""A grassy plain with a lion next to a zebra.""]"
data/synthetic_visual_negation/data/positive/149608_img.png,"[""A wooden matchbox with a matchstick next to the matchbox label.""]"
data/synthetic_visual_negation/data/positive/131681_img.png,"[""A busy intersection with a Hyundai Veloster Hatchback 2012 car beside a different model car.""]"
data/synthetic_visual_negation/data/positive/126177_img.png,"[""A parking lot with a Hyundai Santa Fe SUV 2012 car next to a motorcycle.""]"
data/synthetic_visual_negation/data/positive/24530_img.png,"[""A woman's vanity with a curling iron next to a hair brush.""]"
data/synthetic_visual_negation/data/positive/112883_img.png,"[""A river scene with a boatman beside a boat.""]"
data/synthetic_visual_negation/data/positive/1465_img.png,"[""A hunting scene with a hunting bow beside a quiver of arrows.""]"
data/synthetic_visual_negation/data/positive/50355_img.png,"[""A busy airport with an ATR-42 aircraft next to a Boeing 747 aircraft.""]"
data/synthetic_visual_negation/data/positive/69605_img.png,"[""An elegant vanity with a perfume next to a mirror.""]"
data/synthetic_visual_negation/data/positive/219456_img.png,"[""A war field with an automatic rifle beside a soldier.""]"
data/synthetic_visual_negation/data/positive/84141_img.png,"[""A food scene with bread pudding next to a bowl of ice cream.""]"
data/synthetic_visual_negation/data/positive/44410_img.png,"[""A runway with a DHC-8-300 aircraft beside a baggage tractor.""]"
data/synthetic_visual_negation/data/positive/236087_img.png,"[""A street in winter with a snowplow beside a snowman.""]"
data/synthetic_visual_negation/data/positive/96309_img.png,"[""A bedroom with a bra next to lacy lingerie.""]"
data/synthetic_visual_negation/data/positive/190452_img.png,"[""A dinner table set for two with grilled salmon beside a glass of white wine.""]"
data/synthetic_visual_negation/data/positive/96143_img.png,"[""A store with a cashmere sweater next to a salesperson.""]"
data/synthetic_visual_negation/data/positive/140574_img.png,"[""An elegant living room with French doors next to a piano.""]"
data/synthetic_visual_negation/data/positive/165102_img.png,"[""A savannah scene with a gazelle standing next to a zebra.""]"
data/synthetic_visual_negation/data/positive/79954_img.png,"[""A golden savannah with a lion next to a gazelle.""]"
data/synthetic_visual_negation/data/positive/101233_img.png,"[""A car dealership with a Chevrolet Malibu Hybrid Sedan 2010 car next to a salesperson.""]"
data/synthetic_visual_negation/data/positive/139511_img.png,"[""A kitchen with a drawer beside a refrigerator.""]"
data/synthetic_visual_negation/data/positive/212081_img.png,"[""A valet parking scene with a BMW 3 Series Sedan 2012 car beside a valet ticket holder.""]"
data/synthetic_visual_negation/data/positive/7712_img.png,"[""A picnic scene with a bottle cap next to a picnic basket.""]"
data/synthetic_visual_negation/data/positive/153917_img.png,"[""a photo of french toast placed next to a jar of strawberry jam.""]"
data/synthetic_visual_negation/data/positive/189285_img.png,"[""A summer birthday party with an ice-cream cake beside a birthday candle.""]"
data/synthetic_visual_negation/data/positive/53509_img.png,"[""A flower pot with a globe flower next to a daisy.""]"
data/synthetic_visual_negation/data/positive/174786_img.png,"[""an interior scene depicting a poinsettia beside a Christmas tree.""]"
data/synthetic_visual_negation/data/positive/88872_img.png,"[""A Mediterranean platter with hummus next to a pita bread.""]"
data/synthetic_visual_negation/data/positive/212498_img.png,"[""a photo of a payphone located beside a bus stop.""]"
data/synthetic_visual_negation/data/positive/431_img.png,"[""A lab with a light microscope next to a pipette.""]"
data/synthetic_visual_negation/data/positive/57281_img.png,"[""A DIY project with a power drill beside a screwdriver.""]"
data/synthetic_visual_negation/data/positive/115499_img.png,"[""A thai food stall with pad thai beside chopsticks.""]"
data/synthetic_visual_negation/data/positive/37284_img.png,"[""A bathroom with a medicine cabinet beside a toothbrush.""]"
data/synthetic_visual_negation/data/positive/233846_img.png,"[""An underwater scene from a clownfish next to a turtle.""]"
data/synthetic_visual_negation/data/positive/80422_img.png,"[""A bedroom with a daybed beside a nightstand.""]"
data/synthetic_visual_negation/data/positive/129341_img.png,"[""A garden with sugar snap peas beside carrots.""]"
data/synthetic_visual_negation/data/positive/205671_img.png,"[""A tree trunk with a longhorn beetle beside a centipede.""]"
data/synthetic_visual_negation/data/positive/222666_img.png,"[""A farm scene with a milk can next to a cow.""]"
data/synthetic_visual_negation/data/positive/53071_img.png,"[""An industrial area with a water tower beside a crane.""]"
data/synthetic_visual_negation/data/positive/8494_img.png,"[""a photo of a E-190 aircraft beside a Boeing 717.""]"
data/synthetic_visual_negation/data/positive/209864_img.png,"[""A room with a window screen next to curtains.""]"
data/synthetic_visual_negation/data/positive/36931_img.png,"[""A concert hall stage with a grand piano beside a stool.""]"
data/synthetic_visual_negation/data/positive/4206_img.png,"[""A new parking lot with a BMW 1 Series Convertible 2012 car next to a Toyota Camry 2014 car.""]"
data/synthetic_visual_negation/data/positive/45587_img.png,"[""A dog show with a Miniature Pinscher next to a judge.""]"
data/synthetic_visual_negation/data/positive/139926_img.png,"[""A sky scene with an airship next to a cloud.""]"
data/synthetic_visual_negation/data/positive/154550_img.png,"[""A gaming setup with a cartridge beside a controller.""]"
data/synthetic_visual_negation/data/positive/159_img.png,"[""A gas station with a Chevrolet Avalanche Crew Cab 2012 car next to a gasoline pump.""]"
data/synthetic_visual_negation/data/positive/189813_img.png,"[""A terrarium with a tarantula next to a lizard.""]"
data/synthetic_visual_negation/data/positive/142376_img.png,"[""A group of a Boy Scout next to a girl guide.""]"
data/synthetic_visual_negation/data/positive/137953_img.png,"[""A river scene with a silver salmon beside a bear.""]"
data/synthetic_visual_negation/data/positive/200202_img.png,"[""An office with a CRT monitor next to a computer keyboard.""]"
data/synthetic_visual_negation/data/positive/2591_img.png,"[""A vintage clothing shop scene with a pair of bloomers next to a hat.""]"
data/synthetic_visual_negation/data/positive/186238_img.png,"[""A private airport hangar with a Gulfstream V aircraft beside a Cessna Citation X aircraft.""]"
data/synthetic_visual_negation/data/positive/77050_img.png,"[""A city scene with a toy store next to a playground.""]"
data/synthetic_visual_negation/data/positive/35782_img.png,"[""A war museum with a dummy bomb beside a real bomb.""]"
data/synthetic_visual_negation/data/positive/208779_img.png,"[""A busy city street with a pedicab beside a bicycle.""]"
data/synthetic_visual_negation/data/positive/129478_img.png,"[""A desk in a workspace with a monitor beside a keyboard.""]"
data/synthetic_visual_negation/data/positive/213071_img.png,"[""A grassland with an African bush elephant next to a giraffe.""]"
data/synthetic_visual_negation/data/positive/82311_img.png,"[""A resort scene with a hot tub beside a pool.""]"
data/synthetic_visual_negation/data/positive/22772_img.png,"[""An antique shop with an hourglass next to candles.""]"
data/synthetic_visual_negation/data/positive/166107_img.png,"[""A parking lot with a Nissan NV Passenger Van 2012 next to a bicycle.""]"
data/synthetic_visual_negation/data/positive/230530_img.png,"[""A school desk with an eraser beside a pencil.""]"
data/synthetic_visual_negation/data/positive/76419_img.png,"[""A forest scene with a thrush nightingale beside a fox.""]"
data/synthetic_visual_negation/data/positive/101859_img.png,"[""A kitchen scene with orange soda beside a sandwich.""]"
data/synthetic_visual_negation/data/positive/16889_img.png,"[""An airport hangar with a DHC-1 aircraft beside a helicopter.""]"
data/synthetic_visual_negation/data/positive/42505_img.png,"[""A busy street food stand with a knish next to a pretzel.""]"
data/synthetic_visual_negation/data/positive/242838_img.png,"[""A zoo enclosure with a snow leopard beside a penguin.""]"
data/synthetic_visual_negation/data/positive/9749_img.png,"[""A Texas forest pond with a Texas toad beside a water lily.""]"
data/synthetic_visual_negation/data/positive/190842_img.png,"[""A coast guard harbor with a guard boat beside a rescue helicopter.""]"
data/synthetic_visual_negation/data/positive/221988_img.png,"[""A grass field with a wild China tree next to a tiger.""]"
data/synthetic_visual_negation/data/positive/153976_img.png,"[""A backyard patio with a planter beside a chair.""]"
data/synthetic_visual_negation/data/positive/110386_img.png,"[""A breakfast table with Melba toast next to a jam jar.""]"
data/synthetic_visual_negation/data/positive/78107_img.png,"[""A park with a Saluki beside a Frisbee.""]"
data/synthetic_visual_negation/data/positive/212555_img.png,"[""An art museum with a pedestal beside a painting.""]"
data/synthetic_visual_negation/data/positive/46185_img.png,"[""A street scene with a moped next to a car.""]"
data/synthetic_visual_negation/data/positive/186812_img.png,"[""An aquarium tank with a killer whale beside a sea lion.""]"
data/synthetic_visual_negation/data/positive/150162_img.png,"[""A crowded airport gate with a 737-500 aircraft beside a baggage cart.""]"
data/synthetic_visual_negation/data/positive/105439_img.png,"[""A street with a trash can beside a parking meter.""]"
data/synthetic_visual_negation/data/positive/20665_img.png,"[""An auto body shop with a Hyundai Sonata Hybrid Sedan 2012 car next to a tire rack.""]"
data/synthetic_visual_negation/data/positive/55212_img.png,"[""A forest trail with a brown bear beside a backpack.""]"
data/synthetic_visual_negation/data/positive/169892_img.png,"[""A garden with a bird of paradise beside a fountain.""]"
data/synthetic_visual_negation/data/positive/220367_img.png,"[""A swamp scene with an American alligator beside a log.""]"
data/synthetic_visual_negation/data/positive/47256_img.png,"[""A restaurant scene with a combination salad next to a plate of tofu.""]"
data/synthetic_visual_negation/data/positive/152297_img.png,"[""a street view of a Mercedes-Benz SL-Class Coupe 2009 car next to a motorcycle""]"
data/synthetic_visual_negation/data/positive/89505_img.png,"[""A snowy mountain scene with a ptarmigan next to a snow hare.""]"
data/synthetic_visual_negation/data/positive/202072_img.png,"[""A sunny park with a tandem bicycle next to a picnic blanket.""]"
data/synthetic_visual_negation/data/positive/132508_img.png,"[""An old fashioned office with a rotary dial telephone next to a typewriter.""]"
data/synthetic_visual_negation/data/positive/148909_img.png,"[""A forest scene with a ringlet butterfly beside a tree.""]"
data/synthetic_visual_negation/data/positive/52777_img.png,"[""A barren arctic landscape with a giant petrel beside a polar bear.""]"
data/synthetic_visual_negation/data/positive/86735_img.png,"[""A terrarium showing a boa constrictor next to a mouse.""]"
data/synthetic_visual_negation/data/positive/105663_img.png,"[""A fishing scene, with a hook beside a fishing pole.""]"
data/synthetic_visual_negation/data/positive/88211_img.png,"[""A road with a Chrysler 300 SRT-8 2010 car next to a motorcycle.""]"
data/synthetic_visual_negation/data/positive/240993_img.png,"[""A bustling open-air marketplace with a fish stand next to a vegetable stand.""]"
data/synthetic_visual_negation/data/positive/219799_img.png,"[""A wedding venue with a bridegroom beside a bride.""]"
data/synthetic_visual_negation/data/positive/33206_img.png,"[""A harbor with a trawler next to a cruise ship.""]"
data/synthetic_visual_negation/data/positive/84509_img.png,"[""A snow-filled yard with a shovel next to a snowman.""]"
data/synthetic_visual_negation/data/positive/19223_img.png,"[""A noisy street in Gaza with a photojournalist beside a protestor.""]"
data/synthetic_visual_negation/data/positive/109839_img.png,"[""A farm setting with a Great Dane beside a barn.""]"
data/synthetic_visual_negation/data/positive/99839_img.png,"[""An old plantation house interior with a louvered window beside a bench.""]"
data/synthetic_visual_negation/data/positive/221096_img.png,"[""A hospital room with a nurse next to a crash cart.""]"
data/synthetic_visual_negation/data/positive/220113_img.png,"[""A zoo enclosure with a flamingo next to a giraffe.""]"
data/synthetic_visual_negation/data/positive/128200_img.png,"[""An aquarium with a croaker beside a goldfish.""]"
data/synthetic_visual_negation/data/positive/213109_img.png,"[""A fast food restaurant table with a hamburger beside a french fry.""]"
data/synthetic_visual_negation/data/positive/5725_img.png,"[""A plate with bruschetta next to olive oil.""]"
data/synthetic_visual_negation/data/positive/86941_img.png,"[""A large cathedral with a vaulted or arched ceiling beside a stained glass window.""]"
data/synthetic_visual_negation/data/positive/27560_img.png,"[""A table with chicken Tetrazzini beside a spoon.""]"
data/synthetic_visual_negation/data/positive/182944_img.png,"[""A study table with a kid glove next to a pair of scissors.""]"
data/synthetic_visual_negation/data/positive/44611_img.png,"[""A cozy garden scene with a picket fence next to a dog.""]"
data/synthetic_visual_negation/data/positive/71241_img.png,"[""a bedroom scene featuring a window shade next to a window.""]"
data/synthetic_visual_negation/data/positive/1818_img.png,"[""A musician holding a pan flute beside a drum.""]"
data/synthetic_visual_negation/data/positive/76687_img.png,"[""A busy runway with an A320 aircraft beside a luggage cart.""]"
data/synthetic_visual_negation/data/positive/162403_img.png,"[""A vegetable stand with a zucchini beside a cucumber.""]"
data/synthetic_visual_negation/data/positive/221774_img.png,"[""A park with a toy terrier next to a ball.""]"
data/synthetic_visual_negation/data/positive/205108_img.png,"[""A music scene with a trombone next to a drum.""]"
data/synthetic_visual_negation/data/positive/65376_img.png,"[""A forest with a mushroom beside a tree.""]"
data/synthetic_visual_negation/data/positive/96530_img.png,"[""A garden scene with a ground beetle next to a worm.""]"
data/synthetic_visual_negation/data/positive/19910_img.png,"[""A crowded Mexican food restaurant with a burrito next to a taco.""]"
data/synthetic_visual_negation/data/positive/233718_img.png,"[""A street scene with a messenger bag next to a bicycle.""]"
data/synthetic_visual_negation/data/positive/227494_img.png,"[""A prepared table with a baby bib beside a baby bottle.""]"
data/synthetic_visual_negation/data/positive/68110_img.png,"[""A desert with an arabian camel next to a cactus.""]"
data/synthetic_visual_negation/data/positive/36666_img.png,"[""A dog park with an Irish Wolfhound beside a Pug.""]"
data/synthetic_visual_negation/data/positive/211568_img.png,"[""A narrow city street featuring a moped next to a rack.""]"
data/synthetic_visual_negation/data/positive/41660_img.png,"[""A tree with a wasp's nest next to a birdhouse.""]"
data/synthetic_visual_negation/data/positive/42515_img.png,"[""A farmer's market with a bell pepper next to a basket.""]"
data/synthetic_visual_negation/data/positive/68649_img.png,"[""A mirroring garage with a Ford F-150 Regular Cab 2007 car parked beside a workbench.""]"
data/synthetic_visual_negation/data/positive/128275_img.png,"[""An urban tennis court with a tennis ball next to a tennis racket.""]"
data/synthetic_visual_negation/data/positive/185653_img.png,"[""A beach scene with a loggerhead sea turtle beside a person.""]"
data/synthetic_visual_negation/data/positive/20435_img.png,"[""A bird feeder with a house finch next to a black-capped chickadee.""]"
data/synthetic_visual_negation/data/positive/40804_img.png,"[""A clean kitchen counter with a spatula next to a frying pan.""]"
data/synthetic_visual_negation/data/positive/163501_img.png,"[""A city street with a BMW 1 Series Convertible 2012 car beside a motorcycle.""]"
data/synthetic_visual_negation/data/positive/69586_img.png,"[""A farm with a Bernese Mountain Dog next to a goat.""]"
data/synthetic_visual_negation/data/positive/193292_img.png,"[""A forest with an Asiatic black bear beside logs.""]"
data/synthetic_visual_negation/data/positive/54469_img.png,"[""A street with a Chrysler Aspen SUV 2009 car next to a bicycle.""]"
data/synthetic_visual_negation/data/positive/34354_img.png,"[""An airport with a Yak-42 aircraft beside a Boeing-737 aircraft.""]"
data/synthetic_visual_negation/data/positive/133465_img.png,"[""A sunny airport scene features a 737-300 aircraft parked next to a maintenance truck.""]"
data/synthetic_visual_negation/data/positive/89565_img.png,"[""A dinner table with a bottle of California wine next to a wine glass.""]"
data/synthetic_visual_negation/data/positive/168198_img.png,"[""A kitchen table with barley water next to a lemon.""]"
data/synthetic_visual_negation/data/positive/207091_img.png,"[""A forest scene with a great grey owl next to a tree hollow.""]"
data/synthetic_visual_negation/data/positive/182481_img.png,"[""A brightly lit street corner with a balloon next to a person.""]"
data/synthetic_visual_negation/data/positive/93707_img.png,"[""A bustling street with a restaurant next to a street musician.""]"
data/synthetic_visual_negation/data/positive/130217_img.png,"[""A gun shop with a holster beside guns.""]"
data/synthetic_visual_negation/data/positive/27723_img.png,"[""A shopping mall scene with a woman beside a pair of tights.""]"
data/synthetic_visual_negation/data/positive/197186_img.png,"[""A table with a pastry next to a cup of coffee.""]"
data/synthetic_visual_negation/data/positive/139183_img.png,"[""a winter scene in a park with a swing set next to a snowman.""]"
data/synthetic_visual_negation/data/positive/220428_img.png,"[""A nature exhibit with an Oriental scops owl next to a monkey.""]"
data/synthetic_visual_negation/data/positive/218782_img.png,"[""A plate with risotto beside shrimp.""]"
data/synthetic_visual_negation/data/positive/106310_img.png,"[""A tundra with a skua next to a seal.""]"
data/synthetic_visual_negation/data/positive/188499_img.png,"[""A crowded street in India with a bullock cart next to a vegetable vendor.""]"
data/synthetic_visual_negation/data/positive/130177_img.png,"[""A fruit bowl with a banana next to grapes.""]"
data/synthetic_visual_negation/data/positive/244171_img.png,"[""A park with a Scottish Deerhound next to a squirrel.""]"
data/synthetic_visual_negation/data/positive/12503_img.png,"[""A parking lot showing a Nissan Leaf Hatchback 2012 next to a Tesla Model S sedan.""]"
data/synthetic_visual_negation/data/positive/204750_img.png,"[""A workbench with a screw placed next to a screwdriver.""]"
data/synthetic_visual_negation/data/positive/8074_img.png,"[""A sandy beach with an Ibizan Hound next to a beach ball.""]"
data/synthetic_visual_negation/data/positive/212124_img.png,"[""An airport tarmac with a DHC-1 aircraft next to a Boeing 747.""]"
data/synthetic_visual_negation/data/positive/158868_img.png,"[""A tool shed with a chainsaw next to a drill.""]"
data/synthetic_visual_negation/data/positive/135377_img.png,"[""A large aquarium with an eagle ray next to a shark.""]"
data/synthetic_visual_negation/data/positive/68045_img.png,"[""A plate of desserts with jello next to a slice of cake.""]"
data/synthetic_visual_negation/data/positive/224539_img.png,"[""A table in a restaurant with spaghetti bolognese beside a fork.""]"
data/synthetic_visual_negation/data/positive/132747_img.png,"[""A riverbank with a tailed frog next to fish.""]"
data/synthetic_visual_negation/data/positive/231313_img.png,"[""A hotel lobby scene with a suit next to a briefcase.""]"
data/synthetic_visual_negation/data/positive/122016_img.png,"[""A photo of a porcupine beside a cactus.""]"
data/synthetic_visual_negation/data/positive/27292_img.png,"[""A parking lot with a Chevrolet HHR SS 2010 car next to a pickup truck.""]"
data/synthetic_visual_negation/data/positive/3647_img.png,"[""A dinner table with a wine bottle beside a candle.""]"
data/synthetic_visual_negation/data/positive/242632_img.png,"[""A cocktail glass with a White Russian beside a sugar cube.""]"
data/synthetic_visual_negation/data/positive/131039_img.png,"[""A jeweler's workshop with a loupe magnifying glass beside a ring.""]"
data/synthetic_visual_negation/data/positive/93046_img.png,"[""A sunlit porch with a rocking chair next to a small table.""]"
data/synthetic_visual_negation/data/positive/105067_img.png,"[""A snowy forest scene with a Norway spruce next to a deer.""]"
data/synthetic_visual_negation/data/positive/175532_img.png,"[""A kitchen with an espresso maker beside a coffee mug.""]"
data/synthetic_visual_negation/data/positive/105865_img.png,"[""An office room showing a desk beside a lamp.""]"
data/synthetic_visual_negation/data/positive/29536_img.png,"[""A country house with a tile roof beside a brick chimney.""]"
data/synthetic_visual_negation/data/positive/110379_img.png,"[""A barbershop scene with a barber chair next to a customer.""]"
data/synthetic_visual_negation/data/positive/179594_img.png,"[""An ocean floor scene with a sea cucumber next to a octopus.""]"
data/synthetic_visual_negation/data/positive/147497_img.png,"[""A farm scene with a barn next to a silo.""]"
data/synthetic_visual_negation/data/positive/31047_img.png,"[""A runway with a 757-300 aircraft beside a baggage cart.""]"
data/synthetic_visual_negation/data/positive/155101_img.png,"[""A photo of a mountain bike with a helmet beside it.""]"
data/synthetic_visual_negation/data/positive/55769_img.png,"[""An African savanna with a lion beside a zebra.""]"
data/synthetic_visual_negation/data/positive/39602_img.png,"[""An airport runway scene with a 737-500 aircraft parked beside a helicopter.""]"
data/synthetic_visual_negation/data/positive/169436_img.png,"[""An airport scene with a 747-400 aircraft beside a baggage cart.""]"
data/synthetic_visual_negation/data/positive/25013_img.png,"[""A forest with a patas monkey beside a leopard.""]"
data/synthetic_visual_negation/data/positive/104803_img.png,"[""A table with a handkerchief next to a perfume bottle.""]"
data/synthetic_visual_negation/data/positive/124623_img.png,"[""A photo of pancakes beside a cup of coffee.""]"
data/synthetic_visual_negation/data/positive/249023_img.png,"[""A beach with a pier next to a swimmer.""]"
data/synthetic_visual_negation/data/positive/16599_img.png,"[""A tropical fish tank with a lionfish next to a nemo fish.""]"
data/synthetic_visual_negation/data/positive/245266_img.png,"[""A park with a Saluki beside a Labrador.""]"
data/synthetic_visual_negation/data/positive/17269_img.png,"[""A sunny windowsill with a plant pot beside a watering can.""]"
data/synthetic_visual_negation/data/positive/235385_img.png,"[""A photo of a CRJ-900 aircraft next to a Bombardier Q400.""]"
data/synthetic_visual_negation/data/positive/75495_img.png,"[""A car dealership with a Ford E-Series Wagon Van 2012 car next to a Honda Accord car.""]"
data/synthetic_visual_negation/data/positive/9786_img.png,"[""A diagram of a tick beside a clock.""]"
data/synthetic_visual_negation/data/positive/54129_img.png,"[""A swimming pool with a swimming cap beside goggles.""]"
data/synthetic_visual_negation/data/positive/31346_img.png,"[""A jewelry box with a necklace next to a ring.""]"
data/synthetic_visual_negation/data/positive/84950_img.png,"[""A city street with a Cadillac Escalade EXT Crew Cab 2007 car next to a bicycle.""]"
data/synthetic_visual_negation/data/positive/211223_img.png,"[""A bustling street with a restaurant next to a cafe.""]"
data/synthetic_visual_negation/data/positive/26697_img.png,"[""A person's home with a Mexican hairless dog beside a sofa.""]"
data/synthetic_visual_negation/data/positive/147597_img.png,"[""A child's bedroom with a toy dog beside a stuffed bear.""]"
data/synthetic_visual_negation/data/positive/117672_img.png,"[""a photo of an acoustic guitar placed next to headphones.""]"
data/synthetic_visual_negation/data/positive/236905_img.png,"[""A city street at night with a Hyundai Sonata Hybrid Sedan 2012 car parked next to a bicycle.""]"
data/synthetic_visual_negation/data/positive/96718_img.png,"[""An airport with a Tu-154 aircraft next to a Boeing 737 aircraft.""]"
data/synthetic_visual_negation/data/positive/48046_img.png,"[""An ocean with a killer whale next to a ship.""]"
data/synthetic_visual_negation/data/positive/207834_img.png,"[""A bustling asian night market with fried rice next to dumplings.""]"
data/synthetic_visual_negation/data/positive/198228_img.png,"[""A cluttered office desk with a soda can beside a coffee mug.""]"
data/synthetic_visual_negation/data/positive/106133_img.png,"[""A bank vault with a safe next to a money bag.""]"
data/synthetic_visual_negation/data/positive/3852_img.png,"[""a photo of a Fokker 50 aircraft beside a KLM logo.""]"
data/synthetic_visual_negation/data/positive/139335_img.png,"[""A cozy bedroom with a space heater beside fuzzy blankets.""]"
data/synthetic_visual_negation/data/positive/84240_img.png,"[""A living room scene with a Lakeland Terrier playing beside a lady on a sofa.""]"
data/synthetic_visual_negation/data/positive/22197_img.png,"[""a photo of a popsicle placed next to a bowl of ice cream""]"
data/synthetic_visual_negation/data/positive/161027_img.png,"[""A beautiful sunny day at sea with an aircraft carrier next to a submarine.""]"
data/synthetic_visual_negation/data/positive/195590_img.png,"[""A vibrant street market with tacos next to a row of food carts.""]"
data/synthetic_visual_negation/data/positive/128582_img.png,"[""A rural garden in the countryside with a rain barrel beside a wooden bench.""]"
data/synthetic_visual_negation/data/positive/222358_img.png,"[""A breakfast plate with an omelette beside toast.""]"
data/synthetic_visual_negation/data/positive/34098_img.png,"[""An airplane hangar with a 767-200 aircraft beside a ladder.""]"
data/synthetic_visual_negation/data/positive/63098_img.png,"[""A rainforest scene with a toucan beside a parrot.""]"
data/synthetic_visual_negation/data/positive/33356_img.png,"[""A farm scene with a collie next to a barn.""]"
data/synthetic_visual_negation/data/positive/224133_img.png,"[""A living room with a radio next to a sofa.""]"
data/synthetic_visual_negation/data/positive/15046_img.png,"[""A garden scene with a shovel next to a wheelbarrow.""]"
data/synthetic_visual_negation/data/positive/180546_img.png,"[""A bathroom counter with a Band-Aid beside toothpaste.""]"
data/synthetic_visual_negation/data/positive/178098_img.png,"[""A park scene with a Miniature Schnauzer beside a frisbee.""]"
data/synthetic_visual_negation/data/positive/147397_img.png,"[""A garden with a vanilla orchid next to a coconut palm.""]"
data/synthetic_visual_negation/data/positive/238294_img.png,"[""An office desk with a ballpoint pen beside a laptop.""]"
data/synthetic_visual_negation/data/positive/147677_img.png,"[""A photo of a rugby ball placed next to a set of goal posts.""]"
data/synthetic_visual_negation/data/positive/28466_img.png,"[""Tropical rainforest scene with Green Jay and parrots side by side.""]"
data/synthetic_visual_negation/data/positive/104741_img.png,"[""A kitchen counter with crab cakes next to a spatula.""]"
data/synthetic_visual_negation/data/positive/84518_img.png,"[""A kitchen counter with an apron beside a chef's hat.""]"
data/synthetic_visual_negation/data/positive/198947_img.png,"[""A child's room with a piggy bank next to a toy car.""]"
data/synthetic_visual_negation/data/positive/157064_img.png,"[""A hangar with a 747-300 aircraft beside a tug vehicle.""]"
data/synthetic_visual_negation/data/positive/205984_img.png,"[""A plate with caesar salad next to grilled chicken.""]"
data/synthetic_visual_negation/data/positive/89542_img.png,"[""A runway with a 737-700 aircraft next to a luggage cart.""]"
data/synthetic_visual_negation/data/positive/138838_img.png,"[""A kitchen table with a club sandwich beside a bowl of french fries.""]"
data/synthetic_visual_negation/data/positive/35998_img.png,"[""A photo of a Scottish Terrier beside a leather couch.""]"
data/synthetic_visual_negation/data/positive/202044_img.png,"[""A bathroom with a medicine cabinet next to a mirror.""]"
data/synthetic_visual_negation/data/positive/181534_img.png,"[""A sandy beach with a red-backed sandpiper next to a seagull.""]"
data/synthetic_visual_negation/data/positive/211877_img.png,"[""A sandy beach with a shorebird beside a sandcastle.""]"
data/synthetic_visual_negation/data/positive/221207_img.png,"[""A tarmac with Fokker 100 aircraft next to a Boeing 737 aircraft.""]"
data/synthetic_visual_negation/data/positive/229296_img.png,"[""A sword stand with a khukuri next to a katana.""]"
data/synthetic_visual_negation/data/positive/89768_img.png,"[""A busy airport with an airliner beside a security checkpoint.""]"
data/synthetic_visual_negation/data/positive/16401_img.png,"[""A dumpster scene with a burn bag beside recycling bins.""]"
data/synthetic_visual_negation/data/positive/196888_img.png,"[""A soldier with an assault rifle next to a knife.""]"
data/synthetic_visual_negation/data/positive/50272_img.png,"[""A photo of a turtleneck beside a pair of jeans.""]"
data/synthetic_visual_negation/data/positive/86888_img.png,"[""A table with a gun set next to a dog toy.""]"
data/synthetic_visual_negation/data/positive/111034_img.png,"[""A zoo exhibit with a giant panda beside a waterfall.""]"
data/synthetic_visual_negation/data/positive/180947_img.png,"[""A large airfield with a fanjet beside a hanger.""]"
data/synthetic_visual_negation/data/positive/241827_img.png,"[""A pottery workshop with a spindle beside a wheel.""]"
data/synthetic_visual_negation/data/positive/50117_img.png,"[""A flea market scene with a vintage camera next to a typewriter.""]"
data/synthetic_visual_negation/data/positive/219362_img.png,"[""A Peruvian restaurant table with ceviche next to a chicha morada (purple corn drink).""]"
data/synthetic_visual_negation/data/positive/70105_img.png,"[""A desert scene with an eastern hog-nosed snake next to a cactus.""]"
data/synthetic_visual_negation/data/positive/147475_img.png,"[""A pool table with a pool ball beside a pool cue.""]"
data/synthetic_visual_negation/data/positive/236973_img.png,"[""A park with a Standard Schnauzer beside a Frisbee.""]"
data/synthetic_visual_negation/data/positive/123056_img.png,"[""A busy airport scene with a 777-300 aircraft beside a fuel truck.""]"
data/synthetic_visual_negation/data/positive/181438_img.png,"[""A garage with Mercedes-Benz 300-Class Convertible 1993 car next to a toolbox.""]"
data/synthetic_visual_negation/data/positive/179025_img.png,"[""An antique shop with a barometer next to a ship wheel.""]"
data/synthetic_visual_negation/data/positive/29105_img.png,"[""A vegetable garden scene with a cabbage beside a carrot.""]"
data/synthetic_visual_negation/data/positive/79610_img.png,"[""A kitchen scene with a dishwasher next to a fridge.""]"
data/synthetic_visual_negation/data/positive/23490_img.png,"[""An ocean with a great white shark beside a seal.""]"
data/synthetic_visual_negation/data/positive/213449_img.png,"[""An open parking lot with a Jeep Compass SUV 2012 car next to a sportbike motorcycle.""]"
data/synthetic_visual_negation/data/positive/84396_img.png,"[""A photo of a grocery store with a shopping cart beside it.""]"
data/synthetic_visual_negation/data/positive/40455_img.png,"[""A dog park with an Australian Terrier next to a cat.""]"
data/synthetic_visual_negation/data/positive/3571_img.png,"[""A gymnastics hall with a gymnastic horizontal bar beside a gymnast.""]"
data/synthetic_visual_negation/data/positive/118247_img.png,"[""A gas station with a Hyundai Veracruz SUV 2012 car next to a Tesla Model S.""]"
data/synthetic_visual_negation/data/positive/16511_img.png,"[""A ship's deck with a crow's nest beside a wheel.""]"
data/synthetic_visual_negation/data/positive/167657_img.png,"[""A picnic scene with a bottle of ice tea beside a sandwich.""]"
data/synthetic_visual_negation/data/positive/208934_img.png,"[""A photo of An-12 aircraft beside a propeller.""]"
data/synthetic_visual_negation/data/positive/212394_img.png,"[""A dinner table with mashed potatoes next to a steak.""]"
data/synthetic_visual_negation/data/positive/64095_img.png,"[""A park with a bull terrier beside a dog.""]"
data/synthetic_visual_negation/data/positive/84798_img.png,"[""A Japanese tea room with a bone-ash cup next to a kettle.""]"
data/synthetic_visual_negation/data/positive/199802_img.png,"[""An airport tarmac with a Fokker 100 aircraft beside a luggage cart.""]"
data/synthetic_visual_negation/data/positive/48867_img.png,"[""An office space with a monitor beside a keyboard.""]"
data/synthetic_visual_negation/data/positive/112733_img.png,"[""A crib with a baby pacifier beside a teddy bear.""]"
data/synthetic_visual_negation/data/positive/214000_img.png,"[""A room with a radiator beside a thermostat.""]"
data/synthetic_visual_negation/data/positive/165983_img.png,"[""A gourmet restaurant with tuna tartare beside a fork.""]"
data/synthetic_visual_negation/data/positive/186598_img.png,"[""A chinese restaurant kitchen with a wok beside a chef.""]"
data/synthetic_visual_negation/data/positive/12826_img.png,"[""A forest with a weasel beside a fox.""]"
data/synthetic_visual_negation/data/positive/166094_img.png,"[""A photo of a Toy Poodle next to a German Shepherd.""]"
data/synthetic_visual_negation/data/positive/238498_img.png,"[""A wedding scene with a celebrant beside a bride.""]"
data/synthetic_visual_negation/data/positive/94851_img.png,"[""A lit casino with a slot machine next to a poker table.""]"
data/synthetic_visual_negation/data/positive/116418_img.png,"[""A miniature garden overflowing with a tiger lily beside a sunflower.""]"
data/synthetic_visual_negation/data/positive/235135_img.png,"[""A dog show with a Boston bull next to other dogs.""]"
data/synthetic_visual_negation/data/positive/219913_img.png,"[""A dining table with a water jug next to a tablecloth.""]"
data/synthetic_visual_negation/data/positive/220446_img.png,"[""A swimming pool scene with a bathing cap next to a pool float.""]"
data/synthetic_visual_negation/data/positive/11439_img.png,"[""A space center launching pad with a space shuttle beside a rocket.""]"
data/synthetic_visual_negation/data/positive/153868_img.png,"[""A grassland with a migratory quail next to a pond.""]"
data/synthetic_visual_negation/data/positive/111294_img.png,"[""A natural habitat with a black-footed ferret beside a prairie dog.""]"
data/synthetic_visual_negation/data/positive/85777_img.png,"[""A marine wildlife image of an eared seal beside a sea otter.""]"
data/synthetic_visual_negation/data/positive/127956_img.png,"[""A park with a green peafowl standing next to a bench.""]"
data/synthetic_visual_negation/data/positive/88079_img.png,"[""An underwater scene with a sea urchin next to a starfish.""]"
data/synthetic_visual_negation/data/positive/165009_img.png,"[""A road scene with a Chevrolet Corvette Convertible 2012 car next to a bicycle.""]"
data/synthetic_visual_negation/data/positive/94563_img.png,"[""A busy city street with a pedicab beside a bus.""]"
data/synthetic_visual_negation/data/positive/86851_img.png,"[""A colorful Easter basket with a chocolate egg next to a stuffed rabbit.""]"
data/synthetic_visual_negation/data/positive/152571_img.png,"[""A photo with hawksbill turtle swimming next to a diver.""]"
data/synthetic_visual_negation/data/positive/9033_img.png,"[""A full Asian dinner spread with fried rice next to dumplings.""]"
data/synthetic_visual_negation/data/positive/166879_img.png,"[""A garage with a convertible next to a car lift.""]"
data/synthetic_visual_negation/data/positive/217334_img.png,"[""A riverbed with a terrapin beside a frog.""]"
data/synthetic_visual_negation/data/positive/30059_img.png,"[""A photo of a gymnastic horizontal bar beside a gymnast.""]"
data/synthetic_visual_negation/data/positive/209820_img.png,"[""A parking lot with a Cadillac Escalade EXT Crew Cab 2007 car next to an RV.""]"
data/synthetic_visual_negation/data/positive/189215_img.png,"[""A hangar with an MD-90 aircraft beside a Boeing 737.""]"
data/synthetic_visual_negation/data/positive/60803_img.png,"[""A fancy french restaurant table with foie gras next to a bottle of wine.""]"
data/synthetic_visual_negation/data/positive/231953_img.png,"[""A terrarium with a smooth newt next to a snail.""]"
data/synthetic_visual_negation/data/positive/80684_img.png,"[""A child holding ice cream next to a balloon.""]"
data/synthetic_visual_negation/data/positive/66983_img.png,"[""A carnival with cotton candy next to a popcorn vendor.""]"
data/synthetic_visual_negation/data/positive/181205_img.png,"[""A desert scene with a meerkat beside a snake.""]"
data/synthetic_visual_negation/data/positive/223022_img.png,"[""An airport runway with SR-20 aircraft next to a helicopter.""]"
data/synthetic_visual_negation/data/positive/240815_img.png,"[""A kitchen with a microwave oven placed next to a refrigerator.""]"
data/synthetic_visual_negation/data/positive/157598_img.png,"[""A barn stall with hay next to a horse.""]"
data/synthetic_visual_negation/data/positive/221503_img.png,"[""A dining room table setting with a chocolate mousse next to a cup of tea.""]"
data/synthetic_visual_negation/data/positive/175959_img.png,"[""A backyard with a Dalmatian next to a fire hydrant.""]"
data/synthetic_visual_negation/data/positive/53280_img.png,"[""A selfie of a person with a hair clip beside earrings.""]"
data/synthetic_visual_negation/data/positive/70999_img.png,"[""A street corner with a ramp beside a staircase.""]"
data/synthetic_visual_negation/data/positive/152786_img.png,"[""A tree with a luna moth beside a caterpillar.""]"
data/synthetic_visual_negation/data/positive/54552_img.png,"[""A breakfast table with pancakes next to blueberries.""]"
data/synthetic_visual_negation/data/positive/233815_img.png,"[""A stoop with a carved pumpkin next to a broom.""]"
data/synthetic_visual_negation/data/positive/107665_img.png,"[""A teenager's room with a cassette player beside posters.""]"
data/synthetic_visual_negation/data/positive/162118_img.png,"[""An Italian kitchen table with lasagna next to a glass of wine.""]"
data/synthetic_visual_negation/data/positive/1247_img.png,"[""A garage workspace with a suction pump next to a workbench.""]"
data/synthetic_visual_negation/data/positive/97107_img.png,"[""A dimly lit jazz club with an upright piano next to a saxophonist.""]"
data/synthetic_visual_negation/data/positive/79445_img.png,"[""A construction site with a pneumatic drill beside a construction worker.""]"
data/synthetic_visual_negation/data/positive/235261_img.png,"[""A bike shop with a mountain bike next to a helmet.""]"
data/synthetic_visual_negation/data/positive/163632_img.png,"[""A desk with a digital watch beside a pencil.""]"
data/synthetic_visual_negation/data/positive/111931_img.png,"[""A street scene with a smart fortwo Convertible 2012 car beside a bicycle.""]"
data/synthetic_visual_negation/data/positive/134014_img.png,"[""A photo of a medieval knight next to a sword.""]"
data/synthetic_visual_negation/data/positive/89815_img.png,"[""A bustling airport scene with a 737-200 aircraft beside a baggage cart.""]"
data/synthetic_visual_negation/data/positive/103042_img.png,"[""An airport tarmac with a 767-300 aircraft next to a baggage cart.""]"
data/synthetic_visual_negation/data/positive/42088_img.png,"[""A desert scene with a dune buggy next to a sand dune.""]"
data/synthetic_visual_negation/data/positive/111361_img.png,"[""A cafe table with a greek salad next to a glass of white wine.""]"
data/synthetic_visual_negation/data/positive/217151_img.png,"[""A photo of a chicken quesadilla next to a bowl of salsa.""]"
data/synthetic_visual_negation/data/positive/84175_img.png,"[""A dressing table scene with face powder next to a makeup brush.""]"
data/synthetic_visual_negation/data/positive/78951_img.png,"[""A table with a can of beans next to a can opener.""]"
data/synthetic_visual_negation/data/positive/13507_img.png,"[""A store display window with clogs beside tights.""]"
data/synthetic_visual_negation/data/positive/226696_img.png,"[""A busy cityscape with a high-speed train next to a helicopter.""]"
data/synthetic_visual_negation/data/positive/28520_img.png,"[""A grocery store aisle with a carton of milk beside a loaf of bread.""]"
data/synthetic_visual_negation/data/positive/161193_img.png,"[""An indoor scene with a window next to a wall.""]"
data/synthetic_visual_negation/data/positive/205480_img.png,"[""An underwater coral reef with a sea slug beside a crab.""]"
data/synthetic_visual_negation/data/positive/178539_img.png,"[""A landing strip with a 737-700 aircraft next to a 747-400 aircraft.""]"
data/synthetic_visual_negation/data/positive/151389_img.png,"[""A bank with an automated teller machine next to a bench.""]"
data/synthetic_visual_negation/data/positive/231632_img.png,"[""A greenhouse with a peony next to a watering can.""]"
data/synthetic_visual_negation/data/positive/6657_img.png,"[""A painter's palette with a paintbrush beside a smock.""]"
data/synthetic_visual_negation/data/positive/35056_img.png,"[""A park with a Border Terrier next to a leash.""]"
data/synthetic_visual_negation/data/positive/76788_img.png,"[""A garden with a southern cabbage butterfly next to a flower.""]"
data/synthetic_visual_negation/data/positive/181929_img.png,"[""A snowy mountain with a St. Bernard next to a skier.""]"
data/synthetic_visual_negation/data/positive/101515_img.png,"[""A restaurant scene with a caesar salad beside a tall glass of iced tea.""]"
data/synthetic_visual_negation/data/positive/54908_img.png,"[""A park with a West Highland White Terrier beside a ball.""]"
data/synthetic_visual_negation/data/positive/65743_img.png,"[""A forest landscape with a jaguar beside a snake.""]"
data/synthetic_visual_negation/data/positive/5825_img.png,"[""An oil field with a drilling rig beside a truck.""]"
data/synthetic_visual_negation/data/positive/204421_img.png,"[""A junkyard with a tow truck beside a damaged car.""]"
data/synthetic_visual_negation/data/positive/11600_img.png,"[""A street with a Tesla Model S Sedan 2012 car beside a bicycle.""]"
data/synthetic_visual_negation/data/positive/79494_img.png,"[""A brewery with a barrel beside a beer tap.""]"
data/synthetic_visual_negation/data/positive/9596_img.png,"[""A garage with a folding chair beside a ladder.""]"
data/synthetic_visual_negation/data/positive/231359_img.png,"[""A snowy field with a snowmobile beside a skier.""]"
data/synthetic_visual_negation/data/positive/247398_img.png,"[""A bustling casino with a slot machine beside a roulette table.""]"
data/synthetic_visual_negation/data/positive/217918_img.png,"[""A gourmet restaurant table with beef carpaccio beside a glass of red wine.""]"
data/synthetic_visual_negation/data/positive/169952_img.png,"[""A kitchen table with a pot pie next to a spoon.""]"
data/synthetic_visual_negation/data/positive/245357_img.png,"[""A coral reef with a brain coral next to a sea anemone.""]"
data/synthetic_visual_negation/data/positive/77077_img.png,"[""A Persian rug with a Persian cat next to a dog toy.""]"
data/synthetic_visual_negation/data/positive/244972_img.png,"[""A garage scene with Mercedes-Benz E-Class Sedan 2012 car next to a motorcycle.""]"
data/synthetic_visual_negation/data/positive/201060_img.png,"[""A garden with a European rabbit beside carrots.""]"
data/synthetic_visual_negation/data/positive/171799_img.png,"[""A decorated room with an Egyptian Mau next to a vase.""]"
data/synthetic_visual_negation/data/positive/132671_img.png,"[""A bird cage with a lorikeet beside a peach tree.""]"
data/synthetic_visual_negation/data/positive/51251_img.png,"[""A parking lot with a Chevrolet TrailBlazer SS 2009 car next to a hybrid car.""]"
data/synthetic_visual_negation/data/positive/114109_img.png,"[""A busy airport tarmac with a 737-400 aircraft next to a Boeing 747.""]"
data/synthetic_visual_negation/data/positive/134438_img.png,"[""a photo of creme brulee served beside a tablespoon.""]"
data/synthetic_visual_negation/data/positive/64813_img.png,"[""A scene of the high seas with a pirate ship beside a mermaid.""]"
data/synthetic_visual_negation/data/positive/171466_img.png,"[""A backyard with a Staffordshire Bull Terrier beside a swing.""]"
data/synthetic_visual_negation/data/positive/551_img.png,"[""A mannequin in a luxury clothing store with a sable coat next to a hat.""]"
data/synthetic_visual_negation/data/positive/14806_img.png,"[""A landscape with oil rigs showing a drilling rig beside a crane.""]"
data/synthetic_visual_negation/data/positive/29243_img.png,"[""A Chinese restaurant with a plate of chicken and rice next to a pair of chopsticks.""]"
data/synthetic_visual_negation/data/positive/46299_img.png,"[""A lingerie store displaying a bra beside panties.""]"
data/synthetic_visual_negation/data/positive/130461_img.png,"[""A playground with a basketball beside a hoop.""]"
data/synthetic_visual_negation/data/positive/149837_img.png,"[""A cozy apartment interior with a tabby cat sleeping next to a knitting basket.""]"
data/synthetic_visual_negation/data/positive/243636_img.png,"[""A brightly lit park where a Miniature Schnauzer plays next to a Frisbee.""]"
data/synthetic_visual_negation/data/positive/6707_img.png,"[""A fireplace with a Persian cat next to a dog.""]"
data/synthetic_visual_negation/data/positive/170678_img.png,"[""A desk with a quill next to an inkwell.""]"
data/synthetic_visual_negation/data/positive/8808_img.png,"[""A glass terrarium with a kingsnake next to a bearded dragon.""]"
data/synthetic_visual_negation/data/positive/110345_img.png,"[""A eucalyptus tree with a koala beside a joey.""]"
data/synthetic_visual_negation/data/positive/209556_img.png,"[""A snowy winter street with a snowplow beside a fire hydrant.""]"
data/synthetic_visual_negation/data/positive/79098_img.png,"[""An airport tarmac with a Cessna 208 aircraft next to a Boeing 747.""]"
data/synthetic_visual_negation/data/positive/32577_img.png,"[""A showroom with a Saluki next to a Maine Coon.""]"
data/synthetic_visual_negation/data/positive/201657_img.png,"[""A kitchen counter with a can of soup next to a spatula.""]"
data/synthetic_visual_negation/data/positive/152001_img.png,"[""A dog show with a Saluki beside a Border collie.""]"
data/synthetic_visual_negation/data/positive/1754_img.png,"[""A private airfield with a DR-400 aircraft beside a helicopter.""]"
data/synthetic_visual_negation/data/positive/63339_img.png,"[""A safari scene with a cheetah next to a zebra.""]"
data/synthetic_visual_negation/data/positive/240329_img.png,"[""A seafood restaurant with a spiny lobster beside a knife.""]"
data/synthetic_visual_negation/data/positive/1400_img.png,"[""A colorful fruit bowl with a lemon next to a banana.""]"
data/synthetic_visual_negation/data/positive/97483_img.png,"[""A vintage blues studio with a harmonica beside a microphone.""]"
data/synthetic_visual_negation/data/positive/178175_img.png,"[""An Indian restaurant with a samosa next to a plate.""]"
data/synthetic_visual_negation/data/positive/5265_img.png,"[""A playground with an Australian terrier next to a child.""]"
data/synthetic_visual_negation/data/positive/191547_img.png,"[""A mountain trail scene with a ram next to sheep.""]"
data/synthetic_visual_negation/data/positive/214430_img.png,"[""A table setting with clam chowder next to a sourdough bread bowl.""]"
data/synthetic_visual_negation/data/positive/97800_img.png,"[""An Italian restaurant with bruschetta next to olive oil for dipping.""]"
data/synthetic_visual_negation/data/positive/24125_img.png,"[""A restaurant table setting with beet salad beside tuna salad.""]"
data/synthetic_visual_negation/data/positive/20054_img.png,"[""An aquarium with a coral reef next to a starfish.""]"
data/synthetic_visual_negation/data/positive/15884_img.png,"[""A table with creme brulee beside a spoon.""]"
data/synthetic_visual_negation/data/positive/134484_img.png,"[""A tank with a spiny lobster beside a jellyfish.""]"
data/synthetic_visual_negation/data/positive/197154_img.png,"[""A tropical island in the distance, with a pirate ship docked next to a rowboat.""]"
data/synthetic_visual_negation/data/positive/92325_img.png,"[""A grocery store parking lot with a black GMC Yukon Hybrid SUV 2012 next to a red pickup truck.""]"
data/synthetic_visual_negation/data/positive/117624_img.png,"[""A gym with gymnastics equipment beside a mat.""]"
data/synthetic_visual_negation/data/positive/32470_img.png,"[""A music studio with a microphone beside a set of drums.""]"
data/synthetic_visual_negation/data/positive/34081_img.png,"[""A fish tank with a domestic carp swimming beside a snail.""]"
data/synthetic_visual_negation/data/positive/224779_img.png,"[""A dimly lit room with a storage chest next to a candle.""]"
data/synthetic_visual_negation/data/positive/6584_img.png,"[""A classroom with a projector next to a whiteboard.""]"
data/synthetic_visual_negation/data/positive/44399_img.png,"[""A photo of a large boat beside a lighthouse on the breakwater.""]"
data/synthetic_visual_negation/data/positive/165555_img.png,"[""A garage with an Audi R8 Coupe 2012 car beside a bike.""]"
data/synthetic_visual_negation/data/positive/219797_img.png,"[""A savanna scene with a black rhinoceros next to a tree trunk.""]"
data/synthetic_visual_negation/data/positive/93838_img.png,"[""A giant aquarium with an Atlantic bottlenose dolphin beside a sea turtle.""]"
data/synthetic_visual_negation/data/positive/74567_img.png,"[""A locker room with a combination lock next to a backpack.""]"
data/synthetic_visual_negation/data/positive/140799_img.png,"[""A sunny beach scene with an Ibizan Hound next to a surfer.""]"
data/synthetic_visual_negation/data/positive/212274_img.png,"[""A jungle scene with a stick insect beside a leaf.""]"
data/synthetic_visual_negation/data/positive/29355_img.png,"[""A dark shed containing a shovel beside a wheelbarrow.""]"
data/synthetic_visual_negation/data/positive/218999_img.png,"[""A water pipe with a zebra mussel beside fish.""]"
data/synthetic_visual_negation/data/positive/241504_img.png,"[""An African savanna scene with an impala (antelope) next to a zebra.""]"
data/synthetic_visual_negation/data/positive/45541_img.png,"[""A forest with a warthog next to a giraffe.""]"
data/synthetic_visual_negation/data/positive/244520_img.png,"[""An art studio with an orange dahlia beside a paintbrush.""]"
data/synthetic_visual_negation/data/positive/193023_img.png,"[""A retro-style airfield with a DHC-1 aircraft next to a plane hangar.""]"
data/synthetic_visual_negation/data/positive/154689_img.png,"[""A snowy forest displaying a snowshoe hare next to a pine tree.""]"
data/synthetic_visual_negation/data/positive/238657_img.png,"[""A crowded beach with sunglasses beside a hat.""]"
data/synthetic_visual_negation/data/positive/181820_img.png,"[""An antique furniture store with a tilt-top table next to a bench.""]"
data/synthetic_visual_negation/data/positive/169793_img.png,"[""A crowded city street with a Ferrari 458 Italia Coupe 2012 car parked next to a bus.""]"
data/synthetic_visual_negation/data/positive/124587_img.png,"[""An aquarium with a starfish next to a sea cucumber.""]"
data/synthetic_visual_negation/data/positive/39682_img.png,"[""A dusty desert trail with a jeep beside a hiker.""]"
data/synthetic_visual_negation/data/positive/195580_img.png,"[""a photo of a BMW M3 Coupe 2012 placed beside a parked truck.""]"
data/synthetic_visual_negation/data/positive/107962_img.png,"[""A parking lot with a Chrysler Aspen SUV 2009 car beside a motorcycle.""]"
data/synthetic_visual_negation/data/positive/185069_img.png,"[""An airport runway with an A310 aircraft beside a luggage cart.""]"
data/synthetic_visual_negation/data/positive/151899_img.png,"[""A summer school class with a law student next to a medical student.""]"
data/synthetic_visual_negation/data/positive/66323_img.png,"[""a photo of a padlock next to a chain.""]"
data/synthetic_visual_negation/data/positive/168055_img.png,"[""A tarmac with a 737-300 aircraft beside a fire truck.""]"
data/synthetic_visual_negation/data/positive/170318_img.png,"[""A park with a borzoi beside a doberman pinscher.""]"
data/synthetic_visual_negation/data/positive/93871_img.png,"[""A kid's art table with a pipe cleaner beside a glue bottle.""]"
data/synthetic_visual_negation/data/positive/97358_img.png,"[""A vintage country store interior with a wooden barrel beside an old wooden table.""]"
data/synthetic_visual_negation/data/positive/153713_img.png,"[""An old courtyard with a sundial next to a statue.""]"
data/synthetic_visual_negation/data/positive/151193_img.png,"[""A kitchen scene with a wooden spoon beside a whisk.""]"
data/synthetic_visual_negation/data/positive/127684_img.png,"[""A busy city street with a motorcyclist beside a cyclist.""]"
data/synthetic_visual_negation/data/positive/94723_img.png,"[""A suburban neighborhood with a duplex house next to a single family house.""]"
data/synthetic_visual_negation/data/positive/114539_img.png,"[""A landscaped garden with an American oil palm beside a fountain.""]"
data/synthetic_visual_negation/data/positive/190432_img.png,"[""A tropical rainforest scene with a tree frog next to a leaf.""]"
data/synthetic_visual_negation/data/positive/204437_img.png,"[""A parking lot with a Audi A5 Coupe 2012 car beside a red convertible car.""]"
data/synthetic_visual_negation/data/positive/102872_img.png,"[""a photo of a Black and Tan Coonhound standing next to some logs.""]"
data/synthetic_visual_negation/data/positive/234361_img.png,"[""A muddy village road with a bullock cart next to a cow.""]"
data/synthetic_visual_negation/data/positive/68616_img.png,"[""a woman's purse with a pocket comb next to a lipstick.""]"
data/synthetic_visual_negation/data/positive/125898_img.png,"[""A living room scene with a hamper next to a couch.""]"
data/synthetic_visual_negation/data/positive/78328_img.png,"[""An airstrip with a Eurofighter Typhoon aircraft beside a Humvee.""]"
data/synthetic_visual_negation/data/positive/110856_img.png,"[""A car dealership lot depicts a Buick Verano Sedan 2012 car next to a salesperson assisting a customer.""]"
data/synthetic_visual_negation/data/positive/183252_img.png,"[""An underwater scene with a starfish beside a sea cucumber.""]"
data/synthetic_visual_negation/data/positive/4865_img.png,"[""A desk with a magnetic compass beside a map.""]"
data/synthetic_visual_negation/data/positive/143052_img.png,"[""A fast food diner with a soft drink next to a hamburger.""]"
data/synthetic_visual_negation/data/positive/105441_img.png,"[""A park scene with a borzoi beside a toddler.""]"
data/synthetic_visual_negation/data/positive/155395_img.png,"[""A kitchen with a can opener beside a can of beans.""]"
data/synthetic_visual_negation/data/positive/219280_img.png,"[""A forest floor with a smooth green snake beside a stick.""]"
data/synthetic_visual_negation/data/positive/12218_img.png,"[""A photo of a gun next to a holster.""]"
data/synthetic_visual_negation/data/positive/209634_img.png,"[""A tree trunk with a three-toed sloth beside a moth.""]"
data/synthetic_visual_negation/data/positive/222191_img.png,"[""A street corner in a city with a steel drum beside a street musician.""]"
data/synthetic_visual_negation/data/positive/238159_img.png,"[""A desert with an ostrich beside a cactus.""]"
data/synthetic_visual_negation/data/positive/168678_img.png,"[""A ballet class with a leotard beside a ballerina shoe.""]"
data/synthetic_visual_negation/data/positive/157152_img.png,"[""A table full of hardware materials with a metal nail beside a hammer.""]"
data/synthetic_visual_negation/data/positive/119669_img.png,"[""A snow-filled day with a Samoyed beside a snowman.""]"
data/synthetic_visual_negation/data/positive/19952_img.png,"[""a photo of a Bullmastiff beside a leash.""]"
data/synthetic_visual_negation/data/positive/161050_img.png,"[""A park with an Irish Terrier next to a family playing frisbee.""]"
data/synthetic_visual_negation/data/positive/100005_img.png,"[""A table setting with a pizza next to a soda.""]"
data/synthetic_visual_negation/data/positive/176910_img.png,"[""A photo of a European woolly thistle, showing a yellow bee next to it.""]"
data/synthetic_visual_negation/data/positive/97134_img.png,"[""A mountain range with a bezoar goat next to an ibex.""]"
data/synthetic_visual_negation/data/positive/150225_img.png,"[""A living room with a Lhasa Apso beside a cat.""]"
data/synthetic_visual_negation/data/positive/106387_img.png,"[""A lunch bag containing a water bottle next to an apple.""]"
data/synthetic_visual_negation/data/positive/47268_img.png,"[""A park with an Airedale Terrier beside a stick.""]"
data/synthetic_visual_negation/data/positive/222393_img.png,"[""A street with a local store next to a fire hydrant.""]"
data/synthetic_visual_negation/data/positive/170089_img.png,"[""A woman's dresser with face powder beside a makeup brush.""]"
data/synthetic_visual_negation/data/positive/173341_img.png,"[""A park scene with a nut tree next to a bench.""]"
data/synthetic_visual_negation/data/positive/204923_img.png,"[""An office with a desk dictionary next to a laptop.""]"
data/synthetic_visual_negation/data/positive/137018_img.png,"[""A Mediterranean food restaurant with a pita next to hummus.""]"
data/synthetic_visual_negation/data/positive/200510_img.png,"[""A rustic farm with a Brittany dog beside a flock of chickens.""]"
data/synthetic_visual_negation/data/positive/153426_img.png,"[""A bustling street with a bus next to a taxi.""]"
data/synthetic_visual_negation/data/positive/155118_img.png,"[""A live music stage with a guitarist beside a drummer.""]"
data/synthetic_visual_negation/data/positive/225898_img.png,"[""A military airfield with military aircraft beside a helicopter.""]"
data/synthetic_visual_negation/data/positive/156465_img.png,"[""A city street scene with a traffic sign next to a street light.""]"
data/synthetic_visual_negation/data/positive/188918_img.png,"[""An airport runway with a 737-200 aircraft next to a cargo plane.""]"
data/synthetic_visual_negation/data/positive/216629_img.png,"[""A busy street with a trolleybus next to a bus stop.""]"
data/synthetic_visual_negation/data/positive/109370_img.png,"[""An airplane hangar with an E-195 aircraft beside a Boeing 737.""]"
data/synthetic_visual_negation/data/positive/137263_img.png,"[""An autumn table with butternut squash beside a knife.""]"
data/synthetic_visual_negation/data/positive/152513_img.png,"[""A river bank with a swamp willow next to an egret.""]"
data/synthetic_visual_negation/data/positive/45031_img.png,"[""A coffee shop with a plate of donuts next to a cup of coffee.""]"
data/synthetic_visual_negation/data/positive/67122_img.png,"[""A seafood restaurant table with a spiny lobster next to a glass of white wine.""]"
data/synthetic_visual_negation/data/positive/66644_img.png,"[""A garden with a fire lily beside a dragonfly.""]"
data/synthetic_visual_negation/data/positive/100277_img.png,"[""A bustling fast food restaurant with a hamburger next to a drink.""]"
data/synthetic_visual_negation/data/positive/162092_img.png,"[""A park with trees in the background showing a golden retriever next to a frisbee.""]"
data/synthetic_visual_negation/data/positive/74130_img.png,"[""a photo of the prairie with a western meadowlark beside a prairie coneflower.""]"
data/synthetic_visual_negation/data/positive/7074_img.png,"[""An old town square with a horse cart next to a street performer.""]"
data/synthetic_visual_negation/data/positive/86939_img.png,"[""A sunlit living room with a plant next to a coffee table.""]"
data/synthetic_visual_negation/data/positive/60339_img.png,"[""An office floor with a messenger bag beside a coffee cup.""]"
data/synthetic_visual_negation/data/positive/223472_img.png,"[""A vegetable stall displaying a cucumber next to a tomato.""]"
data/synthetic_visual_negation/data/positive/114906_img.png,"[""A dimly lit music venue with an upright piano next to a drum set.""]"
data/synthetic_visual_negation/data/positive/55020_img.png,"[""A front porch scene with a doormat next to a boot.""]"
data/synthetic_visual_negation/data/positive/116603_img.png,"[""A photograph of a dwelling beside a garden.""]"
data/synthetic_visual_negation/data/positive/89100_img.png,"[""A plate with a Granny Smith apple beside a knife.""]"
data/synthetic_visual_negation/data/positive/80381_img.png,"[""A hangar with an E-170 aircraft next to a Boeing 737.""]"
data/synthetic_visual_negation/data/positive/194670_img.png,"[""A beach scene with a beach ball beside a surfboard.""]"
data/synthetic_visual_negation/data/positive/151950_img.png,"[""A family kitchen with a Crock Pot beside a cutting board.""]"
data/synthetic_visual_negation/data/positive/176470_img.png,"[""A garden scene with a cricket insect beside a flower at dusk.""]"
data/synthetic_visual_negation/data/positive/67133_img.png,"[""A door showing a padlock beside a lockpick.""]"
data/synthetic_visual_negation/data/positive/60911_img.png,"[""A zoo setting with a sea lion beside a penguin.""]"
data/synthetic_visual_negation/data/positive/52507_img.png,"[""A warm cabin with a chimney breast beside a couch.""]"
data/synthetic_visual_negation/data/positive/135660_img.png,"[""A grassland with a hyena beside a zebra.""]"
data/synthetic_visual_negation/data/positive/147150_img.png,"[""A serene outdoor scene with a patio beside a fountain.""]"
data/synthetic_visual_negation/data/positive/12508_img.png,"[""A wilderness area with a bald eagle beside a nest.""]"
data/synthetic_visual_negation/data/positive/194368_img.png,"[""A soccer player with a soccer ball next to a pair of cleats.""]"
data/synthetic_visual_negation/data/positive/87444_img.png,"[""A city street scene with a moving van beside a parked car.""]"
data/synthetic_visual_negation/data/positive/234680_img.png,"[""A bike shop with a disc brake next to a bicycle.""]"
data/synthetic_visual_negation/data/positive/199577_img.png,"[""A bustling city street with a FIAT 500 Abarth 2012 car next to a bus.""]"
data/synthetic_visual_negation/data/positive/147180_img.png,"[""A dog park with an Ibizan Hound beside a Scottish Terrier.""]"
data/synthetic_visual_negation/data/positive/157537_img.png,"[""A grassy field with a wombat next to a bee hive.""]"
data/synthetic_visual_negation/data/positive/64956_img.png,"[""A picnic scene with a watermelon beside juice boxes.""]"
data/synthetic_visual_negation/data/positive/120441_img.png,"[""A computer desk with a hard disk drive beside a speaker.""]"
data/synthetic_visual_negation/data/positive/231410_img.png,"[""A photo of an Il-76 aircraft beside a refueling truck.""]"
data/synthetic_visual_negation/data/positive/161275_img.png,"[""A safari scene with binoculars next to a safari hat.""]"
data/synthetic_visual_negation/data/positive/71951_img.png,"[""A small airstrip with a Beechcraft 1900 aircraft next to a fuel truck.""]"
data/synthetic_visual_negation/data/positive/75298_img.png,"[""A parking lot with a repair shop beside a car.""]"
data/synthetic_visual_negation/data/positive/37388_img.png,"[""A kitchen table with bread pudding next to a plate of fruit.""]"
data/synthetic_visual_negation/data/positive/218780_img.png,"[""A sandy beach with a Brittany dog next to a ball.""]"
data/synthetic_visual_negation/data/positive/99042_img.png,"[""A cave showing a limestone fern beside a stalactite.""]"
data/synthetic_visual_negation/data/positive/162121_img.png,"[""A grassland scene with a yurt next to a horse.""]"
data/synthetic_visual_negation/data/positive/117560_img.png,"[""A small kitchen with a coffeemaker next to a toaster.""]"
data/synthetic_visual_negation/data/positive/88852_img.png,"[""A clothes dryer showing a sock next to a shoe.""]"
data/synthetic_visual_negation/data/positive/34872_img.png,"[""A cluttered table with a balaclava ski mask next to a pair of ski goggles.""]"
data/synthetic_visual_negation/data/positive/98768_img.png,"[""A sports venue with shuffleboard beside a scoreboard.""]"
data/synthetic_visual_negation/data/positive/231562_img.png,"[""A group of scouts with a Sea Scout beside a sailboat.""]"
data/synthetic_visual_negation/data/positive/51722_img.png,"[""An urban park scene with a blue jay next to a squirrel.""]"
data/synthetic_visual_negation/data/positive/99947_img.png,"[""A toolbox with a tap wrench beside a screwdriver.""]"
data/synthetic_visual_negation/data/positive/97903_img.png,"[""A wooden desk with a fountain pen next to a notebook.""]"
data/synthetic_visual_negation/data/positive/31194_img.png,"[""A classroom scene with a pencil sharpener next to a notebook.""]"
data/synthetic_visual_negation/data/positive/124674_img.png,"[""A balcony with a waterwheel plant next to a statue.""]"
data/synthetic_visual_negation/data/positive/104574_img.png,"[""A hallway locker with a combination lock next to a key lock.""]"
data/synthetic_visual_negation/data/positive/232098_img.png,"[""A fruit basket with a Golden Delicious beside a Macintosh apple.""]"
data/synthetic_visual_negation/data/positive/112908_img.png,"[""A sunny park with a Gordon Setter next to a man.""]"
data/synthetic_visual_negation/data/positive/30331_img.png,"[""A parking lot with a Bentley Continental Flying Spur Sedan 2007 car next to another luxury car.""]"
data/synthetic_visual_negation/data/positive/64101_img.png,"[""A forest scene with an ant beside a mushroom.""]"
data/synthetic_visual_negation/data/positive/97778_img.png,"[""A living room with a Groenendael dog next to a toy.""]"
data/synthetic_visual_negation/data/positive/110359_img.png,"[""A savanna scene with a tiger next to a zebra.""]"
data/synthetic_visual_negation/data/positive/55097_img.png,"[""A Mexican fiesta with a sombrero next to a mariachi.""]"
data/synthetic_visual_negation/data/positive/189669_img.png,"[""A sunny beach with a convertible car parked beside a palm tree.""]"
data/synthetic_visual_negation/data/positive/189882_img.png,"[""A music stage with a saxophone next to a microphone.""]"
data/synthetic_visual_negation/data/positive/223924_img.png,"[""A backyard scene with a hot tub beside a BBQ grill.""]"
data/synthetic_visual_negation/data/positive/47742_img.png,"[""A dog show with a Chesapeake Bay Retriever beside a Border Collie.""]"
data/synthetic_visual_negation/data/positive/110958_img.png,"[""A romantic city scene with a palace beside a horse-drawn carriage.""]"
data/synthetic_visual_negation/data/positive/209917_img.png,"[""An airport tarmac with a DH-82 aircraft beside a helicopter.""]"
data/synthetic_visual_negation/data/positive/122104_img.png,"[""A hallway with a Japanese Chin beside a vase.""]"
data/synthetic_visual_negation/data/positive/85127_img.png,"[""A pianist's hand with a Band Aid next to a ring.""]"
data/synthetic_visual_negation/data/positive/159491_img.png,"[""An operating room with a colonoscope next to a monitor.""]"
data/synthetic_visual_negation/data/positive/239699_img.png,"[""A pet store with a pug next to a kitten.""]"
data/synthetic_visual_negation/data/positive/150468_img.png,"[""A teenager's messy room with a comic book beside a pillow.""]"
data/synthetic_visual_negation/data/positive/55797_img.png,"[""A tree with a yellow-breasted chat next to a bluejay.""]"
data/synthetic_visual_negation/data/positive/191633_img.png,"[""A fruit bowl with a lemon next to a banana.""]"
data/synthetic_visual_negation/data/positive/214547_img.png,"[""A grand throne room with a throne next to a scepter.""]"
data/synthetic_visual_negation/data/positive/158780_img.png,"[""A gas station scene with a Suzuki Aerio Sedan 2007 car parked beside a gas pump.""]"
data/synthetic_visual_negation/data/positive/13702_img.png,"[""A park with a Newfoundland dog next to a dachshund.""]"
data/synthetic_visual_negation/data/positive/249212_img.png,"[""An airport with a 707-320 aircraft next to a 747 aircraft.""]"
data/synthetic_visual_negation/data/positive/220_img.png,"[""A carpenter's woodshop with a wood chisel beside a vise.""]"
data/synthetic_visual_negation/data/positive/4404_img.png,"[""A bakery table with dough beside a rolling pin.""]"
data/synthetic_visual_negation/data/positive/53272_img.png,"[""A photo of a person wearing a gas mask beside a respirator.""]"
data/synthetic_visual_negation/data/positive/5080_img.png,"[""A wildlife enclosure with a black-footed ferret next to a prairie dog.""]"
data/synthetic_visual_negation/data/positive/53714_img.png,"[""A lush garden with a birdhouse next to a fountain.""]"
data/synthetic_visual_negation/data/positive/171336_img.png,"[""A riverbank with an otter beside a log.""]"
data/synthetic_visual_negation/data/positive/97561_img.png,"[""A busy airport with an ATR-42 aircraft beside a 747 aircraft.""]"
data/synthetic_visual_negation/data/positive/49334_img.png,"[""A bathroom scene showing a toilet seat next to a toilet paper holder.""]"
data/synthetic_visual_negation/data/positive/44458_img.png,"[""A sunny window with a plant pot next to a laptop.""]"
data/synthetic_visual_negation/data/positive/121101_img.png,"[""A wood workshop with a Chilean cedar next to a chainsaw.""]"
data/synthetic_visual_negation/data/positive/97204_img.png,"[""A carnival with a carousel beside a Ferris wheel.""]"
data/synthetic_visual_negation/data/positive/37493_img.png,"[""A snowy mountain scene with a boarding house beside a ski lift.""]"
data/synthetic_visual_negation/data/positive/32006_img.png,"[""A festive holiday scene with a poinsettia beside a Christmas tree.""]"
data/synthetic_visual_negation/data/positive/249674_img.png,"[""A bakery interior with a baguette next to bakers.""]"
data/synthetic_visual_negation/data/positive/120539_img.png,"[""A beach with a beach ball beside a towel.""]"
data/synthetic_visual_negation/data/positive/53681_img.png,"[""A breakfast nook with a tea cup next to a plate of biscuits.""]"
data/synthetic_visual_negation/data/positive/76534_img.png,"[""A runway with a 777-200 aircraft beside an A321 aircraft.""]"
data/synthetic_visual_negation/data/positive/94403_img.png,"[""A beach scene with a bucket next to a beach ball.""]"
data/synthetic_visual_negation/data/positive/183155_img.png,"[""A grey whale swimming beside a small fishing boat in the vast ocean expanse.""]"
data/synthetic_visual_negation/data/positive/207777_img.png,"[""A table with hot and sour soup beside chopsticks.""]"
data/synthetic_visual_negation/data/positive/154055_img.png,"[""A photo of a pagoda beside a lake.""]"
data/synthetic_visual_negation/data/positive/83197_img.png,"[""An animal reserve with a tiger beside a deer.""]"
data/synthetic_visual_negation/data/positive/211027_img.png,"[""A crowded airport scene with a 777-300 aircraft next to an A380 aircraft.""]"
data/synthetic_visual_negation/data/positive/219193_img.png,"[""A fruit stand with a jackfruit next to mangosteen.""]"
data/synthetic_visual_negation/data/positive/91521_img.png,"[""A dry desert with a ground squirrel beside a cactus.""]"
data/synthetic_visual_negation/data/positive/70562_img.png,"[""A parking lot with a NV Passenger Van 2012 next to a pickup truck.""]"
data/synthetic_visual_negation/data/positive/216824_img.png,"[""A calm river with a canoe next to a kayak.""]"
data/synthetic_visual_negation/data/positive/85272_img.png,"[""A dealer showroom with a smart fortwo Convertible 2012 car next to a parking space.""]"
data/synthetic_visual_negation/data/positive/122961_img.png,"[""An urban street scene with a Ram C/V Cargo Van Minivan beside a parking meter.""]"
data/synthetic_visual_negation/data/positive/26699_img.png,"[""A beach with a one-piece bathing suit beside a beach towel.""]"
data/synthetic_visual_negation/data/positive/179377_img.png,"[""A parking lot with a GMC Terrain SUV 2012 car beside a Ford Fusion car.""]"
data/synthetic_visual_negation/data/positive/178994_img.png,"[""A savannah scene with a grevy's zebra beside a giraffe.""]"
data/synthetic_visual_negation/data/positive/24759_img.png,"[""A holiday scene with a poinsettia beside a christmas tree.""]"
data/synthetic_visual_negation/data/positive/222355_img.png,"[""A hospital room with a patient using the oxygen mask next to nurses.""]"
data/synthetic_visual_negation/data/positive/204349_img.png,"[""A city street with an American elm next to a street sign.""]"
data/synthetic_visual_negation/data/positive/74043_img.png,"[""A compass display rack beside a magnetic compass and a gyro compass.""]"
data/synthetic_visual_negation/data/positive/117529_img.png,"[""A clothing store with a dress shirt beside a tie.""]"
data/synthetic_visual_negation/data/positive/155015_img.png,"[""A busy street with a fire truck next to an ambulance.""]"
data/synthetic_visual_negation/data/positive/138658_img.png,"[""A kayak with a paddle next to a life jacket.""]"
data/synthetic_visual_negation/data/positive/170309_img.png,"[""A campsite with a recreational vehicle next to a tent.""]"
data/synthetic_visual_negation/data/positive/224486_img.png,"[""A parking lot with a Toyota 4Runner SUV 2012 car parked next to a motorcycle.""]"
data/synthetic_visual_negation/data/positive/5974_img.png,"[""A dog show with a Shetland Sheepdog beside a cat.""]"
data/synthetic_visual_negation/data/positive/103548_img.png,"[""A lumberjack scene with a chain saw beside a tree stump.""]"
data/synthetic_visual_negation/data/positive/54627_img.png,"[""A paleontological dig site with a brontosaurus beside a pterodactyl.""]"
data/synthetic_visual_negation/data/positive/2979_img.png,"[""An underwater diving scene with a hammerhead shark next to a manta ray.""]"
data/synthetic_visual_negation/data/positive/236592_img.png,"[""A rainforest habitat with a ring-tailed lemur beside a chameleon.""]"
data/synthetic_visual_negation/data/positive/84831_img.png,"[""A photo of a pulque jar displayed next to a slice of orange.""]"
data/synthetic_visual_negation/data/positive/15671_img.png,"[""A prairie landscape with a bison beside a deer.""]"
data/synthetic_visual_negation/data/positive/157361_img.png,"[""A photo of a red velvet cake beside a bowl of ice cream.""]"
data/synthetic_visual_negation/data/positive/213746_img.png,"[""A neck of a neckerchief beside a scarf.""]"
data/synthetic_visual_negation/data/positive/79120_img.png,"[""A park bench with a Bouvier des Flandres dog beside a treat.""]"
data/synthetic_visual_negation/data/positive/191250_img.png,"[""A shower with a luffa next to soap.""]"
data/synthetic_visual_negation/data/positive/186605_img.png,"[""A quiet pond with a goose next to a swan.""]"
data/synthetic_visual_negation/data/positive/54015_img.png,"[""A tarmac displaying a Fokker 50 aircraft next to a Boeing 737 aircraft.""]"
data/synthetic_visual_negation/data/positive/158041_img.png,"[""A country landscape with a guesthouse beside a windmill.""]"
data/synthetic_visual_negation/data/positive/198982_img.png,"[""A kitchen with a cauldron beside a stove.""]"
data/synthetic_visual_negation/data/positive/82023_img.png,"[""A windowsill with a fly next to a jar of honey.""]"
data/synthetic_visual_negation/data/positive/31634_img.png,"[""An airport with a DHC-1 aircraft next to a hangar.""]"
data/synthetic_visual_negation/data/positive/184034_img.png,"[""A pond scene with a pochard beside a mandarin duck.""]"
data/synthetic_visual_negation/data/positive/229990_img.png,"[""a bustling city street with a man buying hot dogs next to a street food cart.""]"
data/synthetic_visual_negation/data/positive/125657_img.png,"[""A wool factory with wool beside a spinning wheel.""]"
data/synthetic_visual_negation/data/positive/104932_img.png,"[""A wood floor with a ground beetle beside a leaf.""]"
data/synthetic_visual_negation/data/positive/237573_img.png,"[""A farm field with an ox next to a plow.""]"
data/synthetic_visual_negation/data/positive/125701_img.png,"[""A tool shelf with a screw next to a screwdriver.""]"
data/synthetic_visual_negation/data/positive/233305_img.png,"[""A fabric with a safety pin next to a button.""]"
data/synthetic_visual_negation/data/positive/59640_img.png,"[""A car dealership showroom with a Buick Verano Sedan 2012 car beside a GM Bolt electric car.""]"
data/synthetic_visual_negation/data/positive/98817_img.png,"[""a photo of an eraser placed next to a pencil""]"
data/synthetic_visual_negation/data/positive/186155_img.png,"[""A dimly lit movie theater scene with a movie theater next to a popcorn stand.""]"
data/synthetic_visual_negation/data/positive/142175_img.png,"[""A sunny dog park with a Basset Hound next to a Beagle.""]"
data/synthetic_visual_negation/data/positive/126432_img.png,"[""A wall with an electrical switch next to a light bulb.""]"
data/synthetic_visual_negation/data/positive/68726_img.png,"[""A forest scene showing a pine marten next to a red squirrel.""]"
data/synthetic_visual_negation/data/positive/176891_img.png,"[""A tropical zoo with a green iguana next to a parrot.""]"
data/synthetic_visual_negation/data/positive/57531_img.png,"[""A home library with a rocking chair next to a fireplace.""]"
data/synthetic_visual_negation/data/positive/244943_img.png,"[""A runway with an EMB-120 aircraft next to a Boeing 737.""]"
data/synthetic_visual_negation/data/positive/111539_img.png,"[""A wooden table with a tape drive beside a tape reel.""]"
data/synthetic_visual_negation/data/positive/60356_img.png,"[""A natural history museum exhibit with a trilobite beside a fossilized ammonite.""]"
data/synthetic_visual_negation/data/positive/70675_img.png,"[""An ocean scene with a pier next to a boat.""]"
data/synthetic_visual_negation/data/positive/91124_img.png,"[""A dog show with a Dandie Dinmont Terrier beside a dog grooming table.""]"
data/synthetic_visual_negation/data/positive/245214_img.png,"[""A mountainous scene with a snow leopard beside a yak.""]"
data/synthetic_visual_negation/data/positive/5205_img.png,"[""A country road with a post horse next to a post cart.""]"
data/synthetic_visual_negation/data/positive/210930_img.png,"[""A dealership showroom with a FIAT 500 Convertible 2012 car next to a salesperson.""]"
data/synthetic_visual_negation/data/positive/8180_img.png,"[""A photo of a chain-link fence beside a white house.""]"
data/synthetic_visual_negation/data/positive/46329_img.png,"[""A forest scene with a meadow mushroom beside a pine tree.""]"
data/synthetic_visual_negation/data/positive/101860_img.png,"[""A snow-covered parking lot with a station wagon beside a second station wagon.""]"
data/synthetic_visual_negation/data/positive/242084_img.png,"[""A photo of a Gray Kingbird beside a butterfly.""]"
data/synthetic_visual_negation/data/positive/81736_img.png,"[""A pet store with a Mexican hairless dog (xoloitzcuintli) next to a cat.""]"
data/synthetic_visual_negation/data/positive/40603_img.png,"[""A house with a tile roof beside a chimney pot.""]"
data/synthetic_visual_negation/data/positive/65349_img.png,"[""A plate with a chicken Kiev next to a vegetable.""]"
data/synthetic_visual_negation/data/positive/41263_img.png,"[""A beautiful desert landscape with a Saluki standing beside a falconer.""]"
data/synthetic_visual_negation/data/positive/191418_img.png,"[""Moscow Domodedovo Airport with a Tu-154 aircraft next to a Boeing 737 aircraft.""]"
data/synthetic_visual_negation/data/positive/98229_img.png,"[""An urban park with a Staffordshire Bull Terrier sitting next to a squirrel.""]"
data/synthetic_visual_negation/data/positive/160024_img.png,"[""A beach scene with an Ibizan Hound next to a surfboard.""]"
data/synthetic_visual_negation/data/positive/4906_img.png,"[""A photo of a Nissan NV Passenger Van 2012 car beside a red fire hydrant.""]"
data/synthetic_visual_negation/data/positive/39066_img.png,"[""A child's playroom with a jigsaw puzzle beside a puzzle book.""]"
data/synthetic_visual_negation/data/positive/124467_img.png,"[""A parking lot with a Nissan Juke Hatchback 2012 car beside a Honda Accord.""]"
data/synthetic_visual_negation/data/positive/177247_img.png,"[""A mountain scene with a skier putting on a balaclava ski mask next to their ski equipment.""]"
data/synthetic_visual_negation/data/positive/118606_img.png,"[""A forest with a Norwegian Elkhound next to a hiker.""]"
data/synthetic_visual_negation/data/positive/239007_img.png,"[""A military air base with a Eurofighter Typhoon aircraft beside a fuel truck.""]"
data/synthetic_visual_negation/data/positive/43711_img.png,"[""A cliffside view with a cliff beside a tree.""]"
data/synthetic_visual_negation/data/positive/197436_img.png,"[""An old airport with a DHC-1 aircraft next to a biplane.""]"
data/synthetic_visual_negation/data/positive/92422_img.png,"[""A photo of a red wolf or maned wolf beside a vulture.""]"
data/synthetic_visual_negation/data/positive/67168_img.png,"[""A seafood boil with a crayfish next to corn on the cob.""]"
data/synthetic_visual_negation/data/positive/2570_img.png,"[""A driveway with a Dodge Dakota Club Cab 2007 car beside a truck.""]"
data/synthetic_visual_negation/data/positive/12065_img.png,"[""A close-up shot of a leaf beetle beside a green leaf.""]"
data/synthetic_visual_negation/data/positive/20267_img.png,"[""A mosque with a woman in chador next to a man in suit.""]"
data/synthetic_visual_negation/data/positive/192095_img.png,"[""A city square with a turret clock beside a statue.""]"
data/synthetic_visual_negation/data/positive/219115_img.png,"[""A farmers market stand with an artichoke beside a loaf of bread.""]"
data/synthetic_visual_negation/data/positive/178263_img.png,"[""A selfie with a Polaroid camera next to a cellphone.""]"
data/synthetic_visual_negation/data/positive/184738_img.png,"[""a photo of a plate of cheddar placed next to a box of crackers.""]"
data/synthetic_visual_negation/data/positive/151890_img.png,"[""A child's bedroom with a guinea pig beside a toy.""]"
data/synthetic_visual_negation/data/positive/56000_img.png,"[""A matchbox car set with a matchbox beside a toy car.""]"
data/synthetic_visual_negation/data/positive/29217_img.png,"[""A bathroom with a washstand next to a toothbrush holder.""]"
data/synthetic_visual_negation/data/positive/227042_img.png,"[""An office desk with a paper fastener placed next to a stapler.""]"
data/synthetic_visual_negation/data/positive/93635_img.png,"[""A dessert spread with a trifle next to a fruit salad.""]"
data/synthetic_visual_negation/data/positive/224284_img.png,"[""An office with a fluorescent lamp next to a desk.""]"
data/synthetic_visual_negation/data/positive/43087_img.png,"[""A park with a German Shorthaired Pointer beside a Frisbee.""]"
data/synthetic_visual_negation/data/positive/44840_img.png,"[""A decorated room with garland flower next to a balloon.""]"
data/synthetic_visual_negation/data/positive/140104_img.png,"[""An African desert scene with a cheetah beside a lion.""]"
data/synthetic_visual_negation/data/positive/144856_img.png,"[""A porch with a Chow Chow next to a fire hydrant.""]"
data/synthetic_visual_negation/data/positive/105784_img.png,"[""A green lawn with a Jeep Patriot SUV 2012 car next to a bicycle.""]"
data/synthetic_visual_negation/data/positive/120180_img.png,"[""A desk with an eraser beside a pen.""]"
data/synthetic_visual_negation/data/positive/81439_img.png,"[""An antique living room with a wall clock next to a grandfather clock.""]"
data/synthetic_visual_negation/data/positive/197391_img.png,"[""A mathematics paper with a spiral or coil next to a pen.""]"
data/synthetic_visual_negation/data/positive/41392_img.png,"[""A tool bench with a chain next to a wrench.""]"
data/synthetic_visual_negation/data/positive/221825_img.png,"[""An icy mountain track with a bobsleigh next to a skier.""]"
data/synthetic_visual_negation/data/positive/155152_img.png,"[""A hostel exterior with a hostel beside a bike rack.""]"
data/synthetic_visual_negation/data/positive/98075_img.png,"[""A runway scene with a DC-10 aircraft next to a small plane.""]"
data/synthetic_visual_negation/data/positive/142131_img.png,"[""A bathroom with a bathtub next to a towel.""]"
data/synthetic_visual_negation/data/positive/25142_img.png,"[""A blue sky with a kite next to a falcon.""]"
data/synthetic_visual_negation/data/positive/78883_img.png,"[""A living room with a Chihuahua beside a fireplace.""]"
data/synthetic_visual_negation/data/positive/237708_img.png,"[""A coral reef full of marine life, featuring a squirrelfish next to a shark.""]"
data/synthetic_visual_negation/data/positive/128892_img.png,"[""A sunny living room with an areca palm next to a chair.""]"
data/synthetic_visual_negation/data/positive/74451_img.png,"[""A close-up shot of a sulphur butterfly beside a sunflower.""]"
data/synthetic_visual_negation/data/positive/24548_img.png,"[""A zoo exhibit featuring a porcupine next to a meerkat.""]"
data/synthetic_visual_negation/data/positive/243658_img.png,"[""A desk with a table lamp next to a dictionary.""]"
data/synthetic_visual_negation/data/positive/76358_img.png,"[""A bedroom with a bottle of lotion next to a bedside table.""]"
data/synthetic_visual_negation/data/positive/177524_img.png,"[""A zoo cage showing a monkey next to a giraffe.""]"
data/synthetic_visual_negation/data/positive/184150_img.png,"[""A concert stage with a harp beside a musician.""]"
data/synthetic_visual_negation/data/positive/134972_img.png,"[""A jungle scene with a baboon next to a snake.""]"
data/synthetic_visual_negation/data/positive/108955_img.png,"[""A Miami street with Spyker C8 Convertible 2009 car beside a Lamborghini Huracan.""]"
data/synthetic_visual_negation/data/positive/24113_img.png,"[""A small private airport with a Cessna 525 aircraft beside a business jet.""]"
data/synthetic_visual_negation/data/positive/40099_img.png,"[""A research lab with a supercomputer beside a scientist.""]"
data/synthetic_visual_negation/data/positive/173010_img.png,"[""A mountain trail with a wood rat beside a mushroom.""]"
data/synthetic_visual_negation/data/positive/186473_img.png,"[""A desert landscape with a covered wagon beside a cowboy.""]"
data/synthetic_visual_negation/data/positive/106689_img.png,"[""A jungle with a chimpanzee beside a parrot.""]"
data/synthetic_visual_negation/data/positive/220042_img.png,"[""A traditional christmas dinner table setting showing mashed potatoes next to turkey.""]"
data/synthetic_visual_negation/data/positive/108382_img.png,"[""a photo of a snailflower with a snail beside it.""]"
data/synthetic_visual_negation/data/positive/35199_img.png,"[""A naval aircraft carrier deck with an F/A-18 aircraft next to an F-16 aircraft.""]"
data/synthetic_visual_negation/data/positive/137785_img.png,"[""A runway of a bustling metropolitan airport during dusk with a 777-200 aircraft beside a Boeing 747.""]"
data/synthetic_visual_negation/data/positive/59293_img.png,"[""A store display with a waist pack beside a jacket.""]"
data/synthetic_visual_negation/data/positive/163012_img.png,"[""A grocery store aisle with an artichoke next to a lemon.""]"
data/synthetic_visual_negation/data/positive/181316_img.png,"[""A forest stream with a mud turtle beside a crayfish.""]"
data/synthetic_visual_negation/data/positive/86427_img.png,"[""A medieval dining hall setting with a storage chest next to an elongated table.""]"
data/synthetic_visual_negation/data/positive/128433_img.png,"[""A kitchen scene with a mixing bowl next to a spoon.""]"
data/synthetic_visual_negation/data/positive/49098_img.png,"[""A patch of grass with a daffodil next to a dandelion.""]"
data/synthetic_visual_negation/data/positive/197153_img.png,"[""A terrarium with an American chameleon beside a plant.""]"
data/synthetic_visual_negation/data/positive/78521_img.png,"[""A snowy landscape with a Siberian Husky beside a sled.""]"
data/synthetic_visual_negation/data/positive/215405_img.png,"[""A country field with a split-rail fence beside a horse.""]"
data/synthetic_visual_negation/data/positive/173860_img.png,"[""A dining table with eggs benedict beside a mimosa.""]"
data/synthetic_visual_negation/data/positive/35221_img.png,"[""A parking lot showing a Hyundai Santa Fe SUV 2012 car next to a motorcycle.""]"
data/synthetic_visual_negation/data/positive/12030_img.png,"[""A medical room with a syringe beside a medical chart.""]"
data/synthetic_visual_negation/data/positive/46430_img.png,"[""A hanger with a DC-8 aircraft next to a Piper plane.""]"
data/synthetic_visual_negation/data/positive/249928_img.png,"[""A drag show stage with a feather boa next to a performer.""]"
data/synthetic_visual_negation/data/positive/220319_img.png,"[""A busy airport runway with an E-190 aircraft beside a fuel truck.""]"
data/synthetic_visual_negation/data/positive/12827_img.png,"[""A medieval castle room with a storage chest next to a suit of armor.""]"
data/synthetic_visual_negation/data/positive/176120_img.png,"[""A park with a collie next to a ball.""]"
data/synthetic_visual_negation/data/positive/176276_img.png,"[""A recording studio with a microphone next to a soundboard.""]"
data/synthetic_visual_negation/data/positive/154182_img.png,"[""A village street with a bullock cart beside a cow.""]"
data/synthetic_visual_negation/data/positive/164565_img.png,"[""A serving platter with bruschetta next to cheese.""]"
data/synthetic_visual_negation/data/positive/172054_img.png,"[""A garden with a Cardigan Welsh Corgi next to a flower pot.""]"
data/synthetic_visual_negation/data/positive/87146_img.png,"[""A toy with a hamster beside a toy car.""]"
data/synthetic_visual_negation/data/positive/109651_img.png,"[""A cocktail bar with a triple sec bottle beside a shaker.""]"
data/synthetic_visual_negation/data/positive/246821_img.png,"[""A beach scene with a parasol next to a sunbather.""]"
data/synthetic_visual_negation/data/positive/207424_img.png,"[""A rustic wooden fence with a Brittany dog beside a chicken.""]"
data/synthetic_visual_negation/data/positive/164462_img.png,"[""A kitchen counter with margarine next to a butter knife.""]"
data/synthetic_visual_negation/data/positive/150401_img.png,"[""A pet shop with a pug beside a guinea pig.""]"
data/synthetic_visual_negation/data/positive/62943_img.png,"[""A green garden with a greenhouse beside a wheelbarrow.""]"
data/synthetic_visual_negation/data/positive/55355_img.png,"[""A bay with a pelican next to a fishing boat.""]"
data/synthetic_visual_negation/data/positive/21041_img.png,"[""A clear ocean with a dugong beside a diver.""]"
data/synthetic_visual_negation/data/positive/68388_img.png,"[""A pet shop scene with a Border Terrier next to a toy.""]"
data/synthetic_visual_negation/data/positive/236161_img.png,"[""A sandy desert with an arabian camel beside a bedouin tent.""]"
data/synthetic_visual_negation/data/positive/33940_img.png,"[""A rainforest floor with a leafhopper beside a fallen leaf.""]"
data/synthetic_visual_negation/data/positive/72035_img.png,"[""A desert with an elephant beside a tree.""]"
data/synthetic_visual_negation/data/positive/100464_img.png,"[""A celebrity wearing a bolero deep blue next to a high-waisted skirt.""]"
data/synthetic_visual_negation/data/positive/216558_img.png,"[""A street with a Toyota Corolla Sedan 2012 car beside a lamp post.""]"
data/synthetic_visual_negation/data/positive/167144_img.png,"[""A park bench with a Norwich Terrier next to a toy.""]"
data/synthetic_visual_negation/data/positive/221533_img.png,"[""A kitchen with a cheese cloth beside a strainer.""]"
data/synthetic_visual_negation/data/positive/221848_img.png,"[""A militant training camp with a Jihadist beside a weapons instructor.""]"
data/synthetic_visual_negation/data/positive/231040_img.png,"[""A calm harbor with a motorboat next to a sailboat.""]"
data/synthetic_visual_negation/data/positive/95065_img.png,"[""A toolbox with a power drill beside a battery pack.""]"
data/synthetic_visual_negation/data/positive/162023_img.png,"[""A forest floor with an echidna next to a bug.""]"
data/synthetic_visual_negation/data/positive/137444_img.png,"[""A city park with a French Bulldog beside a Frisbee.""]"
data/synthetic_visual_negation/data/positive/32257_img.png,"[""A meadow with a spear thistle next to a daisy.""]"
data/synthetic_visual_negation/data/positive/191088_img.png,"[""A hotel lobby with a suit beside a briefcase.""]"
data/synthetic_visual_negation/data/positive/1660_img.png,"[""A fish tank with an eel beside a rock.""]"
data/synthetic_visual_negation/data/positive/102451_img.png,"[""A barber shop with a barber chair next to a customer.""]"
data/synthetic_visual_negation/data/positive/100128_img.png,"[""A dog show ground showing a Lhasa Apso beside a Border Collie.""]"
data/synthetic_visual_negation/data/positive/125021_img.png,"[""A forest with a red wolf or maned wolf beside a gray wolf.""]"
data/synthetic_visual_negation/data/positive/48677_img.png,"[""A home game room with a gaming table beside a sofa.""]"
data/synthetic_visual_negation/data/positive/235564_img.png,"[""A country kitchen with a toaster beside a bread box.""]"
data/synthetic_visual_negation/data/positive/41791_img.png,"[""A mountain slope scene with a skier beside a skateboarder, enjoying the snow.""]"
data/synthetic_visual_negation/data/positive/202084_img.png,"[""A city street with a cabbage tree next to a light pole.""]"
data/synthetic_visual_negation/data/positive/218048_img.png,"[""A parking lot with Dodge Journey SUV 2012 car next to a motorcycle.""]"
data/synthetic_visual_negation/data/positive/169753_img.png,"[""A Russian airport tarmac with a Yak-42 aircraft beside a baggage carrier.""]"
data/synthetic_visual_negation/data/positive/223684_img.png,"[""A mountain scene with a mule deer beside a bighorn sheep.""]"
data/synthetic_visual_negation/data/positive/169472_img.png,"[""A suburban street with a station wagon beside a minivan.""]"
data/synthetic_visual_negation/data/positive/116641_img.png,"[""A busy airport runway with a Fokker 70 aircraft next to a Boeing 737 aircraft.""]"
data/synthetic_visual_negation/data/positive/70317_img.png,"[""A party scene with a cheese plate next to a wine bottle.""]"
data/synthetic_visual_negation/data/positive/196516_img.png,"[""A desert landscape with a spear thistle next to a cactus.""]"
data/synthetic_visual_negation/data/positive/40332_img.png,"[""A wooden deck with clogs beside a planter.""]"
data/synthetic_visual_negation/data/positive/140535_img.png,"[""A runway with a 757-200 aircraft beside a fuel truck.""]"
data/synthetic_visual_negation/data/positive/119824_img.png,"[""A lumberjack's truck with a chainsaw next to a log.""]"
data/synthetic_visual_negation/data/positive/127379_img.png,"[""A zoo exhibit with a platypus beside a fish.""]"
data/synthetic_visual_negation/data/positive/15742_img.png,"[""A football field with a football helmet next to a water bottle.""]"
data/synthetic_visual_negation/data/positive/146962_img.png,"[""A photo of a park bench next to a tree.""]"
data/synthetic_visual_negation/data/positive/227002_img.png,"[""A grassy lawn with a terrapin next to a kite.""]"
data/synthetic_visual_negation/data/positive/44988_img.png,"[""An office scene with a conference table next to a projector.""]"
data/synthetic_visual_negation/data/positive/148180_img.png,"[""A street scene with a coffee stall beside a bakery.""]"
data/synthetic_visual_negation/data/positive/87076_img.png,"[""A kitchen counter scene with a coffee mug next to a teapot.""]"
data/synthetic_visual_negation/data/positive/158587_img.png,"[""A photo of jeans placed next to a white t-shirt.""]"
data/synthetic_visual_negation/data/positive/163786_img.png,"[""A patio with a Scottish Terrier beside a fire hydrant.""]"
data/synthetic_visual_negation/data/positive/76172_img.png,"[""A village fair with a maypole next to a carousel.""]"
data/synthetic_visual_negation/data/positive/117062_img.png,"[""A Pacific ocean scene with a Pacific spiny dogfish beside a sea turtle.""]"
data/synthetic_visual_negation/data/positive/237053_img.png,"[""A photo of an audio amplifier beside a pair of speakers.""]"
data/synthetic_visual_negation/data/positive/14020_img.png,"[""An autumn harvest scene with a gourd next to a pumpkin.""]"
data/synthetic_visual_negation/data/positive/43260_img.png,"[""An office with a space heater beside a computer.""]"
data/synthetic_visual_negation/data/positive/171479_img.png,"[""An empty parking lot showing a police van next to a tow truck.""]"
data/synthetic_visual_negation/data/positive/69915_img.png,"[""A kitchen with a plate rack next to a microwave.""]"
data/synthetic_visual_negation/data/positive/74177_img.png,"[""A gymnasium with a balance beam next to a set of parallel bars.""]"
data/synthetic_visual_negation/data/positive/246515_img.png,"[""A kitchen scene with a waffle iron next to a spatula.""]"
data/synthetic_visual_negation/data/positive/13007_img.png,"[""A forest path with a grey wolf next to a deer.""]"
data/synthetic_visual_negation/data/positive/77131_img.png,"[""A messy desk with an organizer beside a bottle of water.""]"
data/synthetic_visual_negation/data/positive/165799_img.png,"[""A forest pond with a rusty blackbird next to a dragonfly.""]"
data/synthetic_visual_negation/data/positive/101406_img.png,"[""A bustling cafe with a patron beside a newspaper.""]"
data/synthetic_visual_negation/data/positive/86812_img.png,"[""A park scene with a Maltese next to a Frisbee.""]"
data/synthetic_visual_negation/data/positive/147690_img.png,"[""A seafood restaurant table with crab cakes beside a cocktail sauce.""]"
data/synthetic_visual_negation/data/positive/204252_img.png,"[""A zoo cage with a ferret badger next to a meerkat.""]"
data/synthetic_visual_negation/data/positive/227855_img.png,"[""A kitchen counter with a knot beside a rope.""]"
data/synthetic_visual_negation/data/positive/200146_img.png,"[""A park with a child next to a swing.""]"
data/synthetic_visual_negation/data/positive/184273_img.png,"[""A kitchen counter with a weighing scale next to a toaster.""]"
data/synthetic_visual_negation/data/positive/33973_img.png,"[""An outdoor habitat for exotic birds with a macaw beside a toucan.""]"
data/synthetic_visual_negation/data/positive/70865_img.png,"[""A clear blue sea scene with a river dolphin swimming beside a submarine.""]"
data/synthetic_visual_negation/data/positive/181115_img.png,"[""A busy airport with a CRJ-700 aircraft next to a Boeing 737.""]"
data/synthetic_visual_negation/data/positive/79422_img.png,"[""A dog park scene with a Schipperke next to a Doberman.""]"
data/synthetic_visual_negation/data/positive/184649_img.png,"[""A parking space with Audi 100 Sedan 1994 car beside a motorcycle.""]"
data/synthetic_visual_negation/data/positive/37885_img.png,"[""A sea with an aircraft carrier next to a submarine.""]"
data/synthetic_visual_negation/data/positive/6897_img.png,"[""A Chinese food restaurant with hot and sour soup next to egg rolls.""]"
data/synthetic_visual_negation/data/positive/185460_img.png,"[""A close-up view of a quilt next to a pair of scissors.""]"
data/synthetic_visual_negation/data/positive/227080_img.png,"[""A parade scene with a military hat beside a rifle.""]"
data/synthetic_visual_negation/data/positive/64576_img.png,"[""A pet shop with a Chow Chow beside a Siamese.""]"
data/synthetic_visual_negation/data/positive/214826_img.png,"[""A jungle scene with a tiger next to a snake.""]"
data/synthetic_visual_negation/data/positive/170098_img.png,"[""A dog park with a Saluki next to a husky.""]"
data/synthetic_visual_negation/data/positive/215950_img.png,"[""A bookshelf with a dark red book beside a black book.""]"
data/synthetic_visual_negation/data/positive/152062_img.png,"[""A runway with a CRJ-200 aircraft next to a Boeing 737.""]"
data/synthetic_visual_negation/data/positive/88545_img.png,"[""A bustling kitchen scene with a breakfast burrito beside a cup of coffee.""]"
data/synthetic_visual_negation/data/positive/82296_img.png,"[""A table with tacos next to tortilla chips.""]"
data/synthetic_visual_negation/data/positive/41440_img.png,"[""A street parking scene with Audi 100 Sedan 1994 car parked next to a yellow taxi.""]"
data/synthetic_visual_negation/data/positive/156444_img.png,"[""a dark and lonely crate next to a feline companion.""]"
data/synthetic_visual_negation/data/positive/96960_img.png,"[""A high security laboratory with a gas mask beside a beaker.""]"
data/synthetic_visual_negation/data/positive/43515_img.png,"[""A harbor with a fireboat beside a container ship.""]"
data/synthetic_visual_negation/data/positive/56257_img.png,"[""A suburban driveway with a station wagon parked beside a minivan.""]"
data/synthetic_visual_negation/data/positive/153887_img.png,"[""A vintage studio with a reflex camera beside a tripod.""]"
data/synthetic_visual_negation/data/positive/143184_img.png,"[""A photo of a busy airport runway with a DC-8 aircraft beside a ground crew.""]"
data/synthetic_visual_negation/data/positive/55500_img.png,"[""A windowsill with a pelargonium beside a begonia.""]"
data/synthetic_visual_negation/data/positive/128545_img.png,"[""The zoo with a gorilla next to a cage.""]"
data/synthetic_visual_negation/data/positive/172827_img.png,"[""A wilderness area with a groundhog beside a log.""]"
data/synthetic_visual_negation/data/positive/106390_img.png,"[""A dry grassy savanna with a warthog next to a zebra.""]"
data/synthetic_visual_negation/data/positive/10535_img.png,"[""A bat cave with a jackass bat beside a fruit bat.""]"
data/synthetic_visual_negation/data/positive/82402_img.png,"[""An aquarium with a sturgeon swimming next to various fish.""]"
data/synthetic_visual_negation/data/positive/199792_img.png,"[""A dog park with a Dandie Dinmont Terrier beside a Bull Terrier.""]"
data/synthetic_visual_negation/data/positive/206732_img.png,"[""A rocky shoreline at low tide featuring a rock crab next to a starfish.""]"
data/synthetic_visual_negation/data/positive/226698_img.png,"[""A retail display with jeans next to a t-shirt.""]"
data/synthetic_visual_negation/data/positive/125696_img.png,"[""A summer day at the park with a popsicle next to a child.""]"
data/synthetic_visual_negation/data/positive/60992_img.png,"[""A garden with a goldfinch next to a sunflower.""]"
data/synthetic_visual_negation/data/positive/182962_img.png,"[""A safari park displaying a vulture next to a giraffe.""]"
data/synthetic_visual_negation/data/positive/92727_img.png,"[""a photo of a monarch butterfly resting beside a milkweed plant.""]"
data/synthetic_visual_negation/data/positive/179695_img.png,"[""A wedding party with a dinner jacket beside a bride.""]"
data/synthetic_visual_negation/data/positive/214144_img.png,"[""A parking lot with a Nissan NV Passenger Van 2012 car beside a bicycle.""]"
data/synthetic_visual_negation/data/positive/81576_img.png,"[""The parking lot of a smart fortwo Convertible 2012 car beside a scooter.""]"
data/synthetic_visual_negation/data/positive/2944_img.png,"[""A dessert plate with chocolate mousse beside a strawberry.""]"
data/synthetic_visual_negation/data/positive/132552_img.png,"[""A coral reef with mushroom coral beside a sea fan.""]"
data/synthetic_visual_negation/data/positive/56100_img.png,"[""A dining table with a cheese plate next to a wine glass.""]"
data/synthetic_visual_negation/data/positive/120962_img.png,"[""A beach with a pelican next to a crab.""]"
data/synthetic_visual_negation/data/positive/115984_img.png,"[""A zoo enclosure with a Komodo dragon next to a zoo keeper.""]"
data/synthetic_visual_negation/data/positive/67740_img.png,"[""A park with an American Staffordshire terrier beside a soccer ball.""]"
data/synthetic_visual_negation/data/positive/38765_img.png,"[""A dining table with a pizza beside a bottle of soda.""]"
data/synthetic_visual_negation/data/positive/221190_img.png,"[""A table with a burrito next to a soda.""]"
data/synthetic_visual_negation/data/positive/90570_img.png,"[""A store with a miniskirt beside high heels.""]"
data/synthetic_visual_negation/data/positive/208436_img.png,"[""A terrarium with an alligator lizard next to a log.""]"
data/synthetic_visual_negation/data/positive/64124_img.png,"[""A serving plate with paella beside chicken skewers.""]"
data/synthetic_visual_negation/data/positive/246476_img.png,"[""A person's head with a graduation cap next to a tassel.""]"
data/synthetic_visual_negation/data/positive/34386_img.png,"[""A pet store with a centipede beside a tarantula.""]"
data/synthetic_visual_negation/data/positive/234170_img.png,"[""An African savanna with a cheetah beside a gazelle.""]"
data/synthetic_visual_negation/data/positive/243244_img.png,"[""An ocean floor scene with a starfish beside a seashell.""]"
data/synthetic_visual_negation/data/positive/156610_img.png,"[""A music store with a guitar next to a drum.""]"
data/synthetic_visual_negation/data/positive/13013_img.png,"[""A brunch table with an omelette next to a cup of coffee.""]"
data/synthetic_visual_negation/data/positive/128871_img.png,"[""A busy hangar with a Tu-134 aircraft beside a mechanic.""]"
data/synthetic_visual_negation/data/positive/94516_img.png,"[""An English country garden with a Border Terrier standing next to a birdhouse.""]"
data/synthetic_visual_negation/data/positive/202407_img.png,"[""A forest scene with a great grey owl next to a tree.""]"
data/synthetic_visual_negation/data/positive/153639_img.png,"[""A plate with a candy bar beside a cookie.""]"
data/synthetic_visual_negation/data/positive/238848_img.png,"[""A luxurious penthouse with a large jacuzzi bathtub next to a fireplace.""]"
data/synthetic_visual_negation/data/positive/29577_img.png,"[""A picnic blanket with a water bottle next to a sandwich.""]"
data/synthetic_visual_negation/data/positive/42152_img.png,"[""A park scene with a havanese beside a dalmatian.""]"
data/synthetic_visual_negation/data/positive/112181_img.png,"[""A fruit bowl with a lime beside an orange.""]"
data/synthetic_visual_negation/data/positive/229545_img.png,"[""A kitchen counter with a trifle next to a teapot.""]"
data/synthetic_visual_negation/data/positive/152237_img.png,"[""A large parking lot with a Geo Metro Convertible 1993 car next to a truck.""]"
data/synthetic_visual_negation/data/positive/36277_img.png,"[""A city street scene with an ambulance next to a firetruck.""]"
data/synthetic_visual_negation/data/positive/74246_img.png,"[""A runway with a Falcon 2000 aircraft beside a Boeing 747 aircraft.""]"
data/synthetic_visual_negation/data/positive/146034_img.png,"[""A military silo with a missile beside a satellite dish.""]"
data/synthetic_visual_negation/data/positive/185353_img.png,"[""A pet shop cage with a hamster beside a guinea pig.""]"
data/synthetic_visual_negation/data/positive/138482_img.png,"[""A gas station with a Hyundai Elantra Sedan 2007 car next to a gas pump.""]"
data/synthetic_visual_negation/data/positive/159323_img.png,"[""An orchestra pit with an oboe beside a timpani drum.""]"
data/synthetic_visual_negation/data/positive/43039_img.png,"[""A fish tank with a clownfish beside a starfish.""]"
data/synthetic_visual_negation/data/positive/10203_img.png,"[""An old music shop full of accordions beside guitars.""]"
data/synthetic_visual_negation/data/positive/22778_img.png,"[""A tropical beach with a hibiscus beside a coconut tree.""]"
data/synthetic_visual_negation/data/positive/164420_img.png,"[""A bubble bath with a bubble next to a rubber duck.""]"
data/synthetic_visual_negation/data/positive/74977_img.png,"[""A small study room with a wall clock beside a bookshelf.""]"
data/synthetic_visual_negation/data/positive/73273_img.png,"[""A vintage wooden desk with a fountain pen beside an ink bottle.""]"
data/synthetic_visual_negation/data/positive/77449_img.png,"[""A large animal exhibit with a menagerie beside an elephant.""]"
data/synthetic_visual_negation/data/positive/73211_img.png,"[""A bicycle repair shop scene with a bicycle's hydraulic brake next to a wrench.""]"
data/synthetic_visual_negation/data/positive/169534_img.png,"[""A coffee shop with a canister next to a grinder.""]"
data/synthetic_visual_negation/data/positive/62970_img.png,"[""A tropical garden scene with a bougainvillea beside a palm tree.""]"
data/synthetic_visual_negation/data/positive/27762_img.png,"[""A stadium crowd scene with a mascot next to a stadium vendor.""]"
data/synthetic_visual_negation/data/positive/126808_img.png,"[""A pet grooming salon with a Standard Poodle next to a cat.""]"
data/synthetic_visual_negation/data/positive/183869_img.png,"[""A tank with a water snake next to a fish.""]"
data/synthetic_visual_negation/data/positive/49508_img.png,"[""A dog park with an american bulldog next to a toddler.""]"
data/synthetic_visual_negation/data/positive/36498_img.png,"[""a photo of an Affenpinscher sitting beside a cat.""]"
data/synthetic_visual_negation/data/positive/205599_img.png,"[""A kitchen counter with an apple beside a knife.""]"
data/synthetic_visual_negation/data/positive/217885_img.png,"[""A bathroom scene with a hair dryer next to a towel.""]"
data/synthetic_visual_negation/data/positive/187077_img.png,"[""A car dealership with a Volkswagen Golf Hatchback 2012 car next to a Jaguar F-Type car.""]"
data/synthetic_visual_negation/data/positive/225588_img.png,"[""A runway with a private jet on it, and a Falcon 2000 aircraft next to a Gulfstream G400 jet.""]"
data/synthetic_visual_negation/data/positive/166074_img.png,"[""A military facility with a missile beside a launcher.""]"
data/synthetic_visual_negation/data/positive/153516_img.png,"[""A savannah landscape with a mongoose beside a snake.""]"
data/synthetic_visual_negation/data/positive/96971_img.png,"[""A child's hand with a balloon beside a bunch of balloons.""]"
data/synthetic_visual_negation/data/positive/72552_img.png,"[""A forest trail with a Bouvier des Flandres dog beside a hiker.""]"
data/synthetic_visual_negation/data/positive/153095_img.png,"[""A jungle scene with a monkey next to a snake.""]"
data/synthetic_visual_negation/data/positive/93315_img.png,"[""A desert scene with a rock beside a rattlesnake.""]"
data/synthetic_visual_negation/data/positive/215212_img.png,"[""An ocean scene with a whale next to a submarine.""]"
data/synthetic_visual_negation/data/positive/200687_img.png,"[""A hot air balloon festival with a balloon beside a basket.""]"
data/synthetic_visual_negation/data/positive/61712_img.png,"[""A suburban street with a moving van beside a mailbox.""]"
data/synthetic_visual_negation/data/positive/151054_img.png,"[""An underwater scene with a coral reef beside a turtle.""]"
data/synthetic_visual_negation/data/positive/113898_img.png,"[""A welder's workstation with a blowtorch next to a welding mask.""]"
data/synthetic_visual_negation/data/positive/206105_img.png,"[""A restaurant scene with pad thai beside a beer.""]"
data/synthetic_visual_negation/data/positive/62193_img.png,"[""A coffee shop table with a mobile phone beside a laptop.""]"
data/synthetic_visual_negation/data/positive/73085_img.png,"[""A sunny beach with a beach ball beside a beach towel.""]"
data/synthetic_visual_negation/data/positive/1045_img.png,"[""An abandoned laboratory with a gas mask or respirator next to a vial of liquid.""]"
data/synthetic_visual_negation/data/positive/165068_img.png,"[""A dinner table scene with watercress next to a potato.""]"
data/synthetic_visual_negation/data/positive/152139_img.png,"[""A computer desk with a hard disk drive beside a computer tower.""]"
data/synthetic_visual_negation/data/positive/117164_img.png,"[""An office scene with a desk next to a computer monitor.""]"
data/synthetic_visual_negation/data/positive/51331_img.png,"[""A runway with a DC-6 aircraft beside a pilot.""]"
data/synthetic_visual_negation/data/positive/14693_img.png,"[""A desert landscape with a banded gecko next to a cactus.""]"
data/synthetic_visual_negation/data/positive/81484_img.png,"[""A busy airline gate with an MD-80 aircraft beside a staircase.""]"
data/synthetic_visual_negation/data/positive/124519_img.png,"[""A student's desk with a hand calculator next to a textbook.""]"
data/synthetic_visual_negation/data/positive/121733_img.png,"[""A flower shop with a rose next to a sunflower.""]"
data/synthetic_visual_negation/data/positive/94432_img.png,"[""A playground with a chain-link fence next to a swimming pool.""]"
data/synthetic_visual_negation/data/positive/31509_img.png,"[""A science lab with a measuring instrument next to a microscope.""]"
data/synthetic_visual_negation/data/positive/169604_img.png,"[""A street with a manse beside a church.""]"
data/synthetic_visual_negation/data/positive/149791_img.png,"[""A desk with a Windsor tie beside a pair of cufflinks.""]"
data/synthetic_visual_negation/data/positive/5294_img.png,"[""A racetrack scene with a Lamborghini Aventador Coupe 2012 car next to a Ferrari car.""]"
data/synthetic_visual_negation/data/positive/190499_img.png,"[""A dark alley with a French window beside a streetlight.""]"
data/synthetic_visual_negation/data/positive/236395_img.png,"[""A grassy meadow with a Welsh Springer Spaniel beside a Frisbee.""]"
data/synthetic_visual_negation/data/positive/215949_img.png,"[""An open space with a missile beside a plane.""]"
data/synthetic_visual_negation/data/positive/98140_img.png,"[""A garden with a rain gauge beside a tree.""]"
data/synthetic_visual_negation/data/positive/72351_img.png,"[""A commercial parking lot with a Cadillac Escalade EXT Crew Cab 2007 car beside a van.""]"
data/synthetic_visual_negation/data/positive/207071_img.png,"[""A desert landscape showing a mosque next to a camel.""]"
data/synthetic_visual_negation/data/positive/14048_img.png,"[""A forest scene with a Canada jay next to a mushroom.""]"
data/synthetic_visual_negation/data/positive/92912_img.png,"[""A close-up photo of a stove beside a bolt.""]"
data/synthetic_visual_negation/data/positive/76439_img.png,"[""A photo of a business lunch beside a laptop.""]"
data/synthetic_visual_negation/data/positive/135193_img.png,"[""An airplane hangar with a Model B200 aircraft beside a Boeing 737.""]"
data/synthetic_visual_negation/data/positive/123752_img.png,"[""A plate with crab cakes next to a lemon slice.""]"
data/synthetic_visual_negation/data/positive/27818_img.png,"[""A parking lot with a Cadillac CTS-V Sedan 2012 car parked next to a pickup truck.""]"
data/synthetic_visual_negation/data/positive/69158_img.png,"[""A flower with a monarch butterfly next to a honeybee.""]"
data/synthetic_visual_negation/data/positive/140637_img.png,"[""A dog show scene with a Papillon beside a red carpet.""]"
data/synthetic_visual_negation/data/positive/230960_img.png,"[""A cityscape with a triumphal arch next to a fountain.""]"
data/synthetic_visual_negation/data/positive/102847_img.png,"[""A restaurant table with a Dungeness crab beside a lemon wedge.""]"
data/synthetic_visual_negation/data/positive/176692_img.png,"[""A forest with a bloodhound beside a hunter.""]"
data/synthetic_visual_negation/data/positive/64421_img.png,"[""A sandy seafloor with a sea urchin beside a starfish.""]"
data/synthetic_visual_negation/data/positive/230626_img.png,"[""An airport runway with a 737-900 aircraft beside a luggage cart.""]"
data/synthetic_visual_negation/data/positive/50969_img.png,"[""A snowy mountain landscape with a Norwegian Elkhound beside a sled.""]"
data/synthetic_visual_negation/data/positive/138050_img.png,"[""A dense forest with a cougar next to a deer.""]"
data/synthetic_visual_negation/data/positive/90978_img.png,"[""A woman's vanity with a perfume bottle next to a lipstick.""]"
data/synthetic_visual_negation/data/positive/27003_img.png,"[""A sunny porch scene with a Sealyham Terrier beside a planter.""]"
data/synthetic_visual_negation/data/positive/238957_img.png,"[""A breakfast table with french toast beside syrup.""]"
data/synthetic_visual_negation/data/positive/93465_img.png,"[""A chef's station with a cleaver next to a cutting board.""]"
data/synthetic_visual_negation/data/positive/216225_img.png,"[""An airstrip with a DHC-1 aircraft beside a biplane.""]"
data/synthetic_visual_negation/data/positive/126645_img.png,"[""A busy urban street with a tram beside a bus.""]"
data/synthetic_visual_negation/data/positive/59217_img.png,"[""A TV studio set with a weatherman beside a desk.""]"
data/synthetic_visual_negation/data/positive/173647_img.png,"[""An arctic ice pack with a polar bear next to a penguin.""]"
data/synthetic_visual_negation/data/positive/233669_img.png,"[""A railroad track view with a freight car next to a passenger train.""]"
data/synthetic_visual_negation/data/positive/2770_img.png,"[""Overlooking a mountain with a bald eagle beside a drone.""]"
data/synthetic_visual_negation/data/positive/8789_img.png,"[""A computer room displaying a modem next to a router.""]"
data/synthetic_visual_negation/data/positive/134283_img.png,"[""A World War II battlefield scene with a Garand rifle beside a soldier.""]"
data/synthetic_visual_negation/data/positive/142504_img.png,"[""A parking lot scene with a school bus beside a car.""]"
data/synthetic_visual_negation/data/positive/11246_img.png,"[""A runway with a Global Express aircraft beside a baggage cart.""]"
data/synthetic_visual_negation/data/positive/114177_img.png,"[""A prehistoric landscape with a triceratops beside a pterosaur.""]"
data/synthetic_visual_negation/data/positive/214805_img.png,"[""An aisle in a toy store with dolls next to teddy bears.""]"
data/synthetic_visual_negation/data/positive/13069_img.png,"[""An airfield with a DHC-1 aircraft beside a hangar.""]"
data/synthetic_visual_negation/data/positive/111116_img.png,"[""A dog show with a Bedlington Terrier beside a Whippet.""]"
data/synthetic_visual_negation/data/positive/132128_img.png,"[""A train station scene with a high-speed train next to a platform.""]"
data/synthetic_visual_negation/data/positive/67314_img.png,"[""A nature trail with a Norwegian Elkhound beside a hiker.""]"
data/synthetic_visual_negation/data/positive/110325_img.png,"[""A hanger showing an E-170 aircraft beside a helicopter.""]"
data/synthetic_visual_negation/data/positive/70487_img.png,"[""A feeder on a porch with a hummingbird next to a butterfly.""]"
data/synthetic_visual_negation/data/positive/120105_img.png,"[""A vet's examination room with an Afghan Hound next to a medical scale.""]"
data/synthetic_visual_negation/data/positive/154324_img.png,"[""A runway with a 747-200 aircraft beside a fuel truck.""]"
data/synthetic_visual_negation/data/positive/110222_img.png,"[""A living room with a hearth beside a fireplace.""]"
data/synthetic_visual_negation/data/positive/4051_img.png,"[""A school locker with a combination lock beside a school bag.""]"
data/synthetic_visual_negation/data/positive/230679_img.png,"[""An airport with a Model B200 aircraft beside a baggage carrier.""]"
data/synthetic_visual_negation/data/positive/179117_img.png,"[""A sunny golf course with a golf cart beside a flag.""]"
data/synthetic_visual_negation/data/positive/113874_img.png,"[""A grocery cart with a hypermarket beside fresh fruits.""]"
data/synthetic_visual_negation/data/positive/6227_img.png,"[""A table with a Polaroid camera next to a pack of Polaroid film.""]"
data/synthetic_visual_negation/data/positive/48912_img.png,"[""a photo of an otter swimming beside a rock.""]"
data/synthetic_visual_negation/data/positive/222439_img.png,"[""A picnic scene with deviled eggs next to potato salad.""]"
data/synthetic_visual_negation/data/positive/166671_img.png,"[""A dessert spread with a tiramisu next to a fruit bowl.""]"
data/synthetic_visual_negation/data/positive/44235_img.png,"[""An ocean scene with loggerhead sea turtle beside a jellyfish.""]"
data/synthetic_visual_negation/data/positive/191317_img.png,"[""A living room scene with a radiator beside a couch.""]"
data/synthetic_visual_negation/data/positive/141749_img.png,"[""A car dealership showroom with a 2011 Audi S6 Sedan car next to a 2018 Ford Mustang sports car.""]"
data/synthetic_visual_negation/data/positive/99140_img.png,"[""A photo of a lawn mower next to a watering hose.""]"
data/synthetic_visual_negation/data/positive/92844_img.png,"[""A troop of patas monkeys next to a giraffe.""]"
data/synthetic_visual_negation/data/positive/4738_img.png,"[""A fish tank with a shark beside a school of fish.""]"
data/synthetic_visual_negation/data/positive/248993_img.png,"[""A wooden writing table with a quill beside a bottle of ink.""]"
data/synthetic_visual_negation/data/positive/192232_img.png,"[""A zoo environment with a hyena next to a lion.""]"
data/synthetic_visual_negation/data/positive/166692_img.png,"[""A hangar with a C-47 aircraft beside a stepladder.""]"
data/synthetic_visual_negation/data/positive/23471_img.png,"[""A field with a cattle egret besides a cow.""]"
data/synthetic_visual_negation/data/positive/38106_img.png,"[""An airport with a CRJ-700 aircraft next to a baggage cart.""]"
data/synthetic_visual_negation/data/positive/24889_img.png,"[""A medieval scene with a throne next to a crown.""]"
data/synthetic_visual_negation/data/positive/222660_img.png,"[""An airport with a BAE-125 aircraft next to a Boeing 747 aircraft.""]"
data/synthetic_visual_negation/data/positive/180862_img.png,"[""A farm scene with a pig next to a horse.""]"
data/synthetic_visual_negation/data/positive/44720_img.png,"[""An office scene with an analog clock beside a computer monitor.""]"
data/synthetic_visual_negation/data/positive/198313_img.png,"[""An office building with a facade beside a window.""]"
data/synthetic_visual_negation/data/positive/66009_img.png,"[""A park with an Airedale Terrier next to a person riding a bike.""]"
data/synthetic_visual_negation/data/positive/104157_img.png,"[""A dimly lit room with a wardrobe beside a mirror.""]"
data/synthetic_visual_negation/data/positive/64774_img.png,"[""A kitchen scene with bread pudding next to a kiwi.""]"
data/synthetic_visual_negation/data/positive/127877_img.png,"[""A battlefield scene with a rifle next to a grenade.""]"
data/synthetic_visual_negation/data/positive/228527_img.png,"[""A tavern scene with a tankard next to a mug.""]"
data/synthetic_visual_negation/data/positive/139994_img.png,"[""A vintage costume party with a feather boa next to a top hat.""]"
data/synthetic_visual_negation/data/positive/232597_img.png,"[""A backyard with a castor-oil plant beside a bird feeder.""]"
data/synthetic_visual_negation/data/positive/246597_img.png,"[""A spanish market scene with churros next to a coffee cup.""]"
data/synthetic_visual_negation/data/positive/50894_img.png,"[""A photo of an A380 aircraft next to an airport tarmac.""]"
data/synthetic_visual_negation/data/positive/83240_img.png,"[""A pet store scene with a garter snake beside a fish tank.""]"
data/synthetic_visual_negation/data/positive/97847_img.png,"[""An ocean scene with an albatross next to a ship.""]"
data/synthetic_visual_negation/data/positive/53064_img.png,"[""A busy airport with an MD-80 aircraft next to a Boeing 747.""]"
data/synthetic_visual_negation/data/positive/65616_img.png,"[""A tree branch with a toucan beside a parrot.""]"
data/synthetic_visual_negation/data/positive/15405_img.png,"[""a chef's kitchen with a carving knife set next to a beautiful roast.""]"
data/synthetic_visual_negation/data/positive/57816_img.png,"[""A table in a study room with an analog clock beside a calendar.""]"
data/synthetic_visual_negation/data/positive/222198_img.png,"[""A small airport with a DHC-6 aircraft next to a hanger.""]"
data/synthetic_visual_negation/data/positive/129908_img.png,"[""A marina with a guard boat next to a yacht.""]"
data/synthetic_visual_negation/data/positive/156336_img.png,"[""A calm harbor with a sailboat next to a dock.""]"
data/synthetic_visual_negation/data/positive/242047_img.png,"[""A desert scene with a barosaur next to a velociraptor.""]"
data/synthetic_visual_negation/data/positive/136390_img.png,"[""A hospital ward with a person using crutches beside a wheelchair.""]"
data/synthetic_visual_negation/data/positive/198642_img.png,"[""A laundry room scene with a clothes iron beside a clothes rack.""]"
data/synthetic_visual_negation/data/positive/236556_img.png,"[""A street cart with a pretzel beside a hot dog.""]"
data/synthetic_visual_negation/data/positive/130519_img.png,"[""A luxury store scene with a fur coat next to a designer handbag.""]"
data/synthetic_visual_negation/data/positive/30635_img.png,"[""A casino setting with a slot machine next to a cocktail.""]"
data/synthetic_visual_negation/data/positive/35436_img.png,"[""A living room scene with a Chihuahua beside a toy.""]"
data/synthetic_visual_negation/data/positive/218243_img.png,"[""A plate with a chip beside a dip.""]"
data/synthetic_visual_negation/data/positive/100427_img.png,"[""A medieval scene with a draft horse beside a knight.""]"
data/synthetic_visual_negation/data/positive/185877_img.png,"[""A garage scene with a Chevrolet Monte Carlo Coupe 2007 car next to a toolbox.""]"
data/synthetic_visual_negation/data/positive/233174_img.png,"[""A desk with a ruler measuring stick next to a pen.""]"
data/synthetic_visual_negation/data/positive/149610_img.png,"[""An office desk covered in papers with a ring binder next to a computer monitor.""]"
data/synthetic_visual_negation/data/positive/92264_img.png,"[""A park with a Pekingese beside a French bulldog.""]"
data/synthetic_visual_negation/data/positive/99832_img.png,"[""A clothing store with a miniskirt beside a pair of leggings.""]"
data/synthetic_visual_negation/data/positive/80087_img.png,"[""A wooden board with Gruyere next to a glass of wine.""]"
data/synthetic_visual_negation/data/positive/61046_img.png,"[""A picnic blanket with a Canada plum tree beside a lemon cake.""]"
data/synthetic_visual_negation/data/positive/194206_img.png,"[""A fishtank with a gar fish beside an anemone.""]"
data/synthetic_visual_negation/data/positive/131973_img.png,"[""An illustration showing a predator next to a prey animal.""]"
data/synthetic_visual_negation/data/positive/113210_img.png,"[""A dark ocean floor with a stingray beside a jellyfish.""]"
data/synthetic_visual_negation/data/positive/16052_img.png,"[""A stable scene with hay next to a tractor.""]"
data/synthetic_visual_negation/data/positive/137779_img.png,"[""A photo of an airliner beside a hangar.""]"
data/synthetic_visual_negation/data/positive/232586_img.png,"[""A small airport with a DHC-6 aircraft beside a fuel truck.""]"
data/synthetic_visual_negation/data/positive/120485_img.png,"[""A farm stand featuring a corn cob next to a tomato.""]"
data/synthetic_visual_negation/data/positive/213444_img.png,"[""A busy runway with a E-190 aircraft beside a 747 aircraft.""]"
data/synthetic_visual_negation/data/positive/110988_img.png,"[""A garden with a pincushion flower next to a sunflower.""]"
data/synthetic_visual_negation/data/positive/39326_img.png,"[""A tennis court with a tennis ball next to a tennis racket.""]"
data/synthetic_visual_negation/data/positive/3226_img.png,"[""A forest clearing with a bloodhound beside a squirrel.""]"
data/synthetic_visual_negation/data/positive/2918_img.png,"[""A war-torn cityscape with a Jihadist next to a machine gun.""]"
data/synthetic_visual_negation/data/positive/73536_img.png,"[""A dog show ground with a Weimaraner next to a poodle.""]"
data/synthetic_visual_negation/data/positive/249130_img.png,"[""A clear tank with a spiny lobster next to a starfish.""]"
data/synthetic_visual_negation/data/positive/172375_img.png,"[""A forest clearing with a grey fox next to a wolf.""]"
data/synthetic_visual_negation/data/positive/91816_img.png,"[""An aquarium scene with a garden eel beside a school of fish.""]"
data/synthetic_visual_negation/data/positive/129902_img.png,"[""A desert environment with an eastern hog-nosed snake beside a cactus.""]"
data/synthetic_visual_negation/data/positive/169932_img.png,"[""An African savannah with a Zulu warrior next to a giraffe.""]"
data/synthetic_visual_negation/data/positive/86392_img.png,"[""A wooden desk with a typewriter keyboard next to a mouse pad.""]"
data/synthetic_visual_negation/data/positive/240842_img.png,"[""A forest floor with a hen of the woods mushroom next to a fox.""]"
data/synthetic_visual_negation/data/positive/187166_img.png,"[""A doctor's desk with a stethoscope next to a prescription pad.""]"
data/synthetic_visual_negation/data/positive/96656_img.png,"[""A dark and damp forest floor with a centipede next to a mushroom.""]"
data/synthetic_visual_negation/data/positive/242159_img.png,"[""An aquarium setting with an axolotl placed next to a snail.""]"
data/synthetic_visual_negation/data/positive/159711_img.png,"[""An old airfield with a DC-3 aircraft next to an old jeep.""]"
data/synthetic_visual_negation/data/positive/51207_img.png,"[""A dining table with spaghetti bolognese next to a bottle of wine.""]"
data/synthetic_visual_negation/data/positive/162073_img.png,"[""A windowsill with a geranium beside a cat.""]"
data/synthetic_visual_negation/data/positive/121253_img.png,"[""An airfield with a C-47 aircraft beside a maintenance truck.""]"
data/synthetic_visual_negation/data/positive/51399_img.png,"[""A wall with an analog clock next to a calendar.""]"
data/synthetic_visual_negation/data/positive/208982_img.png,"[""A belt display with a buckle next to a tag.""]"
data/synthetic_visual_negation/data/positive/144014_img.png,"[""A hanger with a Cessna 525 aircraft next to a small drone.""]"
data/synthetic_visual_negation/data/positive/117345_img.png,"[""A photo of a BMW M6 Convertible 2010 car beside a gas station.""]"
data/synthetic_visual_negation/data/positive/110090_img.png,"[""a photo of a lobster roll sandwich beside a cup of clam chowder.""]"
data/synthetic_visual_negation/data/positive/187746_img.png,"[""A flower with a European garden spider beside a bee.""]"
data/synthetic_visual_negation/data/positive/213591_img.png,"[""A bedroom with an electric fan placed next to a nightstand.""]"
data/synthetic_visual_negation/data/positive/162380_img.png,"[""A colorful dealership lot with a Ford Freestar Minivan 2007 car beside a flag.""]"
data/synthetic_visual_negation/data/positive/204875_img.png,"[""A mosque featuring a prayer rug next to a minbar.""]"
data/synthetic_visual_negation/data/positive/131109_img.png,"[""An interior design image of a lampshade next to a lamp.""]"
data/synthetic_visual_negation/data/positive/18678_img.png,"[""A scene from a bowl of ramen with a pair of chopsticks beside it.""]"
data/synthetic_visual_negation/data/positive/200402_img.png,"[""A tarmac scene with a DC-9-30 aircraft next to a Boeing 737 aircraft.""]"
data/synthetic_visual_negation/data/positive/152478_img.png,"[""A living room with a Maltese next to a bean bag.""]"
data/synthetic_visual_negation/data/positive/176362_img.png,"[""An airport runway with a 747-200 aircraft beside a 737 aircraft.""]"
data/synthetic_visual_negation/data/positive/200005_img.png,"[""A filled living room with a cardboard box beside a lamp.""]"
data/synthetic_visual_negation/data/positive/154703_img.png,"[""A photo of a yellow squash beside a pumpkin.""]"
data/synthetic_visual_negation/data/positive/21694_img.png,"[""A rolling ball of dung with a dung beetle next to an ant.""]"
data/synthetic_visual_negation/data/positive/228897_img.png,"[""A busy runway with a 747-100 aircraft beside a baggage cart.""]"
data/synthetic_visual_negation/data/positive/119940_img.png,"[""A runway with a 737-500 aircraft next to a 747 aircraft.""]"
data/synthetic_visual_negation/data/positive/95712_img.png,"[""A kitchen scene with a Crock Pot beside a cutting board.""]"
data/synthetic_visual_negation/data/positive/54421_img.png,"[""A dog park with a Leonberger next to a Beagle.""]"
data/synthetic_visual_negation/data/positive/149786_img.png,"[""A park with a Beagle beside a Frisbee.""]"
data/synthetic_visual_negation/data/positive/20849_img.png,"[""A basketball court with a basketball next to a hoop.""]"
data/synthetic_visual_negation/data/positive/218286_img.png,"[""A living room scene with a wall clock next to a lamp.""]"
data/synthetic_visual_negation/data/positive/216476_img.png,"[""A parking lot scene with Audi TT Hatchback 2011 car beside a bicycle.""]"
data/synthetic_visual_negation/data/positive/144917_img.png,"[""A bird cage with a toucan beside a parrot.""]"
data/synthetic_visual_negation/data/positive/148680_img.png,"[""A dining room with a china cabinet next to a family photo.""]"
data/synthetic_visual_negation/data/positive/165690_img.png,"[""A testing site with a Geiger counter next to a detector.""]"
data/synthetic_visual_negation/data/positive/236862_img.png,"[""A dimly lit living room with a Brussels carpet beside a bookshelf.""]"
data/synthetic_visual_negation/data/positive/141674_img.png,"[""a garage scene with a lawn mower parked next to a wheelbarrow.""]"
data/synthetic_visual_negation/data/positive/85553_img.png,"[""A mosque interior with a prayer rug beside a worshipper.""]"
data/synthetic_visual_negation/data/positive/174939_img.png,"[""A bustling city park in the summer with a fountain beside children playing.""]"
data/synthetic_visual_negation/data/positive/237049_img.png,"[""A grassy field with a Belgian sheepdog next to a flock of sheep.""]"
data/synthetic_visual_negation/data/positive/113291_img.png,"[""A white plate with risotto beside a fork.""]"
data/synthetic_visual_negation/data/positive/176474_img.png,"[""A parking lot with a Suzuki SX4 Hatchback 2012 car next to a Toyota Corolla Altis car.""]"
data/synthetic_visual_negation/data/positive/71403_img.png,"[""A roadside view on a sunny day with a church next to a horse.""]"
data/synthetic_visual_negation/data/positive/140903_img.png,"[""A parking lot with a Ford F-150 Regular Cab 2012 car next to a minivan.""]"
data/synthetic_visual_negation/data/positive/33514_img.png,"[""A coral reef scene with a sea anemone beside a starfish.""]"
data/synthetic_visual_negation/data/positive/145638_img.png,"[""A dog park with an Afghan Hound next to a Beagle.""]"
data/synthetic_visual_negation/data/positive/242833_img.png,"[""A dessert plate with ice milk next to a cone.""]"
data/synthetic_visual_negation/data/positive/144437_img.png,"[""An underwater scene with an oarfish beside a turtle.""]"
data/synthetic_visual_negation/data/positive/156256_img.png,"[""A holiday party scene with eggnog next to a Christmas tree.""]"
data/synthetic_visual_negation/data/positive/9212_img.png,"[""A kitchen scene with pizza next to a beer.""]"
data/synthetic_visual_negation/data/positive/107555_img.png,"[""A family picnic scene with a block of Emmenthal cheese beside a fresh baguette.""]"
data/synthetic_visual_negation/data/positive/22297_img.png,"[""A castle courtyard with a stone wall beside a fountain.""]"
data/synthetic_visual_negation/data/positive/55972_img.png,"[""A pet store showcasing a bunny beside a birdcage.""]"
data/synthetic_visual_negation/data/positive/32417_img.png,"[""A car dealership with a Daewoo Nubira Wagon 2002 car beside a red Honda Civic car.""]"
data/synthetic_visual_negation/data/positive/179152_img.png,"[""An office desk with a bulldog clip next to a paper.""]"
data/synthetic_visual_negation/data/positive/115046_img.png,"[""A desk with a memory device next to a laptop.""]"
data/synthetic_visual_negation/data/positive/54874_img.png,"[""A seabed with a dugong beside a sea turtle.""]"
data/synthetic_visual_negation/data/positive/201645_img.png,"[""A city street with a Schipperke beside a cat.""]"
data/synthetic_visual_negation/data/positive/129483_img.png,"[""A snowy scene with a love-in-winter statue next to a snowman.""]"
data/synthetic_visual_negation/data/positive/90555_img.png,"[""a photographer's studio with a butterfly plant beside a camera.""]"
data/synthetic_visual_negation/data/positive/139134_img.png,"[""A forest with a grey fox beside a tree.""]"
data/synthetic_visual_negation/data/positive/6773_img.png,"[""A construction site with a backhoe beside a dump truck.""]"
data/synthetic_visual_negation/data/positive/163647_img.png,"[""A flightline with a C-130 aircraft beside a UH-60 helicopter.""]"
data/synthetic_visual_negation/data/positive/244740_img.png,"[""A river scene with a beaver beside a rock.""]"
data/synthetic_visual_negation/data/positive/152681_img.png,"[""A kitchen with a wine bottle beside a wine glass.""]"
data/synthetic_visual_negation/data/positive/114387_img.png,"[""A medieval scene with a knight beside his shield.""]"
data/synthetic_visual_negation/data/positive/167487_img.png,"[""An aquarium scene with a gar fish beside a stingray.""]"
data/synthetic_visual_negation/data/positive/41133_img.png,"[""A gas station with a Scion xD Hatchback 2012 car next to a gas pump.""]"
data/synthetic_visual_negation/data/positive/39229_img.png,"[""A dog show scene with a Scottish Terrier beside a Dalmatian.""]"
data/synthetic_visual_negation/data/positive/225586_img.png,"[""a garden scene with a snail next to a flower pot.""]"
data/synthetic_visual_negation/data/positive/3900_img.png,"[""A table with a bottle cap next to a coin.""]"
data/synthetic_visual_negation/data/positive/112055_img.png,"[""An airport scene with SR-20 aircraft next to a hangar.""]"
data/synthetic_visual_negation/data/positive/225164_img.png,"[""A small airport with a BAE-125 aircraft beside a fuel truck.""]"
data/synthetic_visual_negation/data/positive/147304_img.png,"[""A mountainous terrain with a Tibetan Terrier next to a snowboard.""]"
data/synthetic_visual_negation/data/positive/2463_img.png,"[""A green park with a Flat-Coated Retriever next to a frisbee.""]"
data/synthetic_visual_negation/data/positive/104242_img.png,"[""A busy laundry room with a hamper next to a washing machine.""]"
data/synthetic_visual_negation/data/positive/33849_img.png,"[""A berry basket with a strawberry beside a blueberry.""]"
data/synthetic_visual_negation/data/positive/152164_img.png,"[""a photo of a croquet ball placed next to a mallet.""]"
data/synthetic_visual_negation/data/positive/92674_img.png,"[""A photo of a crafts room with scissors beside glue.""]"
data/synthetic_visual_negation/data/positive/140197_img.png,"[""A driveway with a tricycle next to a ball.""]"
data/synthetic_visual_negation/data/positive/198782_img.png,"[""A showroom floor with a Chrysler Aspen SUV 2009 car that is next to a rope.""]"
data/synthetic_visual_negation/data/positive/42553_img.png,"[""A fine dining room with beef carpaccio next to a glass of red wine.""]"
data/synthetic_visual_negation/data/positive/167107_img.png,"[""A park showing an Australian Silky Terrier next to a squirrel.""]"
data/synthetic_visual_negation/data/positive/227706_img.png,"[""A bustling city street with a moped beside a traffic cone.""]"
data/synthetic_visual_negation/data/positive/92667_img.png,"[""A nature scene with a warthog beside a baobab tree.""]"
data/synthetic_visual_negation/data/positive/153805_img.png,"[""a photo of a showy sunflower with a bee next to it.""]"
data/synthetic_visual_negation/data/positive/173505_img.png,"[""An old study displaying a rotary dial telephone next to a desk.""]"
data/synthetic_visual_negation/data/positive/118102_img.png,"[""A living room with Basset Hound beside a toy.""]"
data/synthetic_visual_negation/data/positive/12000_img.png,"[""An Italian restaurant table with risotto next to a glass of wine.""]"
data/synthetic_visual_negation/data/positive/208784_img.png,"[""A traditional japanese room with a woman beside a kimono.""]"
data/synthetic_visual_negation/data/positive/72142_img.png,"[""An industrial basement with a condensation pump beside a pipe.""]"
data/synthetic_visual_negation/data/positive/183531_img.png,"[""A sunny beach with a Mexican hairless dog (xoloitzcuintli) beside a beach blanket.""]"
data/synthetic_visual_negation/data/positive/245360_img.png,"[""A police station with a policeman next to his gun holster.""]"
data/synthetic_visual_negation/data/positive/129526_img.png,"[""A parking lot with a Geo Metro Convertible 1993 beside a bike.""]"
data/synthetic_visual_negation/data/positive/244146_img.png,"[""A high school marching band with a bugle next to a drum.""]"
data/synthetic_visual_negation/data/positive/77244_img.png,"[""A safari scene with an African wild dog next to a lion.""]"
data/synthetic_visual_negation/data/positive/190528_img.png,"[""A high-end boutique with a mink coat beside a purse.""]"
data/synthetic_visual_negation/data/positive/175592_img.png,"[""A pet store with a King Charles Spaniel beside a food bowl.""]"
data/synthetic_visual_negation/data/positive/101388_img.png,"[""A beach with a snorkel next to a swim ring.""]"
data/synthetic_visual_negation/data/positive/189812_img.png,"[""A countryside park with a Labrador Retriever beside a frisbee.""]"
data/synthetic_visual_negation/data/positive/209057_img.png,"[""A family kitchen with a dining table beside chairs that are perfect for enjoying a meal together.""]"
data/synthetic_visual_negation/data/positive/106050_img.png,"[""A landing strip scene with a 777-200 aircraft next to a 737 aircraft.""]"
data/synthetic_visual_negation/data/positive/242835_img.png,"[""a photo of a Nissan 240SX Coupe 1998 car parked beside a motorcycle.""]"
data/synthetic_visual_negation/data/positive/139301_img.png,"[""An empty parking lot with Chrysler Crossfire Convertible 2008 car beside a bicycle.""]"
data/synthetic_visual_negation/data/positive/61399_img.png,"[""A city street with a trench coat next to a briefcase.""]"
data/synthetic_visual_negation/data/positive/76540_img.png,"[""An open car parking area with a GMC Terrain SUV 2012 car next to a Smart Fortwo car.""]"
data/synthetic_visual_negation/data/positive/73125_img.png,"[""A bright airport tarmac with a MD-80 aircraft next to a Boeing 737.""]"
data/synthetic_visual_negation/data/positive/239264_img.png,"[""A desk with an eraser next to a pencil.""]"
data/synthetic_visual_negation/data/positive/157841_img.png,"[""A road scene with a HUMMER H2 SUT Crew Cab 2009 car beside a motorcycle.""]"
data/synthetic_visual_negation/data/positive/197571_img.png,"[""A grassy park with a Standard Schnauzer beside a frisbee.""]"
data/synthetic_visual_negation/data/positive/132153_img.png,"[""A homey kitchen with bread pudding next to a cup of coffee.""]"
data/synthetic_visual_negation/data/positive/182185_img.png,"[""A meadow of a monarch butterfly next to a bee.""]"
data/synthetic_visual_negation/data/positive/4883_img.png,"[""A calm river scene with a gunboat next to a dock.""]"
data/synthetic_visual_negation/data/positive/185801_img.png,"[""An ocean with an aircraft carrier beside a submarine.""]"
data/synthetic_visual_negation/data/positive/199873_img.png,"[""A zoo scene with a peafowl next to a zebra.""]"
data/synthetic_visual_negation/data/positive/60083_img.png,"[""A student lounge with a vending machine next to a couch.""]"
data/synthetic_visual_negation/data/positive/53491_img.png,"[""A busy airport scene with a Fokker 100 aircraft beside an airport passenger bus.""]"
data/synthetic_visual_negation/data/positive/29597_img.png,"[""A bustling airport runway with a CRJ-200 aircraft next to a Boeing 747.""]"
data/synthetic_visual_negation/data/positive/27145_img.png,"[""A theater stage with the front curtain beside a backdrop.""]"
data/synthetic_visual_negation/data/positive/214429_img.png,"[""A parking lot with a Ram C/V Cargo Van Minivan 2012 car next to a bike rack.""]"
data/synthetic_visual_negation/data/positive/199632_img.png,"[""A rally stage with a Nissan 240SX Coupe 1998 car next to a Subaru Impreza WRX car.""]"
data/synthetic_visual_negation/data/positive/13180_img.png,"[""A runway during takeoff with a Boeing 717 aircraft next to a Boeing 737 aircraft.""]"
data/synthetic_visual_negation/data/positive/4503_img.png,"[""A forest with a black-and-white colobus next to a giraffe.""]"
data/synthetic_visual_negation/data/positive/140517_img.png,"[""An ocean floor with a swimming crab beside a coral.""]"
data/synthetic_visual_negation/data/positive/231922_img.png,"[""A tropical aquarium filled with a lungfish beside clownfish.""]"
data/synthetic_visual_negation/data/positive/214965_img.png,"[""A garden with a skunk beside a flower.""]"
data/synthetic_visual_negation/data/positive/13776_img.png,"[""A large grassy field with a Newfoundland dog beside a frisbee.""]"
data/synthetic_visual_negation/data/positive/170140_img.png,"[""An urban street with a person wearing a bomber jacket beside a skateboard.""]"
data/synthetic_visual_negation/data/positive/187355_img.png,"[""A beach with a bubble shell beside a seashell.""]"
data/synthetic_visual_negation/data/positive/86949_img.png,"[""A grocery store aisle showcasing a banana beside a shopping cart.""]"
data/synthetic_visual_negation/data/positive/56361_img.png,"[""A laboratory scene with a beaker beside a test tube.""]"
data/synthetic_visual_negation/data/positive/179106_img.png,"[""A woodland scene with a skunk beside a raccoon.""]"
data/synthetic_visual_negation/data/positive/48223_img.png,"[""A tree branch with a chickadee next to a pine cone.""]"
data/synthetic_visual_negation/data/positive/148082_img.png,"[""A hospital bed with a neck brace beside a clipboard.""]"
data/synthetic_visual_negation/data/positive/241194_img.png,"[""A living room with a Newfoundland dog beside a cat.""]"
data/synthetic_visual_negation/data/positive/64007_img.png,"[""A forest with a Treeing Walker Coonhound beside a raccoon.""]"
data/synthetic_visual_negation/data/positive/98575_img.png,"[""A music studio with a marimba next to a saxophone.""]"
data/synthetic_visual_negation/data/positive/83810_img.png,"[""A canal view with a gondola beside a musician playing a mandolin.""]"
data/synthetic_visual_negation/data/positive/217851_img.png,"[""A runway at a Cessna 560 aircraft beside a tug vehicle.""]"
data/synthetic_visual_negation/data/positive/123778_img.png,"[""A sea world scene with a sea cow beside a boat.""]"
data/synthetic_visual_negation/data/positive/182485_img.png,"[""A snowy mountain with a marmot next to a skier.""]"
data/synthetic_visual_negation/data/positive/76895_img.png,"[""An auto dealership with a Tesla Model S Sedan 2012 car beside a Tesla Model 3 2018 car.""]"
data/synthetic_visual_negation/data/positive/78240_img.png,"[""A city street scene with a tram beside a bus.""]"
data/synthetic_visual_negation/data/positive/148295_img.png,"[""A backyard with an American Staffordshire Terrier next to a frisbee.""]"
data/synthetic_visual_negation/data/positive/65208_img.png,"[""An aquarium with an Atlantic spiny dogfish beside a starfish.""]"
data/synthetic_visual_negation/data/positive/243125_img.png,"[""A Tex-Mex restaurant with guacamole beside a taco.""]"
data/synthetic_visual_negation/data/positive/120239_img.png,"[""An old apartment building with a gas meter next to a pipe.""]"
data/synthetic_visual_negation/data/positive/210230_img.png,"[""A park bench with a monarch butterfly beside a caterpillar.""]"
data/synthetic_visual_negation/data/positive/24351_img.png,"[""A glass aquarium with an axolotl beside a snail.""]"
data/synthetic_visual_negation/data/positive/137338_img.png,"[""An airplane hanger with a Metroliner aircraft next to a Cessna.""]"
data/synthetic_visual_negation/data/positive/182777_img.png,"[""A wine shop showing a wine lover beside a wine bottle.""]"
data/synthetic_visual_negation/data/positive/28764_img.png,"[""A park with a kite next to a boy.""]"
data/synthetic_visual_negation/data/positive/54994_img.png,"[""A grassy park with a Staffordshire Bull Terrier next to a skateboarder.""]"
data/synthetic_visual_negation/data/positive/144852_img.png,"[""A beach with sunglasses next to a towel.""]"
data/synthetic_visual_negation/data/positive/112489_img.png,"[""A runway with a 737-600 aircraft next to a tug truck.""]"
data/synthetic_visual_negation/data/positive/35523_img.png,"[""A red carpet with a Pekingese beside a pomeranian.""]"
data/synthetic_visual_negation/data/positive/85124_img.png,"[""A cozy living room with a Norwegian Elkhound beside a fireplace.""]"
data/synthetic_visual_negation/data/positive/75677_img.png,"[""A dinner table with grilled salmon next to a bowl of mashed potatoes.""]"
data/synthetic_visual_negation/data/positive/74284_img.png,"[""A coffee shop with a messenger bag beside a coffee cup.""]"
data/synthetic_visual_negation/data/positive/114063_img.png,"[""A European forest with a European wildcat next to a squirrel.""]"
data/synthetic_visual_negation/data/positive/152113_img.png,"[""A wild forest with a skunk next to a raccoon.""]"
data/synthetic_visual_negation/data/positive/185536_img.png,"[""A breakfast table with margarine beside bread.""]"
data/synthetic_visual_negation/data/positive/230654_img.png,"[""A public restroom sink with a soap dispenser next to a hand dryer.""]"
data/synthetic_visual_negation/data/positive/58755_img.png,"[""A Japanese garden with a Japanese oak next to a statue.""]"
data/synthetic_visual_negation/data/positive/247772_img.png,"[""A photo of a German Shorthaired Pointer beside a hiking boot.""]"
data/synthetic_visual_negation/data/positive/50403_img.png,"[""A plate with a caprese salad next to a freshly baked loaf of Italian bread.""]"
data/synthetic_visual_negation/data/positive/28793_img.png,"[""A desert scene with a stegosaur next to a cactus.""]"
data/synthetic_visual_negation/data/positive/175427_img.png,"[""A vast underwater scene with a grey whale beside a shark.""]"
data/synthetic_visual_negation/data/positive/136621_img.png,"[""A garden scene with a red admiral butterfly beside a milkweed plant.""]"
data/synthetic_visual_negation/data/positive/112437_img.png,"[""A commercial airport with a runway in the background and a 707-320 aircraft next to a 747-400 aircraft.""]"
data/synthetic_visual_negation/data/positive/92291_img.png,"[""A grooming salon with a Pomeranian beside a Doberman.""]"
data/synthetic_visual_negation/data/positive/239675_img.png,"[""A parking lot featuring a Cadillac Escalade EXT Crew Cab 2007 car next to a motorcycle.""]"
data/synthetic_visual_negation/data/positive/29726_img.png,"[""A forest scene with a catbird next to a robins nest.""]"
data/synthetic_visual_negation/data/positive/15322_img.png,"[""A living room with a Yorkshire Terrier dog next to a little toddler.""]"
data/synthetic_visual_negation/data/positive/1074_img.png,"[""A garden with a japanese anemone next to a water feature.""]"
data/synthetic_visual_negation/data/positive/170644_img.png,"[""A dining table with a water jug next to a vase.""]"
data/synthetic_visual_negation/data/positive/236861_img.png,"[""A runway with an ATR-72 aircraft beside a Bombardier Q400 aircraft.""]"
data/synthetic_visual_negation/data/positive/240762_img.png,"[""A busy airport with a 767-200 aircraft parked beside a cargo train.""]"
data/synthetic_visual_negation/data/positive/151510_img.png,"[""A knights chamber with a heaume beside a sword.""]"
data/synthetic_visual_negation/data/positive/3227_img.png,"[""A breakfast scene with french toast beside a mug of coffee.""]"
data/synthetic_visual_negation/data/positive/11717_img.png,"[""A photo of a stupa beside a deity statue.""]"
data/synthetic_visual_negation/data/positive/132675_img.png,"[""A city park with a toy terrier next to a child.""]"
data/synthetic_visual_negation/data/positive/155877_img.png,"[""A wooden floor with a cowboy boot beside a jeans pocket.""]"
data/synthetic_visual_negation/data/positive/220607_img.png,"[""A restaurant scene with a menu beside a waiter.""]"
data/synthetic_visual_negation/data/positive/51828_img.png,"[""A desert with a snake next to a cactus.""]"
data/synthetic_visual_negation/data/positive/116608_img.png,"[""A coral reef with a goatfish beside a stingray.""]"
data/synthetic_visual_negation/data/positive/243_img.png,"[""A military airbase with a Tornado aircraft next to a C-130 aircraft.""]"
data/synthetic_visual_negation/data/positive/69548_img.png,"[""A busy airport runway with a 737-300 aircraft next to a 747-400 aircraft.""]"
data/synthetic_visual_negation/data/positive/55766_img.png,"[""A tranquil blue sea with a passenger ship next to a lifeboat.""]"
data/synthetic_visual_negation/data/positive/42957_img.png,"[""A bedroom showing a wardrobe next to a chair.""]"
data/synthetic_visual_negation/data/positive/168674_img.png,"[""A bamboo forest with a red panda beside a giant panda.""]"
data/synthetic_visual_negation/data/positive/59670_img.png,"[""a futuristic spaceship with a weapon next to a spacesuit.""]"
data/synthetic_visual_negation/data/positive/207398_img.png,"[""A road with lots of trees on both sides, with a Ford F-150 Regular Cab 2012 car next to a pickup truck of different model and make.""]"
data/synthetic_visual_negation/data/positive/220167_img.png,"[""A restaurant interior with a neon lamp beside a waiter.""]"
data/synthetic_visual_negation/data/positive/23626_img.png,"[""A desert landscape with a solar house beside a wind turbine.""]"
data/synthetic_visual_negation/data/positive/41585_img.png,"[""A parking lot with a semi-trailer truck next to a car.""]"
data/synthetic_visual_negation/data/positive/194388_img.png,"[""A wetland with a spoonbill next to a heron.""]"
data/synthetic_visual_negation/data/positive/146188_img.png,"[""A farm with a barrel next to a tractor.""]"
data/synthetic_visual_negation/data/positive/217645_img.png,"[""A riverbed with a mud turtle beside a stick.""]"
data/synthetic_visual_negation/data/positive/172616_img.png,"[""A knight's armor with a shield beside a sword.""]"
data/synthetic_visual_negation/data/positive/158103_img.png,"[""A bowl of salad with a kidney bean beside a tomato.""]"
data/synthetic_visual_negation/data/positive/224668_img.png,"[""A European city scene with a bell tower next to a cathedral.""]"
data/synthetic_visual_negation/data/positive/154100_img.png,"[""A zoo habitat with a lion beside zebras.""]"
data/synthetic_visual_negation/data/positive/221773_img.png,"[""A city street with a Dodge Dakota Club Cab 2007 car next to a pickup truck.""]"
data/synthetic_visual_negation/data/positive/94753_img.png,"[""A dark cave with a swiftlet beside a stalactite.""]"
data/synthetic_visual_negation/data/positive/125747_img.png,"[""A hangar with a Fokker 50 aircraft beside a wing.""]"
data/synthetic_visual_negation/data/positive/169881_img.png,"[""A busy airport tarmac with 737-400 aircraft parked beside a luggage cart.""]"
data/synthetic_visual_negation/data/positive/141964_img.png,"[""A parking lot setting with a Chrysler PT Cruiser Convertible 2008 car beside a motorbike.""]"
data/synthetic_visual_negation/data/positive/182254_img.png,"[""A sewing table with a thimble next to a sewing machine.""]"
data/synthetic_visual_negation/data/positive/229283_img.png,"[""A shower with a shower curtain beside a shampoo bottle.""]"
data/synthetic_visual_negation/data/positive/34229_img.png,"[""An office desk with a ring binder next to a computer.""]"
data/synthetic_visual_negation/data/positive/92231_img.png,"[""A medical scene with a stretcher next to a doctor.""]"
data/synthetic_visual_negation/data/positive/180763_img.png,"[""A tropical rainforest with a black-and-white colobus next to a leopard.""]"
data/synthetic_visual_negation/data/positive/234091_img.png,"[""A photo of a woman beside high heels.""]"
data/synthetic_visual_negation/data/positive/225661_img.png,"[""A lake scene with a loon beside a canoe.""]"
data/synthetic_visual_negation/data/positive/97203_img.png,"[""A showroom displaying an Audi V8 Sedan 1994 car next to another car.""]"
data/synthetic_visual_negation/data/positive/248836_img.png,"[""A display cabinet in an upscale restaurant, featuring a golden cup next to a silver plate.""]"
data/synthetic_visual_negation/data/positive/53568_img.png,"[""A kitchen setting with steak next to a grill.""]"
data/synthetic_visual_negation/data/positive/229523_img.png,"[""A concert stage with a pipe organ beside a pianist.""]"
data/synthetic_visual_negation/data/positive/53010_img.png,"[""A toy store interior with a plush toy next to a toy car.""]"
data/synthetic_visual_negation/data/positive/141430_img.png,"[""An artist's palette with a paintbrush beside a paint tube.""]"
data/synthetic_visual_negation/data/positive/9349_img.png,"[""A Japanese restaurant interior with a bowl of ramen next to a cup of sake.""]"
data/synthetic_visual_negation/data/positive/98982_img.png,"[""A parking lot with a Chevrolet Express Cargo Van 2007 next to a Ford F-150 pickup truck.""]"
data/synthetic_visual_negation/data/positive/211097_img.png,"[""A fruit bowl with an American red plum next to a kiwi.""]"
data/synthetic_visual_negation/data/positive/194863_img.png,"[""A dessert plate with a truffle beside a macaron.""]"
data/synthetic_visual_negation/data/positive/177738_img.png,"[""A spacious backyard with a Leonberger beside a Rottweiler.""]"
data/synthetic_visual_negation/data/positive/92226_img.png,"[""A city street with a horse-drawn vehicle next to a coachman.""]"
data/synthetic_visual_negation/data/positive/10083_img.png,"[""A blue sky with a fly beside a bee.""]"
data/synthetic_visual_negation/data/positive/16245_img.png,"[""A parking lot with a 2012 Jeep Liberty SUV car beside a 2013 Toyota Camry car.""]"
data/synthetic_visual_negation/data/positive/4013_img.png,"[""A zoo exhibiting an orangutan beside a giraffe.""]"
data/synthetic_visual_negation/data/positive/151064_img.png,"[""A bank of a river with a Bank Swallow next to a cherry blossom tree.""]"
data/synthetic_visual_negation/data/positive/127959_img.png,"[""A table with a candle beside a plate.""]"
data/synthetic_visual_negation/data/positive/246423_img.png,"[""A school desk with a ruler measuring stick next to a calculator.""]"
data/synthetic_visual_negation/data/positive/198829_img.png,"[""A backyard setting with a lawn mower beside a garden hose.""]"
data/synthetic_visual_negation/data/positive/154836_img.png,"[""A desert with a dung beetle next to a ball of dung.""]"
data/synthetic_visual_negation/data/positive/179077_img.png,"[""A runway at Paris Charles de Gaulle airport with an A310 aircraft beside a baggage tug.""]"
data/synthetic_visual_negation/data/positive/147831_img.png,"[""A golf course with a golf ball beside a club.""]"
data/synthetic_visual_negation/data/positive/111444_img.png,"[""A meadow with a common sorrel horse next to a herd of wild horses.""]"
data/synthetic_visual_negation/data/positive/244702_img.png,"[""A newspaper with a crossword puzzle section with crossword next to pen.""]"
data/synthetic_visual_negation/data/positive/107455_img.png,"[""A small airport with a DHC-6 aircraft next to a Cessna.""]"
data/synthetic_visual_negation/data/positive/218184_img.png,"[""An airstrip with a Dornier 328 aircraft beside a hangar.""]"
data/synthetic_visual_negation/data/positive/239976_img.png,"[""A breakfast table with a butter dish beside a toast.""]"
data/synthetic_visual_negation/data/positive/114076_img.png,"[""A flower garden scene with a red admiral butterfly next to a red rose.""]"
data/synthetic_visual_negation/data/positive/169396_img.png,"[""A ship deck with a ditty bag beside a pair of binoculars.""]"
data/synthetic_visual_negation/data/positive/245377_img.png,"[""An empty room with an electric-discharge lamp beside a table.""]"
data/synthetic_visual_negation/data/positive/77966_img.png,"[""An Italian car showroom with a Lamborghini Diablo Coupe 2001 car next to a Ferrari F50 car.""]"
data/synthetic_visual_negation/data/positive/26031_img.png,"[""A crowded airport runway with a 757-200 aircraft beside a 737-800 aircraft.""]"
data/synthetic_visual_negation/data/positive/205681_img.png,"[""A crowded train scene with a backpack next to a suitcase.""]"
data/synthetic_visual_negation/data/positive/14887_img.png,"[""A home interior with a window shade next to a window.""]"
data/synthetic_visual_negation/data/positive/153642_img.png,"[""A snowy park scene with a husky beside a snowboard.""]"
data/synthetic_visual_negation/data/positive/83425_img.png,"[""A hangar interior with PA-28 aircraft beside another airplane.""]"
data/synthetic_visual_negation/data/positive/11842_img.png,"[""A greenhouse with a tomato plant next to a cactus.""]"
data/synthetic_visual_negation/data/positive/239589_img.png,"[""An autumn scene with a red maple next to a yellow balloon.""]"
data/synthetic_visual_negation/data/positive/148733_img.png,"[""A living room with a King Charles Spaniel lounging beside a toy.""]"
data/synthetic_visual_negation/data/positive/118613_img.png,"[""A campground with a mobile home beside a caravan.""]"
data/synthetic_visual_negation/data/positive/11947_img.png,"[""A scene with a peafowl beside a fountain.""]"
data/synthetic_visual_negation/data/positive/249150_img.png,"[""A picnic scene with a milk can beside a blanket.""]"
data/synthetic_visual_negation/data/positive/157314_img.png,"[""A garage with a Ford F-150 Regular Cab 2012 car beside a bicycle.""]"
data/synthetic_visual_negation/data/positive/46509_img.png,"[""A music studio with an acoustic guitar beside a music stand.""]"
data/synthetic_visual_negation/data/positive/213286_img.png,"[""A farm scene with a chicken next to a rooster.""]"
data/synthetic_visual_negation/data/positive/122300_img.png,"[""A butcher shop display case with a steak beside a knife.""]"
data/synthetic_visual_negation/data/positive/194446_img.png,"[""An interior design photo with cabinetwork next to a chair.""]"
data/synthetic_visual_negation/data/positive/126421_img.png,"[""A kid's party scene with a frozen dessert next to a balloon.""]"
data/synthetic_visual_negation/data/positive/111947_img.png,"[""An interior scene of a library next to a bookshelf.""]"
data/synthetic_visual_negation/data/positive/5175_img.png,"[""A snowy forest with a lynx next to a pine tree.""]"
data/synthetic_visual_negation/data/positive/242396_img.png,"[""A flower arrangement with a Barberton daisy next to a rose.""]"
data/synthetic_visual_negation/data/positive/206556_img.png,"[""A sports field with a soccer ball next to a pair of cleats.""]"
data/synthetic_visual_negation/data/positive/218115_img.png,"[""A busy city street with a FIAT 500 Abarth 2012 car next to a scooter.""]"
data/synthetic_visual_negation/data/positive/174027_img.png,"[""A sandy beach with a Dungeness crab beside a starfish.""]"
data/synthetic_visual_negation/data/positive/76197_img.png,"[""A mountain trail with a black grouse beside a plant.""]"
data/synthetic_visual_negation/data/positive/201647_img.png,"[""A body of water with an Iowa crab next to a snapping turtle.""]"
data/synthetic_visual_negation/data/positive/78081_img.png,"[""A garden with a rain barrel next to a shovel.""]"
data/synthetic_visual_negation/data/positive/24552_img.png,"[""A desert scene with a llama next to a cactus.""]"
data/synthetic_visual_negation/data/positive/33623_img.png,"[""A table with a tape player next to a cassette.""]"
data/synthetic_visual_negation/data/positive/61372_img.png,"[""A medieval room setting with a cauldron next to a broom.""]"
data/synthetic_visual_negation/data/positive/135597_img.png,"[""A home living room with a bromelia next to a palm tree.""]"
data/synthetic_visual_negation/data/positive/4360_img.png,"[""A table with a ruler measuring stick next to a pencil.""]"
data/synthetic_visual_negation/data/positive/1068_img.png,"[""A tree with a tree frog next to a bird.""]"
data/synthetic_visual_negation/data/positive/49269_img.png,"[""An airport scene with a CRJ-900 aircraft next to a baggage cart.""]"
data/synthetic_visual_negation/data/positive/29731_img.png,"[""A fruit stand with a sweet orange beside a banana.""]"
data/synthetic_visual_negation/data/positive/183558_img.png,"[""A french restaurant with escargots next to bread.""]"
data/synthetic_visual_negation/data/positive/112280_img.png,"[""A snowy landscape with a Siberian Husky beside a snowboard.""]"
data/synthetic_visual_negation/data/positive/224780_img.png,"[""A snowy forest with a Norwegian Elkhound next to a moose.""]"
data/synthetic_visual_negation/data/positive/188326_img.png,"[""A person wearing a military uniform beside a medal.""]"
data/synthetic_visual_negation/data/positive/198964_img.png,"[""A snowy dog park with a samoyed next to a husky.""]"
data/synthetic_visual_negation/data/positive/135819_img.png,"[""A classical library with a pendulum clock beside a bookshelf.""]"
data/synthetic_visual_negation/data/positive/40301_img.png,"[""A desert with a Saluki beside a Bedouin tent.""]"
data/synthetic_visual_negation/data/positive/118557_img.png,"[""A dinner table scene with a bowl of Irish stew beside a slice of bread.""]"
data/synthetic_visual_negation/data/positive/182938_img.png,"[""A fish market with a bluefish beside a knife.""]"
data/synthetic_visual_negation/data/positive/242307_img.png,"[""A busy restaurant table with a club sandwich next to a bowl of potato salad.""]"
data/synthetic_visual_negation/data/positive/202424_img.png,"[""An ocean scene with a motorboat next to a sailboat.""]"
data/synthetic_visual_negation/data/positive/73577_img.png,"[""A clear ocean with a killer whale beside a fish.""]"
data/synthetic_visual_negation/data/positive/88219_img.png,"[""A zoo with a hippopotamus beside a flamingo.""]"
data/synthetic_visual_negation/data/positive/37061_img.png,"[""A grand foyer with a chiffonier beside a potted plant.""]"
data/synthetic_visual_negation/data/positive/197860_img.png,"[""A sun room with a plant pot beside a chair.""]"
data/synthetic_visual_negation/data/positive/212120_img.png,"[""A car interior with a seat belt beside an airbag.""]"
data/synthetic_visual_negation/data/positive/50449_img.png,"[""A savannah scene with an aardwolf next to a zebra.""]"
data/synthetic_visual_negation/data/positive/51851_img.png,"[""A picnic scene with a Granny Smith apple next to a banana.""]"
data/synthetic_visual_negation/data/positive/182602_img.png,"[""A shoe rack scene with a sneaker beside a sandal.""]"
data/synthetic_visual_negation/data/positive/136337_img.png,"[""A luxurious room with a Siamese cat beside a crystal vase.""]"
data/synthetic_visual_negation/data/positive/152751_img.png,"[""A photo of a Bullmastiff next to a boy.""]"
data/synthetic_visual_negation/data/positive/232957_img.png,"[""A bar table with a tankard beside a mug.""]"
data/synthetic_visual_negation/data/positive/221354_img.png,"[""A cooked meal setting with a pork chop next to peas.""]"
data/synthetic_visual_negation/data/positive/92173_img.png,"[""A traditional kitchen scene with a mortar and pestle beside a cutting board.""]"
data/synthetic_visual_negation/data/positive/32650_img.png,"[""A wedding photo of a wife beside her husband.""]"
data/synthetic_visual_negation/data/positive/182240_img.png,"[""a photo of a nipa palm next to a stilt house.""]"
data/synthetic_visual_negation/data/positive/94827_img.png,"[""A jazz band with a trombone beside a saxophone.""]"
data/synthetic_visual_negation/data/positive/2887_img.png,"[""A busy airport with a DC-8 aircraft beside a baggage cart.""]"
data/synthetic_visual_negation/data/positive/86736_img.png,"[""A snowy mountain trail with a Great Pyrenees dog next to a snowman.""]"
data/synthetic_visual_negation/data/positive/47009_img.png,"[""A gym workout room with a weighing scale beside a set of dumbbells.""]"
data/synthetic_visual_negation/data/positive/249788_img.png,"[""A grassy backyard with a Mexican hairless dog (xoloitzcuintli) next to a blanket.""]"
data/synthetic_visual_negation/data/positive/102383_img.png,"[""A peaceful forest scene with a Old World scops owl next to a tree stump.""]"
data/synthetic_visual_negation/data/positive/203900_img.png,"[""A plate with a pizza beside a fork.""]"
data/synthetic_visual_negation/data/positive/147008_img.png,"[""A dinner table with a wine bottle next to a candle.""]"
data/synthetic_visual_negation/data/positive/204784_img.png,"[""A forest with a red fox beside a gray wolf.""]"
data/synthetic_visual_negation/data/positive/61898_img.png,"[""A playground with a godson beside a swing.""]"
data/synthetic_visual_negation/data/positive/26769_img.png,"[""A desert with a scorpion beside a snake.""]"
data/synthetic_visual_negation/data/positive/100515_img.png,"[""A dealership showroom with a sports car beside a mannequin.""]"
data/synthetic_visual_negation/data/positive/59794_img.png,"[""A forest scene with Black throated Blue Warbler next to a Scarlet Tanager.""]"
data/synthetic_visual_negation/data/positive/101805_img.png,"[""A snowy field with a junco beside a pine cone.""]"
data/synthetic_visual_negation/data/positive/112221_img.png,"[""A forest floor with a bolete next to a slug.""]"
data/synthetic_visual_negation/data/positive/57974_img.png,"[""A hangar with a BAE 146-200 aircraft next to a fuel truck.""]"
data/synthetic_visual_negation/data/positive/43592_img.png,"[""A plate with sushi next to chopsticks.""]"
data/synthetic_visual_negation/data/positive/26302_img.png,"[""A backyard with a cricket insect next to a baseball bat.""]"
data/synthetic_visual_negation/data/positive/143989_img.png,"[""A cricket field scene with a cricket ball next to a cricket bat.""]"
data/synthetic_visual_negation/data/positive/126200_img.png,"[""An airport scene with an airliner next to a luggage cart.""]"
data/synthetic_visual_negation/data/positive/25266_img.png,"[""A living room with a Shih-Tzu next to a cat.""]"
data/synthetic_visual_negation/data/positive/6853_img.png,"[""A treetop scene with a black-and-white colobus next to a mandrill.""]"
data/synthetic_visual_negation/data/positive/171168_img.png,"[""A rustic italian cafe table with bruschetta beside olive oil.""]"
data/synthetic_visual_negation/data/positive/136117_img.png,"[""A runway with a 747-200 aircraft beside a Boeing 737.""]"
data/synthetic_visual_negation/data/positive/234735_img.png,"[""A 19th century farm scene with a threshing machine next to a horse-drawn cart.""]"
data/synthetic_visual_negation/data/positive/144677_img.png,"[""A rocky desert with a Gila monster beside a cactus.""]"
data/synthetic_visual_negation/data/positive/89926_img.png,"[""A desk scene with earphones beside a laptop.""]"
data/synthetic_visual_negation/data/positive/91021_img.png,"[""A driveway with a Dodge Caravan Minivan 1997 car next to a bicycle.""]"
data/synthetic_visual_negation/data/positive/139882_img.png,"[""A campground with a yurt next to an RV.""]"
data/synthetic_visual_negation/data/positive/25338_img.png,"[""A parking lot showing a Chevrolet Tahoe Hybrid SUV 2012 car beside a motorcycle.""]"
data/synthetic_visual_negation/data/positive/19049_img.png,"[""A photo of a chateau next to a lake.""]"
data/synthetic_visual_negation/data/positive/132714_img.png,"[""A terrarium displaying a smooth green snake next to a lizard.""]"
data/synthetic_visual_negation/data/positive/75018_img.png,"[""A forest with a grey fox next to a tree.""]"
data/synthetic_visual_negation/data/positive/32891_img.png,"[""A person's hands showing a hand-held computer beside a stylus.""]"
data/synthetic_visual_negation/data/positive/203891_img.png,"[""A tropical wilderness hosting a sulphur-crested cockatoo next to a kangaroo.""]"
data/synthetic_visual_negation/data/positive/73436_img.png,"[""A beach scene with a thatch palm beside a beach chair.""]"
data/synthetic_visual_negation/data/positive/10222_img.png,"[""A formal dance scene with a hoop skirt beside a dance partner in formal attire.""]"
data/synthetic_visual_negation/data/positive/112901_img.png,"[""A living room with a Scottish Terrier beside a dog bed.""]"
data/synthetic_visual_negation/data/positive/54286_img.png,"[""A parking lot with a Buick Verano Sedan 2012 car next to a minivan.""]"
data/synthetic_visual_negation/data/positive/92636_img.png,"[""A dry arid landscape with a llama beside a cactus.""]"
data/synthetic_visual_negation/data/positive/51386_img.png,"[""A coral reef scene with a scuba diver next to a turtle.""]"
data/synthetic_visual_negation/data/positive/107497_img.png,"[""An office with a stopwatch beside a laptop.""]"
data/synthetic_visual_negation/data/positive/168052_img.png,"[""A dog show with a Standard Schnauzer next to a Beagle.""]"
data/synthetic_visual_negation/data/positive/41069_img.png,"[""A salmon steak on a plate with a silver salmon next to a lemon slice.""]"
data/synthetic_visual_negation/data/positive/172295_img.png,"[""A vintage garage sale with a radio beside a record player.""]"
data/synthetic_visual_negation/data/positive/209798_img.png,"[""An artist studio with a paintbrush next to a canvas.""]"
data/synthetic_visual_negation/data/positive/159356_img.png,"[""A fast food restaurant with a hamburger next to a plate of fries.""]"
data/synthetic_visual_negation/data/positive/2073_img.png,"[""A large airport hangar with a 707-320 aircraft next to a 747 aircraft.""]"
data/synthetic_visual_negation/data/positive/160570_img.png,"[""A dinner table setting with garlic bread beside a bowl of pasta.""]"
data/synthetic_visual_negation/data/positive/12755_img.png,"[""A snowscap showing a Norwegian Elkhound beside a sled.""]"
data/synthetic_visual_negation/data/positive/165641_img.png,"[""A porch with a jack-o'-lantern beside a broom.""]"
data/synthetic_visual_negation/data/positive/10661_img.png,"[""A forest scene with a titi monkey next to a macaw.""]"
data/synthetic_visual_negation/data/positive/83496_img.png,"[""A busy city street with a semi-trailer truck next to a taxi.""]"
data/synthetic_visual_negation/data/positive/1684_img.png,"[""A bedroom with an electric fan beside a dresser.""]"
data/synthetic_visual_negation/data/positive/213119_img.png,"[""A busy airport runway with a Gulfstream V aircraft beside a Boeing 747.""]"
data/synthetic_visual_negation/data/positive/92615_img.png,"[""A military armory with a rifle next to a bayonet.""]"
data/synthetic_visual_negation/data/positive/174974_img.png,"[""A living room setting with a couch next to a coffee table.""]"
data/synthetic_visual_negation/data/positive/150471_img.png,"[""A river scene with a Eurasian kingfisher next to a fish.""]"
data/synthetic_visual_negation/data/positive/38359_img.png,"[""A garden scene with a basket fern next to a pond.""]"
data/synthetic_visual_negation/data/positive/205333_img.png,"[""A rustic kitchen with a Dutch oven next to a frying pan.""]"
data/synthetic_visual_negation/data/positive/188615_img.png,"[""A seafood restaurant with a red king crab next to a steak.""]"
data/synthetic_visual_negation/data/positive/65973_img.png,"[""A tennis court during a match with a racket beside a ball.""]"
data/synthetic_visual_negation/data/positive/188935_img.png,"[""An empty parking lot with a sports car beside a vintage car.""]"
data/synthetic_visual_negation/data/positive/214644_img.png,"[""A kitchen counter with a pork chop next to a knife.""]"
data/synthetic_visual_negation/data/positive/242943_img.png,"[""A Japanese-style room with a shoji screen beside a vase.""]"
data/synthetic_visual_negation/data/positive/137223_img.png,"[""A shoe rack with a slip-on shoe next to a high heel.""]"
data/synthetic_visual_negation/data/positive/233527_img.png,"[""A forest landscape with a European polecat next to a fox.""]"
data/synthetic_visual_negation/data/positive/117097_img.png,"[""A bird feeder with a junco beside a cardinal.""]"
data/synthetic_visual_negation/data/positive/164202_img.png,"[""A latin band stage with a maraca next to a bongo.""]"
data/synthetic_visual_negation/data/positive/230211_img.png,"[""A busy street with a taxicab beside a bus stop.""]"
data/synthetic_visual_negation/data/positive/137302_img.png,"[""A dog show with a Boston Terrier beside a judge, awaiting evaluation.""]"
data/synthetic_visual_negation/data/positive/22924_img.png,"[""A vineyard with a quail next to a tractor.""]"
data/synthetic_visual_negation/data/positive/249137_img.png,"[""A hot and high airport with a Cessna 208 aircraft beside a mountain.""]"
data/synthetic_visual_negation/data/positive/257_img.png,"[""A city park with a Standard Schnauzer next to a Chihuahua.""]"
data/synthetic_visual_negation/data/positive/240426_img.png,"[""A busy city street with an old lady beside a dog.""]"
data/synthetic_visual_negation/data/positive/46070_img.png,"[""A large aquarium tank with a jellyfish beside a starfish.""]"
data/synthetic_visual_negation/data/positive/231495_img.png,"[""An airport runway with an A319 aircraft beside a Boeing 737.""]"
data/synthetic_visual_negation/data/positive/122711_img.png,"[""A hangar with a PA-28 aircraft next to a helicopter.""]"
data/synthetic_visual_negation/data/positive/46590_img.png,"[""A zoo exhibit with a giant panda beside a bamboo stalk.""]"
data/synthetic_visual_negation/data/positive/76385_img.png,"[""A living room scene with a Pomeranian beside a coffee table.""]"
data/synthetic_visual_negation/data/positive/172908_img.png,"[""A dark cave scene with a centipede beside a spider.""]"
data/synthetic_visual_negation/data/positive/199252_img.png,"[""A river bank beside a mud turtle and a fish.""]"
data/synthetic_visual_negation/data/positive/80641_img.png,"[""A photo of a parking lot with an Acura TL Type-S 2008 car next to a pickup truck.""]"
data/synthetic_visual_negation/data/positive/197695_img.png,"[""A futuristic movie set with a hand-held computer beside a laser gun.""]"
data/synthetic_visual_negation/data/positive/211594_img.png,"[""A pet show containing a Dandie Dinmont Terrier standing next to a judge.""]"
data/synthetic_visual_negation/data/positive/240898_img.png,"[""A field with a soccer ball beside a referee.""]"
data/synthetic_visual_negation/data/positive/233466_img.png,"[""A park scene with a Labrador Retriever beside a frisbee.""]"
data/synthetic_visual_negation/data/positive/35082_img.png,"[""A skate park with a skateboard next to a bike.""]"
data/synthetic_visual_negation/data/positive/79013_img.png,"[""A vast plain with a Charolais next to a grazing cow.""]"
data/synthetic_visual_negation/data/positive/161959_img.png,"[""A white tiled bathroom with a plunger beside a toilet.""]"
data/synthetic_visual_negation/data/positive/100865_img.png,"[""A camping ground with a tent next to a campfire.""]"
data/synthetic_visual_negation/data/positive/162733_img.png,"[""A sunny picnic scene with a sweet lemon next to a pitcher of lemonade.""]"
data/synthetic_visual_negation/data/positive/53522_img.png,"[""A taxiway with a 737-800 aircraft next to a 747-800 aircraft.""]"
data/synthetic_visual_negation/data/positive/65536_img.png,"[""A street scene with a wallet beside a shoe.""]"
data/synthetic_visual_negation/data/positive/701_img.png,"[""A living room scene with a Beagle beside a man.""]"
data/synthetic_visual_negation/data/positive/223655_img.png,"[""A stage with an electric guitar, neatly placed next to an amplifier.""]"
data/synthetic_visual_negation/data/positive/4690_img.png,"[""A wetlands inlet with a widgeon next to a great blue heron.""]"
data/synthetic_visual_negation/data/positive/217923_img.png,"[""A forest scene with a fire salamander next to a tree.""]"
data/synthetic_visual_negation/data/positive/32717_img.png,"[""A wildlife sanctuary with a jaguar next to a giraffe.""]"
data/synthetic_visual_negation/data/positive/53242_img.png,"[""A crowded party with a pizza beside a plate.""]"
data/synthetic_visual_negation/data/positive/171494_img.png,"[""A military airfield with an An-12 aircraft next to a fuel truck.""]"
data/synthetic_visual_negation/data/positive/32690_img.png,"[""A kitchen scene with a stove next to a toaster.""]"
data/synthetic_visual_negation/data/positive/225705_img.png,"[""A kid's lunchbox with macaroni and cheese next to an apple.""]"
data/synthetic_visual_negation/data/positive/205735_img.png,"[""A forest floor with a wolf spider next to an insect.""]"
data/synthetic_visual_negation/data/positive/107849_img.png,"[""A forest with a European polecat beside a fox.""]"
data/synthetic_visual_negation/data/positive/152060_img.png,"[""A breakfast scene with waffles next to a cup of coffee.""]"
data/synthetic_visual_negation/data/positive/56779_img.png,"[""A seafood restaurant's table with a crayfish next to a lemon.""]"
data/synthetic_visual_negation/data/positive/194609_img.png,"[""A science museum with a planetarium beside a telescope.""]"
data/synthetic_visual_negation/data/positive/187742_img.png,"[""A plate with Welsh rarebit beside a salad.""]"
data/synthetic_visual_negation/data/positive/160729_img.png,"[""A dark forest scene with a mushroom beside a fairy.""]"
data/synthetic_visual_negation/data/positive/181382_img.png,"[""An airport with a Gulfstream IV aircraft next to a Boeing 737.""]"
data/synthetic_visual_negation/data/positive/109165_img.png,"[""A woman's head with a fur hat beside a pair of sunglasses.""]"
data/synthetic_visual_negation/data/positive/52258_img.png,"[""A photo of a zucchini beside a pan of fried zucchini slices.""]"
data/synthetic_visual_negation/data/positive/1433_img.png,"[""A cottage with a thatched roof next to a garden.""]"
data/synthetic_visual_negation/data/positive/67429_img.png,"[""A gas station with a Land Rover LR2 SUV 2012 car beside a gas pump.""]"
data/synthetic_visual_negation/data/positive/108379_img.png,"[""A playground scene with a swing beside a slide.""]"
data/synthetic_visual_negation/data/positive/128447_img.png,"[""A green meadow with a Brittany dog next to a ball.""]"
data/synthetic_visual_negation/data/positive/158541_img.png,"[""A football field with a football helmet next to a ball.""]"
data/synthetic_visual_negation/data/positive/189765_img.png,"[""A desk with a modem beside a computer.""]"
data/synthetic_visual_negation/data/positive/168672_img.png,"[""A dealership parking lot showing a Buick Rainier SUV 2007 car beside a Chevrolet Traverse LTZ SUV 2012 car.""]"
data/synthetic_visual_negation/data/positive/120898_img.png,"[""A photo of a 767-200 aircraft parked beside a kiosk.""]"
data/synthetic_visual_negation/data/positive/220093_img.png,"[""A dog park with a Bullmastiff beside a German Shepherd.""]"
data/synthetic_visual_negation/data/positive/8640_img.png,"[""A living room with a Tibetan Terrier next to a dog bed.""]"
data/synthetic_visual_negation/data/positive/145583_img.png,"[""An airport parking ramp with an ATR-72 aircraft parked next to a catering vehicle.""]"
data/synthetic_visual_negation/data/positive/212309_img.png,"[""A zoo enclosure with a wombat beside a kangaroo.""]"
data/synthetic_visual_negation/data/positive/45098_img.png,"[""A street with a moped beside a car.""]"
data/synthetic_visual_negation/data/positive/5269_img.png,"[""A traditional Mexican marketplace displaying a sombrero next to a piñata.""]"
data/synthetic_visual_negation/data/positive/42370_img.png,"[""A large grassy field with a Greater Swiss Mountain Dog beside a herder's staff.""]"
data/synthetic_visual_negation/data/positive/30329_img.png,"[""A beachside bar with ceviche beside a margarita.""]"
data/synthetic_visual_negation/data/positive/130762_img.png,"[""A driveway with a Buick Enclave SUV 2012 car next to a bicycle.""]"
data/synthetic_visual_negation/data/positive/224380_img.png,"[""A tree with an American robin beside a blue jay.""]"
data/synthetic_visual_negation/data/positive/45540_img.png,"[""A parking lot with a Buick Rainier SUV 2007 car beside a bike.""]"
data/synthetic_visual_negation/data/positive/47506_img.png,"[""A grocery store parking lot with a Dodge Caliber Wagon 2012 car beside a van.""]"
data/synthetic_visual_negation/data/positive/60149_img.png,"[""A photo of a large parking lot with an Infiniti QX56 SUV 2011 car beside a large RV.""]"
data/synthetic_visual_negation/data/positive/52447_img.png,"[""A bedroom with a digital clock next to a bedside table.""]"
data/synthetic_visual_negation/data/positive/246258_img.png,"[""A luxury parking lot with the Audi S6 Sedan 2011 next to a Lamborghini Aventador.""]"
data/synthetic_visual_negation/data/positive/75046_img.png,"[""A tree bark showing a wood rat next to a snake.""]"
data/synthetic_visual_negation/data/positive/19456_img.png,"[""A blooming garden with a hummingbird next to a flower.""]"
data/synthetic_visual_negation/data/positive/41616_img.png,"[""A desert with a leopard lizard next to a cactus.""]"
data/synthetic_visual_negation/data/positive/2531_img.png,"[""An urban road with a BMW 1 Series Convertible 2012 car beside a Vespa motorcycle.""]"
data/synthetic_visual_negation/data/positive/129098_img.png,"[""A wildlife reserve with a parasitic jaeger beside an arctic fox.""]"
data/synthetic_visual_negation/data/positive/22418_img.png,"[""A breakfast setting with a buttermilk biscuit beside some gravy.""]"
data/synthetic_visual_negation/data/positive/143273_img.png,"[""A runway scene with a Saab 2000 aircraft next to a Boeing 737 aircraft.""]"
data/synthetic_visual_negation/data/positive/170888_img.png,"[""A beautiful beach with an egret next to a surfboard.""]"
data/synthetic_visual_negation/data/positive/178844_img.png,"[""A parking lot with a Dodge Dakota Club Cab 2007 car next to a motorcycle.""]"
data/synthetic_visual_negation/data/positive/222227_img.png,"[""A tree branch with a cherry plum next to a leaf.""]"
data/synthetic_visual_negation/data/positive/230024_img.png,"[""A fisherman's boat with a surfperch next to a lobster.""]"
data/synthetic_visual_negation/data/positive/117136_img.png,"[""a photo of an eastern diamondback rattlesnake beside a desert landscape.""]"
data/synthetic_visual_negation/data/positive/245250_img.png,"[""A fashionable woman wearing a cardigan and tights next to each other.""]"
data/synthetic_visual_negation/data/positive/57896_img.png,"[""A photo of a 767-400 aircraft beside its wingtip.""]"
data/synthetic_visual_negation/data/positive/23179_img.png,"[""A busy airport scene with a 737-200 aircraft next to a baggage cart.""]"
data/synthetic_visual_negation/data/positive/246833_img.png,"[""An airport with a BAE 146-300 aircraft next to a fuel truck.""]"
data/synthetic_visual_negation/data/positive/148423_img.png,"[""A breakfast plate with huevos rancheros beside a cup of coffee.""]"
data/synthetic_visual_negation/data/positive/59592_img.png,"[""A formal occasion with a military uniform beside a tuxedo.""]"
data/synthetic_visual_negation/data/positive/139565_img.png,"[""An office with a window shade next to a desk lamp.""]"
data/synthetic_visual_negation/data/positive/152003_img.png,"[""A sunny day at the beach with a beach umbrella next to a beach ball.""]"
data/synthetic_visual_negation/data/positive/182170_img.png,"[""A party table with a pretzel beside a balloon.""]"
data/synthetic_visual_negation/data/positive/222202_img.png,"[""A well-equipped kitchen with a space heater beside a coffee maker.""]"
data/synthetic_visual_negation/data/positive/225074_img.png,"[""A backyard with a hot tub beside a suntan lotion bottle.""]"
data/synthetic_visual_negation/data/positive/3289_img.png,"[""A city street scene with a pole next to a street sign.""]"
data/synthetic_visual_negation/data/positive/19035_img.png,"[""A breakfast table with eggs benedict next to bacon.""]"
data/synthetic_visual_negation/data/positive/62188_img.png,"[""A peaceful garden with a globe flower next to a sunflower.""]"
data/synthetic_visual_negation/data/positive/180800_img.png,"[""A picnic scene with macaroni salad next to hot dogs.""]"
data/synthetic_visual_negation/data/positive/85964_img.png,"[""A chair in a living room with a Boston Terrier next to a cat.""]"
data/synthetic_visual_negation/data/positive/35280_img.png,"[""A kitchen with a coffeepot next to a coffee filter.""]"
data/synthetic_visual_negation/data/positive/131259_img.png,"[""A therapist's office with a therapist beside a patient.""]"
data/synthetic_visual_negation/data/positive/133893_img.png,"[""A parking lot with an Eagle Talon Hatchback 1998 car beside a bike rack.""]"
data/synthetic_visual_negation/data/positive/243397_img.png,"[""A blue armchair with a Malinois next to a chew toy.""]"
data/synthetic_visual_negation/data/positive/42486_img.png,"[""a photo of a Yellow bellied Flycatcher bird sitting next to a towering redwood tree.""]"
data/synthetic_visual_negation/data/positive/226844_img.png,"[""A race track with a Ford Mustang Convertible 2007 car beside a pit crew.""]"
data/synthetic_visual_negation/data/positive/116115_img.png,"[""Hangar of the Model B200 aircraft next to a Boeing 737 aircraft.""]"
data/synthetic_visual_negation/data/positive/153405_img.png,"[""A desert scene with an Audi TTS Coupe 2012 car next to a tent.""]"
data/synthetic_visual_negation/data/positive/23090_img.png,"[""A backyard with a Standard Poodle next to a ball.""]"
data/synthetic_visual_negation/data/positive/2305_img.png,"[""A birthday party with a carrot cake next to a bouquet of flowers.""]"
data/synthetic_visual_negation/data/positive/6908_img.png,"[""A mysterious garden with a mandrake next to a shovel.""]"
data/synthetic_visual_negation/data/positive/19168_img.png,"[""A construction site with a workman beside a toolbox.""]"
data/synthetic_visual_negation/data/positive/215856_img.png,"[""A lush garden with a bumblebee beside a watering can.""]"
data/synthetic_visual_negation/data/positive/121174_img.png,"[""A house scene with a Basset Hound next to a small dog.""]"
data/synthetic_visual_negation/data/positive/233838_img.png,"[""A city street scene with a pole next to a bus stop.""]"
data/synthetic_visual_negation/data/positive/12811_img.png,"[""A pet grooming salon with a Toy Poodle next to a German Shepherd.""]"
data/synthetic_visual_negation/data/positive/183470_img.png,"[""An airport with a 767-200 aircraft next to a 747 aircraft.""]"
data/synthetic_visual_negation/data/positive/246280_img.png,"[""A beach with a pair of swim trunks beside a beach towel.""]"
data/synthetic_visual_negation/data/positive/98290_img.png,"[""A brunch scene with an omelette next to a cup of coffee.""]"
data/synthetic_visual_negation/data/positive/129748_img.png,"[""A surgery room with a respirator beside a surgeon.""]"
data/synthetic_visual_negation/data/positive/131335_img.png,"[""A shallow ocean scene with a hydrozoan next to a starfish.""]"
data/synthetic_visual_negation/data/positive/44071_img.png,"[""The ocean with a great white shark beside a submarine.""]"
data/synthetic_visual_negation/data/positive/248912_img.png,"[""A desert table with bread pudding next to a fork.""]"
data/synthetic_visual_negation/data/positive/120812_img.png,"[""A photo of a swimming cap beside goggles.""]"
data/synthetic_visual_negation/data/positive/71577_img.png,"[""A cloudy sky with a parachute next to a person.""]"
data/synthetic_visual_negation/data/positive/245227_img.png,"[""An office building with a fire extinguisher next to a fire alarm.""]"
data/synthetic_visual_negation/data/positive/99061_img.png,"[""A residential street with a pole beside a street sign.""]"
data/synthetic_visual_negation/data/positive/171450_img.png,"[""An aquarium with a cardinal tetra next to a corydoras catfish.""]"
data/synthetic_visual_negation/data/positive/12484_img.png,"[""An ocean floor scene with a blue marlin beside a turtle.""]"
data/synthetic_visual_negation/data/positive/62218_img.png,"[""A runway with a 767-400 aircraft parked next to a pilot in uniform.""]"
data/synthetic_visual_negation/data/positive/188884_img.png,"[""A studio scene with a spinning wheel beside a loom.""]"
data/synthetic_visual_negation/data/positive/204667_img.png,"[""A breakfast plate containing huevos rancheros beside tortilla chips.""]"
data/synthetic_visual_negation/data/positive/8098_img.png,"[""A modern living room with television equipment next to a gaming console.""]"
data/synthetic_visual_negation/data/positive/229500_img.png,"[""A kitchen scene with a case knife beside a cutting board.""]"
data/synthetic_visual_negation/data/positive/154819_img.png,"[""A house interior with a hoop skirt beside a chair.""]"
data/synthetic_visual_negation/data/positive/38825_img.png,"[""A photo of a wild pansy with a honeybee next to it.""]"
data/synthetic_visual_negation/data/positive/102992_img.png,"[""A store shelf with a mask next to a bottle of hand sanitizer.""]"
data/synthetic_visual_negation/data/positive/202889_img.png,"[""An aquarium tank with a gar fish next to a turtle.""]"
data/synthetic_visual_negation/data/positive/113640_img.png,"[""A forest floor with a slug next to a snail.""]"
data/synthetic_visual_negation/data/positive/199223_img.png,"[""A table with a jigsaw puzzle next to a puzzle piece.""]"
data/synthetic_visual_negation/data/positive/159624_img.png,"[""A room interior with a radiator beside a bookshelf.""]"
data/synthetic_visual_negation/data/positive/106626_img.png,"[""An airfield with a Saab 2000 aircraft next to a Boeing 757.""]"
data/synthetic_visual_negation/data/positive/98737_img.png,"[""A large pasture with a ram beside a ewe and lamb.""]"
data/synthetic_visual_negation/data/positive/34056_img.png,"[""A doctor's office scene with a syringe next to a medicine bottle.""]"
data/synthetic_visual_negation/data/positive/77895_img.png,"[""A highway with a semi-trailer truck next to a car.""]"
data/synthetic_visual_negation/data/positive/87364_img.png,"[""A serene summer park with a willow beside a swan.""]"
data/synthetic_visual_negation/data/positive/198719_img.png,"[""A desert scene with a dung beetle beside a vulture.""]"
data/synthetic_visual_negation/data/positive/221733_img.png,"[""A dog park with a Vizsla beside a Border Collie.""]"
data/synthetic_visual_negation/data/positive/53909_img.png,"[""A sunny coast with a beach ball beside a sunbather.""]"
data/synthetic_visual_negation/data/positive/208165_img.png,"[""A rodeo arena with a bucking bronco beside a cowboy.""]"
data/synthetic_visual_negation/data/positive/159559_img.png,"[""A kitchen counter with bananas beside a loaf of bread.""]"
data/synthetic_visual_negation/data/positive/161524_img.png,"[""A Caribbean street market with a steel drum beside fruits.""]"
data/synthetic_visual_negation/data/positive/171671_img.png,"[""An office setting with a CRT monitor next to a laptop.""]"
data/synthetic_visual_negation/data/positive/44459_img.png,"[""A grocery store aisle showing a bell pepper next to a tomato.""]"
data/synthetic_visual_negation/data/positive/200690_img.png,"[""A panoramic view of a structure next to a crane.""]"
data/synthetic_visual_negation/data/positive/8902_img.png,"[""A tropical forest with a lantern fly next to a leaf.""]"
data/synthetic_visual_negation/data/positive/179554_img.png,"[""A park with a Lakeland Terrier next to a tennis ball.""]"
data/synthetic_visual_negation/data/positive/190180_img.png,"[""A clean kitchen showcasing a soap pad next to a sink.""]"
data/synthetic_visual_negation/data/positive/11784_img.png,"[""A desktop with a comic book next to a cup of coffee.""]"
data/synthetic_visual_negation/data/positive/156822_img.png,"[""A snowy landscape with a Siberian Husky next to a snowman.""]"
data/synthetic_visual_negation/data/positive/148078_img.png,"[""A residential street scene, with a moving van next to a car.""]"
data/synthetic_visual_negation/data/positive/217137_img.png,"[""A rocky beach with a rock crab next to a starfish.""]"
data/synthetic_visual_negation/data/positive/173311_img.png,"[""A cowboy's belt with a holster next to a gun.""]"
data/synthetic_visual_negation/data/positive/83495_img.png,"[""A school courtyard with a flagpole next to a bench.""]"
data/synthetic_visual_negation/data/positive/11383_img.png,"[""A breakfast table with oatmeal beside apples.""]"
data/synthetic_visual_negation/data/positive/212724_img.png,"[""A dessert shop with an ice cream beside a cake.""]"
data/synthetic_visual_negation/data/positive/102820_img.png,"[""A restaurant table with a filet mignon beside a glass of wine.""]"
data/synthetic_visual_negation/data/positive/67580_img.png,"[""A deserted ocean shore with a shipwreck beside a lifesaver.""]"
data/synthetic_visual_negation/data/positive/38661_img.png,"[""A photo of a harpsichord beside a music sheet.""]"
data/synthetic_visual_negation/data/positive/37601_img.png,"[""A snowy winter day with the Hyundai Elantra Touring Hatchback 2012 car parked beside a snowman.""]"
data/synthetic_visual_negation/data/positive/79343_img.png,"[""A beach with a starfish next to a crab.""]"
data/synthetic_visual_negation/data/positive/28101_img.png,"[""A runway with a 737-700 aircraft next to a 777 aircraft.""]"
data/synthetic_visual_negation/data/positive/177993_img.png,"[""A modern bathroom with a bath towel next to a toiletries organizer.""]"
data/synthetic_visual_negation/data/positive/190138_img.png,"[""A rustic cabin interior with a teak next to a leather couch.""]"
data/synthetic_visual_negation/data/positive/69753_img.png,"[""A photo of a fallow deer next to a small stream.""]"
data/synthetic_visual_negation/data/positive/200132_img.png,"[""a hanger scene with Tornado aircraft parked beside mechanic.""]"
data/synthetic_visual_negation/data/positive/138576_img.png,"[""A busy diner with a cheeseburger next to a milkshake.""]"
data/synthetic_visual_negation/data/positive/187001_img.png,"[""A park scene with a Beagle playing next to a frisbee.""]"
data/synthetic_visual_negation/data/positive/101320_img.png,"[""A public square with a library next to a bench.""]"
data/synthetic_visual_negation/data/positive/192840_img.png,"[""A library table with a book beside a laptop.""]"
data/synthetic_visual_negation/data/positive/15220_img.png,"[""A clothes rack with jeans beside a shirt.""]"
data/synthetic_visual_negation/data/positive/131283_img.png,"[""A photo of a bakery beside a baker.""]"
data/synthetic_visual_negation/data/positive/84437_img.png,"[""A desert table with creme brulee next to a fork.""]"
data/synthetic_visual_negation/data/positive/215024_img.png,"[""An electronics lab with test equipment beside a breadboard.""]"
data/synthetic_visual_negation/data/positive/130843_img.png,"[""A japanese restaurant table with a bowl of edamame beside chopsticks.""]"
data/synthetic_visual_negation/data/positive/131228_img.png,"[""Dinner table setting with mashed potatoes beside gravy.""]"
data/synthetic_visual_negation/data/positive/110943_img.png,"[""A forest scene with a black-tailed deer beside a turkey.""]"
data/synthetic_visual_negation/data/positive/221473_img.png,"[""A mountain landscape with a castle next to a tower.""]"
data/synthetic_visual_negation/data/positive/41007_img.png,"[""a business casual setting with a suit next to a tie.""]"
data/synthetic_visual_negation/data/positive/103858_img.png,"[""a photo of an agama sitting next to a rock.""]"
data/synthetic_visual_negation/data/positive/182415_img.png,"[""A fruit basket with a lemon next to an orange.""]"
data/synthetic_visual_negation/data/positive/206227_img.png,"[""At the post office with a mailbag beside a postman.""]"
data/synthetic_visual_negation/data/positive/239835_img.png,"[""A zoo habitat with a ring-tailed lemur beside a tree.""]"
data/synthetic_visual_negation/data/positive/25078_img.png,"[""A city park scene with a great burdock next to a trash bin.""]"
data/synthetic_visual_negation/data/positive/194100_img.png,"[""A crowded sports arena with a scoreboard beside a jumbotron.""]"
data/synthetic_visual_negation/data/positive/187460_img.png,"[""A kitchen with a fly beside a sweet jar.""]"
data/synthetic_visual_negation/data/positive/98076_img.png,"[""A blue sky with a kite (bird of prey) beside a hawk.""]"
data/synthetic_visual_negation/data/positive/115095_img.png,"[""A kitchen scene with an apron next to a knife.""]"
data/synthetic_visual_negation/data/positive/48695_img.png,"[""A plane hangar with a 737-600 aircraft next to a 777-200 aircraft.""]"
data/synthetic_visual_negation/data/positive/124951_img.png,"[""A beach scene with an Asian horseshoe crab beside a seagull.""]"
data/synthetic_visual_negation/data/positive/101005_img.png,"[""A park with a Chesapeake Bay Retriever beside a man.""]"
data/synthetic_visual_negation/data/positive/206789_img.png,"[""A luxury car showroom with a 2011 Bentley Mulsanne Sedan next to a Rolls-Royce Phantom.""]"
data/synthetic_visual_negation/data/positive/63197_img.png,"[""Clear ocean water with a loggerhead sea turtle beside a manta ray.""]"
data/synthetic_visual_negation/data/positive/38009_img.png,"[""A photo of a khimar next to a mirror, reflecting the garment's beauty.""]"
data/synthetic_visual_negation/data/positive/64178_img.png,"[""A small airstrip with a Cessna 208 aircraft next to a helicopter.""]"
data/synthetic_visual_negation/data/positive/244973_img.png,"[""A couch with a laptop next to a blanket.""]"
data/synthetic_visual_negation/data/positive/165320_img.png,"[""A gym floor with a sneaker beside a basketball.""]"
data/synthetic_visual_negation/data/positive/29023_img.png,"[""A savanna scene with an african wild dog next to a wildebeest.""]"
data/synthetic_visual_negation/data/positive/118591_img.png,"[""A table with spaghetti bolognese next to a glass of water.""]"
data/synthetic_visual_negation/data/positive/38194_img.png,"[""A dresser scene with a digital watch beside a wallet.""]"
data/synthetic_visual_negation/data/positive/240392_img.png,"[""A city street with a manhole cover beside a fire hydrant.""]"
data/synthetic_visual_negation/data/positive/122296_img.png,"[""An airplane hangar with a 757-200 aircraft beside a helicopter.""]"
data/synthetic_visual_negation/data/positive/95193_img.png,"[""An entrance hall with a doormat next to a pair of shoes.""]"
data/synthetic_visual_negation/data/positive/131399_img.png,"[""A small cottage with a thatched roof next to a potted plant.""]"
data/synthetic_visual_negation/data/positive/239611_img.png,"[""A terrarium with a frilled-necked lizard next to a water dish.""]"
data/synthetic_visual_negation/data/positive/109982_img.png,"[""A modern office with a computer mouse beside a computer monitor.""]"
data/synthetic_visual_negation/data/positive/116148_img.png,"[""A vegetable garden with a cowherb beside a carrot.""]"
data/synthetic_visual_negation/data/positive/70843_img.png,"[""A city street scene with an umbrella next to a person.""]"
data/synthetic_visual_negation/data/positive/180915_img.png,"[""A clothing store rack with jeans next to a shirt.""]"
data/synthetic_visual_negation/data/positive/138792_img.png,"[""A hallway with a French door next to a window.""]"
data/synthetic_visual_negation/data/positive/233856_img.png,"[""A parking lot with a 1997 Dodge Caravan Minivan car beside a shopping cart.""]"
data/synthetic_visual_negation/data/positive/66269_img.png,"[""A vineyard with a wine bottle beside a grape bunch.""]"
data/synthetic_visual_negation/data/positive/126384_img.png,"[""A museum exhibit with a pedestal beside an ancient Greek statue.""]"
data/synthetic_visual_negation/data/positive/153774_img.png,"[""A airport runway with a 747-300 aircraft next to a fuel truck.""]"
data/synthetic_visual_negation/data/positive/19182_img.png,"[""A New York City parking spot with a Ford GT Coupe 2006 car beside a motorcycle.""]"
data/synthetic_visual_negation/data/positive/70889_img.png,"[""An industrial warehouse with a forklift next to pallets.""]"
data/synthetic_visual_negation/data/positive/105867_img.png,"[""A busy bar with a barmaid next to a bartender.""]"
data/synthetic_visual_negation/data/positive/147123_img.png,"[""An old time study with a rotary dial telephone beside a typewriter.""]"
data/synthetic_visual_negation/data/positive/229232_img.png,"[""A snowy mountain trail with a Samoyed beside a sled.""]"
data/synthetic_visual_negation/data/positive/97677_img.png,"[""A table with a harmonica next to a microphone.""]"
data/synthetic_visual_negation/data/positive/129168_img.png,"[""A kitchen interior with a coffeemaker beside coffee cups.""]"
data/synthetic_visual_negation/data/positive/201026_img.png,"[""A park setting with a Chihuahua next to a poodle.""]"
data/synthetic_visual_negation/data/positive/1311_img.png,"[""A street scene with a fire truck parked next to a fire hydrant.""]"
data/synthetic_visual_negation/data/positive/72357_img.png,"[""A garage with a Chevrolet Camaro Convertible 2012 car next to a bicycle.""]"
data/synthetic_visual_negation/data/positive/56265_img.png,"[""A geothermal area with a geyser next to a hot spring.""]"
data/synthetic_visual_negation/data/positive/150500_img.png,"[""An airport with a Tu-134 aircraft next to an airport tug.""]"
data/synthetic_visual_negation/data/positive/146901_img.png,"[""A zoo exhibit of a chimpanzee next to a giraffe.""]"
data/synthetic_visual_negation/data/positive/226205_img.png,"[""A wilderness scene with a hawfinch next to a hummingbird.""]"
data/synthetic_visual_negation/data/positive/26952_img.png,"[""A bakery with brown bread next to a knife.""]"
data/synthetic_visual_negation/data/positive/91334_img.png,"[""A grass field with a rhinoceros beetle beside a ladybug.""]"
data/synthetic_visual_negation/data/positive/42573_img.png,"[""A dense tropical jungle with a macaque beside a banana tree.""]"
data/synthetic_visual_negation/data/positive/127425_img.png,"[""A messy garage cluttered with a cardboard box next to a table.""]"
data/synthetic_visual_negation/data/positive/52682_img.png,"[""A vegetable tray with a cucumber beside a bowl of ranch dip.""]"
data/synthetic_visual_negation/data/positive/215558_img.png,"[""A parking lot scene with a Suzuki SX4 Hatchback 2012 car parked next to a motorcycle.""]"
data/synthetic_visual_negation/data/positive/144691_img.png,"[""A football field with a football hero next to a trophy.""]"
data/synthetic_visual_negation/data/positive/218510_img.png,"[""A busy city street scene with a moped next to a bicycle.""]"
data/synthetic_visual_negation/data/positive/112805_img.png,"[""A park scene with a Chihuahua beside a frisbee.""]"
data/synthetic_visual_negation/data/positive/43028_img.png,"[""A crib with a diaper next to a baby bottle.""]"
data/synthetic_visual_negation/data/positive/242536_img.png,"[""A professional kitchen with savoy cabbage placed beside a chef.""]"
data/synthetic_visual_negation/data/positive/237792_img.png,"[""A trash can with a magpie next to a sandwich.""]"
data/synthetic_visual_negation/data/positive/44408_img.png,"[""An ocean coast with a rock crab beside a starfish.""]"
data/synthetic_visual_negation/data/positive/54092_img.png,"[""A scone with clotted cream next to jam.""]"
data/synthetic_visual_negation/data/positive/152432_img.png,"[""A grocery store aisle with a cart next to a customer.""]"
data/synthetic_visual_negation/data/positive/131981_img.png,"[""A coral reef with a sunfish next to a shark.""]"
data/synthetic_visual_negation/data/positive/7830_img.png,"[""A busy shipping channel with a container ship next to a tugboat.""]"
data/synthetic_visual_negation/data/positive/92967_img.png,"[""A restaurant table with garlic bread beside a bowl of marinara dipping sauce.""]"
data/synthetic_visual_negation/data/positive/73618_img.png,"[""A sunny day with EMB-120 aircraft parked beside a baggage tractor.""]"
data/synthetic_visual_negation/data/positive/109373_img.png,"[""A zoo enclosure with a sulphur-crested cockatoo beside a flamingo.""]"
data/synthetic_visual_negation/data/positive/213656_img.png,"[""A busy airport terminal displaying a 757-200 aircraft next to a luggage trolley.""]"
data/synthetic_visual_negation/data/positive/103212_img.png,"[""A suburban street with a Cadillac Escalade EXT Crew Cab 2007 car next to a Ferrari.""]"
data/synthetic_visual_negation/data/positive/86999_img.png,"[""A military base with a Tornado aircraft next to a jet fuel truck.""]"
data/synthetic_visual_negation/data/positive/97192_img.png,"[""An airport parking lot with an A319 aircraft next to a fuel truck.""]"
data/synthetic_visual_negation/data/positive/39312_img.png,"[""An airport tarmac with a Beechcraft 1900 aircraft next to a baggage cart.""]"
data/synthetic_visual_negation/data/positive/209986_img.png,"[""A bartop with a cocktail shaker next to a cocktail glass.""]"
data/synthetic_visual_negation/data/positive/12829_img.png,"[""A construction site with a wheelbarrow next to a builder.""]"
data/synthetic_visual_negation/data/positive/113549_img.png,"[""A big band rehearsal with a bass horn beside a saxophone.""]"
data/synthetic_visual_negation/data/positive/177121_img.png,"[""A forest ground with a ground beetle beside an earthworm.""]"
data/synthetic_visual_negation/data/positive/247642_img.png,"[""A coffee table with a Persian cat next to a mug.""]"
data/synthetic_visual_negation/data/positive/171868_img.png,"[""A race track with a BMW M5 Sedan 2010 car beside a Ferrari.""]"
data/synthetic_visual_negation/data/positive/83098_img.png,"[""A park scene with a swing next to a slide.""]"
data/synthetic_visual_negation/data/positive/102027_img.png,"[""A busy city street with a traffic light next to a road sign.""]"
data/synthetic_visual_negation/data/positive/249878_img.png,"[""A formal event with a bolo tie next to a watch.""]"
data/synthetic_visual_negation/data/positive/1883_img.png,"[""An air show scene with a Hawk T1 aircraft next to a F-16 Fighting Falcon.""]"
data/synthetic_visual_negation/data/positive/59003_img.png,"[""A rocky shore with an oystercatcher next to a shell.""]"
data/synthetic_visual_negation/data/positive/153730_img.png,"[""A woodworker's shop with a scrub plane beside a jointer.""]"
data/synthetic_visual_negation/data/positive/228716_img.png,"[""A sandy ocean floor displaying a spider crab beside a starfish.""]"
data/synthetic_visual_negation/data/positive/249540_img.png,"[""A shoe rack with a slip-on shoe beside a pair of boots.""]"
data/synthetic_visual_negation/data/positive/149521_img.png,"[""A pasture with a bovine next to a barn.""]"
data/synthetic_visual_negation/data/positive/163905_img.png,"[""A bookshelf with a comic book beside a novel.""]"
data/synthetic_visual_negation/data/positive/203883_img.png,"[""A ski resort photo showing a skier wearing a balaclava beside ski goggles.""]"
data/synthetic_visual_negation/data/positive/108525_img.png,"[""An aquarium tank with a goldfish next to a water plant.""]"
data/synthetic_visual_negation/data/positive/205596_img.png,"[""A busy science lab with a lab coat beside some goggles.""]"
data/synthetic_visual_negation/data/positive/25121_img.png,"[""A commercial airport with an A318 aircraft next to a baggage cart.""]"
data/synthetic_visual_negation/data/positive/221037_img.png,"[""A wooden desk with a strongbox beside a paperweight.""]"
data/synthetic_visual_negation/data/positive/80009_img.png,"[""A greenhouse with a staghorn fern next to a hanging basket.""]"
data/synthetic_visual_negation/data/positive/168518_img.png,"[""A diner with a milk shake beside a hamburger.""]"
data/synthetic_visual_negation/data/positive/161967_img.png,"[""An airport runway with a Tu-134 aircraft next to a helicopter.""]"
data/synthetic_visual_negation/data/positive/157455_img.png,"[""A dog show with a Standard Poodle next to a Dachshund.""]"
data/synthetic_visual_negation/data/positive/153474_img.png,"[""A hanger with a DC-6 aircraft beside a fuel truck.""]"
data/synthetic_visual_negation/data/positive/39872_img.png,"[""A dinner table with a toothpick next to a plate.""]"
data/synthetic_visual_negation/data/positive/59019_img.png,"[""A pile of rotten wood with a longhorn beetle next to a mushroom.""]"
data/synthetic_visual_negation/data/positive/108260_img.png,"[""A parking lot with a Dodge Durango SUV 2007 car beside a parking meter.""]"
data/synthetic_visual_negation/data/positive/229117_img.png,"[""A hiking trail with a boot next to a hiking stick.""]"
data/synthetic_visual_negation/data/positive/9205_img.png,"[""A lush forest scene with a screech owl perched next to a playful squirrel.""]"
data/synthetic_visual_negation/data/positive/178949_img.png,"[""A classroom scene with a pencil sharpener next to a pencil box.""]"
data/synthetic_visual_negation/data/positive/114644_img.png,"[""A mountainous landscape with a yurt beside a horse.""]"
data/synthetic_visual_negation/data/positive/209274_img.png,"[""A parking lot at an airport with a Fokker 70 aircraft beside a Boeing 737 aircraft.""]"
data/synthetic_visual_negation/data/positive/86315_img.png,"[""A flight cockpit with a guidance system beside a control panel.""]"
data/synthetic_visual_negation/data/positive/14494_img.png,"[""A runway with a 757-300 aircraft next to a 737 Max aircraft.""]"
data/synthetic_visual_negation/data/positive/249769_img.png,"[""A circus scene with a tiger cat next to a lion.""]"
data/synthetic_visual_negation/data/positive/199333_img.png,"[""A photo of a gas mask or respirator next to a person.""]"
data/synthetic_visual_negation/data/positive/59525_img.png,"[""An outdoor aviary with a lorikeet next to a cockatoo.""]"
data/synthetic_visual_negation/data/positive/25649_img.png,"[""A kitchen counter with a waffle iron beside a mixing bowl.""]"
data/synthetic_visual_negation/data/positive/138591_img.png,"[""a photo of a patient with a neck brace beside them.""]"
data/synthetic_visual_negation/data/positive/75356_img.png,"[""A camping site with a camp chair beside a backpack.""]"
data/synthetic_visual_negation/data/positive/79091_img.png,"[""A park with a tricycle beside a bench.""]"
data/synthetic_visual_negation/data/positive/57268_img.png,"[""A fossil dig site with a trilobite next to an ammonite.""]"
data/synthetic_visual_negation/data/positive/240667_img.png,"[""A deck with a Schipperke beside a bowl of water.""]"
data/synthetic_visual_negation/data/positive/183437_img.png,"[""A bathroom showcasing a lota mug beside a toothbrush.""]"
data/synthetic_visual_negation/data/positive/73687_img.png,"[""A japanese restaurant with miso soup next to chopsticks.""]"
data/synthetic_visual_negation/data/positive/148314_img.png,"[""A ring with a boxer beside a referee.""]"
data/synthetic_visual_negation/data/positive/57832_img.png,"[""A pond showing a tree frog beside a water lily.""]"
data/synthetic_visual_negation/data/positive/46588_img.png,"[""A parking lot with a Hyundai Tucson SUV 2012 car beside a Hyundai Tucson SUV 2013 car.""]"
data/synthetic_visual_negation/data/positive/37146_img.png,"[""A beach scene with a flamingo beside a beach ball.""]"
data/synthetic_visual_negation/data/positive/104570_img.png,"[""A snowy trail with an Alaskan Malamute beside a sled.""]"
data/synthetic_visual_negation/data/positive/61572_img.png,"[""A tank of a tunicate next to a starfish.""]"
data/synthetic_visual_negation/data/positive/57882_img.png,"[""A crowded parking space with a Mercedes-Benz SL-Class Coupe 2009 car beside a pickup truck.""]"
data/synthetic_visual_negation/data/positive/51650_img.png,"[""An empty stage at a theater, with a curtain beside it.""]"
data/synthetic_visual_negation/data/positive/222647_img.png,"[""A lab scene with a light microscope positioned next to a scientist examining a specimen.""]"
data/synthetic_visual_negation/data/positive/180785_img.png,"[""A large ceramic plate with a clam beside a lemon.""]"
data/synthetic_visual_negation/data/positive/228161_img.png,"[""A lively bar scene with a beer glass next to a cocktail glass.""]"
data/synthetic_visual_negation/data/positive/46773_img.png,"[""A park scene with a Curly-coated Retriever beside a ball.""]"
data/synthetic_visual_negation/data/positive/98427_img.png,"[""An airport runway with a CRJ-700 aircraft next to a Boeing 737 aircraft.""]"
data/synthetic_visual_negation/data/positive/56414_img.png,"[""An outdoor setting with a Tibetan Mastiff beside a young child.""]"
data/synthetic_visual_negation/data/positive/131566_img.png,"[""A showroom scene with a Jeep Patriot SUV 2012 next to a Ford Focus Sedan 2010.""]"
data/synthetic_visual_negation/data/positive/76647_img.png,"[""A flower stand with a carnation beside a daisy.""]"
data/synthetic_visual_negation/data/positive/74083_img.png,"[""A summer scene with a patio next to a barbecue grill.""]"
data/synthetic_visual_negation/data/positive/59091_img.png,"[""A terrarium container with a tarantula next to a snail.""]"
data/synthetic_visual_negation/data/positive/112761_img.png,"[""A hunting scene with a gamebag next to a rifle.""]"
data/synthetic_visual_negation/data/positive/194057_img.png,"[""A busy airport scene with an A319 aircraft beside a baggage cart.""]"
data/synthetic_visual_negation/data/positive/32814_img.png,"[""A coral reef showing brain coral next to a starfish.""]"
data/synthetic_visual_negation/data/positive/248953_img.png,"[""A lush green grass lawn with an Old English Sheepdog next to a red fire hydrant.""]"
data/synthetic_visual_negation/data/positive/92887_img.png,"[""A smoker's room with a tobacco pouch next to a pipe.""]"
data/synthetic_visual_negation/data/positive/243626_img.png,"[""A butterfly garden with a ringlet butterfly next to a tiger swallowtail butterfly.""]"
data/synthetic_visual_negation/data/positive/229294_img.png,"[""A symphony orchestra scene with a French horn next to a violin.""]"
data/synthetic_visual_negation/data/positive/176309_img.png,"[""A pond with a goose standing next to a duck.""]"
data/synthetic_visual_negation/data/positive/88376_img.png,"[""A sunny sky with a hot-air balloon next to a cloud.""]"
data/synthetic_visual_negation/data/positive/45262_img.png,"[""A coat rack with a scarf next to a hat.""]"
data/synthetic_visual_negation/data/positive/101488_img.png,"[""A lush green park with a West Highland White Terrier beside a tree stump.""]"
data/synthetic_visual_negation/data/positive/198487_img.png,"[""A forest with a mushroom beside a squirrel.""]"
data/synthetic_visual_negation/data/positive/213095_img.png,"[""A grassy meadow with a mouflon next to a bighorn sheep.""]"
data/synthetic_visual_negation/data/positive/159734_img.png,"[""A pond setting with a dragonfly next to a water lily.""]"
data/synthetic_visual_negation/data/positive/19339_img.png,"[""A table setting with a chicken quesadilla next to a margarita.""]"
data/synthetic_visual_negation/data/positive/168835_img.png,"[""A backyard garden with a lawn mower beside a gardener.""]"
data/synthetic_visual_negation/data/positive/176495_img.png,"[""A moor with a red grouse next to a fox.""]"
data/synthetic_visual_negation/data/positive/231065_img.png,"[""A safari scene with a grevy's zebra next to a lion.""]"
data/synthetic_visual_negation/data/positive/213201_img.png,"[""A traditional Japanese room with a shoji screen next to a kotatsu.""]"
data/synthetic_visual_negation/data/positive/4908_img.png,"[""A pastry shop counter with a cannoli beside an espresso cup.""]"
data/synthetic_visual_negation/data/positive/210740_img.png,"[""A living room scene with a Rottweiler beside a couch.""]"
data/synthetic_visual_negation/data/positive/29894_img.png,"[""A retro gamers room with a CRT monitor next to a Super Nintendo.""]"
data/synthetic_visual_negation/data/positive/181098_img.png,"[""A room with a harp next to a stool.""]"
data/synthetic_visual_negation/data/positive/202868_img.png,"[""A river with a silver salmon next to a bear.""]"
data/synthetic_visual_negation/data/positive/51536_img.png,"[""A busy highway scene with a semi-trailer truck beside a sedan.""]"
data/synthetic_visual_negation/data/positive/162722_img.png,"[""A camping scene with a magnetic compass beside a GPS device.""]"
data/synthetic_visual_negation/data/positive/242481_img.png,"[""An italian square with a vespa next to a fountain.""]"
data/synthetic_visual_negation/data/positive/76011_img.png,"[""A garage with an Audi TT RS Coupe 2012 car next to a toolbox.""]"
data/synthetic_visual_negation/data/positive/135328_img.png,"[""A wetland scene with a least sandpiper beside a sandhill crane.""]"
data/synthetic_visual_negation/data/positive/212385_img.png,"[""A city street with a payphone beside a bus stop sign.""]"
data/synthetic_visual_negation/data/positive/109116_img.png,"[""A cabin with a rocking chair beside a fireplace.""]"
data/synthetic_visual_negation/data/positive/353_img.png,"[""A forest scene with an American red squirrel next to a pinecone.""]"
data/synthetic_visual_negation/data/positive/79704_img.png,"[""A sandy seafloor with a sea urchin next to a starfish.""]"
data/synthetic_visual_negation/data/positive/85000_img.png,"[""A rustic picnic scene with a ploughman's lunch beside a jar of pickles.""]"
data/synthetic_visual_negation/data/positive/22856_img.png,"[""A kitchen table with a baby bib beside a bottle of milk.""]"
data/synthetic_visual_negation/data/positive/43133_img.png,"[""A rainforest scene with a green mamba beside a python.""]"
data/synthetic_visual_negation/data/positive/189572_img.png,"[""A mountain landscape with a stone wall next to a signpost.""]"
data/synthetic_visual_negation/data/positive/245771_img.png,"[""A nature scene with a pink primrose beside a butterfly.""]"
data/synthetic_visual_negation/data/positive/73844_img.png,"[""A castle interior with a throne beside a scepter.""]"
data/synthetic_visual_negation/data/positive/3052_img.png,"[""A photo of French toast beside syrup.""]"
data/synthetic_visual_negation/data/positive/192929_img.png,"[""A terrarium with a mud turtle next to a salamander.""]"
data/synthetic_visual_negation/data/positive/78827_img.png,"[""A pet store shelf with a pug next to a cat.""]"
data/synthetic_visual_negation/data/positive/136120_img.png,"[""A blooming garden with a bee next to a flower.""]"
data/synthetic_visual_negation/data/positive/97114_img.png,"[""A small airport with a Beechcraft 1900 aircraft beside a hangar.""]"
data/synthetic_visual_negation/data/positive/31508_img.png,"[""A sofa with a Norwegian Elkhound next to a pillow.""]"
data/synthetic_visual_negation/data/positive/202222_img.png,"[""An airport scene with a CRJ-700 aircraft parked beside a fire truck.""]"
data/synthetic_visual_negation/data/positive/213748_img.png,"[""A backyard with a Kuvasz next to a kiddie pool.""]"
data/synthetic_visual_negation/data/positive/123874_img.png,"[""A desert with a lined snake next to a cactus.""]"
data/synthetic_visual_negation/data/positive/23325_img.png,"[""A pet store with a Tibetan Terrier next to a fire hydrant.""]"
data/synthetic_visual_negation/data/positive/157532_img.png,"[""A zoo exhibit with an orangutan next to a tree.""]"
data/synthetic_visual_negation/data/positive/106825_img.png,"[""A cargo bay with a drogue parachute beside a container.""]"
data/synthetic_visual_negation/data/positive/87561_img.png,"[""A dog park with a Treeing Walker Coonhound beside a bench.""]"
data/synthetic_visual_negation/data/positive/1219_img.png,"[""A gym floor with a sneaker next to a jump rope.""]"
data/synthetic_visual_negation/data/positive/163525_img.png,"[""A kitchen counter with a soup bowl beside a plate.""]"
data/synthetic_visual_negation/data/positive/217552_img.png,"[""An Italian restaurant table with spaghetti bolognese beside a glass of wine.""]"
data/synthetic_visual_negation/data/positive/198855_img.png,"[""A wooden board with a screw beside a drill.""]"
data/synthetic_visual_negation/data/positive/119477_img.png,"[""A restaurant table setting with a tray beside a glass of wine.""]"
data/synthetic_visual_negation/data/positive/18712_img.png,"[""A forest scene with a European fire salamander next to a newt.""]"
data/synthetic_visual_negation/data/positive/54760_img.png,"[""A busy pub showcasing a bar printer next to a beer tap.""]"
data/synthetic_visual_negation/data/positive/235369_img.png,"[""A desk with a water bottle beside a pen.""]"
data/synthetic_visual_negation/data/positive/75591_img.png,"[""A garden scene with a birdhouse beside a wheelbarrow.""]"
data/synthetic_visual_negation/data/positive/28880_img.png,"[""A bay with a motorboat next to a sailboat.""]"
data/synthetic_visual_negation/data/positive/184685_img.png,"[""A dining room table scene with a tea bag next to a tea cup.""]"
data/synthetic_visual_negation/data/positive/22032_img.png,"[""A street cart selling a hot dog next to french fries.""]"
data/synthetic_visual_negation/data/positive/130048_img.png,"[""A bedroom with a steam iron next to an ironing board.""]"
data/synthetic_visual_negation/data/positive/189953_img.png,"[""A tailor shop scene with a sewing machine next to a seamstress.""]"
data/synthetic_visual_negation/data/positive/65507_img.png,"[""A savanna with a red wolf or maned wolf next to a zebra.""]"
data/synthetic_visual_negation/data/positive/184397_img.png,"[""A runner's wrist with a stopwatch next to a running shoe.""]"
data/synthetic_visual_negation/data/positive/18690_img.png,"[""A photo of a caprese salad beside a plate.""]"
data/synthetic_visual_negation/data/positive/93554_img.png,"[""A blue sky with a tropic bird next to a cloud.""]"
data/synthetic_visual_negation/data/positive/33379_img.png,"[""A living room scene with a chiffonier beside a vase.""]"
data/synthetic_visual_negation/data/positive/238070_img.png,"[""A fall festival scene with a carved pumpkin beside a scarecrow.""]"
data/synthetic_visual_negation/data/positive/194191_img.png,"[""A rainforest scene with a toucan next to a snake.""]"
data/synthetic_visual_negation/data/positive/216121_img.png,"[""A concert stage with a music stand next to an orchestra.""]"
data/synthetic_visual_negation/data/positive/36063_img.png,"[""A zen-style room with a shoji screen next to a tatami mat.""]"
data/synthetic_visual_negation/data/positive/172502_img.png,"[""A tropical rainforest scene with a European green lizard next to a red-eyed tree frog.""]"
data/synthetic_visual_negation/data/positive/62351_img.png,"[""A cozy room with a bookcase next to a ladder.""]"
data/synthetic_visual_negation/data/positive/122872_img.png,"[""A war-torn cityscape with a peacekeeper beside a battlefield.""]"
data/synthetic_visual_negation/data/positive/158457_img.png,"[""A teenager's bedroom with a tape player beside a poster.""]"
data/synthetic_visual_negation/data/positive/19219_img.png,"[""A green patch of grass with a magpie beside a coin.""]"
data/synthetic_visual_negation/data/positive/17391_img.png,"[""A park landscape featuring a fountain beside benches.""]"
data/synthetic_visual_negation/data/positive/85854_img.png,"[""A woman's lap with a Pomeranian beside a book.""]"
data/synthetic_visual_negation/data/positive/143457_img.png,"[""A photo of an anteater beside a fire ant mound.""]"
data/synthetic_visual_negation/data/positive/212625_img.png,"[""A farm with a wheelbarrow parked next to a farmer.""]"
data/synthetic_visual_negation/data/positive/43092_img.png,"[""A bush landscape with a wombat next to an echidna.""]"
data/synthetic_visual_negation/data/positive/157317_img.png,"[""A kitchen with a cooker next to a pot.""]"
data/synthetic_visual_negation/data/positive/244376_img.png,"[""A wilderness scene with a bear beside a tree.""]"
data/synthetic_visual_negation/data/positive/27057_img.png,"[""An ocean scene with an albatross beside a frigatebird.""]"
data/synthetic_visual_negation/data/positive/33312_img.png,"[""A medieval castle interior with a battle-ax next to a suit of armor.""]"
data/synthetic_visual_negation/data/positive/155838_img.png,"[""Office desk with a folder next to a computer.""]"
data/synthetic_visual_negation/data/positive/41082_img.png,"[""A fancy restaurant with a plate of risotto next to a wine glass.""]"
data/synthetic_visual_negation/data/positive/124135_img.png,"[""A shooting range with a police officer wearing a bulletproof vest beside him.""]"
data/synthetic_visual_negation/data/positive/16212_img.png,"[""A pastry shop displaying a plate of donuts beside a cup of coffee.""]"
data/synthetic_visual_negation/data/positive/168140_img.png,"[""A bird feeder with a band-tailed pigeon next to a cardinal.""]"
data/synthetic_visual_negation/data/positive/88891_img.png,"[""A music shop scene with a flute next to a saxophone.""]"
data/synthetic_visual_negation/data/positive/106883_img.png,"[""A kitchen table scene with guacamole next to a tostada.""]"
data/synthetic_visual_negation/data/positive/88709_img.png,"[""A desert landscape with an ostrich next to a cactus.""]"
data/synthetic_visual_negation/data/positive/17458_img.png,"[""A desert with a crab cactus beside a tumbleweed.""]"
data/synthetic_visual_negation/data/positive/118146_img.png,"[""A kitchen counter with a syrup bottle beside a pancake mix box.""]"
data/synthetic_visual_negation/data/positive/96757_img.png,"[""A plate holding a beet salad next to a baked potato.""]"
data/synthetic_visual_negation/data/positive/13425_img.png,"[""A forest floor with earth star fungus beside a leaf.""]"
data/synthetic_visual_negation/data/positive/13186_img.png,"[""A backyard with a house finch next to a hummingbird.""]"
data/synthetic_visual_negation/data/positive/85635_img.png,"[""A jazz concert with a saxophone next to a trumpet.""]"
data/synthetic_visual_negation/data/positive/86737_img.png,"[""A baby's crib with a baby bib next to a baby toy.""]"
data/synthetic_visual_negation/data/positive/59076_img.png,"[""A dog park with a collie next to a poodle.""]"
data/synthetic_visual_negation/data/positive/32600_img.png,"[""A garden with a worm snake next to a bird feeder.""]"
data/synthetic_visual_negation/data/positive/192967_img.png,"[""A crowded town square with a flagpole beside a statue.""]"
data/synthetic_visual_negation/data/positive/175421_img.png,"[""A grand staircase with a baluster beside a vase.""]"
data/synthetic_visual_negation/data/positive/147600_img.png,"[""An island beach with a tropic bird beside a flamingo.""]"
data/synthetic_visual_negation/data/positive/127700_img.png,"[""A fireplace with a Christmas stocking next to a present.""]"
data/synthetic_visual_negation/data/positive/37782_img.png,"[""A protest with a mask next to a sign.""]"
data/synthetic_visual_negation/data/positive/173850_img.png,"[""A kitchen scene with a faucet beside a sink.""]"
data/synthetic_visual_negation/data/positive/142144_img.png,"[""A city square with a triumphal arch next to a statue.""]"
data/synthetic_visual_negation/data/positive/228518_img.png,"[""A toolbox with a screwdriver next to a wrench.""]"
data/synthetic_visual_negation/data/positive/229637_img.png,"[""A forest scene with a titmouse beside a nest.""]"
data/synthetic_visual_negation/data/positive/1319_img.png,"[""A snowy scene with a ski lodge next to skiers.""]"
data/synthetic_visual_negation/data/positive/212067_img.png,"[""A family room with a Boston Terrier beside a toy.""]"
data/synthetic_visual_negation/data/positive/118672_img.png,"[""A desert scene with a joshua tree next to a rock.""]"
data/synthetic_visual_negation/data/positive/235661_img.png,"[""A subway platform with a trench coat next to a suitcase.""]"
data/synthetic_visual_negation/data/positive/211489_img.png,"[""A suburban street with a GMC Yukon Hybrid SUV 2012 car beside a minivan.""]"
data/synthetic_visual_negation/data/positive/211867_img.png,"[""A kitchen counter with a chicken quesadilla beside a bowl of salsa.""]"
data/synthetic_visual_negation/data/positive/2404_img.png,"[""A snowy bench with a Norwegian Elkhound beside a leash.""]"
data/synthetic_visual_negation/data/positive/171832_img.png,"[""A car interior with a seat belt next to a passenger.""]"
data/synthetic_visual_negation/data/positive/249803_img.png,"[""An underwater scene with a tiger shark next to a remora.""]"
data/synthetic_visual_negation/data/positive/247351_img.png,"[""A photo of a ram beside a ewe.""]"
data/synthetic_visual_negation/data/positive/195577_img.png,"[""A photo of a large garage with a Honda Accord Coupe 2012 beside a motorcycle.""]"
data/synthetic_visual_negation/data/positive/222479_img.png,"[""A balcony on a sunny day with a plant pot next to a chair.""]"
data/synthetic_visual_negation/data/positive/193577_img.png,"[""A car dealership showroom with a Land Rover LR2 SUV 2012 car beside a Ford Explorer SUV 2015 car.""]"
data/synthetic_visual_negation/data/positive/148700_img.png,"[""A sushi restaurant with sushi beside chopsticks.""]"
data/synthetic_visual_negation/data/positive/234713_img.png,"[""A dorm room with a beanbag beside a desk.""]"
data/synthetic_visual_negation/data/positive/150959_img.png,"[""A luxury skyscraper with a penthouse beside a pool.""]"
data/synthetic_visual_negation/data/positive/183514_img.png,"[""A medieval knight's gauntlet with a mace beside a shield.""]"
data/synthetic_visual_negation/data/positive/187194_img.png,"[""A deserted city underworld with a bunker next to a manhole.""]"
data/synthetic_visual_negation/data/positive/172331_img.png,"[""A farm with a Malinois next to a barn.""]"
data/synthetic_visual_negation/data/positive/32822_img.png,"[""A luxurious room with a Siamese cat beside a vase.""]"
data/synthetic_visual_negation/data/positive/170974_img.png,"[""An office with a photocopier beside a printer.""]"
data/synthetic_visual_negation/data/positive/136271_img.png,"[""A photograph of a Black and white Warbler beside a plant.""]"
data/synthetic_visual_negation/data/positive/144351_img.png,"[""A kitchen counter with a coffee mug next to a bagel.""]"
data/synthetic_visual_negation/data/positive/76434_img.png,"[""A hot savannah scene with a cheetah resting next to a zebra.""]"
data/synthetic_visual_negation/data/positive/18001_img.png,"[""A sky scene with a hot air balloon floating next to a helicopter.""]"
data/synthetic_visual_negation/data/positive/72881_img.png,"[""A home office with a notebook computer next to a printer.""]"
data/synthetic_visual_negation/data/positive/185057_img.png,"[""A forest trail scene with an American robin next to a squirrel.""]"
data/synthetic_visual_negation/data/positive/57662_img.png,"[""A pet store with a Curly-coated Retriever next to a French Bulldog.""]"
data/synthetic_visual_negation/data/positive/130771_img.png,"[""An office workspace with a desk next to a chair.""]"
data/synthetic_visual_negation/data/positive/180492_img.png,"[""A field with a tree wallaby next to a kangaroo.""]"
data/synthetic_visual_negation/data/positive/222752_img.png,"[""A dining room table with a vase beside a fruit bowl.""]"
data/synthetic_visual_negation/data/positive/76724_img.png,"[""A bakery scene with dough beside a rolling pin.""]"
data/synthetic_visual_negation/data/positive/209826_img.png,"[""A photo of a restaurant next to a food truck.""]"
data/synthetic_visual_negation/data/positive/180151_img.png,"[""a photo of a seatbelt placed next to an airbag.""]"
data/synthetic_visual_negation/data/positive/18131_img.png,"[""An enclosure at the zoo with a meerkat next to a flamingo.""]"
data/synthetic_visual_negation/data/positive/79302_img.png,"[""A modern kitchen with a dishwasher beside stainless steel cups.""]"
data/synthetic_visual_negation/data/positive/23793_img.png,"[""A picture of a Savannah Sparrow beside a log.""]"
data/synthetic_visual_negation/data/positive/119516_img.png,"[""A city park with a magpie next to a bottle of water.""]"
data/synthetic_visual_negation/data/positive/138557_img.png,"[""A lumberjack's tool collection with a chainsaw beside a log.""]"
data/synthetic_visual_negation/data/positive/19793_img.png,"[""A shiny mechanic workshop with a car wheel next to a wrench.""]"
data/synthetic_visual_negation/data/positive/92099_img.png,"[""A bathroom scene with a lotion next to a soap.""]"
data/synthetic_visual_negation/data/positive/22292_img.png,"[""A car showroom with a Lamborghini Diablo Coupe 2001 car next to a Bugatti Chiron car.""]"
data/synthetic_visual_negation/data/positive/85994_img.png,"[""A dinner table with risotto next to a wine glass.""]"
data/synthetic_visual_negation/data/positive/125758_img.png,"[""A beverage bar with a coffee medium next to a filter.""]"
data/synthetic_visual_negation/data/positive/176283_img.png,"[""A busy city street with a tobacco shop beside a cafe.""]"
data/synthetic_visual_negation/data/positive/235020_img.png,"[""A busy intersection with a Dodge Caliber Wagon 2007 car beside a taxi.""]"
data/synthetic_visual_negation/data/positive/168869_img.png,"[""A stuffy antique shop with a mechanical piano beside a stack of sheet music.""]"
data/synthetic_visual_negation/data/positive/228921_img.png,"[""A park with a mountain bike beside a backpack.""]"
data/synthetic_visual_negation/data/positive/120166_img.png,"[""A city harbor with a police boat beside a cargo ship.""]"
data/synthetic_visual_negation/data/positive/57587_img.png,"[""A savannah scene with a hartebeest beside zebras.""]"
data/synthetic_visual_negation/data/positive/89254_img.png,"[""A grassy savanna with a mongoose beside a meerkat.""]"
data/synthetic_visual_negation/data/positive/20872_img.png,"[""a photo of a Jeep Compass SUV 2012 car next to a tent trailer.""]"
data/synthetic_visual_negation/data/positive/177263_img.png,"[""A river scene with a platypus next to a rock.""]"
data/synthetic_visual_negation/data/positive/71612_img.png,"[""A laundry basket with a sock beside a t-shirt.""]"
data/synthetic_visual_negation/data/positive/218574_img.png,"[""A kitchen interior with a tray next to a cutting board.""]"
data/synthetic_visual_negation/data/positive/151037_img.png,"[""A bathroom with a weighing scale beside a toothbrush.""]"
data/synthetic_visual_negation/data/positive/218951_img.png,"[""A bedroom with a quilt next to pillows.""]"
data/synthetic_visual_negation/data/positive/146900_img.png,"[""A bakery with a fig next to a cake.""]"
data/synthetic_visual_negation/data/positive/171124_img.png,"[""A police officer with a bulletproof vest next to a handgun.""]"
data/synthetic_visual_negation/data/positive/203615_img.png,"[""A residential neighborhood street with a moving van beside a minivan.""]"
data/synthetic_visual_negation/data/positive/189342_img.png,"[""A kitchen counter with an orange beside a knife.""]"
data/synthetic_visual_negation/data/positive/191911_img.png,"[""An airport runway with a 747-300 aircraft beside a luggage cart.""]"
data/synthetic_visual_negation/data/positive/162535_img.png,"[""A crowded city square with an umbrella beside a street performer.""]"
data/synthetic_visual_negation/data/positive/35501_img.png,"[""A dessert plate with a cheesecake next to a fork.""]"
data/synthetic_visual_negation/data/positive/141188_img.png,"[""A Mediterranean platter with hummus next to pita bread.""]"
data/synthetic_visual_negation/data/positive/114469_img.png,"[""A parking lot with a Jeep Patriot SUV 2012 next to a bicycle.""]"
data/synthetic_visual_negation/data/positive/52261_img.png,"[""A park with a Brittany dog next to a ball.""]"
data/synthetic_visual_negation/data/positive/186865_img.png,"[""A green soccer field with a soccer ball beside a pair of cleats.""]"
data/synthetic_visual_negation/data/positive/74926_img.png,"[""A parking lot with a GMC Yukon Hybrid SUV 2012 car next to a Chevrolet Suburban SUV 2012.""]"
data/synthetic_visual_negation/data/positive/195563_img.png,"[""A beach scene showing a grass skirt next to a bikini.""]"
data/synthetic_visual_negation/data/positive/27936_img.png,"[""A break room with a dispenser next to a coffee cup.""]"
data/synthetic_visual_negation/data/positive/59764_img.png,"[""A kitchen counter with a sponge cloth beside a dish soap.""]"
data/synthetic_visual_negation/data/positive/64407_img.png,"[""A park with a baby buggy beside a stroller.""]"
data/synthetic_visual_negation/data/positive/74999_img.png,"[""A busy airport runway with a 767-200 aircraft next to a 747 aircraft.""]"
data/synthetic_visual_negation/data/positive/101863_img.png,"[""A black and white photo of a milk can beside a horse.""]"
data/synthetic_visual_negation/data/positive/137998_img.png,"[""A kitchen counter with a sink next to a dish drainer.""]"
data/synthetic_visual_negation/data/positive/185309_img.png,"[""A terminal with a 737-800 aircraft beside a luggage cart.""]"
data/synthetic_visual_negation/data/positive/86599_img.png,"[""A terrarium with a smooth green snake beside a rock.""]"
data/synthetic_visual_negation/data/positive/236548_img.png,"[""A safari with a cheetah next to a tree.""]"
data/synthetic_visual_negation/data/positive/3960_img.png,"[""A desk with a document beside a laptop.""]"
data/synthetic_visual_negation/data/positive/232929_img.png,"[""A photo of a tuck box next to a children's bedroom.""]"
data/synthetic_visual_negation/data/positive/35409_img.png,"[""A field with an Old English Sheepdog beside a Shetland Sheepdog.""]"
data/synthetic_visual_negation/data/positive/144092_img.png,"[""An airfield with a Global Express aircraft beside a Learjet.""]"
data/synthetic_visual_negation/data/positive/249393_img.png,"[""A cutting board with a bread knife beside a baguette.""]"
data/synthetic_visual_negation/data/positive/178286_img.png,"[""A city street with a pole beside a traffic light.""]"
data/synthetic_visual_negation/data/positive/139273_img.png,"[""A battlefield scene with a Sten gun beside a helmet.""]"
data/synthetic_visual_negation/data/positive/74782_img.png,"[""A living room with a Border Terrier beside a cat.""]"
data/synthetic_visual_negation/data/positive/21911_img.png,"[""A hangar with an A319 aircraft beside a ladder.""]"
data/synthetic_visual_negation/data/positive/1842_img.png,"[""A dusty desert scene with a military vehicle next to a tank.""]"
data/synthetic_visual_negation/data/positive/147659_img.png,"[""A vintage bathroom with a washstand beside a toilet.""]"
data/synthetic_visual_negation/data/positive/160802_img.png,"[""A sunny day scene with a BMW 6 Series Convertible 2007 car parked next to a parking meter.""]"
data/synthetic_visual_negation/data/positive/169772_img.png,"[""A snowy outdoor scene with a Samoyed beside a sled.""]"
data/synthetic_visual_negation/data/positive/215410_img.png,"[""An airport runway with an A320 aircraft next to a Boeing 747 aircraft.""]"
data/synthetic_visual_negation/data/positive/224489_img.png,"[""A rural scene with a mobile home next to a barn.""]"
data/synthetic_visual_negation/data/positive/55188_img.png,"[""A parking lot showing a Buick Enclave SUV 2012 car beside a Harley Davidson motorcycle.""]"
data/synthetic_visual_negation/data/positive/217967_img.png,"[""A hanger with an A310 aircraft beside a ladder.""]"
data/synthetic_visual_negation/data/positive/1003_img.png,"[""A cluttered desk with a window screen beside a computer monitor.""]"
data/synthetic_visual_negation/data/positive/136000_img.png,"[""An interior scene with a Pekingese beside a shoebox.""]"
data/synthetic_visual_negation/data/positive/170916_img.png,"[""A parking lot with a Mercedes-Benz Sprinter Van 2012 next to a motorcycle.""]"
data/synthetic_visual_negation/data/positive/165094_img.png,"[""A grand piano with a flute beside a music sheet.""]"
data/synthetic_visual_negation/data/positive/52838_img.png,"[""A tarmac with a 747-200 aircraft next to a truck.""]"
data/synthetic_visual_negation/data/positive/218062_img.png,"[""A royal guard standing tall with a military hat beside a rifle.""]"
data/synthetic_visual_negation/data/positive/19093_img.png,"[""An Italian restaurant setting with a caprese salad next to a meatball.""]"
data/synthetic_visual_negation/data/positive/64527_img.png,"[""A fancy car showroom with a BMW X3 SUV 2012 car next to a Porsche.""]"
data/synthetic_visual_negation/data/positive/183976_img.png,"[""A beach scene with oystercatchers beside shells.""]"
data/synthetic_visual_negation/data/positive/249743_img.png,"[""An empty parking lot with a BMW 1 Series Coupe 2012 next to a red motorcycle.""]"
data/synthetic_visual_negation/data/positive/189975_img.png,"[""An airport runway with a BAE-125 aircraft beside a Boeing 747 aircraft.""]"
data/synthetic_visual_negation/data/positive/217055_img.png,"[""A fisherman's boat with a white croaker beside a fishing net.""]"
data/synthetic_visual_negation/data/positive/181314_img.png,"[""A living room with a wallet next to a coffee mug.""]"
data/synthetic_visual_negation/data/positive/137894_img.png,"[""A runway with a DHC-6 aircraft beside a firetruck.""]"
data/synthetic_visual_negation/data/positive/44757_img.png,"[""a photo of a cowboy hat placed right next to a pair of cowboy boots.""]"
data/synthetic_visual_negation/data/positive/128874_img.png,"[""A bustling farmers market with a zucchini next to a basket of tomatoes.""]"
data/synthetic_visual_negation/data/positive/234645_img.png,"[""A library room with a bookcase next to a ladder.""]"
data/synthetic_visual_negation/data/positive/156203_img.png,"[""A restaurant scene with onion rings next to a ketchup bottle.""]"
data/synthetic_visual_negation/data/positive/223799_img.png,"[""A sushi bar with sushi beside tea.""]"
data/synthetic_visual_negation/data/positive/145860_img.png,"[""A city park scene with a blue jay next to a squirrel.""]"
data/synthetic_visual_negation/data/positive/76864_img.png,"[""A river bank with a kingfisher beside a frog.""]"
data/synthetic_visual_negation/data/positive/102645_img.png,"[""A botanical garden scene with a giant white arum lily beside a red sunbird.""]"
data/synthetic_visual_negation/data/positive/170166_img.png,"[""An aircraft carrier deck with an F-16A/B aircraft beside a helicopter.""]"
data/synthetic_visual_negation/data/positive/170529_img.png,"[""A street carnival scene with a harlequin standing next to a tall hat.""]"
data/synthetic_visual_negation/data/positive/159764_img.png,"[""A plate with a grilled cheese sandwich next to a bowl of soup.""]"
data/synthetic_visual_negation/data/positive/119119_img.png,"[""A shot of a stylish woman in a coffee shop with a messenger bag beside a laptop.""]"
data/synthetic_visual_negation/data/positive/216575_img.png,"[""A modern art museum with a futurist painting next to a neon light installation.""]"
data/synthetic_visual_negation/data/positive/91467_img.png,"[""A bathroom shelf with lotion next to a towel.""]"
data/synthetic_visual_negation/data/positive/89072_img.png,"[""A dinner table with pilaf beside a chicken kebab.""]"
data/synthetic_visual_negation/data/positive/208280_img.png,"[""An indoor pet enclosure with an Angora rabbit beside a food bowl.""]"
data/synthetic_visual_negation/data/positive/134468_img.png,"[""A coral reef with stony coral next to a sea anemone.""]"
data/synthetic_visual_negation/data/positive/153753_img.png,"[""An outdoor setting with a mountain bike next to a helmet.""]"
data/synthetic_visual_negation/data/positive/138380_img.png,"[""A bees nest with a honeycomb next to a queen bee.""]"
data/synthetic_visual_negation/data/positive/82374_img.png,"[""An air force base with an F-16A/B aircraft next to a hangar.""]"
data/synthetic_visual_negation/data/positive/126625_img.png,"[""At a harbor with a lighthouse beside a boat.""]"
data/synthetic_visual_negation/data/positive/84936_img.png,"[""A pizzeria scene with the pizza next to a chef.""]"
data/synthetic_visual_negation/data/positive/229922_img.png,"[""A forest with a grey fox next to a brown bear.""]"
data/synthetic_visual_negation/data/positive/55686_img.png,"[""An airport with a 757-300 aircraft beside a services vehicle.""]"
data/synthetic_visual_negation/data/positive/193770_img.png,"[""A busy office scene with an analog clock beside a computer.""]"
data/synthetic_visual_negation/data/positive/3268_img.png,"[""A wooden interior with a light brown coffee table beside a wooden chair.""]"
data/synthetic_visual_negation/data/positive/76986_img.png,"[""A western saloon with a cowboy hat next to a bottle of whiskey.""]"
data/synthetic_visual_negation/data/positive/133686_img.png,"[""A military tent with a machine gun beside a helmet.""]"
data/synthetic_visual_negation/data/positive/187340_img.png,"[""A garage with a Dodge Sprinter Cargo Van 2009 car beside a bicycle.""]"
data/synthetic_visual_negation/data/positive/163241_img.png,"[""A kitchen counter with a wicker basket next to a cutting board.""]"
data/synthetic_visual_negation/data/positive/95371_img.png,"[""A brunch table with a croque madame next to a mimosa.""]"
data/synthetic_visual_negation/data/positive/244547_img.png,"[""An apartment hallway with a Chow Chow next to a cat tree.""]"
data/synthetic_visual_negation/data/positive/19343_img.png,"[""A luxurious hotel room with a purse beside a designer chair.""]"
data/synthetic_visual_negation/data/positive/56934_img.png,"[""A snowy mountain range with a grey wolf next to a caribou.""]"
data/synthetic_visual_negation/data/positive/33630_img.png,"[""A dog show with a Scottish Deerhound beside a Whippet.""]"
data/synthetic_visual_negation/data/positive/74443_img.png,"[""A parking lot with a Suzuki Aerio Sedan 2007 car beside a truck.""]"
data/synthetic_visual_negation/data/positive/198200_img.png,"[""A crowded coffee shop with a hand-held computer beside a laptop.""]"
data/synthetic_visual_negation/data/positive/73442_img.png,"[""A space station with a space helmet beside a spacesuit.""]"
data/synthetic_visual_negation/data/positive/185811_img.png,"[""A busy city street with a Lamborghini Aventador Coupe 2012 car beside a bicycle.""]"
data/synthetic_visual_negation/data/positive/179119_img.png,"[""A toolshed containing a lawn mower next to a rake.""]"
data/synthetic_visual_negation/data/positive/47564_img.png,"[""A coral reef with brain coral beside brightly colored fish.""]"
data/synthetic_visual_negation/data/positive/149286_img.png,"[""A terrarium with a kingsnake beside a rat.""]"
data/synthetic_visual_negation/data/positive/221815_img.png,"[""An airport runway with a A310 aircraft next to a tug vehicle.""]"
data/synthetic_visual_negation/data/positive/34437_img.png,"[""A western saloon scene with a cowboy boot next to a cowboy hat.""]"
data/synthetic_visual_negation/data/positive/115559_img.png,"[""A living room showing an electric fan next to a sofa.""]"
data/synthetic_visual_negation/data/positive/58098_img.png,"[""An airport runway with a DHC-8-300 aircraft next to a Boeing 747 aircraft.""]"
data/synthetic_visual_negation/data/positive/117594_img.png,"[""A roadside parking with a Mazda Tribute SUV 2011 car next to a tree.""]"
data/synthetic_visual_negation/data/positive/78742_img.png,"[""A kitchen counter with a measuring cup beside a set of measuring spoons.""]"
data/synthetic_visual_negation/data/positive/113651_img.png,"[""A cheese platter with a bleu cheese beside a grape.""]"
data/synthetic_visual_negation/data/positive/184557_img.png,"[""A beach with a beach umbrella next to a beach towel.""]"
data/synthetic_visual_negation/data/positive/230931_img.png,"[""A dog park with a Standard Schnauzer next to a Dachshund.""]"
data/synthetic_visual_negation/data/positive/106288_img.png,"[""A kitchen scene with a soda bottle next to a soda can.""]"
data/synthetic_visual_negation/data/positive/37505_img.png,"[""A savannah setting with a red wolf or maned wolf beside a zebra.""]"
data/synthetic_visual_negation/data/positive/198955_img.png,"[""A dog park with a Standard Poodle next to a Beagle.""]"
data/synthetic_visual_negation/data/positive/45748_img.png,"[""An airport runway with an L-1011 aircraft beside a ground crew vehicle.""]"
data/synthetic_visual_negation/data/positive/247360_img.png,"[""A street cart showing a pretzel beside a sausage.""]"
data/synthetic_visual_negation/data/positive/29280_img.png,"[""A garage scene with a chainsaw next to a gas can.""]"
data/synthetic_visual_negation/data/positive/98472_img.png,"[""A forest trail with a weasel next to a rabbit.""]"
data/synthetic_visual_negation/data/positive/50816_img.png,"[""A gothic cathedral with a rose window next to a statue.""]"
data/synthetic_visual_negation/data/positive/248957_img.png,"[""A sunny beach scene with a snorkel next to a flipper.""]"
data/synthetic_visual_negation/data/positive/239334_img.png,"[""A bubble bath scene with a bubble beside a rubber duck.""]"
data/synthetic_visual_negation/data/positive/219380_img.png,"[""a photo of a snoek fish next to a fisherman.""]"
data/synthetic_visual_negation/data/positive/46741_img.png,"[""A dog park showing a Keeshond beside a poodle.""]"
data/synthetic_visual_negation/data/positive/214580_img.png,"[""A forest scene with a brown bear next to a pine tree.""]"
data/synthetic_visual_negation/data/positive/193655_img.png,"[""An airport runway with a Falcon 2000 aircraft beside a Boeing 737 aircraft.""]"
data/synthetic_visual_negation/data/positive/31755_img.png,"[""A garden scene with a wolf spider beside an insect.""]"
data/synthetic_visual_negation/data/positive/51444_img.png,"[""A bathroom scene with a hair dryer next to a hair brush.""]"
data/synthetic_visual_negation/data/positive/142396_img.png,"[""A muddy marsh with a dowitcher beside a snipe.""]"
data/synthetic_visual_negation/data/positive/156423_img.png,"[""A stone fireplace with a fire screen next to a fire.""]"
data/synthetic_visual_negation/data/positive/202715_img.png,"[""A farmyard with a hen next to a rooster.""]"
data/synthetic_visual_negation/data/positive/59663_img.png,"[""A rocky shore with a river limpet next to a seaweed.""]"
data/synthetic_visual_negation/data/positive/74906_img.png,"[""A tropical beach with a beached boat beside a palm tree.""]"
data/synthetic_visual_negation/data/positive/35163_img.png,"[""A mountain range scene with a mountain next to a tree.""]"
data/synthetic_visual_negation/data/positive/209754_img.png,"[""A bay with an outrigger canoe next to a surfboard.""]"
data/synthetic_visual_negation/data/positive/81553_img.png,"[""An open field showing a soccer ball next to a goal.""]"
data/synthetic_visual_negation/data/positive/205759_img.png,"[""A plate with an artichoke beside a dipping sauce.""]"
data/synthetic_visual_negation/data/positive/60072_img.png,"[""A tropical rainforest with a porcupine beside a sloth.""]"
data/synthetic_visual_negation/data/positive/97305_img.png,"[""A fruit stand with a peach next to a banana.""]"
data/synthetic_visual_negation/data/positive/180088_img.png,"[""An image of a loupe magnifying glass beside a ruler.""]"
data/synthetic_visual_negation/data/positive/174935_img.png,"[""A park with a King Charles Spaniel next to a Frisbee.""]"
data/synthetic_visual_negation/data/positive/67282_img.png,"[""A picnic blanket with a fig beside a bowl of nuts.""]"
data/synthetic_visual_negation/data/positive/110822_img.png,"[""A jungle with a tiger next to a giraffe.""]"
data/synthetic_visual_negation/data/positive/83488_img.png,"[""A table setting with a pot pie next to a salad.""]"
data/synthetic_visual_negation/data/positive/140935_img.png,"[""A desk with a computer next to a printer.""]"
data/synthetic_visual_negation/data/positive/44433_img.png,"[""A flowering plant with a sulphur butterfly next to a bumblebee.""]"
data/synthetic_visual_negation/data/positive/213684_img.png,"[""A grocery store aisle with a butcher shop next to a fishmonger.""]"
data/synthetic_visual_negation/data/positive/184423_img.png,"[""A kitchen table with a grilled cheese sandwich next to a bowl of soup.""]"
data/synthetic_visual_negation/data/positive/6233_img.png,"[""A small garden with a silverbush beside a butterfly.""]"
data/synthetic_visual_negation/data/positive/234696_img.png,"[""A table with a lampshade next to a lamp.""]"
data/synthetic_visual_negation/data/positive/211841_img.png,"[""A city street with a Cadillac Escalade EXT Crew Cab 2007 car beside a parking meter.""]"
data/synthetic_visual_negation/data/positive/17960_img.png,"[""A coral reef scene with a clownfish swimming next to a sea turtle.""]"
data/synthetic_visual_negation/data/positive/80987_img.png,"[""A balcony with a blanket flower next to a hanging plant.""]"
data/synthetic_visual_negation/data/positive/29955_img.png,"[""A park landscape with a balloon beside a child.""]"
data/synthetic_visual_negation/data/positive/19395_img.png,"[""A store aisle with a toy store next to a bookstore.""]"
data/synthetic_visual_negation/data/positive/75735_img.png,"[""An aquarium scene with a stonefish beside a starfish.""]"
data/synthetic_visual_negation/data/positive/243616_img.png,"[""A runway with a 777-200 aircraft beside a fuel truck.""]"
data/synthetic_visual_negation/data/positive/128047_img.png,"[""A street corner with a doggie bag beside a person.""]"
data/synthetic_visual_negation/data/positive/95114_img.png,"[""A fish and chips shop with fish and chips beside a customer.""]"
data/synthetic_visual_negation/data/positive/217098_img.png,"[""A barnyard scene with a quail next to a rooster.""]"
data/synthetic_visual_negation/data/positive/192559_img.png,"[""A pond with a lotus beside a koi fish.""]"
data/synthetic_visual_negation/data/positive/184807_img.png,"[""A food festival with a pretzel beside a hot dog.""]"
data/synthetic_visual_negation/data/positive/205562_img.png,"[""A work desk with an inkstand next to a quill.""]"
data/synthetic_visual_negation/data/positive/5609_img.png,"[""A festive scene with a poinsettia beside a candle.""]"
data/synthetic_visual_negation/data/positive/70128_img.png,"[""A jungle scene with a gibbon next to a tree.""]"
data/synthetic_visual_negation/data/positive/116922_img.png,"[""A terrarium with a ring-necked snake next to a feeder mouse.""]"
data/synthetic_visual_negation/data/positive/134156_img.png,"[""A rainforest with an echidna next to a snake.""]"
data/synthetic_visual_negation/data/positive/95585_img.png,"[""A barn with a pig next to hay.""]"
data/synthetic_visual_negation/data/positive/153874_img.png,"[""A busy street with a minibus next to a taxi.""]"
data/synthetic_visual_negation/data/positive/167648_img.png,"[""A tennis court with a tennis camp participant next to a ball machine.""]"
data/synthetic_visual_negation/data/positive/154754_img.png,"[""A home interior scene with an Egyptian Mau beside a cat tree.""]"
data/synthetic_visual_negation/data/positive/235189_img.png,"[""An office desk scene with a character printer next to a computer.""]"
data/synthetic_visual_negation/data/positive/245734_img.png,"[""A beach with an oystercatcher beside a crab.""]"
data/synthetic_visual_negation/data/positive/54993_img.png,"[""A parking lot scene with a Mercedes-Benz C-Class Sedan 2012 car next to a bicycle.""]"
data/synthetic_visual_negation/data/positive/245280_img.png,"[""A mountain camping site with a sleeping bag beside a tent.""]"
data/synthetic_visual_negation/data/positive/106372_img.png,"[""A wine shop with a wine lover next to a wine expert.""]"
data/synthetic_visual_negation/data/positive/165277_img.png,"[""A tree branch with a sulphur-crested cockatoo next to a koala.""]"
data/synthetic_visual_negation/data/positive/198135_img.png,"[""An airfield with a 747-300 aircraft beside another aircraft.""]"
data/synthetic_visual_negation/data/positive/227500_img.png,"[""A dog park with a King Charles Spaniel beside a tennis ball.""]"
data/synthetic_visual_negation/data/positive/218410_img.png,"[""A fancy dinner setting with filet mignon next to a wine glass.""]"
data/synthetic_visual_negation/data/positive/189750_img.png,"[""A runway with a twinjet beside a fuel truck.""]"
data/synthetic_visual_negation/data/positive/5812_img.png,"[""A car dealership showroom with a convertible beside a car salesperson.""]"
data/synthetic_visual_negation/data/positive/110841_img.png,"[""A garage with a tool kit beside a bike.""]"
data/synthetic_visual_negation/data/positive/71586_img.png,"[""A kitchen counter with a candy thermometer beside a mixing bowl.""]"
data/synthetic_visual_negation/data/positive/141176_img.png,"[""A person's hands holding a joystick next to a controller.""]"
data/synthetic_visual_negation/data/positive/125949_img.png,"[""A winter clothing store displaying a balaclava ski mask beside ski goggles.""]"
data/synthetic_visual_negation/data/positive/163424_img.png,"[""A bench in the park with an old-age pensioner beside a dog.""]"
data/synthetic_visual_negation/data/positive/110950_img.png,"[""A forest floor with a mushroom beside a squirrel.""]"
data/synthetic_visual_negation/data/positive/207861_img.png,"[""A desert scene with a roadrunner beside a cactus.""]"
data/synthetic_visual_negation/data/positive/245527_img.png,"[""An airport runway with a 747-400 aircraft beside a baggage cart.""]"
data/synthetic_visual_negation/data/positive/120650_img.png,"[""A private airport showcasing a Gulfstream V aircraft next to a jet fuel truck.""]"
data/synthetic_visual_negation/data/positive/188539_img.png,"[""A forest scene with a spotted flycatcher beside a fern.""]"
data/synthetic_visual_negation/data/positive/209340_img.png,"[""A jungle scene with an orangutan next to a toucan.""]"
data/synthetic_visual_negation/data/positive/97551_img.png,"[""A seal enclosure with a flipper beside a ball.""]"
data/synthetic_visual_negation/data/positive/180166_img.png,"[""A snowy mountain trail with a St. Bernard next to a child.""]"
data/synthetic_visual_negation/data/positive/161707_img.png,"[""A sink with a nailbrush next to a bar of soap.""]"
data/synthetic_visual_negation/data/positive/211796_img.png,"[""A modern urban kitchen with a sliding door beside a kitchen island.""]"
data/synthetic_visual_negation/data/positive/162648_img.png,"[""A living room scene with a television next to a couch.""]"
data/synthetic_visual_negation/data/positive/64463_img.png,"[""An empty parking lot with a chain-link fence beside a car.""]"
data/synthetic_visual_negation/data/positive/222499_img.png,"[""A clear blue sea with a schooner beside a rowboat.""]"
data/synthetic_visual_negation/data/positive/127395_img.png,"[""A snowy forest path with a great pyrenees next to a squirrel.""]"
data/synthetic_visual_negation/data/positive/224347_img.png,"[""a photo of a radio telescope and a house next to each other.""]"
data/synthetic_visual_negation/data/positive/198559_img.png,"[""A deserted island beach with a shipwreck next to a treasure chest.""]"
data/synthetic_visual_negation/data/positive/22964_img.png,"[""An open sea with a stormy petrel beside a ship.""]"
data/synthetic_visual_negation/data/positive/181743_img.png,"[""A bohemian living room with an air plant beside a macramé wall hanging.""]"
data/synthetic_visual_negation/data/positive/168921_img.png,"[""An ocean scene with a frigate bird beside a seagull.""]"
data/synthetic_visual_negation/data/positive/56495_img.png,"[""A tropical rainforest with an alligator lizard beside a fern.""]"
data/synthetic_visual_negation/data/positive/40890_img.png,"[""A woman's lap with a Keeshond next to a blanket.""]"
data/synthetic_visual_negation/data/positive/107636_img.png,"[""An aquarium tank with a blue shark next to a yellow tang.""]"
data/synthetic_visual_negation/data/positive/46382_img.png,"[""A street corner with a stoop next to a bench.""]"
data/synthetic_visual_negation/data/positive/44436_img.png,"[""A snowy dock with a scoter beside a sled.""]"
data/synthetic_visual_negation/data/positive/91589_img.png,"[""A beautifully designed European-style building with a dormer window next to a balcony.""]"
data/synthetic_visual_negation/data/positive/112743_img.png,"[""A parking lot with a Dodge Dakota Crew Cab 2010 car parked beside a van.""]"
data/synthetic_visual_negation/data/positive/225128_img.png,"[""A gas station scene with a Plymouth Neon Coupe 1999 car parked next to a gas pump.""]"
data/synthetic_visual_negation/data/positive/113646_img.png,"[""An ocean scene with an edible sea urchin next to a starfish.""]"
data/synthetic_visual_negation/data/positive/249213_img.png,"[""A hunting lodge interior with a rifle next to a trophy head.""]"
data/synthetic_visual_negation/data/positive/23908_img.png,"[""A medieval armor display with chain mail beside a sword.""]"
data/synthetic_visual_negation/data/positive/12802_img.png,"[""A terrarium with tiger lily beside a snake plant.""]"
data/synthetic_visual_negation/data/positive/83394_img.png,"[""A mountain landscape with a ram beside a tree.""]"
data/synthetic_visual_negation/data/positive/157364_img.png,"[""A couch with a Weimaraner beside a blanket.""]"
data/synthetic_visual_negation/data/positive/198510_img.png,"[""A parking lot scene with a Hyundai Veracruz SUV 2012 car beside a Ford F-150 pickup truck.""]"
data/synthetic_visual_negation/data/positive/61250_img.png,"[""A shelf with a mask beside a vase.""]"
data/synthetic_visual_negation/data/positive/188804_img.png,"[""A marsh with a common gallinule beside a red-winged blackbird.""]"
data/synthetic_visual_negation/data/positive/214147_img.png,"[""A kitchen counter with a frying pan beside an oven.""]"
data/synthetic_visual_negation/data/positive/14136_img.png,"[""A rainforest with a tamandua next to a sloth.""]"
data/synthetic_visual_negation/data/positive/172921_img.png,"[""A corner of a room with a barn spider beside a web.""]"
data/synthetic_visual_negation/data/positive/50392_img.png,"[""A rustic tavern with a whiskey jug beside a mug.""]"
data/synthetic_visual_negation/data/positive/60289_img.png,"[""A sidewalk with a mailbox beside a fire hydrant.""]"
data/synthetic_visual_negation/data/positive/132920_img.png,"[""A picnic with a tucker-bag next to a picnic blanket.""]"
data/synthetic_visual_negation/data/positive/137594_img.png,"[""An image of a person wearing a neck brace beside a wrist brace.""]"
data/synthetic_visual_negation/data/positive/138428_img.png,"[""A harbor with a factory ship beside a cargo ship.""]"
data/synthetic_visual_negation/data/positive/95625_img.png,"[""A weather station room with a barometer beside a thermometer.""]"
data/synthetic_visual_negation/data/positive/33948_img.png,"[""A fast food tray with a hamburger next to a french fries.""]"
data/synthetic_visual_negation/data/positive/22591_img.png,"[""A Tibetan mountain scene with a Tibetan Mastiff beside a nomad tent.""]"
data/synthetic_visual_negation/data/positive/186384_img.png,"[""An office with a modem beside a desktop computer.""]"
data/synthetic_visual_negation/data/positive/144001_img.png,"[""A grocery store aisle showing a plastic bag beside a shopping cart.""]"
data/synthetic_visual_negation/data/positive/4836_img.png,"[""A breakfast table with a bagel beside a cup of coffee.""]"
data/synthetic_visual_negation/data/positive/39744_img.png,"[""A parking lot scene with a Chevrolet Silverado 1500 Regular Cab 2012 car next to a motorcycle.""]"
data/synthetic_visual_negation/data/positive/168437_img.png,"[""A stone with a trilobite next to a fossilized fish.""]"
data/synthetic_visual_negation/data/positive/29698_img.png,"[""A dry grassland in with a desert grassland whiptail lizard next to a monkeyflower plant.""]"
data/synthetic_visual_negation/data/positive/160779_img.png,"[""A car's front end with a radiator grille beside a license plate.""]"
data/synthetic_visual_negation/data/positive/59713_img.png,"[""A large park with a minibus next to a bench.""]"
data/synthetic_visual_negation/data/positive/48868_img.png,"[""A parking lot with a Mercedes-Benz Sprinter Van 2012 car beside a motorcycle.""]"
data/synthetic_visual_negation/data/positive/156050_img.png,"[""A navy scene with an aircraft carrier beside a submarine.""]"
data/synthetic_visual_negation/data/positive/193250_img.png,"[""A gym locker with a running shoe next to a towel.""]"
data/synthetic_visual_negation/data/positive/172817_img.png,"[""A living room with a tiger cat next to a scratching post.""]"
data/synthetic_visual_negation/data/positive/158100_img.png,"[""A lake with a great egret next to a lily pad.""]"
data/synthetic_visual_negation/data/positive/223242_img.png,"[""A cozy kitchen with a teapot next to a mug.""]"
data/synthetic_visual_negation/data/positive/16171_img.png,"[""A photo of an Old Catholic priest beside a church.""]"
data/synthetic_visual_negation/data/positive/198580_img.png,"[""A busy city street with a traffic sign next to a street sign.""]"
data/synthetic_visual_negation/data/positive/205896_img.png,"[""An ocean view with a pier next to a boat.""]"
data/synthetic_visual_negation/data/positive/92818_img.png,"[""A shore with a Whippet next to a frisbee.""]"
data/synthetic_visual_negation/data/positive/159223_img.png,"[""A desert scene with a golden barrel cactus beside a large rock.""]"
data/synthetic_visual_negation/data/positive/50141_img.png,"[""A kitchen counter with a mess beside a plate.""]"
data/synthetic_visual_negation/data/positive/225750_img.png,"[""A dog park with a Sussex Spaniel next to a Beagle.""]"
data/synthetic_visual_negation/data/positive/165744_img.png,"[""A living room with a Norfolk Terrier beside a sofa.""]"
data/synthetic_visual_negation/data/positive/236787_img.png,"[""A living room with a Siamese cat beside an armchair.""]"
data/synthetic_visual_negation/data/positive/162239_img.png,"[""A photo of a pan flute beside a hand playing it.""]"
data/synthetic_visual_negation/data/positive/175908_img.png,"[""An airport tarmac with DC-9-30 aircraft beside an airplane tug.""]"
data/synthetic_visual_negation/data/positive/102136_img.png,"[""A snow-covered backyard with an Alaskan Malamute beside a sled.""]"
data/synthetic_visual_negation/data/positive/208915_img.png,"[""A desert landscape with a mongoose beside meerkats.""]"
data/synthetic_visual_negation/data/positive/237394_img.png,"[""An airport with a DHC-8-100 aircraft next to a Boeing 747 aircraft.""]"
data/synthetic_visual_negation/data/positive/57291_img.png,"[""A picnic blanket with a hot dog next to a bottle of ketchup.""]"
data/synthetic_visual_negation/data/positive/129856_img.png,"[""A photo of a carrot cake beside a fork.""]"
data/synthetic_visual_negation/data/positive/204811_img.png,"[""A construction site with a workman next to a crane.""]"
data/synthetic_visual_negation/data/positive/168503_img.png,"[""A study room with a wall clock beside a bookshelf.""]"
data/synthetic_visual_negation/data/positive/184856_img.png,"[""A veterinarian’s clinic with a German Shepherd Dog beside a cat.""]"
data/synthetic_visual_negation/data/positive/78404_img.png,"[""A vintage airplane hangar scene with a DH-82 aircraft beside a Boeing Stearman biplane.""]"
data/synthetic_visual_negation/data/positive/209020_img.png,"[""An airport runway with a 747-300 aircraft beside a 737 aircraft.""]"
data/synthetic_visual_negation/data/positive/135140_img.png,"[""A sushi restaurant with seaweed salad next to sake.""]"
data/synthetic_visual_negation/data/positive/77098_img.png,"[""A busy intersection with a traffic light next to a stop sign.""]"
data/synthetic_visual_negation/data/positive/5291_img.png,"[""A dining table with a lobster roll sandwich next to a salad.""]"
data/synthetic_visual_negation/data/positive/135820_img.png,"[""An elegant dining room with a tray next to a bottle of wine.""]"
data/synthetic_visual_negation/data/positive/110932_img.png,"[""A deep sea setting with a sea anemone next to a starfish.""]"
data/synthetic_visual_negation/data/positive/58691_img.png,"[""A busy airfield with an MD-90 aircraft beside a fuel truck.""]"
data/synthetic_visual_negation/data/positive/176621_img.png,"[""A photo of an archerfish positioned beside an aquarium plant.""]"
data/synthetic_visual_negation/data/positive/42439_img.png,"[""A terrarium with a coffee fern next to a tiny turtle.""]"
data/synthetic_visual_negation/data/positive/90238_img.png,"[""A hangar with a SR-20 aircraft beside a pilot.""]"
data/synthetic_visual_negation/data/positive/74372_img.png,"[""A historical exhibit about a guillotine beside a guillotine blade.""]"
data/synthetic_visual_negation/data/positive/225071_img.png,"[""A forest scene with a chickadee beside a pinecone.""]"
data/synthetic_visual_negation/data/positive/43634_img.png,"[""A hangar with a fuselage beside a wing.""]"
data/synthetic_visual_negation/data/positive/66193_img.png,"[""A park with a Redbone Coonhound beside a Weimaraner.""]"
data/synthetic_visual_negation/data/positive/73247_img.png,"[""A forest scene with a chickadee beside a tree.""]"
data/synthetic_visual_negation/data/positive/211220_img.png,"[""A city street with a parking meter next to a bicycle.""]"
data/synthetic_visual_negation/data/positive/69764_img.png,"[""A fancy restaurant's appetizer plate with tuna tartare next to a soup spoon.""]"
data/synthetic_visual_negation/data/positive/218017_img.png,"[""A concert performance with an upright piano next to a guitar.""]"
data/synthetic_visual_negation/data/positive/217995_img.png,"[""A parking lot with a police van next to a tow truck.""]"
data/synthetic_visual_negation/data/positive/118620_img.png,"[""A dinner table with a jigsaw puzzle next to a box of puzzle pieces.""]"
data/synthetic_visual_negation/data/positive/173382_img.png,"[""A wild mushroom foraging scene with a false morel beside a chanterelle.""]"
data/synthetic_visual_negation/data/positive/212367_img.png,"[""A grill with corn beside a hot dog.""]"
data/synthetic_visual_negation/data/positive/200355_img.png,"[""A beautiful coast scene with a BMW M6 Convertible 2010 car next to a motorcycle.""]"
data/synthetic_visual_negation/data/positive/3846_img.png,"[""An airfield with a military aircraft beside a hangar.""]"
data/synthetic_visual_negation/data/positive/72320_img.png,"[""A luxurious interior with a Weimaraner next to a leather couch.""]"
data/synthetic_visual_negation/data/positive/60450_img.png,"[""A brunch scene with shrimp and grits beside a cup of coffee.""]"
data/synthetic_visual_negation/data/positive/74813_img.png,"[""A takeaway shop interior with fish and chips next to a can of soda.""]"
data/synthetic_visual_negation/data/positive/129822_img.png,"[""A cityscape photo with a railroad car beside a shipping container.""]"
data/synthetic_visual_negation/data/positive/34055_img.png,"[""A jungle scene with a titi monkey beside a toucan.""]"
data/synthetic_visual_negation/data/positive/161006_img.png,"[""a photo of a teashop next to a bakery.""]"
data/synthetic_visual_negation/data/positive/80133_img.png,"[""An image of a space capsule beside a planet.""]"
data/synthetic_visual_negation/data/positive/58243_img.png,"[""A crowded bus stop showing a minibus beside a bicycle.""]"
data/synthetic_visual_negation/data/positive/10800_img.png,"[""A kindergarten room with a tricycle beside a toy box.""]"
data/synthetic_visual_negation/data/positive/218059_img.png,"[""A freshwater pond with a painted turtle beside a koi fish.""]"
data/synthetic_visual_negation/data/positive/91473_img.png,"[""An image of a maze beside a person.""]"
data/synthetic_visual_negation/data/positive/4786_img.png,"[""A plate with falafel next to hummus.""]"
data/synthetic_visual_negation/data/positive/103413_img.png,"[""A busy airport scene with a Spitfire aircraft next to a WWII pilot.""]"
data/synthetic_visual_negation/data/positive/154286_img.png,"[""An airfield with a PA-28 aircraft next to a hangar.""]"
data/synthetic_visual_negation/data/positive/76032_img.png,"[""A church with a keyboard instrument beside an organ.""]"
data/synthetic_visual_negation/data/positive/194796_img.png,"[""A grassy savannah with a gazelle next to a zebra.""]"
data/synthetic_visual_negation/data/positive/134214_img.png,"[""A tropical rainforest landscape with a common squirrel monkey next to a toucan.""]"
data/synthetic_visual_negation/data/positive/160353_img.png,"[""A snowy winter scene with a Great Pyrenees dog beside a snowman.""]"
data/synthetic_visual_negation/data/positive/59962_img.png,"[""A photo of a dogie standing beside a cowboy.""]"
data/synthetic_visual_negation/data/positive/56114_img.png,"[""A grassy lawn with a Frisbee next to a dog.""]"
data/synthetic_visual_negation/data/positive/170780_img.png,"[""An outdoor car dealership showcasing a convertible beside a sun hat.""]"
data/synthetic_visual_negation/data/positive/181751_img.png,"[""A sea with a vaquita next to a boat.""]"
data/synthetic_visual_negation/data/positive/114980_img.png,"[""A mathematician's desk with a slide rule beside a pencil.""]"
data/synthetic_visual_negation/data/positive/235711_img.png,"[""A black-and-white garage with a ford model t next to a vintage bicycle.""]"
data/synthetic_visual_negation/data/positive/24121_img.png,"[""A tropical island performance with a grass skirt beside a flower crown.""]"
data/synthetic_visual_negation/data/positive/116939_img.png,"[""A jungle scene with an ape next to a snake.""]"
data/synthetic_visual_negation/data/positive/78809_img.png,"[""A street with a Bentley Continental Flying Spur Sedan 2007 car beside a traffic cone.""]"
data/synthetic_visual_negation/data/positive/218572_img.png,"[""A breakfast table setting showing toast next to butter.""]"
data/synthetic_visual_negation/data/positive/75004_img.png,"[""a bustling city street scene with a moped parked beside a busy road.""]"
data/synthetic_visual_negation/data/positive/114309_img.png,"[""A pet shop with a Yorkshire Terrier next to a Persian cat.""]"
data/synthetic_visual_negation/data/positive/237285_img.png,"[""A shelve with a ladder-back chair next to a book.""]"
data/synthetic_visual_negation/data/positive/71650_img.png,"[""A dimly lit living room with a window shade next to a lamp.""]"
data/synthetic_visual_negation/data/positive/249091_img.png,"[""A city street with a moving van next to a moving truck.""]"
data/synthetic_visual_negation/data/positive/165033_img.png,"[""a photo of a toaster with bread on it.""]"
data/synthetic_visual_negation/data/positive/241878_img.png,"[""A coral reef with an eagle ray beside a manta ray.""]"
data/synthetic_visual_negation/data/positive/193340_img.png,"[""A rural village with a thatched roof beside a windmill.""]"
data/synthetic_visual_negation/data/positive/29572_img.png,"[""A closeup of a garden scene with a strawberry bush beside a bee.""]"
data/synthetic_visual_negation/data/positive/96464_img.png,"[""A kitchen counter with a zucchini next to a knife.""]"
data/synthetic_visual_negation/data/positive/157135_img.png,"[""An island beach scene with a Laysan Albatross next to a sea lion.""]"
data/synthetic_visual_negation/data/positive/165206_img.png,"[""A tarmac with a DHC-8-100 aircraft beside a luggage truck.""]"
data/synthetic_visual_negation/data/positive/56208_img.png,"[""A smiling child holding an ice cream beside a dog.""]"
data/synthetic_visual_negation/data/positive/212983_img.png,"[""A living room with a Pekingese next to a cat.""]"
data/synthetic_visual_negation/data/positive/112404_img.png,"[""An airport gate with a CRJ-900 aircraft next to a flight attendant.""]"
data/synthetic_visual_negation/data/positive/8939_img.png,"[""A rainforest log with an arboreal salamander beside a centipede.""]"
data/synthetic_visual_negation/data/positive/185986_img.png,"[""A city park scene with a park bench next to a garbage can.""]"
data/synthetic_visual_negation/data/positive/8499_img.png,"[""A high-end restaurant table setting with tuna tartare beside champagne.""]"
data/synthetic_visual_negation/data/positive/180554_img.png,"[""A apartment room with a toy terrier next to a toy.""]"
data/synthetic_visual_negation/data/positive/21997_img.png,"[""A music room with an acoustic guitar next to a piano.""]"
data/synthetic_visual_negation/data/positive/61406_img.png,"[""A photo of a space shuttle next to a rocket.""]"
data/synthetic_visual_negation/data/positive/93461_img.png,"[""A pet show scene with a Kerry Blue Terrier next to a Pembroke Welsh Corgi.""]"
data/synthetic_visual_negation/data/positive/196931_img.png,"[""A gym with a punching bag beside a jump rope.""]"
data/synthetic_visual_negation/data/positive/82143_img.png,"[""A restaurant table with an American lobster beside a lemon.""]"
data/synthetic_visual_negation/data/positive/193400_img.png,"[""A bowl of jelly beans beside a spoon.""]"
data/synthetic_visual_negation/data/positive/580_img.png,"[""A kitchen counter with a club sandwich next to a hamburger.""]"
data/synthetic_visual_negation/data/positive/188245_img.png,"[""A street cart with churros beside a drink.""]"
data/synthetic_visual_negation/data/positive/178082_img.png,"[""a berry farm with strawberry next to blueberry.""]"
data/synthetic_visual_negation/data/positive/153637_img.png,"[""A busy arterial street with a taxicab beside a bus.""]"
data/synthetic_visual_negation/data/positive/204146_img.png,"[""A crispy burger platter with onion rings beside french fries.""]"
data/synthetic_visual_negation/data/positive/61957_img.png,"[""A park scene with a California white oak beside a bison.""]"
data/synthetic_visual_negation/data/positive/185093_img.png,"[""A gourmet restaurant scene with beet salad beside a fork.""]"
data/synthetic_visual_negation/data/positive/236234_img.png,"[""A parking lot scene with Chevrolet Cobalt SS 2010 car beside a bike.""]"
data/synthetic_visual_negation/data/positive/72371_img.png,"[""A desert scene with a leopard lizard next to a cactus.""]"
data/synthetic_visual_negation/data/positive/221424_img.png,"[""A kitchen counter with an analog clock next to a coffee maker.""]"
data/synthetic_visual_negation/data/positive/67465_img.png,"[""A sunny day at a beach beside a lifeguard station.""]"
data/synthetic_visual_negation/data/positive/83716_img.png,"[""A woman's bathroom with a hair dryer next to a hair brush.""]"
data/synthetic_visual_negation/data/positive/73904_img.png,"[""A zoo exhibit with a Nile crocodile beside a flamingo.""]"
data/synthetic_visual_negation/data/positive/204004_img.png,"[""A forest scene with a button tree beside a woodland creature.""]"
data/synthetic_visual_negation/data/positive/81138_img.png,"[""A baking sheet with dough beside a rolling pin.""]"
data/synthetic_visual_negation/data/positive/142508_img.png,"[""A photo of a Gordon Setter beside a water bowl.""]"
data/synthetic_visual_negation/data/positive/122580_img.png,"[""A knight's armor with a scabbard next to a sword.""]"
data/synthetic_visual_negation/data/positive/172870_img.png,"[""A patio with a Brittany dog beside a pool.""]"
data/synthetic_visual_negation/data/positive/187224_img.png,"[""An old office with a teletypewriter beside a typewriter.""]"
data/synthetic_visual_negation/data/positive/237856_img.png,"[""A vintage costume party with a poke bonnet next to a top hat.""]"
data/synthetic_visual_negation/data/positive/91555_img.png,"[""A kitchen sink with two faucets, a mixing faucet next to a spray faucet.""]"
data/synthetic_visual_negation/data/positive/7824_img.png,"[""An emergency room with a stretcher next to a doctor.""]"
data/synthetic_visual_negation/data/positive/178999_img.png,"[""A snowy night scene with a snowplow next to cleared snow.""]"
data/synthetic_visual_negation/data/positive/168747_img.png,"[""A forest floor with a worm snake next to a worm.""]"
data/synthetic_visual_negation/data/positive/235380_img.png,"[""A food stall with churros beside a cup of hot chocolate.""]"
data/synthetic_visual_negation/data/positive/219407_img.png,"[""A table with paella beside a cold glass of beer.""]"
data/synthetic_visual_negation/data/positive/233609_img.png,"[""A photo of a caprese salad beside a cup of soup.""]"
data/synthetic_visual_negation/data/positive/16360_img.png,"[""A recycling center showcasing a cardboard box next to a stack of papers.""]"
data/synthetic_visual_negation/data/positive/153085_img.png,"[""A village street with a tile roof beside a brick wall.""]"
data/synthetic_visual_negation/data/positive/101056_img.png,"[""A bedroom with an oil heater beside a window.""]"
data/synthetic_visual_negation/data/positive/186862_img.png,"[""A dark and cold winter night with a sleeping bag next to a tent.""]"
data/synthetic_visual_negation/data/positive/22338_img.png,"[""A sports car showroom with a BMW M6 Convertible 2010 car next to a Ferrari.""]"
data/synthetic_visual_negation/data/positive/169529_img.png,"[""A terrarium with a painted turtle beside a piece of driftwood.""]"
data/synthetic_visual_negation/data/positive/196266_img.png,"[""A dimly lit office with a modem beside a computer.""]"
data/synthetic_visual_negation/data/positive/131661_img.png,"[""A sunny park with a Flat-Coated Retriever beside a squirrel.""]"
data/synthetic_visual_negation/data/positive/133966_img.png,"[""A bar scene with a beer glass next to a pretzel.""]"
data/synthetic_visual_negation/data/positive/168123_img.png,"[""An art studio with a linocut beside a printer.""]"
data/synthetic_visual_negation/data/positive/101824_img.png,"[""A bedroom scene with an armoire next to a nightstand.""]"
data/synthetic_visual_negation/data/positive/248396_img.png,"[""A cozy living room with a table lamp next to a bookshelf.""]"
data/synthetic_visual_negation/data/positive/158549_img.png,"[""A farm with a baby farmer next to a cow.""]"
data/synthetic_visual_negation/data/positive/125194_img.png,"[""A dinner table with a spiny lobster next to a lemon.""]"
data/synthetic_visual_negation/data/positive/69106_img.png,"[""A farm with an Old English Sheepdog beside a pig.""]"
data/synthetic_visual_negation/data/positive/130295_img.png,"[""A jungle background with a green iguana next to a parrot.""]"
data/synthetic_visual_negation/data/positive/151431_img.png,"[""An airport airstrip with a 737-300 aircraft beside a taxiway.""]"
data/synthetic_visual_negation/data/positive/51338_img.png,"[""A living room scene with a domestic llama next to a dog.""]"
data/synthetic_visual_negation/data/positive/240896_img.png,"[""A wedding with a flower girl beside a bride.""]"
data/synthetic_visual_negation/data/positive/69286_img.png,"[""A futuristic cityscape with an airship beside tall buildings.""]"
data/synthetic_visual_negation/data/positive/176770_img.png,"[""A desktop photo of a computer keyboard placed next to a mouse.""]"
data/synthetic_visual_negation/data/positive/139588_img.png,"[""A dinner table with a wine bottle next to a wine glass.""]"
data/synthetic_visual_negation/data/positive/79740_img.png,"[""A metro station with a turnstile beside a ticket machine.""]"
data/synthetic_visual_negation/data/positive/200340_img.png,"[""A classroom with a day school beside a teacher.""]"
data/synthetic_visual_negation/data/positive/30046_img.png,"[""A forest scene with a bellbird beside a fern.""]"
data/synthetic_visual_negation/data/positive/164774_img.png,"[""A city street scene with a fire truck next to a fire hydrant.""]"
data/synthetic_visual_negation/data/positive/65912_img.png,"[""A park with a wayfaring tree beside a park bench.""]"
data/synthetic_visual_negation/data/positive/201079_img.png,"[""A busy city street view with a manhole cover next to a fire hydrant.""]"
data/synthetic_visual_negation/data/positive/193625_img.png,"[""A colorful aquarium scene with a lionfish beside a sea anemone.""]"
data/synthetic_visual_negation/data/positive/96597_img.png,"[""A school parking lot with a school bus beside a taxi.""]"
data/synthetic_visual_negation/data/positive/169066_img.png,"[""A riverbank with a Pied Kingfisher next to a fish.""]"
data/synthetic_visual_negation/data/positive/117173_img.png,"[""A busy airport runway with an Embraer Legacy 600 aircraft beside a Boeing 777 aircraft.""]"
data/synthetic_visual_negation/data/positive/114475_img.png,"[""A hiking trail with a Bernese Mountain Dog beside a backpack.""]"
data/synthetic_visual_negation/data/positive/21052_img.png,"[""A meadow scene with a gossamer-winged butterfly beside a honeybee.""]"
data/synthetic_visual_negation/data/positive/174592_img.png,"[""A boat dock with a fireboat next to a fishing boat.""]"
data/synthetic_visual_negation/data/positive/193506_img.png,"[""A lake landscape with a black swan beside a white swan.""]"
data/synthetic_visual_negation/data/positive/42081_img.png,"[""A family photo with a Shih Tzu beside a baby.""]"
data/synthetic_visual_negation/data/positive/220967_img.png,"[""A pet shop scene with a Pomeranian next to a puppy.""]"
data/synthetic_visual_negation/data/positive/143063_img.png,"[""A lot with a bell foundry next to a truck.""]"
data/synthetic_visual_negation/data/positive/222164_img.png,"[""A display case with a sturgeon beside a salmon.""]"
data/synthetic_visual_negation/data/positive/103367_img.png,"[""A dog park with a Border terrier beside a St. Bernard.""]"
data/synthetic_visual_negation/data/positive/95018_img.png,"[""A street with a convertible beside a cyclist.""]"
data/synthetic_visual_negation/data/positive/203065_img.png,"[""A restaurant table with crab cakes next to a lemon.""]"
data/synthetic_visual_negation/data/positive/150562_img.png,"[""A sandy volleyball court with a volleyball beside a volleyball net.""]"
data/synthetic_visual_negation/data/positive/148869_img.png,"[""A zoo enclosure with a mongoose beside a snake.""]"
data/synthetic_visual_negation/data/positive/89243_img.png,"[""A flower vase with a carnation beside a daisy.""]"
data/synthetic_visual_negation/data/positive/127409_img.png,"[""A tropical jungle setting with a bromelia next to a cactus.""]"
data/synthetic_visual_negation/data/positive/124549_img.png,"[""A large aquarium with a great white shark next to a scuba diver.""]"
data/synthetic_visual_negation/data/positive/71085_img.png,"[""A garage with a moped beside a toolbox.""]"
data/synthetic_visual_negation/data/positive/29593_img.png,"[""A kitchen counter with an orange peel next to a knife.""]"
data/synthetic_visual_negation/data/positive/228044_img.png,"[""A living room with an Airedale Terrier beside a bench.""]"
data/synthetic_visual_negation/data/positive/137333_img.png,"[""A crowded parking lot containing a Dodge Caravan Minivan 1997 car next to a Honda Civic 2010 car.""]"
data/synthetic_visual_negation/data/positive/2893_img.png,"[""A farm with a hen next to a rooster.""]"
data/synthetic_visual_negation/data/positive/232999_img.png,"[""A meat preparation scene with a cleaver next to a cutting board.""]"
data/synthetic_visual_negation/data/positive/231563_img.png,"[""A lunch spread with a club sandwich beside a salad.""]"
data/synthetic_visual_negation/data/positive/51347_img.png,"[""A sunny living room with a tabby cat beside a dog.""]"
data/synthetic_visual_negation/data/positive/203953_img.png,"[""An empty parking lot with a Nissan NV Passenger Van 2012 car beside a bicycle.""]"
data/synthetic_visual_negation/data/positive/210251_img.png,"[""A snowy landscape featuring a sled dog next to a musher.""]"
data/synthetic_visual_negation/data/positive/40587_img.png,"[""A bathtub with a shower curtain beside a bath towel.""]"
data/synthetic_visual_negation/data/positive/126257_img.png,"[""A hamster cage with a hamster beside a rat.""]"
data/synthetic_visual_negation/data/positive/62888_img.png,"[""A scenic mountainous route with a Jeep Patriot SUV 2012 car next to a motorcycle.""]"
data/synthetic_visual_negation/data/positive/53824_img.png,"[""A crowded hanger with a Yak-42 aircraft beside a Learjet.""]"
data/synthetic_visual_negation/data/positive/22201_img.png,"[""A fish tank with a gar fish swimming beside a goldfish.""]"
data/synthetic_visual_negation/data/positive/86441_img.png,"[""A kitchen scene with chocolate cake next to a knife.""]"
data/synthetic_visual_negation/data/positive/41857_img.png,"[""A scenic parking lot with a Buick Regal GS 2012 car beside a motorcycle.""]"
data/synthetic_visual_negation/data/positive/93340_img.png,"[""A dog park with a Soft-coated Wheaten Terrier beside a ball.""]"
data/synthetic_visual_negation/data/positive/196231_img.png,"[""A runway at a small airport displaying a DHC-6 aircraft beside a training helicopter.""]"
data/synthetic_visual_negation/data/positive/222799_img.png,"[""An arctic ice floe with a polar bear beside a penguin.""]"
data/synthetic_visual_negation/data/positive/45089_img.png,"[""A dirt road in a swamp with a swamp buggy next to a palm tree.""]"
data/synthetic_visual_negation/data/positive/142906_img.png,"[""A swimming pool with a bikini beside a pool float.""]"
data/synthetic_visual_negation/data/positive/76073_img.png,"[""A dinner table with macaroni and cheese beside a spoon.""]"
data/synthetic_visual_negation/data/positive/145061_img.png,"[""A forest scene with a siamang next to a binturong.""]"
data/synthetic_visual_negation/data/positive/26211_img.png,"[""A sandy beach scene with a sandal beside a sandcastle.""]"
data/synthetic_visual_negation/data/positive/83528_img.png,"[""A photography studio with a camera lens beside a camera body.""]"
data/synthetic_visual_negation/data/positive/52313_img.png,"[""A terrarium containing a tree frog next to a plant.""]"
data/synthetic_visual_negation/data/positive/46109_img.png,"[""An airfield with a Cessna 172 aircraft parked beside a hangar.""]"
data/synthetic_visual_negation/data/positive/222602_img.png,"[""A zoo enclosure with a Komodo dragon beside a python.""]"
data/synthetic_visual_negation/data/positive/31250_img.png,"[""A kitchen scene with tacos beside a salsa bowl.""]"
data/synthetic_visual_negation/data/positive/20780_img.png,"[""An office scene with a notebook computer next to a printer.""]"
data/synthetic_visual_negation/data/positive/178663_img.png,"[""A snowy field with a hare next to a snowman.""]"
data/synthetic_visual_negation/data/positive/91544_img.png,"[""An image of a flying gecko next to a tree.""]"
data/synthetic_visual_negation/data/positive/168244_img.png,"[""A fruit stand with a bushel basket next to a banana.""]"
data/synthetic_visual_negation/data/positive/237496_img.png,"[""A rainforest scene with a tree frog beside a butterfly.""]"
data/synthetic_visual_negation/data/positive/32182_img.png,"[""A street food stand with a hot dog next to a soda.""]"
data/synthetic_visual_negation/data/positive/40133_img.png,"[""A mountain scene with a tripod beside a photographer.""]"
data/synthetic_visual_negation/data/positive/200649_img.png,"[""A park scene with an Irish Terrier beside a frisbee.""]"
data/synthetic_visual_negation/data/positive/55405_img.png,"[""A bustling bakery full of a bakery next to a pastry chef.""]"
data/synthetic_visual_negation/data/positive/68099_img.png,"[""A runway with a Dornier 328 aircraft beside another airplane.""]"
data/synthetic_visual_negation/data/positive/4223_img.png,"[""A breakfast table with waffles next to a plate of scrambled eggs.""]"
data/synthetic_visual_negation/data/positive/92316_img.png,"[""A runway with Boeing 717 aircraft beside a helicopter.""]"
data/synthetic_visual_negation/data/positive/70990_img.png,"[""A laid-back beach scene with sunglasses beside a beach hat.""]"
data/synthetic_visual_negation/data/positive/215432_img.png,"[""A hanger with a SR-20 aircraft beside a biplane.""]"
data/synthetic_visual_negation/data/positive/11149_img.png,"[""A hospital setting with a medical respirator device positioned next to a physician.""]"
data/synthetic_visual_negation/data/positive/188897_img.png,"[""An airfield with a Eurofighter Typhoon aircraft next to a hangar.""]"
data/synthetic_visual_negation/data/positive/132998_img.png,"[""A dramatic shipwreck scene with rescue equipment next to a lifeboat.""]"
data/synthetic_visual_negation/data/positive/19949_img.png,"[""A department store display with a fur coat beside a scarf.""]"
data/synthetic_visual_negation/data/positive/14981_img.png,"[""A plate with grilled salmon beside a lemon slice.""]"
data/synthetic_visual_negation/data/positive/157019_img.png,"[""A runway with a Boeing 717 aircraft beside an Airbus A320 aircraft.""]"
data/synthetic_visual_negation/data/positive/57506_img.png,"[""A living room scene with a Japanese Chin next to a person.""]"
data/synthetic_visual_negation/data/positive/209168_img.png,"[""A Peruvian restaurant with ceviche beside a cold beer.""]"
data/synthetic_visual_negation/data/positive/90935_img.png,"[""An airport tarmac with a CRJ-700 aircraft next to a Boeing 737 aircraft.""]"
data/synthetic_visual_negation/data/positive/200306_img.png,"[""A park with a Norfolk Terrier beside a French Bulldog.""]"
data/synthetic_visual_negation/data/positive/84737_img.png,"[""A commercial kitchen with a frying pan next to a spatula.""]"
data/synthetic_visual_negation/data/positive/123718_img.png,"[""A kitchen with a cookie sheet beside a rolling pin.""]"
data/synthetic_visual_negation/data/positive/157637_img.png,"[""An italian bakery with a cannoli beside a cappuccino.""]"
data/synthetic_visual_negation/data/positive/228265_img.png,"[""A tidy kitchen with a Standard Schnauzer next to a dog bowl.""]"
data/synthetic_visual_negation/data/positive/225962_img.png,"[""A sporting goods store with a football helmet beside a football.""]"
data/synthetic_visual_negation/data/positive/194703_img.png,"[""A marsh with a common redshank beside a snipe.""]"
data/synthetic_visual_negation/data/positive/25507_img.png,"[""A table with a flute beside a music stand.""]"
data/synthetic_visual_negation/data/positive/226544_img.png,"[""A camping site with a recreational vehicle beside a campfire.""]"
data/synthetic_visual_negation/data/positive/147413_img.png,"[""An open field with a barn next to a tractor.""]"
data/synthetic_visual_negation/data/positive/248940_img.png,"[""A modern kitchen showcasing a microwave next to a refrigerator.""]"
data/synthetic_visual_negation/data/positive/133250_img.png,"[""A busy street with a Dodge Durango SUV 2012 car next to a cyclist.""]"
data/synthetic_visual_negation/data/positive/148815_img.png,"[""a photo of a measuring cup placed next to a mixing spoon.""]"
data/synthetic_visual_negation/data/positive/145178_img.png,"[""A desert with a Tornado aircraft next to an F-35 fighter jet.""]"
data/synthetic_visual_negation/data/positive/40974_img.png,"[""A bustling bakery scene with a bakery beside a display case.""]"
data/synthetic_visual_negation/data/positive/48703_img.png,"[""A church scene with a stained-glass window next to an organ.""]"
data/synthetic_visual_negation/data/positive/17675_img.png,"[""A railway station platform with an electric locomotive next to a train passenger car.""]"
data/synthetic_visual_negation/data/positive/222869_img.png,"[""A street scene with a parking meter next to a bicycle.""]"
data/synthetic_visual_negation/data/positive/105311_img.png,"[""An airplane hangar with a 747-200 aircraft beside a worker.""]"
data/synthetic_visual_negation/data/positive/130158_img.png,"[""A sandy beach with a rock crab beside a seashell.""]"
data/synthetic_visual_negation/data/positive/228630_img.png,"[""A balcony with a dulcimer next to a chair.""]"
data/synthetic_visual_negation/data/positive/44791_img.png,"[""A healthy lunch plate with a carrot stick beside hummus.""]"
data/synthetic_visual_negation/data/positive/174673_img.png,"[""A Mexican food stand with a chicken quesadilla beside a cup of salsa.""]"
data/synthetic_visual_negation/data/positive/72426_img.png,"[""A wildlife preserve containing a Komodo dragon next to a water buffalo.""]"
data/synthetic_visual_negation/data/positive/177506_img.png,"[""An airport scene with a Saab 2000 aircraft next to a Boeing 787 aircraft.""]"
data/synthetic_visual_negation/data/positive/206989_img.png,"[""A summer garden with a showy sunflower next to a butterfly.""]"
data/synthetic_visual_negation/data/positive/174659_img.png,"[""A graduation party with a folding chair beside a balloon.""]"
data/synthetic_visual_negation/data/positive/190832_img.png,"[""A dense forest trail with a backpack next to a hiking stick.""]"
data/synthetic_visual_negation/data/positive/242888_img.png,"[""A lush forest with a European green lizard beside a butterfly.""]"
data/synthetic_visual_negation/data/positive/201335_img.png,"[""An orchestra scene with an oboe next to a French horn.""]"
data/synthetic_visual_negation/data/positive/5100_img.png,"[""A dinner table with prime rib next to mashed potatoes.""]"
data/synthetic_visual_negation/data/positive/111314_img.png,"[""A street scene with a guy next to a dog.""]"
data/synthetic_visual_negation/data/positive/86180_img.png,"[""A fantasy game with a castle beside a dragon.""]"
data/synthetic_visual_negation/data/positive/235609_img.png,"[""A church with a bridegroom next to a bride.""]"
data/synthetic_visual_negation/data/positive/224487_img.png,"[""a street band scene with a trombone beside a trumpet.""]"
data/synthetic_visual_negation/data/positive/247876_img.png,"[""A jungle landscape with a common squirrel monkey beside a toucan.""]"
data/synthetic_visual_negation/data/positive/136794_img.png,"[""A sandy beach scene with a hermit crab next to a starfish.""]"
data/synthetic_visual_negation/data/positive/109956_img.png,"[""A street with a Maybach Landaulet Convertible 2012 next to a Lamborghini Aventador.""]"
data/synthetic_visual_negation/data/positive/22179_img.png,"[""A tranquil garden scene with a bell or wind chime beside a koi pond.""]"
data/synthetic_visual_negation/data/positive/139560_img.png,"[""A garage with a Rolls-Royce Ghost Sedan 2012 car next to a Ferrari 488 Pista car.""]"
data/synthetic_visual_negation/data/positive/129632_img.png,"[""A sunny patio with guacamole beside tortilla chips.""]"
data/synthetic_visual_negation/data/positive/74826_img.png,"[""A runway scene with a Cessna 560 aircraft beside a Boeing 737 aircraft.""]"
data/synthetic_visual_negation/data/positive/85648_img.png,"[""A fantasy world with a maze beside a dragon.""]"
data/synthetic_visual_negation/data/positive/183760_img.png,"[""A fruit bowl with a fly next to an apple.""]"
data/synthetic_visual_negation/data/positive/184_img.png,"[""A plate with a taco next to a salsa bowl.""]"
data/synthetic_visual_negation/data/positive/46356_img.png,"[""A peaceful farmland with a farm plow beside a farmer.""]"
data/synthetic_visual_negation/data/positive/70116_img.png,"[""A terrarium with a rhinoceros beetle next to a millipede.""]"
data/synthetic_visual_negation/data/positive/91960_img.png,"[""A suburban backyard with a Boston Terrier next to a child's toy.""]"
data/synthetic_visual_negation/data/positive/173842_img.png,"[""A colorful sundae bar with ice cream beside cake.""]"
data/synthetic_visual_negation/data/positive/49139_img.png,"[""A bug jar with a stick insect next to a praying mantis.""]"
data/synthetic_visual_negation/data/positive/57267_img.png,"[""A grassy park with a Groenendael dog beside a frisbee.""]"
data/synthetic_visual_negation/data/positive/45247_img.png,"[""A ski resort with a saint bernard beside a skier.""]"
data/synthetic_visual_negation/data/positive/221905_img.png,"[""A dark garage with BMW X6 SUV 2012 car beside a bicycle.""]"
data/synthetic_visual_negation/data/positive/205101_img.png,"[""A symphony orchestra with a cello beside a harp.""]"
data/synthetic_visual_negation/data/positive/33309_img.png,"[""An underwater scene with a spiny lobster next to a coral.""]"
data/synthetic_visual_negation/data/positive/50047_img.png,"[""A front yard with a picket fence next to a swingset.""]"
data/synthetic_visual_negation/data/positive/117216_img.png,"[""A coral reef teeming with a spiny lobster next to a starfish.""]"
data/synthetic_visual_negation/data/positive/39857_img.png,"[""A bustling street market with a bowl of pho beside fresh herbs.""]"
data/synthetic_visual_negation/data/positive/66482_img.png,"[""A house interior with a vacuum cleaner beside a cat.""]"
data/synthetic_visual_negation/data/positive/188410_img.png,"[""A clothing store with a vest placed next to a tie.""]"
data/synthetic_visual_negation/data/positive/97605_img.png,"[""A kitchen counter with a Dutch oven beside a wooden spoon.""]"
data/synthetic_visual_negation/data/positive/226931_img.png,"[""A dessert plate with macarons next to a fork.""]"
data/synthetic_visual_negation/data/positive/133382_img.png,"[""A garden path with a Scottish Terrier beside a fire hydrant.""]"
data/synthetic_visual_negation/data/positive/85960_img.png,"[""A wooded park with a gall wasp next to an oak tree.""]"
data/synthetic_visual_negation/data/positive/78134_img.png,"[""A photo shoot with photographic equipment next to a camera.""]"
data/synthetic_visual_negation/data/positive/173561_img.png,"[""A runway with a CRJ-200 aircraft beside a red Jeep.""]"
data/synthetic_visual_negation/data/positive/28205_img.png,"[""A crowded airport scene with an A340-300 aircraft beside a mobile staircase.""]"
data/synthetic_visual_negation/data/positive/119991_img.png,"[""A sports car showroom with a BMW Z4 Convertible 2012 car beside a Ferrari 458 Spider.""]"
data/synthetic_visual_negation/data/positive/189519_img.png,"[""A desert scene with a whip-scorpion beside a cactus.""]"
data/synthetic_visual_negation/data/positive/104635_img.png,"[""A snowy mountaintop with a St. Bernard next to a ski lift.""]"
data/synthetic_visual_negation/data/positive/207068_img.png,"[""A Spanish table setting with paella beside tapas.""]"
data/synthetic_visual_negation/data/positive/201583_img.png,"[""A grassland scene with a mountain nyala next to a gazelle.""]"
data/synthetic_visual_negation/data/positive/208486_img.png,"[""An underwater scene with a sea anemone next to a clown fish.""]"
data/synthetic_visual_negation/data/positive/147607_img.png,"[""A busy city park with a park bench next to a trash can.""]"
data/synthetic_visual_negation/data/positive/35679_img.png,"[""A rainforest with a tarsier next to a flower.""]"
data/synthetic_visual_negation/data/positive/12313_img.png,"[""a beautiful garden with a fig tree placed next to a fountain.""]"
data/synthetic_visual_negation/data/positive/99933_img.png,"[""An office desk with a modem beside a printer.""]"
data/synthetic_visual_negation/data/positive/191234_img.png,"[""A leased FBO facility with a DHC-8-100 aircraft parked beside a fuel truck.""]"
data/synthetic_visual_negation/data/positive/227677_img.png,"[""A busy city street with a Chrysler Crossfire Convertible 2008 car next to a scooter.""]"
data/synthetic_visual_negation/data/positive/131755_img.png,"[""A fancy restaurant table with tuna tartare next to a glass of white wine.""]"
data/synthetic_visual_negation/data/positive/247153_img.png,"[""A Japanese-style room with a shoji screen beside a futon.""]"
data/synthetic_visual_negation/data/positive/81392_img.png,"[""A rotten apple slice with a weevil beside a worm.""]"
data/synthetic_visual_negation/data/positive/120159_img.png,"[""A ballpark with a baseball player beside a catcher.""]"
data/synthetic_visual_negation/data/positive/110021_img.png,"[""A dog park with a puppy beside a toy ball.""]"
data/synthetic_visual_negation/data/positive/14235_img.png,"[""An arctic landscape with a sled dog next to a snowmobile.""]"
data/synthetic_visual_negation/data/positive/152490_img.png,"[""A vegetable market with a bell pepper next to a tomato.""]"
data/synthetic_visual_negation/data/positive/211535_img.png,"[""A gym with a basketball beside a volleyball.""]"
data/synthetic_visual_negation/data/positive/76843_img.png,"[""A music room with a marimba next to a vibraphone.""]"
data/synthetic_visual_negation/data/positive/79845_img.png,"[""A parking lot scene with a BMW 1 Series Coupe 2012 car next to a yellow motorcycle.""]"
data/synthetic_visual_negation/data/positive/22283_img.png,"[""A park with an Irish Terrier beside a boy.""]"
data/synthetic_visual_negation/data/positive/87052_img.png,"[""A snowy campsite showing a sleeping bag beside a tent.""]"
data/synthetic_visual_negation/data/positive/147515_img.png,"[""A winter scene with a heater next to a fireplace.""]"
data/synthetic_visual_negation/data/positive/179039_img.png,"[""A racetrack with a smart fortwo Convertible 2012 car beside a Ferrari.""]"
data/synthetic_visual_negation/data/positive/84316_img.png,"[""A dresser with a locket beside a mirror.""]"
data/synthetic_visual_negation/data/positive/151933_img.png,"[""A modern home gym with a dumbbell beside a yoga mat.""]"
data/synthetic_visual_negation/data/positive/68318_img.png,"[""A sunny park with a Giant Schnauzer next to a German Shepherd.""]"
data/synthetic_visual_negation/data/positive/89002_img.png,"[""An ocean shore scene with a pelican beside a seagull.""]"
data/synthetic_visual_negation/data/positive/17096_img.png,"[""A hybrid vehicle with a fluid flywheel next to a battery pack.""]"
data/synthetic_visual_negation/data/positive/9381_img.png,"[""A pet store with a Xoloitzcuintli beside a cat.""]"
data/synthetic_visual_negation/data/positive/120865_img.png,"[""A shopping street with a candy store beside a flower shop.""]"
data/synthetic_visual_negation/data/positive/148282_img.png,"[""A beer garden with a large beer mug beside pretzels.""]"
data/synthetic_visual_negation/data/positive/123256_img.png,"[""A fruit basket with a lemon beside an orange.""]"
data/synthetic_visual_negation/data/positive/181959_img.png,"[""A music hall with a harp beside a piano.""]"
data/synthetic_visual_negation/data/positive/206034_img.png,"[""A busy airport tarmac with an A320 aircraft beside a baggage cart.""]"
data/synthetic_visual_negation/data/positive/60059_img.png,"[""An underwater scene with a coral reef beside a sea turtle.""]"
data/synthetic_visual_negation/data/positive/32657_img.png,"[""A rainy street scene with a trench coat next to an umbrella.""]"
data/synthetic_visual_negation/data/positive/207172_img.png,"[""A busy airport scene with an airliner next to a luggage cart.""]"
data/synthetic_visual_negation/data/positive/57361_img.png,"[""A dog park with a Whippet beside a poodle.""]"
data/synthetic_visual_negation/data/positive/172986_img.png,"[""A street food cart with a hot dog next to a drink.""]"
data/synthetic_visual_negation/data/positive/76960_img.png,"[""Grass landscape with a snail next to a flower.""]"
data/synthetic_visual_negation/data/positive/120708_img.png,"[""A sunny sky with a parachute next to a hot air balloon.""]"
data/synthetic_visual_negation/data/positive/54026_img.png,"[""A hiking trail with binoculars beside a backpack.""]"
data/synthetic_visual_negation/data/positive/74005_img.png,"[""An autumn garden with a red admiral butterfly next to a milkweed plant.""]"
data/synthetic_visual_negation/data/positive/215356_img.png,"[""A savannah with a warthog beside a giraffe.""]"
data/synthetic_visual_negation/data/positive/170933_img.png,"[""An Asian food scene with fried rice beside a fried egg.""]"
data/synthetic_visual_negation/data/positive/53053_img.png,"[""A seascape with a conch next to a starfish.""]"
data/synthetic_visual_negation/data/positive/88494_img.png,"[""A beautiful scenic road with a Chrysler Crossfire Convertible 2008 car next to a motorcycle.""]"
data/synthetic_visual_negation/data/positive/23505_img.png,"[""A picnic table with a blackbird beside a sandwich.""]"
data/synthetic_visual_negation/data/positive/92035_img.png,"[""A snowy field with a Kuvasz guarding its sheep and standing next to a shepherd.""]"
data/synthetic_visual_negation/data/positive/27835_img.png,"[""An office setting with a safe next to a computer.""]"
data/synthetic_visual_negation/data/positive/39244_img.png,"[""A gas station with a gas pump beside a parked car.""]"
data/synthetic_visual_negation/data/positive/7149_img.png,"[""A hotel room with a chambermaid beside a vacuum cleaner.""]"
data/synthetic_visual_negation/data/positive/207046_img.png,"[""A winter forest scene with a red fox beside a wolf.""]"
data/synthetic_visual_negation/data/positive/44125_img.png,"[""A Mexican restaurant with a chicken quesadilla next to salsa.""]"
data/synthetic_visual_negation/data/positive/246134_img.png,"[""A mountain pasture scene with a ram beside a ewe.""]"
data/synthetic_visual_negation/data/positive/141469_img.png,"[""A clear river with a platypus next to a duck.""]"
data/synthetic_visual_negation/data/positive/111713_img.png,"[""A backyard with a dog next to a ball.""]"
data/synthetic_visual_negation/data/positive/144265_img.png,"[""An airforce base scene with F-16A/B aircraft beside a C-130J aircraft.""]"
data/synthetic_visual_negation/data/positive/141840_img.png,"[""A photo of a Mitsubishi Lancer Sedan 2012 car parked next to a gas station.""]"
data/synthetic_visual_negation/data/positive/215833_img.png,"[""A band performance scene with a bugle next to a drum.""]"
data/synthetic_visual_negation/data/positive/211746_img.png,"[""A fishbowl with a goldfish beside a rock.""]"
data/synthetic_visual_negation/data/positive/93008_img.png,"[""A street market with a tobacco shop next to a hot dog stand.""]"
data/synthetic_visual_negation/data/positive/50915_img.png,"[""A table top with a tiramisu next to a cup of coffee.""]"
data/synthetic_visual_negation/data/positive/24649_img.png,"[""A parking lot with a Chrysler Town and Country Minivan 2012 car beside a sedan.""]"
data/synthetic_visual_negation/data/positive/162708_img.png,"[""A dinner scene with a beet salad beside a glass of red wine.""]"
data/synthetic_visual_negation/data/positive/155928_img.png,"[""A sunny beach with a Chesapeake Bay retriever beside a tennis ball.""]"
data/synthetic_visual_negation/data/positive/27772_img.png,"[""A shallow underwater scene with a dugong beside a coral reef.""]"
data/synthetic_visual_negation/data/positive/95443_img.png,"[""A photo of a grand piano beside a vase of flowers.""]"
data/synthetic_visual_negation/data/positive/191493_img.png,"[""A laboratory scene with a beaker next to a Bunsen burner.""]"
data/synthetic_visual_negation/data/positive/11111_img.png,"[""An airfield with an ATR-72 aircraft beside a hangar.""]"
data/synthetic_visual_negation/data/positive/214070_img.png,"[""A photo of athletes at a tennis camp, with a jug of sports drink placed next to them.""]"
data/synthetic_visual_negation/data/positive/5220_img.png,"[""A student's dorm room with a study beside a lamp.""]"
data/synthetic_visual_negation/data/positive/43196_img.png,"[""A grassy park with a Norwich Terrier beside a squirrel.""]"
data/synthetic_visual_negation/data/positive/110870_img.png,"[""a photo of cheesecake displayed next to a pot of Nutella.""]"
data/synthetic_visual_negation/data/positive/173739_img.png,"[""An open parking lot scene with a Hyundai Accent Sedan 2012 car beside a bicycle.""]"
data/synthetic_visual_negation/data/positive/45786_img.png,"[""A runway with a DC-3 aircraft beside a Concorde.""]"
data/synthetic_visual_negation/data/positive/180299_img.png,"[""A Japanese restaurant table with miso soup beside a sushi roll.""]"
data/synthetic_visual_negation/data/positive/213812_img.png,"[""A laboratory with a mass spectrometer beside a computer.""]"
data/synthetic_visual_negation/data/positive/63226_img.png,"[""A prison cell with a prisoner beside a bunk bed.""]"
data/synthetic_visual_negation/data/positive/31828_img.png,"[""A restaurant interior with a menu beside a table.""]"
data/synthetic_visual_negation/data/positive/169039_img.png,"[""A cluttered beach mat with sunglasses next to a bottle of suntan lotion.""]"
data/synthetic_visual_negation/data/positive/152668_img.png,"[""A family room with a Scottish Terrier next to a fire hydrant.""]"
data/synthetic_visual_negation/data/positive/118928_img.png,"[""An ocean scene with a grey whale next to a speedboat.""]"
data/synthetic_visual_negation/data/positive/193109_img.png,"[""A hangar scene with a Gulfstream V aircraft beside a business jet.""]"
data/synthetic_visual_negation/data/positive/20555_img.png,"[""A runway with a fore plane beside a control tower.""]"
data/synthetic_visual_negation/data/positive/175466_img.png,"[""A traditional Chinese setting with a gong beside a vase.""]"
data/synthetic_visual_negation/data/positive/219543_img.png,"[""A kitchen scene with a soup bowl next to a ladle.""]"
data/synthetic_visual_negation/data/positive/45442_img.png,"[""A yarn ball with a knot next to a pair of scissors.""]"
data/synthetic_visual_negation/data/positive/80554_img.png,"[""A coral reef scene with brain corals next to clownfish.""]"
data/synthetic_visual_negation/data/positive/103553_img.png,"[""A dinosaur museum exhibit with a triceratops next to a pterodactyl.""]"
data/synthetic_visual_negation/data/positive/206754_img.png,"[""A wooden cutting board with a cooking apple beside a chef's knife.""]"
data/synthetic_visual_negation/data/positive/180014_img.png,"[""A dining table with foie gras next to a bottle of wine.""]"
data/synthetic_visual_negation/data/positive/188790_img.png,"[""A live concert scene with a chordophone next to a guitarist.""]"
data/synthetic_visual_negation/data/positive/196964_img.png,"[""A city scene with a limousine beside a wedding party.""]"
data/synthetic_visual_negation/data/positive/62467_img.png,"[""A dining table scene with a tea cup next to a teapot.""]"
data/synthetic_visual_negation/data/positive/190567_img.png,"[""A marina with a speedboat beside a sailboat.""]"
data/synthetic_visual_negation/data/positive/244332_img.png,"[""A living room with a Weimaraner next to a cat.""]"
data/synthetic_visual_negation/data/positive/102412_img.png,"[""A Mexican restaurant scene with tacos next to a Corona beer.""]"
data/synthetic_visual_negation/data/positive/168772_img.png,"[""A farm with a horse next to a goat's nosebag.""]"
data/synthetic_visual_negation/data/positive/527_img.png,"[""A living room floor with a jigsaw puzzle beside a cat.""]"
data/synthetic_visual_negation/data/positive/105238_img.png,"[""Office space with a telephone beside a cord.""]"
data/synthetic_visual_negation/data/positive/146164_img.png,"[""A wall with an electrical switch next to a lightbulb.""]"
data/synthetic_visual_negation/data/positive/102634_img.png,"[""A kitchen counter with a bottle cap beside a soda bottle.""]"
data/synthetic_visual_negation/data/positive/125954_img.png,"[""A plate with hummus beside pita bread.""]"
data/synthetic_visual_negation/data/positive/192712_img.png,"[""a photo of a cinema beside a movie poster.""]"
data/synthetic_visual_negation/data/positive/143909_img.png,"[""A plate with a pulled pork sandwich next to french fries.""]"
data/synthetic_visual_negation/data/positive/149523_img.png,"[""A playground with a jungle gym beside a child.""]"
data/synthetic_visual_negation/data/positive/149626_img.png,"[""A living room with a china cabinet next to a potted plant.""]"
data/synthetic_visual_negation/data/positive/38363_img.png,"[""A photo of a marine environment with a hammerhead shark beside a remora.""]"
data/synthetic_visual_negation/data/positive/200463_img.png,"[""A concert hall with a grand piano beside a violinist.""]"
data/synthetic_visual_negation/data/positive/64574_img.png,"[""A tree with a green mamba next to a chameleon.""]"
data/synthetic_visual_negation/data/positive/248112_img.png,"[""An airport with a DHC-1 aircraft beside a helicopter.""]"
data/synthetic_visual_negation/data/positive/174240_img.png,"[""A parking lot scene with a Chevrolet Express Van 2007 car beside a Ford F-250 pickup truck.""]"
data/synthetic_visual_negation/data/positive/34754_img.png,"[""A living room with a packrat beside a pile of trash.""]"
data/synthetic_visual_negation/data/positive/38803_img.png,"[""A watery environment showing an otter next to a seal.""]"
data/synthetic_visual_negation/data/positive/88138_img.png,"[""A fruit bowl with a nectarine beside a banana.""]"
data/synthetic_visual_negation/data/positive/27928_img.png,"[""A beach landscape featuring a surfbird beside a sandcastle.""]"
data/synthetic_visual_negation/data/positive/166404_img.png,"[""A bar with a beer glass beside a cocktail glass.""]"
data/synthetic_visual_negation/data/positive/246866_img.png,"[""A beach scene with a promontory beside a lighthouse.""]"
data/synthetic_visual_negation/data/positive/72630_img.png,"[""A city street showing a Chevrolet Malibu Hybrid Sedan 2010 car beside a bicycle.""]"
data/synthetic_visual_negation/data/positive/122413_img.png,"[""A construction scene with a dumpcart beside a crane.""]"
data/synthetic_visual_negation/data/positive/176867_img.png,"[""A garden party scene with a poncho beside a picnic basket.""]"
data/synthetic_visual_negation/data/positive/48135_img.png,"[""A concert venue with a stage next to a musician.""]"
data/synthetic_visual_negation/data/positive/106264_img.png,"[""A rustic autumn scene with a hen of the woods mushroom beside a cast iron pan.""]"
data/synthetic_visual_negation/data/positive/189336_img.png,"[""A dark wine cellar with a barrel beside a bottle.""]"
data/synthetic_visual_negation/data/positive/207573_img.png,"[""A suburban street with a Isuzu Ascender SUV 2008 car next to a Honda Accord.""]"
data/synthetic_visual_negation/data/positive/119719_img.png,"[""A little girl's room with a daisy beside a teddy bear.""]"
data/synthetic_visual_negation/data/positive/226738_img.png,"[""A desert environment with an armadillo beside a cactus.""]"
data/synthetic_visual_negation/data/positive/158519_img.png,"[""A beach scene with a surfboat beside a lifeguard tower.""]"
data/synthetic_visual_negation/data/positive/164689_img.png,"[""A grocery store shelf with a soda bottle next to a bag of chips.""]"
data/synthetic_visual_negation/data/positive/48214_img.png,"[""A tennis court with a tennis player next to a referee.""]"
data/synthetic_visual_negation/data/positive/10267_img.png,"[""A cat habitat with a cat scratching post beside a cat food dish.""]"
data/synthetic_visual_negation/data/positive/177745_img.png,"[""A dungeon with a torture chamber next to a rack.""]"
data/synthetic_visual_negation/data/positive/170325_img.png,"[""A musician's stage with an amplifier next to a drum set.""]"
data/synthetic_visual_negation/data/positive/153445_img.png,"[""A sea scene highlights a trimaran next to a kayak.""]"
data/synthetic_visual_negation/data/positive/10359_img.png,"[""A military camp with a rifle beside a tent.""]"
data/synthetic_visual_negation/data/positive/68074_img.png,"[""A serene pond with a goose next to a swan.""]"
data/synthetic_visual_negation/data/positive/117756_img.png,"[""A forest setting with a chickadee next to a nest.""]"
data/synthetic_visual_negation/data/positive/209453_img.png,"[""A snowy mountain landscape with a Tibetan Mastiff next to a yak.""]"
data/synthetic_visual_negation/data/positive/145041_img.png,"[""A kitchen scene with a dishcloth next to a knife.""]"
data/synthetic_visual_negation/data/positive/138989_img.png,"[""A hotel bathroom with a bath towel beside a shower curtain.""]"
data/synthetic_visual_negation/data/positive/131990_img.png,"[""A vintage shop with a vintage clock next to a vintage hat stand.""]"
data/synthetic_visual_negation/data/positive/17290_img.png,"[""A picture of a ringlet butterfly beside a milkweed plant.""]"
data/synthetic_visual_negation/data/positive/221284_img.png,"[""A wildlife enclosure with a Komodo dragon beside a waterfall.""]"
data/synthetic_visual_negation/data/positive/150158_img.png,"[""A forest with a common opossum next to a tree.""]"
data/synthetic_visual_negation/data/positive/104822_img.png,"[""A table showing hot and sour soup beside a spoon.""]"
data/synthetic_visual_negation/data/positive/170606_img.png,"[""An orchestra pit with an oboe next to a bassoon.""]"
data/synthetic_visual_negation/data/positive/112840_img.png,"[""A soldier's portrait with a military uniform beside a soldier.""]"
data/synthetic_visual_negation/data/positive/225194_img.png,"[""A warehouse full of barrels beside a forklift.""]"
data/synthetic_visual_negation/data/positive/26775_img.png,"[""A tea party with a tray next to a teapot.""]"
data/synthetic_visual_negation/data/positive/218290_img.png,"[""A cozy fireplace scene with a Christmas stocking beside a present.""]"
data/synthetic_visual_negation/data/positive/94272_img.png,"[""A garden scene with a rain barrel beside a wheelbarrow.""]"
data/synthetic_visual_negation/data/positive/180823_img.png,"[""A musician's hands with a harmonica next to a microphone.""]"
data/synthetic_visual_negation/data/positive/120407_img.png,"[""A cozy home office with a coffee mug beside a laptop.""]"
data/synthetic_visual_negation/data/positive/216318_img.png,"[""A tropical rainforest with a tailed frog beside a butterfly.""]"
data/synthetic_visual_negation/data/positive/181094_img.png,"[""A forest clearing with a capercaillie next to a pine tree.""]"
data/synthetic_visual_negation/data/positive/28345_img.png,"[""A busy airport runway with an airliner next to a baggage cart.""]"
data/synthetic_visual_negation/data/positive/161257_img.png,"[""An office environment with a desk next to a laptop.""]"
data/synthetic_visual_negation/data/positive/14497_img.png,"[""A styling station with a fine-tooth comb beside a hairdryer.""]"
data/synthetic_visual_negation/data/positive/170269_img.png,"[""A motorcycle shop with a helmet next to a motorcycle.""]"
data/synthetic_visual_negation/data/positive/10177_img.png,"[""An ear of corn with a corn cob beside a husk.""]"
data/synthetic_visual_negation/data/positive/208725_img.png,"[""A busy airport scene with an A321 aircraft beside a baggage cart.""]"
data/synthetic_visual_negation/data/positive/194553_img.png,"[""An airfield scene with DC-3 aircraft beside a WW2 bomber.""]"
data/synthetic_visual_negation/data/positive/201532_img.png,"[""A garden setting with a European garden spider next to a flower pot.""]"
data/synthetic_visual_negation/data/positive/170114_img.png,"[""A picnic blanket with an Airedale Terrier next to a basket.""]"
data/synthetic_visual_negation/data/positive/177171_img.png,"[""a park scene with a Dalmatian next to a fire hydrant.""]"
data/synthetic_visual_negation/data/positive/239526_img.png,"[""A table setting with a bowl of curds placed next to a ripe mango.""]"
data/synthetic_visual_negation/data/positive/98008_img.png,"[""A spacious pasture with a ram next to a flock of ewes.""]"
data/synthetic_visual_negation/data/positive/200423_img.png,"[""A classroom scene with a front projector next to a whiteboard.""]"
data/synthetic_visual_negation/data/positive/30841_img.png,"[""A hummingbird feeder hanging from a passion flower, beside a hummingbird.""]"
data/synthetic_visual_negation/data/positive/232358_img.png,"[""A dog show scene with a Shih Tzu beside a judge.""]"
data/synthetic_visual_negation/data/positive/158042_img.png,"[""A tropical reef with an angelfish next to a clownfish.""]"
data/synthetic_visual_negation/data/positive/156477_img.png,"[""A zoo enclosure with a king penguin next to another penguin.""]"
data/synthetic_visual_negation/data/positive/137513_img.png,"[""A commercial airport with an EMB-120 aircraft next to a Boeing 747.""]"
data/synthetic_visual_negation/data/positive/77910_img.png,"[""A park with a French Bulldog next to a toy poodle.""]"
data/synthetic_visual_negation/data/positive/150487_img.png,"[""A beach photo of a one-piece bathing suit next to a beach ball.""]"
data/synthetic_visual_negation/data/positive/76451_img.png,"[""A chic restaurant table setting with beef carpaccio next to a cocktail.""]"
data/synthetic_visual_negation/data/positive/23060_img.png,"[""A grassland with a mountain nyala next to a zebra.""]"
data/synthetic_visual_negation/data/positive/11015_img.png,"[""A desert scene with a sagebrush lizard beside a cactus.""]"
data/synthetic_visual_negation/data/positive/196766_img.png,"[""A street with a Bedlington Terrier next to a scooter.""]"
data/synthetic_visual_negation/data/positive/222213_img.png,"[""A junkyard with a rusted car beside an old tire.""]"
data/synthetic_visual_negation/data/positive/85841_img.png,"[""A picnic with a trifle next to a water bottle.""]"
data/synthetic_visual_negation/data/positive/38384_img.png,"[""A crowded deli counter with a caesar salad beside a sandwich.""]"
data/synthetic_visual_negation/data/positive/221013_img.png,"[""A zoo exhibition with a patas monkey next to a giraffe.""]"
data/synthetic_visual_negation/data/positive/176789_img.png,"[""A runway with a Saab 2000 aircraft beside a baggage cart.""]"
data/synthetic_visual_negation/data/positive/167566_img.png,"[""An enclosure in a reptile zoo with a green mamba next to a large tree branch.""]"
data/synthetic_visual_negation/data/positive/68453_img.png,"[""A small airport scene with a Beechcraft 1900 aircraft next to a Cessna 172 aircraft.""]"
data/synthetic_visual_negation/data/positive/247239_img.png,"[""A pond with a water lily beside a fish.""]"
data/synthetic_visual_negation/data/positive/169933_img.png,"[""A pub table with a beer beside a plate.""]"
data/synthetic_visual_negation/data/positive/115446_img.png,"[""A street food market showing churros beside a cola.""]"
data/synthetic_visual_negation/data/positive/173187_img.png,"[""A parking lot scene showing a Lamborghini Aventador Coupe 2012 car beside a bicycle.""]"
data/synthetic_visual_negation/data/positive/63499_img.png,"[""A bathroom counter with a hair dryer beside a toothbrush.""]"
data/synthetic_visual_negation/data/positive/46797_img.png,"[""A medieval castle wall with a stone wall next to a knight in armor.""]"
data/synthetic_visual_negation/data/positive/47551_img.png,"[""A nursery scene with a bassinet next to a rocking chair.""]"
data/synthetic_visual_negation/data/positive/37694_img.png,"[""A pond showing a crayfish beside a fish.""]"
data/synthetic_visual_negation/data/positive/110577_img.png,"[""A living room with a Scottish Deerhound next to a person.""]"
data/synthetic_visual_negation/data/positive/210101_img.png,"[""A carnival scene with a pinwheel beside a cotton candy stand.""]"
data/synthetic_visual_negation/data/positive/189949_img.png,"[""A tarmac with an MD-80 aircraft beside a ground crew.""]"
data/synthetic_visual_negation/data/positive/15479_img.png,"[""A desert scene with a coyote next to a cactus.""]"
data/synthetic_visual_negation/data/positive/73843_img.png,"[""A construction site showing a worker beside a crane.""]"
data/synthetic_visual_negation/data/positive/88881_img.png,"[""A coral reef showing a rock beauty fish beside a parrotfish.""]"
data/synthetic_visual_negation/data/positive/218897_img.png,"[""An arctic coast with a king penguin next to a walrus.""]"
data/synthetic_visual_negation/data/positive/111389_img.png,"[""A garden with a buddha beside a lotus.""]"
data/synthetic_visual_negation/data/positive/109072_img.png,"[""a photo of risotto next to a glass of wine.""]"
data/synthetic_visual_negation/data/positive/145488_img.png,"[""A desert with a cliff dwelling beside a cactus.""]"
data/synthetic_visual_negation/data/positive/199099_img.png,"[""A living room showing a window screen next to a lamp.""]"
data/synthetic_visual_negation/data/positive/241998_img.png,"[""A kitchen counter with a mincer beside a bowl.""]"
data/synthetic_visual_negation/data/positive/13134_img.png,"[""A large airplane hangar with a 747-100 aircraft next to a cargo loader.""]"
data/synthetic_visual_negation/data/positive/204547_img.png,"[""A bustling urban street scene with a garbage truck beside a road construction crew.""]"
data/synthetic_visual_negation/data/positive/150463_img.png,"[""A parking lot with a Ford Ranger SuperCab 2011 car beside a traffic cone.""]"
data/synthetic_visual_negation/data/positive/13357_img.png,"[""A car showroom with a Chevrolet Corvette ZR1 2012 car next to a mannequin.""]"
data/synthetic_visual_negation/data/positive/220100_img.png,"[""A zoo environment with a gibbon next to a tortoise.""]"
data/synthetic_visual_negation/data/positive/107485_img.png,"[""A street scene with a Rolls-Royce Phantom Drophead Coupe Convertible 2012 car beside a Ferrari GTC4Lusso car.""]"
data/synthetic_visual_negation/data/positive/176001_img.png,"[""A table setting with a caprese salad beside a glass of white wine.""]"
data/synthetic_visual_negation/data/positive/28785_img.png,"[""A zoo enclosure with a lion next to a giraffe.""]"
data/synthetic_visual_negation/data/positive/183427_img.png,"[""A forest with a red-breasted sapsucker beside a tree.""]"
data/synthetic_visual_negation/data/positive/30590_img.png,"[""A japanese living room with a shoji screen next to a bookshelf.""]"
data/synthetic_visual_negation/data/positive/175152_img.png,"[""A parking lot with a car wheel next to a hubcap.""]"
data/synthetic_visual_negation/data/positive/240574_img.png,"[""A schoolgirl with a pigtail beside a schoolbag.""]"
data/synthetic_visual_negation/data/positive/56211_img.png,"[""A zoo scene with a flamingo next to a swan.""]"
data/synthetic_visual_negation/data/positive/170420_img.png,"[""A beach scene with a lobster roll sandwich next to a bucket and spade.""]"
data/synthetic_visual_negation/data/positive/139339_img.png,"[""A Japanese tea ceremony with a koto next to a tea bowl.""]"
data/synthetic_visual_negation/data/positive/190720_img.png,"[""A baseball field with a chain-link fence next to a baseball bat.""]"
data/synthetic_visual_negation/data/positive/108988_img.png,"[""A Burmese forest scene with a black stork standing next to a white stork.""]"
data/synthetic_visual_negation/data/positive/135035_img.png,"[""A forest with a giant panda next to a bamboo.""]"
data/synthetic_visual_negation/data/positive/132836_img.png,"[""A crosswalk sign with a traffic light beside a stop sign.""]"
data/synthetic_visual_negation/data/positive/241786_img.png,"[""A grassy hill with a golden pheasant beside a mushroom.""]"
data/synthetic_visual_negation/data/positive/82765_img.png,"[""A photo of a gymnastic horizontal bar next to a gymnast.""]"
data/synthetic_visual_negation/data/positive/122013_img.png,"[""A beach scene with a parasail beside a boat.""]"
data/synthetic_visual_negation/data/positive/172107_img.png,"[""A crowded bar with a bottle of Cognac next to a glass.""]"
data/synthetic_visual_negation/data/positive/143710_img.png,"[""A street with a BMW 1 Series Coupe 2012 car beside a lamppost.""]"
data/synthetic_visual_negation/data/positive/84273_img.png,"[""A snowy trail with an Alaskan Malamute beside a snowboard.""]"
data/synthetic_visual_negation/data/positive/244813_img.png,"[""A car dealership features a car next to a showroom floor.""]"
data/synthetic_visual_negation/data/positive/48422_img.png,"[""A parking lot with a Daewoo Nubira Wagon 2002 car next to a red bicycle.""]"
data/synthetic_visual_negation/data/positive/244653_img.png,"[""The interior shot of a pencil case next to a notebook.""]"
data/synthetic_visual_negation/data/positive/87084_img.png,"[""An airport with an EMB-120 aircraft beside a taxi.""]"
data/synthetic_visual_negation/data/positive/137157_img.png,"[""A scientific lab with a specimen bottle next to a microscope.""]"
data/synthetic_visual_negation/data/positive/134164_img.png,"[""A terrarium with a stick insect next to a live plant.""]"
data/synthetic_visual_negation/data/positive/244443_img.png,"[""An office room with an air conditioner next to a desk.""]"
data/synthetic_visual_negation/data/positive/8367_img.png,"[""A flower garden with a ladybug next to a caterpillar.""]"
data/synthetic_visual_negation/data/positive/78096_img.png,"[""A fireplace with a fire screen beside wood logs.""]"
data/synthetic_visual_negation/data/positive/159076_img.png,"[""A grooming station with a Giant Schnauzer next to a brush.""]"
data/synthetic_visual_negation/data/positive/21250_img.png,"[""An airport parking lot with an MD-90 aircraft beside a luggage cart.""]"
data/synthetic_visual_negation/data/positive/213294_img.png,"[""A photo of a beach with a surfboard next to it.""]"
data/synthetic_visual_negation/data/positive/37016_img.png,"[""A Jewish neighborhood with a synagogue beside a school.""]"
data/synthetic_visual_negation/data/positive/24226_img.png,"[""A farm with a Great Pyrenees dog beside a trough.""]"
data/synthetic_visual_negation/data/positive/107472_img.png,"[""A pet store shelf with a Scottish Terrier next to a Dalmatian.""]"
data/synthetic_visual_negation/data/positive/189367_img.png,"[""An image of a hospital ship beside a military base.""]"
data/synthetic_visual_negation/data/positive/108163_img.png,"[""A small tarmac with a DHC-6 aircraft beside a baggage truck.""]"
data/synthetic_visual_negation/data/positive/146512_img.png,"[""A backyard retreat with a hot tub next to a barbecue grill.""]"
data/synthetic_visual_negation/data/positive/123320_img.png,"[""A terrarium with a rough-skinned newt beside a salamander.""]"
data/synthetic_visual_negation/data/positive/91251_img.png,"[""A city square with a flagpole beside a fountain.""]"
data/synthetic_visual_negation/data/positive/147906_img.png,"[""A breakfast plate with french toast beside a glass of orange juice.""]"
data/synthetic_visual_negation/data/positive/197546_img.png,"[""A stylish boutique displaying a cardigan next to a scarf.""]"
data/synthetic_visual_negation/data/positive/138627_img.png,"[""A kennel with a Scottish Deerhound beside a Greyhound.""]"
data/synthetic_visual_negation/data/positive/132330_img.png,"[""A zoo with a tiger's muzzle beside a giraffe's head.""]"
data/synthetic_visual_negation/data/positive/55661_img.png,"[""A dock by the water with a Chesapeake Bay Retriever next to a fishing boat.""]"
data/synthetic_visual_negation/data/positive/176087_img.png,"[""A lab table with a loupe magnifying glass next to a microscope.""]"
data/synthetic_visual_negation/data/positive/129427_img.png,"[""A private airstrip with a Gulfstream IV aircraft next to a hangar.""]"
data/synthetic_visual_negation/data/positive/107130_img.png,"[""A forest trail with a coonhound beside a hunter.""]"
data/synthetic_visual_negation/data/positive/28028_img.png,"[""A flea market scene with a flea market booth beside a vintage camera.""]"
data/synthetic_visual_negation/data/positive/128074_img.png,"[""A sushi restaurant interior with sashimi next to a soy sauce bottle.""]"
data/synthetic_visual_negation/data/positive/132207_img.png,"[""An airplane gate with a 737-800 aircraft beside a baggage cart.""]"
data/synthetic_visual_negation/data/positive/12900_img.png,"[""An aquarium with an otter next to a penguin.""]"
data/synthetic_visual_negation/data/positive/59820_img.png,"[""A street with a drugstore next to a gas station.""]"
data/synthetic_visual_negation/data/positive/70458_img.png,"[""A tropical paradise with a wine palm beside a tiki torch.""]"
data/synthetic_visual_negation/data/positive/106927_img.png,"[""A desk with a crayon beside a notebook.""]"
data/synthetic_visual_negation/data/positive/202614_img.png,"[""A table setting with crabapple jelly next to toast.""]"
data/synthetic_visual_negation/data/positive/165493_img.png,"[""A runway with a DHC-1 aircraft beside a helicopter.""]"
data/synthetic_visual_negation/data/positive/183830_img.png,"[""A picnic with a drumstick next to a hotdog.""]"
data/synthetic_visual_negation/data/positive/126532_img.png,"[""A parking lot with a Daewoo Nubira Wagon 2002 car next to a Honda Civic.""]"
data/synthetic_visual_negation/data/positive/97091_img.png,"[""A zoo cage with a jaguar beside a giraffe.""]"
data/synthetic_visual_negation/data/positive/113447_img.png,"[""A small airport runway with a Cessna 172 aircraft beside a fuel truck.""]"
data/synthetic_visual_negation/data/positive/10296_img.png,"[""A table setting with hot and sour soup next to fried rice.""]"
data/synthetic_visual_negation/data/positive/83280_img.png,"[""A dark barn scene with a barn spider beside a web.""]"
data/synthetic_visual_negation/data/positive/81304_img.png,"[""A laboratory room with a lab coat beside a microscope.""]"
data/synthetic_visual_negation/data/positive/102552_img.png,"[""A snow-covered landscape with a husky next to a snowman.""]"
data/synthetic_visual_negation/data/positive/169363_img.png,"[""A military base with a C-47 aircraft next to a helicopter.""]"
data/synthetic_visual_negation/data/positive/247646_img.png,"[""A breakfast table setting with french toast beside a cup of coffee.""]"
data/synthetic_visual_negation/data/positive/224081_img.png,"[""A shoe store with a toecap beside a lace.""]"
data/synthetic_visual_negation/data/positive/90271_img.png,"[""A family dinner photo with a dinner table next to a vase of flowers.""]"
data/synthetic_visual_negation/data/positive/67967_img.png,"[""A comic book store scene with a comic book next to a superhero toy.""]"
data/synthetic_visual_negation/data/positive/234422_img.png,"[""A basketball court with a basketball next to a net.""]"
data/synthetic_visual_negation/data/positive/141432_img.png,"[""A church with a vicar beside a bible.""]"
data/synthetic_visual_negation/data/positive/248526_img.png,"[""A busy city street with a bus stop beside a bench.""]"
data/synthetic_visual_negation/data/positive/107851_img.png,"[""A garage with a Volvo 240 Sedan 1993 car next to a bicycle.""]"
data/synthetic_visual_negation/data/positive/246416_img.png,"[""A mountain meadow with a black grouse next to a marmot.""]"
data/synthetic_visual_negation/data/positive/211063_img.png,"[""A city street with a payphone next to a bus stop.""]"
data/synthetic_visual_negation/data/positive/234711_img.png,"[""A vintage electronics lab with an oscilloscope next to a soldering iron.""]"
data/synthetic_visual_negation/data/positive/215934_img.png,"[""A green grassy backyard with a Leonberger next to a ball.""]"
data/synthetic_visual_negation/data/positive/75236_img.png,"[""A barbershop with a barber's chair beside a mirror.""]"
data/synthetic_visual_negation/data/positive/226150_img.png,"[""An underwater scene with a bottle-nosed whale beside a dolphin.""]"
data/synthetic_visual_negation/data/positive/150519_img.png,"[""A vintage camera shop with a reflex camera next to a Hasselblad.""]"
data/synthetic_visual_negation/data/positive/25561_img.png,"[""A runway at an airport with an A319 aircraft beside a baggage tug.""]"
data/synthetic_visual_negation/data/positive/230389_img.png,"[""A doctor's office with a patient beside a neck brace.""]"
data/synthetic_visual_negation/data/positive/43246_img.png,"[""A city square with a flagpole next to a statue.""]"
data/synthetic_visual_negation/data/positive/240132_img.png,"[""A beach scene with a sea urchin next to a starfish.""]"
data/synthetic_visual_negation/data/positive/35003_img.png,"[""A train depot scene with a freight car beside a locomotive.""]"
data/synthetic_visual_negation/data/positive/12036_img.png,"[""A coastal sea floor with a spiny lobster beside a fish.""]"
data/synthetic_visual_negation/data/positive/128429_img.png,"[""A suburban lawn with a tiger cat beside a bird bath.""]"
data/synthetic_visual_negation/data/positive/81455_img.png,"[""A breakfast table with a plate of shrimp and grits next to a fork.""]"
data/synthetic_visual_negation/data/positive/163294_img.png,"[""A workshop with a vise next to a drill press.""]"
data/synthetic_visual_negation/data/positive/144353_img.png,"[""A busy airport gate with a CRJ-700 aircraft beside a luggage cart.""]"
data/synthetic_visual_negation/data/positive/36376_img.png,"[""An office with a desk next to a lamp.""]"
data/synthetic_visual_negation/data/positive/6726_img.png,"[""A historical clockmaking workshop displaying an escape wheel beside a mainspring.""]"
data/synthetic_visual_negation/data/positive/90800_img.png,"[""A plate with a pulled pork sandwich beside french fries.""]"
data/synthetic_visual_negation/data/positive/187537_img.png,"[""A village square with a maypole next to a crowd.""]"
data/synthetic_visual_negation/data/positive/197373_img.png,"[""A cruise ship with a lifeboat next to a rope.""]"
data/synthetic_visual_negation/data/positive/45915_img.png,"[""A photo of a fire screen beside a fireplace.""]"
data/synthetic_visual_negation/data/positive/68004_img.png,"[""A wooden trunk with a scarf beside a collection of hats.""]"
data/synthetic_visual_negation/data/positive/58495_img.png,"[""A photo of a baby bib beside a high chair.""]"
data/synthetic_visual_negation/data/positive/196156_img.png,"[""A snowy mountain landscape with a ram beside a sheep.""]"
data/synthetic_visual_negation/data/positive/247573_img.png,"[""A tropical rainforest with a coucal beside a hornbill.""]"
data/synthetic_visual_negation/data/positive/150407_img.png,"[""A tray of a cheeseburger beside fries.""]"
data/synthetic_visual_negation/data/positive/40520_img.png,"[""An air show scene with a Hawk T1 aircraft beside a Chinook helicopter.""]"
data/synthetic_visual_negation/data/positive/91781_img.png,"[""A car interior with a car mirror next to a steering wheel.""]"
data/synthetic_visual_negation/data/positive/35492_img.png,"[""A large tropical aviary with a toucan beside a macaw.""]"
data/synthetic_visual_negation/data/positive/8728_img.png,"[""A garden with a small white butterfly next to a cluster of flowers.""]"
data/synthetic_visual_negation/data/positive/203067_img.png,"[""A cabin in the woods with a Great Pyrenees dog next to a log.""]"
data/synthetic_visual_negation/data/positive/190731_img.png,"[""An outdoor scene with a kingsnake next to a rat.""]"
data/synthetic_visual_negation/data/positive/161080_img.png,"[""A green meadow with a field spaniel beside a frisbee.""]"
data/synthetic_visual_negation/data/positive/36527_img.png,"[""A fly swatter with a fly next to a window.""]"
data/synthetic_visual_negation/data/positive/57537_img.png,"[""A living room with a tiger cat next to a couch.""]"
data/synthetic_visual_negation/data/positive/29537_img.png,"[""A busy bakery shop with a bakery beside fresh loaves of bread.""]"
data/synthetic_visual_negation/data/positive/22077_img.png,"[""A car dealership scene with a Chevrolet Express Cargo Van 2007 next to another car.""]"
data/synthetic_visual_negation/data/positive/84533_img.png,"[""An open snowy landscape with a gyrfalcon next to a fox.""]"
data/synthetic_visual_negation/data/positive/196502_img.png,"[""A ski shop display with a balaclava ski mask beside goggles.""]"
data/synthetic_visual_negation/data/positive/72115_img.png,"[""A table setting with chicken curry beside naan bread.""]"
data/synthetic_visual_negation/data/positive/237012_img.png,"[""A forest scene with a western wood pewee next to a flower.""]"
data/synthetic_visual_negation/data/positive/99883_img.png,"[""A vegetable tray with a cucumber beside a carrot.""]"
data/synthetic_visual_negation/data/positive/130053_img.png,"[""A kitchen table with bruschetta beside a glass of wine.""]"
data/synthetic_visual_negation/data/positive/23014_img.png,"[""A warehouse with a forklift beside a conveyor belt.""]"
data/synthetic_visual_negation/data/positive/21053_img.png,"[""A western movie poster with a western actor next to his horse.""]"
data/synthetic_visual_negation/data/positive/203489_img.png,"[""A mexican restaurant table with guacamole beside tacos.""]"
data/synthetic_visual_negation/data/positive/159105_img.png,"[""A 1920's speakeasy with a flapper next to a jazz musician.""]"
data/synthetic_visual_negation/data/positive/92159_img.png,"[""A 1950s-style kitchen with a refrigerator beside a jukebox.""]"
data/synthetic_visual_negation/data/positive/75811_img.png,"[""An observatory with an optical telescope next to a camera.""]"
data/synthetic_visual_negation/data/positive/62502_img.png,"[""A ski slope with a balaclava ski mask next to skis.""]"
data/synthetic_visual_negation/data/positive/155975_img.png,"[""An oilfield with a drilling rig next to a pumpjack.""]"
data/synthetic_visual_negation/data/positive/242646_img.png,"[""A gas station with a Dodge Magnum Wagon 2008 car next to a gas pump.""]"
data/synthetic_visual_negation/data/positive/130814_img.png,"[""A barbed wire fence with a prison guard beside a pistol.""]"
data/synthetic_visual_negation/data/positive/59605_img.png,"[""A hospital table with a vitamin pill next to a medication bottle.""]"
data/synthetic_visual_negation/data/positive/36950_img.png,"[""A fireplace with a Christmas stocking beside a stocking holder.""]"
data/synthetic_visual_negation/data/positive/47103_img.png,"[""A country garden with black-eyed susan beside a rabbit.""]"
data/synthetic_visual_negation/data/positive/103425_img.png,"[""A plane stand with CRJ-900 aircraft beside a bus.""]"
data/synthetic_visual_negation/data/positive/120112_img.png,"[""A parking lot with a Ford F-150 Regular Cab 2012 car beside a minivan.""]"
data/synthetic_visual_negation/data/positive/5016_img.png,"[""A fossil exhibit with a triceratops beside a dinosaur egg.""]"
data/synthetic_visual_negation/data/positive/174302_img.png,"[""A clean locker room with a mess jacket next to sneakers.""]"
data/synthetic_visual_negation/data/positive/108877_img.png,"[""A large airport hangar with a Global Express aircraft next to a Gulfstream G650.""]"
data/synthetic_visual_negation/data/positive/88952_img.png,"[""An optometry room with a slit lamp next to a patient chair.""]"
data/synthetic_visual_negation/data/positive/29763_img.png,"[""An airport with Fokker 70 aircraft beside a Boeing 737.""]"
data/synthetic_visual_negation/data/positive/50723_img.png,"[""a photo of a tree mallow plant beside a honeybee.""]"
data/synthetic_visual_negation/data/positive/155327_img.png,"[""A car showing a radiator grille next to a headlight.""]"
data/synthetic_visual_negation/data/positive/14872_img.png,"[""A seafood table with an American lobster beside a shrimp.""]"
data/synthetic_visual_negation/data/positive/82212_img.png,"[""A barnyard scene with a quail beside a feeder.""]"
data/synthetic_visual_negation/data/positive/184686_img.png,"[""A dining table with a pork chop next to a glass of wine.""]"
data/synthetic_visual_negation/data/positive/26388_img.png,"[""A kitchen counter with a bottle of sauce next to a spatula.""]"
data/synthetic_visual_negation/data/positive/129393_img.png,"[""A gas station with a Ford F-150 Regular Cab 2007 car beside a motorcycle.""]"
data/synthetic_visual_negation/data/positive/189389_img.png,"[""A runway with a BAE 146-300 aircraft beside a bus.""]"
data/synthetic_visual_negation/data/positive/228406_img.png,"[""A city street with a bean tree beside a car.""]"
data/synthetic_visual_negation/data/positive/122890_img.png,"[""A gourmet brunch plate with croque madame beside a salad.""]"
data/synthetic_visual_negation/data/positive/39377_img.png,"[""A dresser with a sock beside a shoe.""]"
data/synthetic_visual_negation/data/positive/3725_img.png,"[""A parade float with a drum majorette next to a marching band.""]"
data/synthetic_visual_negation/data/positive/67064_img.png,"[""A dog park with a Beagle beside a frisbee.""]"
data/synthetic_visual_negation/data/positive/60487_img.png,"[""A desert scene with a tortoise next to a cactus.""]"
data/synthetic_visual_negation/data/positive/241775_img.png,"[""The ocean with a windjammer beside water skiers.""]"
data/synthetic_visual_negation/data/positive/171032_img.png,"[""A sunlit bedroom with a window screen next to a bed.""]"
data/synthetic_visual_negation/data/positive/230215_img.png,"[""A busy seafood restaurant with fried calamari beside a lemon slice.""]"
data/synthetic_visual_negation/data/positive/92625_img.png,"[""A farm field with a farm plow beside cows.""]"
data/synthetic_visual_negation/data/positive/194699_img.png,"[""A big brewery with a barrel beside a keg.""]"
data/synthetic_visual_negation/data/positive/92752_img.png,"[""A bakery shelf with red velvet cake beside a macaron.""]"
data/synthetic_visual_negation/data/positive/210654_img.png,"[""A runway with a SR-20 aircraft next to a tractor.""]"
data/synthetic_visual_negation/data/positive/2001_img.png,"[""A snowy winter scene with a snowplow beside a snowman.""]"
data/synthetic_visual_negation/data/positive/214056_img.png,"[""A park with a Scottish Deerhound beside a greyhound.""]"
data/synthetic_visual_negation/data/positive/189766_img.png,"[""A doctor's office with a weighing scale beside a doctor.""]"
data/synthetic_visual_negation/data/positive/130635_img.png,"[""A park with a pinwheel beside a boy.""]"
data/synthetic_visual_negation/data/positive/158598_img.png,"[""A sea aquarium with a rock beauty fish next to a brain coral.""]"
data/synthetic_visual_negation/data/positive/2224_img.png,"[""A photo of bikes, with a pedal next to a chain.""]"
data/synthetic_visual_negation/data/positive/107280_img.png,"[""a photo of a prairie grouse placed next to a wildflower""]"
data/synthetic_visual_negation/data/positive/54388_img.png,"[""A sandy beach scene with a convertible beside a surfboard.""]"
data/synthetic_visual_negation/data/positive/168535_img.png,"[""A dog show scene with a Wire Fox Terrier beside a Doberman Pinscher.""]"
data/synthetic_visual_negation/data/positive/47570_img.png,"[""An amusement park scene with a carousel next to a ferris wheel.""]"
data/synthetic_visual_negation/data/positive/139169_img.png,"[""A crowded, messy laboratory with a gas mask or respirator beside a beaker.""]"
data/synthetic_visual_negation/data/positive/45317_img.png,"[""A picnic table with a pulled pork sandwich next to a cola can.""]"
data/synthetic_visual_negation/data/positive/241536_img.png,"[""A sandy desert with a jeep beside a dune buggy.""]"
data/synthetic_visual_negation/data/positive/53378_img.png,"[""A runway with a 757-300 next to a baggage cart.""]"
data/synthetic_visual_negation/data/positive/188602_img.png,"[""A podium with the mayor next to a flag.""]"
data/synthetic_visual_negation/data/positive/113154_img.png,"[""A go-kart track with a go-kart beside a helmet.""]"
data/synthetic_visual_negation/data/positive/159761_img.png,"[""A desk with a Polaroid camera beside a photo album.""]"
data/synthetic_visual_negation/data/positive/146501_img.png,"[""A vintage office with a rotary dial telephone beside a calendar.""]"
data/synthetic_visual_negation/data/positive/170046_img.png,"[""A busy city street with an ambulance beside a fire truck.""]"
data/synthetic_visual_negation/data/positive/170727_img.png,"[""A school lunchroom with a tray of food next to a group of kids.""]"
data/synthetic_visual_negation/data/positive/153368_img.png,"[""A busy street with a manhole cover next to a fire hydrant.""]"
data/synthetic_visual_negation/data/positive/223992_img.png,"[""A parking lot with a semi-trailer truck next to a convertible.""]"
data/synthetic_visual_negation/data/positive/139671_img.png,"[""A river with a canoe beside a person paddling.""]"
data/synthetic_visual_negation/data/positive/29920_img.png,"[""A beach scene with a pineapple beside a coconut.""]"
data/synthetic_visual_negation/data/positive/211928_img.png,"[""A construction site with a core drill next to a worker.""]"
data/synthetic_visual_negation/data/positive/67269_img.png,"[""A kitchen scene with a sink beside a dish drainer.""]"
data/synthetic_visual_negation/data/positive/136934_img.png,"[""A runway with a bolero deep blue beside a skirt.""]"
data/synthetic_visual_negation/data/positive/179251_img.png,"[""A kitchen counter with earthenware beside a mug.""]"
data/synthetic_visual_negation/data/positive/83705_img.png,"[""A forest clearing with a raccoon next to a squirrel.""]"
data/synthetic_visual_negation/data/positive/215985_img.png,"[""A quiet suburban street with an Acura TL Type-S 2008 car parked next to a lamppost.""]"
data/synthetic_visual_negation/data/positive/59951_img.png,"[""A dog show with an Irish Wolfhound next to a Greyhound.""]"
data/synthetic_visual_negation/data/positive/135063_img.png,"[""A riverbank scene with an otter next to a fish.""]"
data/synthetic_visual_negation/data/positive/137576_img.png,"[""A holiday living room with a poinsettia beside a Christmas stocking.""]"
data/synthetic_visual_negation/data/positive/203071_img.png,"[""A parking lot with a Jeep Grand Cherokee SUV 2012 car next to a motorcycle.""]"
data/synthetic_visual_negation/data/positive/145801_img.png,"[""A large hangar with an A310 aircraft beside a passenger bus.""]"
data/synthetic_visual_negation/data/positive/30091_img.png,"[""A runway with a 767-200 aircraft next to a ground crew.""]"
data/synthetic_visual_negation/data/positive/30397_img.png,"[""A photo of a chair beside an armrest.""]"
data/synthetic_visual_negation/data/positive/143589_img.png,"[""A lighthouse scene depicts a foghorn next to a ship in the distance.""]"
data/synthetic_visual_negation/data/positive/134801_img.png,"[""A hanger scene with a Rolls-Royce Phantom Drophead Coupe Convertible 2012 parked next to a private jet.""]"
data/synthetic_visual_negation/data/positive/176803_img.png,"[""A desert landscape with a hedgehog cactus beside a saguaro cactus.""]"
data/synthetic_visual_negation/data/positive/166566_img.png,"[""A wooden crib with a baby pacifier next to a baby rattle.""]"
data/synthetic_visual_negation/data/positive/238136_img.png,"[""A pond with a tailed frog beside a goldfish.""]"
data/synthetic_visual_negation/data/positive/117508_img.png,"[""A dog park scene with a Schipperke next to a Great Dane.""]"
data/synthetic_visual_negation/data/positive/235378_img.png,"[""A music concert stage with a flute beside a sheet music stand.""]"
data/synthetic_visual_negation/data/positive/94790_img.png,"[""A war scene with a DH-82 aircraft next to a tank.""]"
data/synthetic_visual_negation/data/positive/161336_img.png,"[""A well-decorated hotel suite with a wedding gown beside a bride.""]"
data/synthetic_visual_negation/data/positive/171704_img.png,"[""An icy terrain with a dog sled beside a dog.""]"
data/synthetic_visual_negation/data/positive/202710_img.png,"[""A sandy ocean floor with a hermit crab next to a starfish.""]"
data/synthetic_visual_negation/data/positive/143071_img.png,"[""A hilly field with a ram beside a ewe.""]"
data/synthetic_visual_negation/data/positive/237162_img.png,"[""A dog park scene with an Airedale Terrier beside a blue heeler.""]"
data/synthetic_visual_negation/data/positive/73439_img.png,"[""A kayak in the water with a paddle beside a life jacket.""]"
data/synthetic_visual_negation/data/positive/90011_img.png,"[""An office desk with a paper clip next to a pen.""]"
data/synthetic_visual_negation/data/positive/59767_img.png,"[""A portrait of a nobleman with a neckcloth beside a sword.""]"
data/synthetic_visual_negation/data/positive/230559_img.png,"[""A park with a fox squirrel beside a bench.""]"
data/synthetic_visual_negation/data/positive/183152_img.png,"[""A forest trail with a red fox beside a mushroom.""]"
data/synthetic_visual_negation/data/positive/126206_img.png,"[""A dinner table with a club sandwich next to a french fries dish.""]"
data/synthetic_visual_negation/data/positive/175600_img.png,"[""A runway with a Saab 2000 aircraft next to a Boeing 737.""]"
data/synthetic_visual_negation/data/positive/97845_img.png,"[""An ocean with a great white shark next to a submarine.""]"
data/synthetic_visual_negation/data/positive/126400_img.png,"[""A vintage airplane hangar housing a DH-82 aircraft next to another vintage aircraft.""]"
data/synthetic_visual_negation/data/positive/60298_img.png,"[""A factory scene with a forklift parked next to a stack of boxes.""]"
data/synthetic_visual_negation/data/positive/96020_img.png,"[""A wildlife park with a leopard beside a giraffe.""]"
data/synthetic_visual_negation/data/positive/237095_img.png,"[""A seascape with a pufferfish beside a coral reef.""]"
data/synthetic_visual_negation/data/positive/119854_img.png,"[""A beach with a one-piece bathing suit next to a sun umbrella.""]"
data/synthetic_visual_negation/data/positive/168731_img.png,"[""A photo of a Hyundai Tucson SUV 2012 car beside a road sign.""]"
data/synthetic_visual_negation/data/positive/85950_img.png,"[""A vast desert landscape at sunset with a tent next to a campfire.""]"
data/synthetic_visual_negation/data/positive/90366_img.png,"[""A rainforest with a titi monkey beside a poison dart frog.""]"
data/synthetic_visual_negation/data/positive/152796_img.png,"[""A parking lot with a GMC Canyon Extended Cab 2012 car next to a Ford F-150 pickup truck.""]"
data/synthetic_visual_negation/data/positive/192690_img.png,"[""A lush forest with an American black bear next to a pine tree.""]"
data/synthetic_visual_negation/data/positive/133868_img.png,"[""A living room with a Bluetick Coonhound beside a blanket.""]"
data/synthetic_visual_negation/data/positive/75024_img.png,"[""A construction site with a roadblock beside a crane.""]"
data/synthetic_visual_negation/data/positive/171307_img.png,"[""A parking lot with a Chrysler 300 SRT-8 2010 car next to a truck.""]"
data/synthetic_visual_negation/data/positive/238808_img.png,"[""A forest floor with a parasol mushroom beside a toadstool.""]"
data/synthetic_visual_negation/data/positive/244485_img.png,"[""A gas station scene with a gas pump next to a car.""]"
data/synthetic_visual_negation/data/positive/49180_img.png,"[""A car show with Ford GT Coupe 2006 car parked next to the traffic cone.""]"
data/synthetic_visual_negation/data/positive/233771_img.png,"[""A kitchen counter with a wine bottle next to a corkscrew.""]"
data/synthetic_visual_negation/data/positive/84606_img.png,"[""A historical airfield with a DC-6 aircraft next to a Cessna 152.""]"
data/synthetic_visual_negation/data/positive/22981_img.png,"[""A mountain lookout with binoculars beside a map.""]"
data/synthetic_visual_negation/data/positive/42873_img.png,"[""A gun shop with an assault rifle next to handguns.""]"
data/synthetic_visual_negation/data/positive/82943_img.png,"[""A kitchen counter with ceviche beside a spoon.""]"
data/synthetic_visual_negation/data/positive/243718_img.png,"[""a kitchen counter with open can of beans beside a can opener""]"
data/synthetic_visual_negation/data/positive/8637_img.png,"[""A professional kitchen with an oven beside a mixer.""]"
data/synthetic_visual_negation/data/positive/179591_img.png,"[""A car dealership showroom with a Chevrolet Corvette Convertible 2012 car next to a Porsche Boxster car.""]"
data/synthetic_visual_negation/data/positive/122604_img.png,"[""A park with a Cairn Terrier beside a Frisbee.""]"
data/synthetic_visual_negation/data/positive/62825_img.png,"[""A grassy park with a Labrador Retriever next to a frisbee.""]"
data/synthetic_visual_negation/data/positive/197345_img.png,"[""A coral reef with a wrasse next to an octopus.""]"
data/synthetic_visual_negation/data/positive/138183_img.png,"[""A dog park with a Rhodesian Ridgeback next to a Poodle.""]"
data/synthetic_visual_negation/data/positive/50725_img.png,"[""A kitchen with a ratatouille next to a knife.""]"
data/synthetic_visual_negation/data/positive/124637_img.png,"[""A prairie scene with a sod house beside a farm.""]"
data/synthetic_visual_negation/data/positive/185630_img.png,"[""A photo of a Chevrolet Camaro Convertible 2012 car parked next to a motorcycle.""]"
data/synthetic_visual_negation/data/positive/14205_img.png,"[""An airport runway with a Falcon 900 aircraft beside a baggage cart.""]"
data/synthetic_visual_negation/data/positive/217564_img.png,"[""A runway with E-170 aircraft parked right beside a helicopter.""]"
data/synthetic_visual_negation/data/positive/64128_img.png,"[""A desert with a New World blackbird next to a roadrunner.""]"
data/synthetic_visual_negation/data/positive/54925_img.png,"[""A kitchen counter with dough beside a mixing bowl.""]"
data/synthetic_visual_negation/data/positive/144519_img.png,"[""A campground with a mobile home next to a camper van.""]"
data/synthetic_visual_negation/data/positive/63881_img.png,"[""A temple scene with a gong beside monks.""]"
data/synthetic_visual_negation/data/positive/80693_img.png,"[""A deep blue sea scene with a grey whale swimming beside a diver.""]"
data/synthetic_visual_negation/data/positive/122468_img.png,"[""A rocky slope with a stone marten beside a flower.""]"
data/synthetic_visual_negation/data/positive/103382_img.png,"[""A barn scene with an Australian Kelpie beside sheep.""]"
data/synthetic_visual_negation/data/positive/137546_img.png,"[""A clothing store with jeans next to a shirt.""]"
data/synthetic_visual_negation/data/positive/172795_img.png,"[""A bathroom scene with a bathtub next to a rubber duck.""]"
data/synthetic_visual_negation/data/positive/215492_img.png,"[""A runway with a C-130 aircraft beside a jet.""]"
data/synthetic_visual_negation/data/positive/52555_img.png,"[""A living room with a Mexican hairless dog beside a leash.""]"
data/synthetic_visual_negation/data/positive/57651_img.png,"[""A seafood platter with a Dungeness crab next to a piece of lemon.""]"
data/synthetic_visual_negation/data/positive/4900_img.png,"[""A food stand with a cheeseburger next to a hot dog.""]"
data/synthetic_visual_negation/data/positive/63801_img.png,"[""A photo of a library next to a bookshelf.""]"
data/synthetic_visual_negation/data/positive/234781_img.png,"[""A dining table with a fork next to a plate.""]"
data/synthetic_visual_negation/data/positive/75047_img.png,"[""A bedroom with front curtain beside a bed.""]"
data/synthetic_visual_negation/data/positive/82623_img.png,"[""A photo of sushi beside wasabi.""]"
data/synthetic_visual_negation/data/positive/84119_img.png,"[""A knight with a shield beside a sword.""]"
data/synthetic_visual_negation/data/positive/160202_img.png,"[""A forest scene with a sloth bear beside a honey badger.""]"
data/synthetic_visual_negation/data/positive/208490_img.png,"[""An old western saloon with a spittoon next to a spurs-wearing cowboy.""]"
data/synthetic_visual_negation/data/positive/147675_img.png,"[""A performance stage with a double-reed instrument next to a xylophone.""]"
data/synthetic_visual_negation/data/positive/36178_img.png,"[""a photo of an ocean liner beside a lighthouse.""]"
data/synthetic_visual_negation/data/positive/59791_img.png,"[""A child's room with a comic book next to a superhero poster.""]"
data/synthetic_visual_negation/data/positive/48363_img.png,"[""A petting zoo with an Angora rabbit next to a pot-bellied pig.""]"
data/synthetic_visual_negation/data/positive/133994_img.png,"[""A camping spot with a thermos next to a sleeping bag.""]"
data/synthetic_visual_negation/data/positive/195617_img.png,"[""A croquet game with a croquet ball next to a mallet.""]"
data/synthetic_visual_negation/data/positive/33925_img.png,"[""A prestigious music hall with a marimba next to a conductor.""]"
data/synthetic_visual_negation/data/positive/197898_img.png,"[""A museum room with a dome beside an artifact.""]"
data/synthetic_visual_negation/data/positive/219122_img.png,"[""A satellite image of an aircraft carrier next to an island.""]"
data/synthetic_visual_negation/data/positive/174008_img.png,"[""A parking lot with Audi TT RS Coupe 2012 car next to a van.""]"
data/synthetic_visual_negation/data/positive/124375_img.png,"[""A wild game park with a kudu beside an elephant.""]"
data/synthetic_visual_negation/data/positive/15928_img.png,"[""A comfortable living room with a Siamese cat beside a glass of milk.""]"
data/synthetic_visual_negation/data/positive/176835_img.png,"[""A dinner table setting with a meatloaf next to a glass of milk.""]"
data/synthetic_visual_negation/data/positive/189793_img.png,"[""A savanna at dawn with a gazelle beside a lion.""]"
data/synthetic_visual_negation/data/positive/232531_img.png,"[""A forest scene with a redcap next to a dryad.""]"
data/synthetic_visual_negation/data/positive/184496_img.png,"[""A golf tee with a golf ball next to a tee holder.""]"
data/synthetic_visual_negation/data/positive/57533_img.png,"[""A music studio with an electric guitar next to a music stand.""]"
data/synthetic_visual_negation/data/positive/36450_img.png,"[""A natural habitat with a Canada lynx next to a deer.""]"
data/synthetic_visual_negation/data/positive/4393_img.png,"[""A driveway with a moving van next to a car.""]"
data/synthetic_visual_negation/data/positive/40047_img.png,"[""A castle hall with a throne beside a knight.""]"
data/synthetic_visual_negation/data/positive/190173_img.png,"[""An aquarium with a gar fish beside turtles.""]"
data/synthetic_visual_negation/data/positive/185482_img.png,"[""An elephant sanctuary featuring a tusker beside a watering hole.""]"
data/synthetic_visual_negation/data/positive/114969_img.png,"[""A backyard with an Airedale Terrier next to a cat.""]"
data/synthetic_visual_negation/data/positive/39904_img.png,"[""A dark parking lot with a Chrysler 300 SRT-8 2010 car beside a red motorcycle.""]"
data/synthetic_visual_negation/data/positive/77684_img.png,"[""A dinner table showing a buffalo wing beside a celery stick.""]"
data/synthetic_visual_negation/data/positive/34357_img.png,"[""A winter scene with a woman's red scarf next to a winter hat.""]"
data/synthetic_visual_negation/data/positive/165545_img.png,"[""A jewelry store display with a necklace beside a bracelet.""]"
data/synthetic_visual_negation/data/positive/39365_img.png,"[""A motorcycle scene with a crash helmet beside a motorcycle.""]"
data/synthetic_visual_negation/data/positive/246749_img.png,"[""A safari scene with a gazelle next to giraffes.""]"
data/synthetic_visual_negation/data/positive/162268_img.png,"[""A Japanese restaurant scene with sashimi next to a bowl of soy sauce.""]"
data/synthetic_visual_negation/data/positive/102216_img.png,"[""A magical forest with a castle beside a unicorn.""]"
data/synthetic_visual_negation/data/positive/216234_img.png,"[""A zoo habitat with an orangutan next to a polar bear.""]"
data/synthetic_visual_negation/data/positive/115978_img.png,"[""A coastline with a trimaran next to a lighthouse.""]"
data/synthetic_visual_negation/data/positive/93431_img.png,"[""A street performance with an accordion next to a sign.""]"
data/synthetic_visual_negation/data/positive/2148_img.png,"[""A pet store with a dog beside a collar.""]"
data/synthetic_visual_negation/data/positive/26259_img.png,"[""A sunny parking lot filled with exotic cars, with a Ferrari 458 Italia Convertible 2012 car beside a Lamborghini Aventador.""]"
data/synthetic_visual_negation/data/positive/52422_img.png,"[""A workbench with a screwdriver beside pliers.""]"
data/synthetic_visual_negation/data/positive/165764_img.png,"[""A dining table with a drink pitcher beside a wine glass.""]"
data/synthetic_visual_negation/data/positive/13284_img.png,"[""An intimate dinner setting with a sandwich plate beside a wine glass.""]"
data/synthetic_visual_negation/data/positive/24604_img.png,"[""A supermarket aisle with a grocery store next to a shopping cart.""]"
data/synthetic_visual_negation/data/positive/136534_img.png,"[""A coral reef with a jewfish beside a group of eagle rays.""]"
data/synthetic_visual_negation/data/positive/168956_img.png,"[""A gourmet restaurant with beef carpaccio next to a glass of red wine.""]"
data/synthetic_visual_negation/data/positive/221061_img.png,"[""A dining table setting with a drink pitcher next to a glass.""]"
data/synthetic_visual_negation/data/positive/235307_img.png,"[""An ocean floor with a hammerhead shark beside a stingray.""]"
data/synthetic_visual_negation/data/positive/16343_img.png,"[""A misty landscape with a castle next to a dragon.""]"
data/synthetic_visual_negation/data/positive/123832_img.png,"[""A city street scene with Chevrolet Camaro Convertible 2012 car next to a scooter.""]"
data/synthetic_visual_negation/data/positive/72942_img.png,"[""A campsite with a water bottle beside a tent.""]"
data/synthetic_visual_negation/data/positive/14228_img.png,"[""A jungle backdrop and a pangolin beside a snake.""]"
data/synthetic_visual_negation/data/positive/158162_img.png,"[""A lab with a gas mask or respirator next to a beaker.""]"
data/synthetic_visual_negation/data/positive/98791_img.png,"[""A runway with an MD-11 aircraft next to a Boeing 747.""]"
data/synthetic_visual_negation/data/positive/10883_img.png,"[""A fishing scene with a boat hook next to a fisherman.""]"
data/synthetic_visual_negation/data/positive/26871_img.png,"[""A playground with a soccer ball next to a swing set.""]"
data/synthetic_visual_negation/data/positive/124066_img.png,"[""A busy airport parking spot with an A321 aircraft beside a Boeing 737.""]"
data/synthetic_visual_negation/data/positive/147344_img.png,"[""A dimly lit bar with a liqueur glass next to a wine glass.""]"
data/synthetic_visual_negation/data/positive/1940_img.png,"[""A zoo enclosure showing a common squirrel monkey next to a bird.""]"
data/synthetic_visual_negation/data/positive/14492_img.png,"[""A camping ground with a sleeping bag next to a tent.""]"
data/synthetic_visual_negation/data/positive/221523_img.png,"[""A glass aquarium with an axolotl next to a snail.""]"
data/synthetic_visual_negation/data/positive/214723_img.png,"[""A reptile enclosure with a Komodo dragon next to a snake.""]"
data/synthetic_visual_negation/data/positive/248553_img.png,"[""An insect collection with a longhorn beetle beside a scarab beetle.""]"
data/synthetic_visual_negation/data/positive/93176_img.png,"[""A photo of a mixing bowl beside a pack of flour.""]"
data/synthetic_visual_negation/data/positive/138705_img.png,"[""A forest scene with a wild boar next to a fox.""]"
data/synthetic_visual_negation/data/positive/106230_img.png,"[""A grassy field with a Scottish Deerhound next to a rabbit.""]"
data/synthetic_visual_negation/data/positive/225928_img.png,"[""A vintage office with a rotary dial telephone beside an old typewriter.""]"
data/synthetic_visual_negation/data/positive/62781_img.png,"[""A kitchen counter with an orange next to an apple.""]"
data/synthetic_visual_negation/data/positive/87422_img.png,"[""A forest scene with a badger beside a fox.""]"
data/synthetic_visual_negation/data/positive/112768_img.png,"[""A kitchen table with a cheese cutter next to a block of cheese.""]"
data/synthetic_visual_negation/data/positive/183722_img.png,"[""A crowded hat shop with a hatmaker beside a customer.""]"
data/synthetic_visual_negation/data/positive/34504_img.png,"[""A park scene with a Beagle next to a tennis ball.""]"
data/synthetic_visual_negation/data/positive/86358_img.png,"[""A circus scene with a clown next to a balloon.""]"
data/synthetic_visual_negation/data/positive/10861_img.png,"[""A park with a Brewer Blackbird beside a butterfly.""]"
data/synthetic_visual_negation/data/positive/26504_img.png,"[""A petting zoo enclosure with an Angora rabbit beside a llama.""]"
data/synthetic_visual_negation/data/positive/59807_img.png,"[""A parking lot with a Ford F-150 Regular Cab 2012 car next to a taxi.""]"
data/synthetic_visual_negation/data/positive/118015_img.png,"[""A forest with a Treeing Walker Coonhound next to a log.""]"
data/synthetic_visual_negation/data/positive/27050_img.png,"[""A grocery store scene with a toy store next to a shopping cart.""]"
data/synthetic_visual_negation/data/positive/64011_img.png,"[""A verdant meadow with a cottontail rabbit beside a squirrel.""]"
data/synthetic_visual_negation/data/positive/160678_img.png,"[""A royal garden scene with a palace beside a fountain.""]"
data/synthetic_visual_negation/data/positive/2188_img.png,"[""A warm fireplace with a chimney breast beside a mantelpiece.""]"
data/synthetic_visual_negation/data/positive/97057_img.png,"[""A park with a pooch next to a bench.""]"
data/synthetic_visual_negation/data/positive/197214_img.png,"[""An airport runway with an A319 aircraft next to a tug vehicle.""]"
data/synthetic_visual_negation/data/positive/67425_img.png,"[""A grassy plain with a lion beside a zebra.""]"
data/synthetic_visual_negation/data/positive/48758_img.png,"[""A wooden bar with a bottle of bourbon next to a glass.""]"
data/synthetic_visual_negation/data/positive/34074_img.png,"[""A fruit bowl with a governor's plum next to a lemon.""]"
data/synthetic_visual_negation/data/positive/44257_img.png,"[""An ocean scene with a beaked whale beside a shark.""]"
data/synthetic_visual_negation/data/positive/36186_img.png,"[""A runway with a 757-200 aircraft beside a tug vehicle.""]"
data/synthetic_visual_negation/data/positive/206389_img.png,"[""A lush jungle scene with a tiger beside a monkey.""]"
data/synthetic_visual_negation/data/positive/16392_img.png,"[""A street scene with a mercantile establishment beside a delivery truck.""]"
data/synthetic_visual_negation/data/positive/87038_img.png,"[""A beach with a one-piece bathing suit next to a surfboard.""]"
data/synthetic_visual_negation/data/positive/192538_img.png,"[""A street in India with a rickshaw beside a bicycle.""]"
data/synthetic_visual_negation/data/positive/47829_img.png,"[""A cluttered desk with a keyboard beside the space bar.""]"
data/synthetic_visual_negation/data/positive/230718_img.png,"[""A roman ruin with an ancient statue beside a column.""]"
data/synthetic_visual_negation/data/positive/133788_img.png,"[""A jungle scene with a jungle hen beside a tree.""]"
data/synthetic_visual_negation/data/positive/177114_img.png,"[""A painting with a Kashmiri shawl next to a woman.""]"
data/synthetic_visual_negation/data/positive/145719_img.png,"[""A nature reserve with a little owl beside a fox.""]"
data/synthetic_visual_negation/data/positive/202427_img.png,"[""A gym showing a kettlebell next to a jump rope.""]"
data/synthetic_visual_negation/data/positive/20610_img.png,"[""A painting of a weekender bag placed beside a hat.""]"
data/synthetic_visual_negation/data/positive/7395_img.png,"[""A photo of a ping-pong ball next to a racket.""]"
data/synthetic_visual_negation/data/positive/76100_img.png,"[""A picnic scene with a baguette beside cheese.""]"
data/synthetic_visual_negation/data/positive/216118_img.png,"[""A cluttered kitchen with a can opener beside a can.""]"
data/synthetic_visual_negation/data/positive/242049_img.png,"[""A stove top with a ramekin beside a pot.""]"
data/synthetic_visual_negation/data/positive/237056_img.png,"[""A cafe table with a bowl of bread pudding beside a cup of tea.""]"
data/synthetic_visual_negation/data/positive/235257_img.png,"[""A shipyard in the ocean with an aircraft carrier beside a submarine.""]"
data/synthetic_visual_negation/data/positive/156228_img.png,"[""A nighttime harbor scene with a stern chaser beside a lighthouse.""]"
data/synthetic_visual_negation/data/positive/52625_img.png,"[""A tech company office with a computer system next to a keyboard.""]"
data/synthetic_visual_negation/data/positive/204794_img.png,"[""A cargo terminal with a 767-400 aircraft next to a cargo truck.""]"
data/synthetic_visual_negation/data/positive/7571_img.png,"[""An open ocean view with a jolly boat beside a whale.""]"
data/synthetic_visual_negation/data/positive/225939_img.png,"[""A dark cave floor with a ground beetle beside a centipede.""]"
data/synthetic_visual_negation/data/positive/91509_img.png,"[""A bathroom counter with a hair dryer next to a bottle of shampoo.""]"
data/synthetic_visual_negation/data/positive/79110_img.png,"[""A computer case interior with a CPU board next to a power supply.""]"
data/synthetic_visual_negation/data/positive/68310_img.png,"[""An air base with a Eurofighter Typhoon aircraft beside a hangar.""]"
data/synthetic_visual_negation/data/positive/151552_img.png,"[""A rustic countryside with a mill next to a barn.""]"
data/synthetic_visual_negation/data/positive/116475_img.png,"[""A beach chair showing sunglasses beside a sun hat.""]"
data/synthetic_visual_negation/data/positive/74712_img.png,"[""A bicycle scene with a pedal beside a chain.""]"
data/synthetic_visual_negation/data/positive/64917_img.png,"[""A prehistoric scene with a pterosaur beside a volcano.""]"
data/synthetic_visual_negation/data/positive/216267_img.png,"[""A tropical rainforest scene with a bromelia next to a toucan.""]"
data/synthetic_visual_negation/data/positive/50793_img.png,"[""A maintenance hangar with an MD-11 aircraft next to a mechanic.""]"
data/synthetic_visual_negation/data/positive/103112_img.png,"[""A tree scene with a hawk owl beside a nest.""]"
data/synthetic_visual_negation/data/positive/96134_img.png,"[""A suburban neighborhood street with a Dodge Journey SUV 2012 car next to a minivan.""]"
data/synthetic_visual_negation/data/positive/243336_img.png,"[""An office with a typewriter keyboard beside a piece of paper.""]"
data/synthetic_visual_negation/data/positive/246974_img.png,"[""A desk with a table lamp beside a laptop.""]"
data/synthetic_visual_negation/data/positive/108268_img.png,"[""A park scene with a German Shepherd Dog beside a frisbee.""]"
data/synthetic_visual_negation/data/positive/192867_img.png,"[""A desk with a hand-held computer beside a keyboard.""]"
data/synthetic_visual_negation/data/positive/245807_img.png,"[""A hospital scene with a motorized wheelchair next to a hospital bed.""]"
data/synthetic_visual_negation/data/positive/160502_img.png,"[""A table with a burrito beside a glass of water.""]"
data/synthetic_visual_negation/data/positive/242236_img.png,"[""A photo of a Rolls-Royce Phantom Sedan 2012 car parked next to a Ferrari 458 Italia.""]"
data/synthetic_visual_negation/data/positive/214257_img.png,"[""An airfield with a DH-82 aircraft beside a hangar.""]"
data/synthetic_visual_negation/data/positive/91259_img.png,"[""A bakery storefront with a bakery display cabinet beside a long table for customers.""]"
data/synthetic_visual_negation/data/positive/10486_img.png,"[""A runway with an E-195 aircraft next to a helicopter.""]"
data/synthetic_visual_negation/data/positive/24985_img.png,"[""A restaurant plate with an American lobster beside a lemon wedge.""]"
data/synthetic_visual_negation/data/positive/115234_img.png,"[""An outdoor scene with an American Staffordshire Terrier next to a ball.""]"
data/synthetic_visual_negation/data/positive/154831_img.png,"[""A photo of a Honda Odyssey Minivan 2007 car next to a Toyota Camry 2016 car.""]"
data/synthetic_visual_negation/data/positive/151318_img.png,"[""A luxurious mansion living room with an overmantel beside an antique clock.""]"
data/synthetic_visual_negation/data/positive/84479_img.png,"[""A kitchen countertop with a salt shaker next to a pepper shaker.""]"
data/synthetic_visual_negation/data/positive/72724_img.png,"[""A snowy backyard with an Alaskan Malamute beside a sled.""]"
data/synthetic_visual_negation/data/positive/68735_img.png,"[""An urban street with a sneaker beside a graffiti wall.""]"
data/synthetic_visual_negation/data/positive/189639_img.png,"[""A garden with a tree sparrow beside a feeder.""]"
data/synthetic_visual_negation/data/positive/134396_img.png,"[""A park with a Whippet beside a ball.""]"
data/synthetic_visual_negation/data/positive/179800_img.png,"[""A crowded music shop featuring a saxophone next to a stand.""]"
data/synthetic_visual_negation/data/positive/58675_img.png,"[""A snowy forest with a fox next to a rabbit.""]"
data/synthetic_visual_negation/data/positive/17868_img.png,"[""A driveway with a Chevrolet Camaro Convertible 2012 car beside a motorcycle.""]"
data/synthetic_visual_negation/data/positive/6304_img.png,"[""A house with a storm window beside a tree.""]"
data/synthetic_visual_negation/data/positive/201294_img.png,"[""A Turkish bakery table with baklava next to a cup of Turkish coffee.""]"
data/synthetic_visual_negation/data/positive/68687_img.png,"[""A street scene with an accordion beside a saxophone.""]"
data/synthetic_visual_negation/data/positive/77423_img.png,"[""A private airfield with Cessna 560 aircraft beside a hangar.""]"
data/synthetic_visual_negation/data/positive/146103_img.png,"[""A picnic scene with a corn cob beside a pickle.""]"
data/synthetic_visual_negation/data/positive/101553_img.png,"[""A natural stream scene with a crayfish next to a rock.""]"
data/synthetic_visual_negation/data/positive/121100_img.png,"[""A kitchen with an ice machine next to a refrigerator.""]"
data/synthetic_visual_negation/data/positive/32190_img.png,"[""A car dealership scene with a BMW 1 Series Coupe 2012 car next to a customer.""]"
data/synthetic_visual_negation/data/positive/121569_img.png,"[""A private airfield with a DC-3 aircraft next to a glider.""]"
data/synthetic_visual_negation/data/positive/67457_img.png,"[""A field with a Pembroke Welsh Corgi next to a sheep.""]"
data/synthetic_visual_negation/data/positive/50219_img.png,"[""A parking lot with a Toyota Corolla Sedan 2012 car beside a motorcycle.""]"
data/synthetic_visual_negation/data/positive/107959_img.png,"[""A vanity table with a hair clip beside a lipstick.""]"
data/synthetic_visual_negation/data/positive/249814_img.png,"[""A beach setting with a Weimaraner beside a beach ball.""]"
data/synthetic_visual_negation/data/positive/74571_img.png,"[""A rocky mountainous landscape with a cougar beside a pine tree.""]"
data/synthetic_visual_negation/data/positive/148882_img.png,"[""An aquarium scene with a pufferfish next to a starfish.""]"
data/synthetic_visual_negation/data/positive/224073_img.png,"[""A mountainous forest landscape showing an American black bear beside a moose.""]"
data/synthetic_visual_negation/data/positive/134965_img.png,"[""A car dealership showroom with a Hyundai Genesis Sedan 2012 car next to a car mat.""]"
data/synthetic_visual_negation/data/positive/78187_img.png,"[""An outdoor parking lot scene with a Ford Edge SUV 2012 car beside a tree.""]"
data/synthetic_visual_negation/data/positive/9754_img.png,"[""A breakfast setting with home fries beside pancakes.""]"
data/synthetic_visual_negation/data/positive/248280_img.png,"[""a photo of a busboy next to a tray of dirty dishes.""]"
data/synthetic_visual_negation/data/positive/119596_img.png,"[""A home office desk with a desktop computer beside a monitor.""]"
data/synthetic_visual_negation/data/positive/51434_img.png,"[""A grocery store display with a snoek fish next to a sardine can.""]"
data/synthetic_visual_negation/data/positive/215427_img.png,"[""A snowy arctic scene with a polar bear beside a penguin.""]"
data/synthetic_visual_negation/data/positive/91488_img.png,"[""A kitchen with a wok beside a stove.""]"
data/synthetic_visual_negation/data/positive/172317_img.png,"[""A Japanese restaurant scene with sushi beside wasabi.""]"
data/synthetic_visual_negation/data/positive/126581_img.png,"[""A wildlife reserve with a common gallinule beside a great blue heron.""]"
data/synthetic_visual_negation/data/positive/123703_img.png,"[""A family room with a Toy Poodle sitting next to a girl.""]"
data/synthetic_visual_negation/data/positive/174471_img.png,"[""A snowy forest scene with a red fox next to a tree.""]"
data/synthetic_visual_negation/data/positive/6145_img.png,"[""A fire station setting with a fire truck beside firefighters.""]"
data/synthetic_visual_negation/data/positive/240980_img.png,"[""A kitchen scene with a mincer beside a chopping board.""]"
data/synthetic_visual_negation/data/positive/1637_img.png,"[""A terrarium with a praying mantis next to a plant.""]"
data/synthetic_visual_negation/data/positive/125757_img.png,"[""A farm field with a threshing machine next to a bale of hay.""]"
data/synthetic_visual_negation/data/positive/160624_img.png,"[""A canyon with a canyon treefrog next to a cactus plant.""]"
data/synthetic_visual_negation/data/positive/129534_img.png,"[""A dock on a lake with an Otterhound beside a canoe.""]"
data/synthetic_visual_negation/data/positive/42813_img.png,"[""A battlefield filled with a rifle beside a soldier.""]"
data/synthetic_visual_negation/data/positive/228857_img.png,"[""A woodworking shop with a buffing wheel next to a wood lathe.""]"
data/synthetic_visual_negation/data/positive/153396_img.png,"[""A coffee table with a laptop next to a coffee mug.""]"
data/synthetic_visual_negation/data/positive/113784_img.png,"[""A coffee shop with a vespa beside a person drinking coffee.""]"
data/synthetic_visual_negation/data/positive/8547_img.png,"[""A mountain landscape with a llama next to a rock.""]"
data/synthetic_visual_negation/data/positive/49861_img.png,"[""An outdoor photography session with a tripod next to a camera.""]"
data/synthetic_visual_negation/data/positive/6340_img.png,"[""A winter forest with a white wolf standing beside a husky.""]"
data/synthetic_visual_negation/data/positive/227708_img.png,"[""A ship deck showing the mainmast next to a lifeboat.""]"
data/synthetic_visual_negation/data/positive/70637_img.png,"[""a dog show floor with a Dandie Dinmont Terrier standing next to a crowd of spectators.""]"
data/synthetic_visual_negation/data/positive/142074_img.png,"[""A mountain landscape with a bighorn sheep next to a goat.""]"
data/synthetic_visual_negation/data/positive/140021_img.png,"[""A sandy beach with a moon shell beside a hermit crab.""]"
data/synthetic_visual_negation/data/positive/112526_img.png,"[""A zoo enclosure with a ring-tailed lemur beside a tree.""]"
data/synthetic_visual_negation/data/positive/249043_img.png,"[""A dining table with meatloaf beside mashed potatoes.""]"
data/synthetic_visual_negation/data/positive/165258_img.png,"[""A garage with a Mercedes-Benz S-Class Sedan 2012 car next to a bike.""]"
data/synthetic_visual_negation/data/positive/98171_img.png,"[""a busy Asian restaurant with a plate of fried rice placed next to chopsticks.""]"
data/synthetic_visual_negation/data/positive/213414_img.png,"[""A wooden table with a skeleton key beside a candle.""]"
data/synthetic_visual_negation/data/positive/86089_img.png,"[""A city street with a woman next to a dog.""]"
data/synthetic_visual_negation/data/positive/18615_img.png,"[""A concert stage with a marimba next to a xylophone.""]"
data/synthetic_visual_negation/data/positive/246451_img.png,"[""A ship with a lifeboat beside a life vest.""]"
data/synthetic_visual_negation/data/positive/28260_img.png,"[""An airfield with a C-47 aircraft beside a helicopter.""]"
data/synthetic_visual_negation/data/positive/141421_img.png,"[""A photo of lipstick placed beside a powder compact.""]"
data/synthetic_visual_negation/data/positive/184012_img.png,"[""A shoe rack with a slip-on shoe beside a shoelace shoe.""]"
data/synthetic_visual_negation/data/positive/19417_img.png,"[""A dense forest with a lynx beside a log.""]"
data/synthetic_visual_negation/data/positive/244174_img.png,"[""A kitchen scene with a coffeemaker beside a toaster.""]"
data/synthetic_visual_negation/data/positive/100643_img.png,"[""A dog park with a German Shepherd Dog beside a Chihuahua.""]"
data/synthetic_visual_negation/data/positive/59344_img.png,"[""A candy jar with a hard candy beside a gummy bear.""]"
data/synthetic_visual_negation/data/positive/145590_img.png,"[""A high altitude mountain landscape with a Marco Polo sheep next to a yak.""]"
data/synthetic_visual_negation/data/positive/16527_img.png,"[""A city street with a trash can beside a bench.""]"
data/synthetic_visual_negation/data/positive/97627_img.png,"[""A kitchen scene with a coffee mug beside a bowl of cereal.""]"
data/synthetic_visual_negation/data/positive/82260_img.png,"[""A peaceful harbor displaying a dock next to a ship.""]"
data/synthetic_visual_negation/data/positive/206498_img.png,"[""A cafe bar with an espresso machine next to an ice cream maker.""]"
data/synthetic_visual_negation/data/positive/182618_img.png,"[""A photo of a folding saw beside a stump of wood.""]"
data/synthetic_visual_negation/data/positive/74286_img.png,"[""A fishing scene with a mulloway next to a bucket.""]"
data/synthetic_visual_negation/data/positive/110664_img.png,"[""A tropical beach with a palm tree frond beside a beach ball.""]"
data/synthetic_visual_negation/data/positive/127697_img.png,"[""A football field scene with a football helmet beside a football.""]"
data/synthetic_visual_negation/data/positive/222130_img.png,"[""An aquarium with a spearfish beside a shark.""]"
data/synthetic_visual_negation/data/positive/234276_img.png,"[""A garden path with a snail next to a slug.""]"
data/synthetic_visual_negation/data/positive/231907_img.png,"[""A living room with a Gordon Setter next to a cat.""]"
data/synthetic_visual_negation/data/positive/125323_img.png,"[""A forest trail with a dhole next to a tree.""]"
data/synthetic_visual_negation/data/positive/16900_img.png,"[""A zoo exhibit with a rhinoceros beetle next to a stick insect.""]"
data/synthetic_visual_negation/data/positive/235585_img.png,"[""A tree with a chameleon next to a birdhouse.""]"
data/synthetic_visual_negation/data/positive/192445_img.png,"[""A leaf with a ladybug beside a caterpillar.""]"
data/synthetic_visual_negation/data/positive/99007_img.png,"[""A computer desk with a storage medium next to a computer.""]"
data/synthetic_visual_negation/data/positive/67481_img.png,"[""A music rehearsal with a flute next to a music stand.""]"
data/synthetic_visual_negation/data/positive/94806_img.png,"[""A zoo exhibit with a mongoose beside a snake.""]"
data/synthetic_visual_negation/data/positive/25584_img.png,"[""A windowsill with a Christmas cactus beside a poinsettia.""]"
data/synthetic_visual_negation/data/positive/224808_img.png,"[""A street with a pedestrian crossing beside a parked car.""]"
data/synthetic_visual_negation/data/positive/58632_img.png,"[""A barren winter road with a snowplow beside a car.""]"
data/synthetic_visual_negation/data/positive/12858_img.png,"[""A photo of an E-190 aircraft parked next to a hangar.""]"
data/synthetic_visual_negation/data/positive/79967_img.png,"[""A prairie scene with a prairie grouse next to a flower.""]"
data/synthetic_visual_negation/data/positive/23808_img.png,"[""An art studio with a paintbrush beside a paint palette.""]"
data/synthetic_visual_negation/data/positive/99406_img.png,"[""A roadside service station with a Dodge Sprinter Cargo Van 2009 car next to a tow truck.""]"
data/synthetic_visual_negation/data/positive/184186_img.png,"[""A mosaic with a tessera beside a trowel.""]"
data/synthetic_visual_negation/data/positive/115223_img.png,"[""A baby crib with a baby pacifier next to a baby blanket.""]"
data/synthetic_visual_negation/data/positive/160248_img.png,"[""A sandy beach scene with a volleyball beside a volleyball net.""]"
data/synthetic_visual_negation/data/positive/172456_img.png,"[""A desk scene with a piggy bank beside a laptop.""]"
data/synthetic_visual_negation/data/positive/31251_img.png,"[""A sky with an airplane wing next to a cloud.""]"
data/synthetic_visual_negation/data/positive/106799_img.png,"[""A racetrack scene with a thoroughbred next to a jockey.""]"
data/synthetic_visual_negation/data/positive/246780_img.png,"[""a photo of a buckle placed next to a belt.""]"
data/synthetic_visual_negation/data/positive/97651_img.png,"[""A hangar with F-16A/B aircraft next to a technician.""]"
data/synthetic_visual_negation/data/positive/2367_img.png,"[""a photo of a barn beside a tractor.""]"
data/synthetic_visual_negation/data/positive/31987_img.png,"[""A garage shelf with a garden tool beside a power tool.""]"
data/synthetic_visual_negation/data/positive/46789_img.png,"[""A parking lot with a car 2012 GMC Savana Van next to a Honda Civic.""]"
data/synthetic_visual_negation/data/positive/112882_img.png,"[""An air show tarmac with a Hawk T1 aircraft beside a red car.""]"
data/synthetic_visual_negation/data/positive/206938_img.png,"[""A red carpet premiere with a limousine next to a red carpet.""]"
data/synthetic_visual_negation/data/positive/222368_img.png,"[""Blue ocean scene with a fleet ballistic missile submarine next to a carrier strike group.""]"
data/synthetic_visual_negation/data/positive/108483_img.png,"[""A child's bedroom with an infant bed beside a dresser.""]"
data/synthetic_visual_negation/data/positive/44618_img.png,"[""A hospital room with a stretcher beside a wheelchair.""]"
data/synthetic_visual_negation/data/positive/185094_img.png,"[""A sports field scene with cricket equipment next to a pavilion.""]"
data/synthetic_visual_negation/data/positive/220037_img.png,"[""A room with a Scottish Terrier next to a cat tree.""]"
data/synthetic_visual_negation/data/positive/102441_img.png,"[""An airport runway with a 737-600 aircraft next to a 747-400 aircraft.""]"
data/synthetic_visual_negation/data/positive/46000_img.png,"[""A farm with a combine harvester next to a tractor.""]"
data/synthetic_visual_negation/data/positive/230346_img.png,"[""A desert scene with a prairie rattlesnake beside a roadrunner.""]"
data/synthetic_visual_negation/data/positive/29882_img.png,"[""A living room with a vase beside a couch.""]"
data/synthetic_visual_negation/data/positive/171330_img.png,"[""A picnic with a hot dog next to a mustard bottle.""]"
data/synthetic_visual_negation/data/positive/72129_img.png,"[""A music studio with a guitar next to a chair.""]"
data/synthetic_visual_negation/data/positive/116972_img.png,"[""A breakfast table with a breakfast burrito beside a glass of orange juice.""]"
data/synthetic_visual_negation/data/positive/173110_img.png,"[""A vintage airport hangar featuring a DC-6 aircraft next to a biplane.""]"
data/synthetic_visual_negation/data/positive/46557_img.png,"[""A beach with a common redshank next to a seagull.""]"
data/synthetic_visual_negation/data/positive/125708_img.png,"[""An office desk with a plant pot next to a computer.""]"
data/synthetic_visual_negation/data/positive/215384_img.png,"[""A kitchen scene with a radio next to a toaster.""]"
data/synthetic_visual_negation/data/positive/106376_img.png,"[""An office desk with a ring binder beside a stapler.""]"
data/synthetic_visual_negation/data/positive/208097_img.png,"[""A serving platter with a baked Alaska next to a scoop of ice cream.""]"
data/synthetic_visual_negation/data/positive/55638_img.png,"[""A parking lot with a Dodge Durango SUV 2007 car beside a red Toyota Camry 2016 car.""]"
data/synthetic_visual_negation/data/positive/178214_img.png,"[""A sandy beach with a volleyball next to a frisbee.""]"
data/synthetic_visual_negation/data/positive/17977_img.png,"[""A kitchen counter with a wine bottle next to a glass.""]"
data/synthetic_visual_negation/data/positive/197419_img.png,"[""A wetland with a whooping crane beside a great blue heron.""]"
data/synthetic_visual_negation/data/positive/8717_img.png,"[""A cowboy scene with a cowboy hat next to a pair of boots.""]"
data/synthetic_visual_negation/data/positive/245230_img.png,"[""A coral reef scene with a lionfish next to a sea turtle.""]"
data/synthetic_visual_negation/data/positive/162645_img.png,"[""A theater scene with a stage beside a spotlight.""]"
data/synthetic_visual_negation/data/positive/185719_img.png,"[""A 19th century ballroom with a lady in a hoop skirt beside a gentleman in a top hat.""]"
data/synthetic_visual_negation/data/positive/7271_img.png,"[""A white snowy scene with a Norwegian Elkhound beside a snowman.""]"
data/synthetic_visual_negation/data/positive/70172_img.png,"[""A living room scene with a mantel beside a clock.""]"
data/synthetic_visual_negation/data/positive/227459_img.png,"[""A long train track showcasing a freight car beside a signal tower.""]"
data/synthetic_visual_negation/data/positive/248222_img.png,"[""A photo of a sewing machine with a fabric roll next to it.""]"
data/synthetic_visual_negation/data/positive/120083_img.png,"[""A light bulb with a filament next to a socket.""]"
data/synthetic_visual_negation/data/positive/47781_img.png,"[""A closet with a poke bonnet beside a parasol.""]"
data/synthetic_visual_negation/data/positive/116416_img.png,"[""A parking lot scene with a Scion xD Hatchback 2012 car beside a bicycle.""]"
data/synthetic_visual_negation/data/positive/30892_img.png,"[""A table setting with ceviche next to tortilla chips.""]"
data/synthetic_visual_negation/data/positive/199446_img.png,"[""A hangar with a DHC-1 aircraft beside a propeller.""]"
data/synthetic_visual_negation/data/positive/169804_img.png,"[""An airport runway with a Cessna 525 aircraft beside a fuel truck.""]"
data/synthetic_visual_negation/data/positive/204223_img.png,"[""A bedroom with a coverlet next to pillows.""]"
data/synthetic_visual_negation/data/positive/30997_img.png,"[""A NASCAR race track with a stock car next to a pit crew.""]"
data/synthetic_visual_negation/data/positive/244641_img.png,"[""A stylish wardrobe with a lounging jacket next to a hanger.""]"
data/synthetic_visual_negation/data/positive/173064_img.png,"[""A high school hallway with a lowerclassman next to a senior.""]"
data/synthetic_visual_negation/data/positive/106316_img.png,"[""An upscale restaurant interior with a table next to a waiter.""]"
data/synthetic_visual_negation/data/positive/181033_img.png,"[""A rural campsite with a mobile home next to a caravan.""]"
data/synthetic_visual_negation/data/positive/170017_img.png,"[""A safari park in Africa with a rhinoceros next to a giraffe.""]"
data/synthetic_visual_negation/data/positive/212255_img.png,"[""A driveway with a Ford F-150 Regular Cab 2007 car beside a mailbox.""]"
data/synthetic_visual_negation/data/positive/249082_img.png,"[""A kitchen counter with a wooden spoon next to a bowl.""]"
data/synthetic_visual_negation/data/positive/227497_img.png,"[""A savannah with a hyena next to a giraffe.""]"
data/synthetic_visual_negation/data/positive/120772_img.png,"[""A music room with a panpipe beside a drum.""]"
data/synthetic_visual_negation/data/positive/108461_img.png,"[""A desert scene with a kit fox beside a prairie dog.""]"
data/synthetic_visual_negation/data/positive/13021_img.png,"[""A farmer's field with a disk harrow next to a tractor.""]"
data/synthetic_visual_negation/data/positive/171103_img.png,"[""An Indian restaurant scene with chicken curry beside naan bread.""]"
data/synthetic_visual_negation/data/positive/39371_img.png,"[""A person's backyard with a Newfoundland dog next to a frisbee.""]"
data/synthetic_visual_negation/data/positive/183447_img.png,"[""A park with a Labrador Retriever beside a stroller.""]"
data/synthetic_visual_negation/data/positive/231884_img.png,"[""An airport with a Falcon 2000 aircraft beside a Gulfstream G500.""]"
data/synthetic_visual_negation/data/positive/158129_img.png,"[""A lab with a gasmask beside a scientist.""]"
data/synthetic_visual_negation/data/positive/237099_img.png,"[""A small bedroom scene with a radiator next to a bed.""]"
data/synthetic_visual_negation/data/positive/220712_img.png,"[""A golf course green with a golf ball beside a club.""]"
data/synthetic_visual_negation/data/positive/178887_img.png,"[""A bright sunny day with sunglasses next to a car.""]"
data/synthetic_visual_negation/data/positive/106780_img.png,"[""A countryside road with a horse-drawn vehicle beside a bicycle.""]"
data/synthetic_visual_negation/data/positive/71423_img.png,"[""A portrait of someone wearing a necklace next to earrings.""]"
data/synthetic_visual_negation/data/positive/237373_img.png,"[""A high school locker with a combination lock beside a backpack.""]"
data/synthetic_visual_negation/data/positive/106750_img.png,"[""A vast savannah with Cape buffalo beside a lion.""]"
data/synthetic_visual_negation/data/positive/127473_img.png,"[""A kitchen counter with a coffee filter beside a coffee mug.""]"
data/synthetic_visual_negation/data/positive/228275_img.png,"[""A city street with a Nissan NV Passenger Van 2012 car beside a dump truck.""]"
data/synthetic_visual_negation/data/positive/144998_img.png,"[""A forest setting with a porcupine beside a pinecone.""]"
data/synthetic_visual_negation/data/positive/1959_img.png,"[""An outdoor scene showing a fire salamander beside a snail.""]"
data/synthetic_visual_negation/data/positive/149888_img.png,"[""A city street with a smart fortwo Convertible 2012 car next to a bus.""]"
data/synthetic_visual_negation/data/positive/61309_img.png,"[""An elegant masquerade ball with a feather boa next to a sequined mask.""]"
data/synthetic_visual_negation/data/positive/163747_img.png,"[""A hospital room with a stretcher beside a doctor.""]"
data/synthetic_visual_negation/data/positive/104192_img.png,"[""A pool with a palace next to a fountain.""]"
data/synthetic_visual_negation/data/positive/183561_img.png,"[""A busy fashion store scene with a miniskirt beside a pair of high heels.""]"
data/synthetic_visual_negation/data/positive/229874_img.png,"[""A traditional classroom with an abacus beside a blackboard.""]"
data/synthetic_visual_negation/data/positive/88710_img.png,"[""A fish tank with a cichlid beside a pleco.""]"
data/synthetic_visual_negation/data/positive/243645_img.png,"[""A dark hallway with a doorsill beside a broom.""]"
data/synthetic_visual_negation/data/positive/29576_img.png,"[""An airport with multiple planes and gates. One of the planes is a 767-300 aircraft, and it is next to a 737 aircraft.""]"
data/synthetic_visual_negation/data/positive/166580_img.png,"[""A tennis court during a match with a tennis ball beside a racquet.""]"
data/synthetic_visual_negation/data/positive/181713_img.png,"[""A sandy beach with a bikini beside a beach towel.""]"
data/synthetic_visual_negation/data/positive/216472_img.png,"[""A dessert scene with a panna cotta beside a berry sauce.""]"
data/synthetic_visual_negation/data/positive/40538_img.png,"[""A grass runway with a Cessna 208 aircraft beside a tire.""]"
data/synthetic_visual_negation/data/positive/50252_img.png,"[""A desert scene with an ostrich next to a camel.""]"
data/synthetic_visual_negation/data/positive/187968_img.png,"[""A nightstand with a locket next to a book.""]"
data/synthetic_visual_negation/data/positive/12953_img.png,"[""A fashion runway expecting a feather boa next to a model.""]"
data/synthetic_visual_negation/data/positive/193133_img.png,"[""A forest floor with a bolete beside a mossy log.""]"
data/synthetic_visual_negation/data/positive/31139_img.png,"[""A soccer field with a soccer ball next to a cleat.""]"
data/synthetic_visual_negation/data/positive/120965_img.png,"[""A tarmac with a 737-300 aircraft beside a luggage cart.""]"
data/synthetic_visual_negation/data/positive/134315_img.png,"[""A set of aquarium decorations with a Surinam toad next to a goldfish.""]"
data/synthetic_visual_negation/data/positive/38146_img.png,"[""A dense forest with a wild boar next to a tree stump.""]"
data/synthetic_visual_negation/data/positive/165036_img.png,"[""A matchbox with a matchstick next to a safety pin.""]"
data/synthetic_visual_negation/data/positive/50808_img.png,"[""A cluttered parking lot scene with a Dodge Dakota Club Cab 2007 car parked beside a dented Honda Civic.""]"
data/synthetic_visual_negation/data/positive/225857_img.png,"[""A busy city street with a messenger bag beside a cyclist.""]"
data/synthetic_visual_negation/data/positive/19617_img.png,"[""An underwater scene with a hammerhead shark next to a manta ray.""]"
data/synthetic_visual_negation/data/positive/114401_img.png,"[""A beautiful countryside with a barn next to a windmill.""]"
data/synthetic_visual_negation/data/positive/149900_img.png,"[""An image from a U.S. military base in the desert featuring a single-rotor helicopter beside a maintenance station.""]"
data/synthetic_visual_negation/data/positive/146182_img.png,"[""A colorful autumnal table setting with a beet salad beside a bread roll.""]"
data/synthetic_visual_negation/data/positive/43923_img.png,"[""A kitchen with a pantry next to a refrigerator.""]"
data/synthetic_visual_negation/data/positive/54580_img.png,"[""A bustling marketplace in Senegal with a Senegalese man next to a woman selling fruits.""]"
data/synthetic_visual_negation/data/positive/128703_img.png,"[""An entrance to a subway station with a turnstile beside a person.""]"
data/synthetic_visual_negation/data/positive/199589_img.png,"[""An airport tarmac with Tu-134 aircraft beside a Boeing 737.""]"
data/synthetic_visual_negation/data/positive/248525_img.png,"[""A hallway with a ladies' room beside a restroom sign.""]"
data/synthetic_visual_negation/data/positive/48899_img.png,"[""A busy airport with a DC-8 aircraft parked next to a baggage cart.""]"
data/synthetic_visual_negation/data/positive/164626_img.png,"[""A musician's studio with a pan flute next to a stool.""]"
data/synthetic_visual_negation/data/positive/192953_img.png,"[""A service center for luxury automobiles with a Rolls-Royce Phantom Sedan 2012 car beside a mechanic in uniform.""]"
data/synthetic_visual_negation/data/positive/140084_img.png,"[""A photo of a ladybug resting next to a leaf.""]"
data/synthetic_visual_negation/data/positive/61073_img.png,"[""A living room with a Lhasa Apso beside a fireplace.""]"
data/synthetic_visual_negation/data/positive/180738_img.png,"[""A coral reef aquarium with a rock beauty fish next to a parrotfish.""]"
data/synthetic_visual_negation/data/positive/241264_img.png,"[""An Australian forest with a wombat next to a tree kangaroo.""]"
data/synthetic_visual_negation/data/positive/19603_img.png,"[""An illustration of a vertebrate beside an invertebrate.""]"
data/synthetic_visual_negation/data/positive/114880_img.png,"[""A city street with a sports car next to a firetruck.""]"
data/synthetic_visual_negation/data/positive/178835_img.png,"[""A lobby with an automated teller machine next to a customer.""]"
data/synthetic_visual_negation/data/positive/199889_img.png,"[""A kitchen counter with enamelware next to a cutting board.""]"
data/synthetic_visual_negation/data/positive/229730_img.png,"[""A table setting with a greek salad beside a glass of white wine.""]"
data/synthetic_visual_negation/data/positive/65612_img.png,"[""A luxurious living room with a fur coat beside a fireplace.""]"
data/synthetic_visual_negation/data/positive/29120_img.png,"[""A kitchen counter with a butternut squash next to a knife.""]"
data/synthetic_visual_negation/data/positive/16039_img.png,"[""A high end steakhouse with prime rib next to a knife.""]"
data/synthetic_visual_negation/data/positive/205548_img.png,"[""A kitchen counter with raw milk beside a bowl of eggs.""]"
data/synthetic_visual_negation/data/positive/10747_img.png,"[""A war museum with a Lorraine cross next to a war helmet.""]"
data/synthetic_visual_negation/data/positive/207417_img.png,"[""A fruit bowl with a banana beside a grape bunch.""]"
data/synthetic_visual_negation/data/positive/85007_img.png,"[""A desk scene with a magnetic compass next to a water bottle.""]"
data/synthetic_visual_negation/data/positive/244343_img.png,"[""A business meeting with a hand-held computer beside a coffee cup.""]"
data/synthetic_visual_negation/data/positive/235629_img.png,"[""A home office with a daybook next to a cup of coffee.""]"
data/synthetic_visual_negation/data/positive/169797_img.png,"[""A window scene with a cup of tea beside a book.""]"
data/synthetic_visual_negation/data/positive/85449_img.png,"[""A car brake system with a disc brake beside a brake caliper.""]"
data/synthetic_visual_negation/data/positive/213212_img.png,"[""A mexican food table with guacamole next to tacos.""]"
data/synthetic_visual_negation/data/positive/164329_img.png,"[""a grassy scene featuring a golfer with a round of golf next to them.""]"
data/synthetic_visual_negation/data/positive/159404_img.png,"[""A runway with a propjet beside a luggage cart.""]"
data/synthetic_visual_negation/data/positive/127972_img.png,"[""A botanical garden with a gossamer-winged butterfly next to a flower.""]"
data/synthetic_visual_negation/data/positive/178631_img.png,"[""A deserted road with a silver Mercedes-Benz Sprinter Van 2012 car parked next to a small bus.""]"
data/synthetic_visual_negation/data/positive/99303_img.png,"[""A military training ground with a Malinois next to a handler.""]"
data/synthetic_visual_negation/data/positive/211615_img.png,"[""An airport with two A330-300 aircraft, one next to the other and a Boeing 737 nearby.""]"
data/synthetic_visual_negation/data/positive/115204_img.png,"[""A desert landscape with a kangaroo rat beside a cactus.""]"
data/synthetic_visual_negation/data/positive/45016_img.png,"[""A body of water with a silver salmon beside a bear.""]"
data/synthetic_visual_negation/data/positive/109535_img.png,"[""A dog park with a Chow Chow next to a Beagle.""]"
data/synthetic_visual_negation/data/positive/236837_img.png,"[""A butcher shop showcasing a meat cleaver beside a piece of meat.""]"
data/synthetic_visual_negation/data/positive/24865_img.png,"[""A small airport scene with a PA-28 aircraft beside a hangar.""]"
data/synthetic_visual_negation/data/positive/6854_img.png,"[""A fall scene with a pumpkin beside a scarecrow.""]"
data/synthetic_visual_negation/data/positive/117170_img.png,"[""A recording studio with an upright piano next to a microphone.""]"
data/synthetic_visual_negation/data/positive/212539_img.png,"[""A desert with a zebra-tailed lizard next to a gila monster.""]"
data/synthetic_visual_negation/data/positive/22796_img.png,"[""A zoo habitat with a Komodo dragon next to a mouse.""]"
data/synthetic_visual_negation/data/positive/135988_img.png,"[""A terrarium with a worm snake beside a heat lamp.""]"
data/synthetic_visual_negation/data/positive/107803_img.png,"[""A messy kitchen with a dishcloth beside dirty dishes.""]"
data/synthetic_visual_negation/data/positive/178563_img.png,"[""An airfield with a Cessna 525 aircraft next to a Piper Seneca aircraft.""]"
data/synthetic_visual_negation/data/positive/4831_img.png,"[""An egyptian museum with a wood ibis standing next to a sarcophagus.""]"
data/synthetic_visual_negation/data/positive/239790_img.png,"[""A large bookstore with a bookshelf beside a coffee shop.""]"
data/synthetic_visual_negation/data/positive/50867_img.png,"[""A photo of a Bugatti Veyron 16.4 Convertible 2009 car beside a luxury mansion.""]"
data/synthetic_visual_negation/data/positive/215970_img.png,"[""A snowy wilderness with a Siberian Husky beside a sled.""]"
data/synthetic_visual_negation/data/positive/214918_img.png,"[""A fish market with a sturgeon next to a bucket of ice.""]"
data/synthetic_visual_negation/data/positive/24522_img.png,"[""A movie theater lobby with a marquee next to a popcorn cart.""]"
data/synthetic_visual_negation/data/positive/189464_img.png,"[""A cozy living room with a Pomeranian beside a ball.""]"
data/synthetic_visual_negation/data/positive/103897_img.png,"[""A tarmac at a military airfield with a soldier in military uniform beside a helicopter.""]"
data/synthetic_visual_negation/data/positive/169052_img.png,"[""A garden with a snail beside a worm.""]"
data/synthetic_visual_negation/data/positive/132684_img.png,"[""A lingerie shop selling a bra next to a g-string.""]"
data/synthetic_visual_negation/data/positive/141427_img.png,"[""A kitchen with a bread-bin beside a toaster.""]"
data/synthetic_visual_negation/data/positive/202481_img.png,"[""A kid's lunch plate with macaroni and cheese beside a spoon.""]"
data/synthetic_visual_negation/data/positive/30915_img.png,"[""A garage with a Bentley Continental GT Coupe 2007 car beside a car cover.""]"
data/synthetic_visual_negation/data/positive/163128_img.png,"[""A middle eastern food festival with falafel next to a bowl of hummus.""]"
data/synthetic_visual_negation/data/positive/98423_img.png,"[""A training facility with a Malinois beside a handler.""]"
data/synthetic_visual_negation/data/positive/164854_img.png,"[""A car with a radiator grille beside a license plate.""]"
data/synthetic_visual_negation/data/positive/212072_img.png,"[""A green lawn with a Bullmastiff next to a fire hydrant.""]"
data/synthetic_visual_negation/data/positive/102906_img.png,"[""A lake with a canoe next to a buoy.""]"
data/synthetic_visual_negation/data/positive/86840_img.png,"[""A hospital tray with a syringe next to a bottle of medicine.""]"
data/synthetic_visual_negation/data/positive/58396_img.png,"[""A cosmetic store shelf with a perfume next to a lipstick.""]"
data/synthetic_visual_negation/data/positive/180160_img.png,"[""A photo of a baguette placed next to a cup of coffee.""]"
data/synthetic_visual_negation/data/positive/29574_img.png,"[""A colorful living room illustrating a Maltese beside a parrot.""]"
data/synthetic_visual_negation/data/positive/124255_img.png,"[""An airport scene with a CRJ-700 aircraft beside airplane stairs.""]"
data/synthetic_visual_negation/data/positive/8124_img.png,"[""A backyard garden with a rain barrel next to a compost bin.""]"
data/synthetic_visual_negation/data/positive/157428_img.png,"[""A kitchen scene with Irish soda bread next to a knife.""]"
data/synthetic_visual_negation/data/positive/191697_img.png,"[""A dorm room with a notebook computer next to textbooks.""]"
data/synthetic_visual_negation/data/positive/40682_img.png,"[""A safari with an impala next to a lion.""]"
data/synthetic_visual_negation/data/positive/157156_img.png,"[""A seafood market with an American lobster beside a lemon.""]"
data/synthetic_visual_negation/data/positive/79700_img.png,"[""A forest floor with a European wood mouse next to a mushroom.""]"
data/synthetic_visual_negation/data/positive/190014_img.png,"[""A parking lot with a Buick Enclave SUV 2012 car next to a Harley Davidson motorcycle.""]"
data/synthetic_visual_negation/data/positive/90070_img.png,"[""A lumber yard with a sawmill next to a forklift.""]"
data/synthetic_visual_negation/data/positive/113185_img.png,"[""A drum set with a drumhead beside a drumstick.""]"
data/synthetic_visual_negation/data/positive/134095_img.png,"[""A military airport with a military aircraft next to a hangar.""]"
data/synthetic_visual_negation/data/positive/53460_img.png,"[""A parking lot with a Dodge Dakota Club Cab 2007 car next to a red truck.""]"
data/synthetic_visual_negation/data/positive/137823_img.png,"[""A desk scene with a fountain pen next to an ink bottle.""]"
data/synthetic_visual_negation/data/positive/173960_img.png,"[""A bustling cityscape with an airship next to a tower crane.""]"
data/synthetic_visual_negation/data/positive/109044_img.png,"[""A bathroom with a bath towel next to a soap dispenser.""]"
data/synthetic_visual_negation/data/positive/9849_img.png,"[""A family dinner table setting with a cheeseburger beside a soda can.""]"
data/synthetic_visual_negation/data/positive/217419_img.png,"[""A terrarium with a boa constrictor next to a rat.""]"
data/synthetic_visual_negation/data/positive/215087_img.png,"[""A watery stream scene with a mud turtle beside a fish.""]"
data/synthetic_visual_negation/data/positive/164112_img.png,"[""A jungle scene with a bromelia beside a monkey.""]"
data/synthetic_visual_negation/data/positive/205447_img.png,"[""A general aviation airport with a PA-28 aircraft next to a helicopter.""]"
data/synthetic_visual_negation/data/positive/15318_img.png,"[""A birthday party scene with a chocolate cake next to candles and presents around.""]"
data/synthetic_visual_negation/data/positive/22892_img.png,"[""A riverbank with an otter next to a water lily.""]"
data/synthetic_visual_negation/data/positive/215403_img.png,"[""A party with a bow tie beside a tuxedo.""]"
data/synthetic_visual_negation/data/positive/175834_img.png,"[""A living room scene with an Australian Silky Terrier next to a cat.""]"
data/synthetic_visual_negation/data/positive/232110_img.png,"[""A nuclear submarine with a cruise missile beside a torpedo.""]"
data/synthetic_visual_negation/data/positive/195949_img.png,"[""A train yard with a freight car next to a caboose.""]"
data/synthetic_visual_negation/data/positive/143373_img.png,"[""An office space with a laser printer next to a computer.""]"
data/synthetic_visual_negation/data/positive/35233_img.png,"[""A gas station with a gas pump next to a convenience store.""]"
data/synthetic_visual_negation/data/positive/185827_img.png,"[""An office desk with a mobile phone beside a desktop computer.""]"
data/synthetic_visual_negation/data/positive/243523_img.png,"[""A forest floor with a wild boar beside a mushroom.""]"
data/synthetic_visual_negation/data/positive/130209_img.png,"[""A castle tower with a stone wall beside a window.""]"
data/synthetic_visual_negation/data/positive/30619_img.png,"[""A street scene with an ambulance next to a fire truck.""]"
data/synthetic_visual_negation/data/positive/155455_img.png,"[""A cage with a black-footed ferret next to two mice.""]"
data/synthetic_visual_negation/data/positive/62539_img.png,"[""A dealership showroom showcasing a HUMMER H2 SUT Crew Cab 2009 car next to a Ferrari 812 superfast car.""]"
data/synthetic_visual_negation/data/positive/230252_img.png,"[""A western theme party with a bolo tie next to a cowboy hat.""]"
data/synthetic_visual_negation/data/positive/202209_img.png,"[""A snowy scene with a Siberian Husky beside a boot.""]"
data/synthetic_visual_negation/data/positive/544_img.png,"[""A home aquarium with a goldfish beside a turtle.""]"
data/synthetic_visual_negation/data/positive/16423_img.png,"[""A fast food restaurant interior with a cheeseburger beside fries.""]"
data/synthetic_visual_negation/data/positive/63645_img.png,"[""A classic French bistro with a croque madame next to a bowl of French fries.""]"
data/synthetic_visual_negation/data/positive/236969_img.png,"[""A breakfast table with eggs benedict next to a glass of orange juice.""]"
data/synthetic_visual_negation/data/positive/95293_img.png,"[""A lush green park with a Border Collie next to a frisbee.""]"
data/synthetic_visual_negation/data/positive/149018_img.png,"[""A runway with an EMB-120 aircraft next to a Boeing 747.""]"
data/synthetic_visual_negation/data/positive/50853_img.png,"[""A park with an Australian Silky Terrier next to a cat.""]"
data/synthetic_visual_negation/data/positive/3870_img.png,"[""A vase containing a rosebud beside a tulip.""]"
data/synthetic_visual_negation/data/positive/195106_img.png,"[""A traditional French bistro with a French onion soup next to a baguette.""]"
data/synthetic_visual_negation/data/positive/1355_img.png,"[""A river scene with a buffalo fish next to a catfish.""]"
data/synthetic_visual_negation/data/positive/24065_img.png,"[""A bowl with malted milk next to a spoon.""]"
data/synthetic_visual_negation/data/positive/122397_img.png,"[""A photo of a scientist beside a lab table.""]"
data/synthetic_visual_negation/data/positive/17916_img.png,"[""A dining room with a china cabinet beside a vase.""]"
data/synthetic_visual_negation/data/positive/188704_img.png,"[""A zoo scene with a green peafowl next to a monkey.""]"
data/synthetic_visual_negation/data/positive/74352_img.png,"[""A park with a Chow Chow next to a Dalmatian.""]"
data/synthetic_visual_negation/data/positive/160047_img.png,"[""A log cabin in the snow with a St. Bernard next to a sled.""]"
data/synthetic_visual_negation/data/positive/56249_img.png,"[""A sundae with chocolate ice cream next to whipped cream.""]"
data/synthetic_visual_negation/data/positive/158830_img.png,"[""An urban park scene with a French Bulldog next to a skateboard.""]"
data/synthetic_visual_negation/data/positive/89266_img.png,"[""A forest path with a wolfhound beside a hiker.""]"
data/synthetic_visual_negation/data/positive/108534_img.png,"[""A dog show scene with a Papillon beside a judge.""]"
data/synthetic_visual_negation/data/positive/13333_img.png,"[""A rocky desert landscape with an eastern diamondback rattlesnake beside a tortoise.""]"
data/synthetic_visual_negation/data/positive/103255_img.png,"[""A tree with a fox squirrel next to a bird.""]"
data/synthetic_visual_negation/data/positive/125333_img.png,"[""An airfield with an Il-76 aircraft beside a luggage cart.""]"
data/synthetic_visual_negation/data/positive/2823_img.png,"[""A harbor with a pier beside a boat.""]"
data/synthetic_visual_negation/data/positive/60942_img.png,"[""A fossil display with a trilobite next to an ammonite.""]"
data/synthetic_visual_negation/data/positive/16157_img.png,"[""A trash can with a plastic bag next to a water bottle.""]"
data/synthetic_visual_negation/data/positive/168419_img.png,"[""A petting zoo with an Angora rabbit next to a goat.""]"
data/synthetic_visual_negation/data/positive/42994_img.png,"[""a photo of a metal nail placed beside a hammer.""]"
data/synthetic_visual_negation/data/positive/71539_img.png,"[""A living room with a Tibetan Terrier beside a frisbee.""]"
data/synthetic_visual_negation/data/positive/235698_img.png,"[""A forest floor with a red mushroom beside a brown mushroom.""]"
data/synthetic_visual_negation/data/positive/206519_img.png,"[""A shopping mall with a shoe store next to a clothing store.""]"
data/synthetic_visual_negation/data/positive/18040_img.png,"[""A backyard with a Pembroke Welsh Corgi beside a toy.""]"
data/synthetic_visual_negation/data/positive/2952_img.png,"[""A park with a creeping willow beside a bench.""]"
data/synthetic_visual_negation/data/positive/59537_img.png,"[""A maritime museum with a schooner next to a lighthouse.""]"
data/synthetic_visual_negation/data/positive/61880_img.png,"[""A parking lot with a Ford E-Series Wagon Van 2012 car next to a Toyota Camry car.""]"
data/synthetic_visual_negation/data/positive/215942_img.png,"[""A living room with a Siberian Husky beside a dog bed.""]"
data/synthetic_visual_negation/data/positive/172096_img.png,"[""A cricket field with a cricket-bat beside a ball.""]"
data/synthetic_visual_negation/data/positive/244812_img.png,"[""A forest path with a Black and Tan Coonhound next to a raccoon.""]"
data/synthetic_visual_negation/data/positive/77158_img.png,"[""A desert with a frilled lizard beside a cactus.""]"
data/synthetic_visual_negation/data/positive/82977_img.png,"[""A desert scene with a burro next to a cactus.""]"
data/synthetic_visual_negation/data/positive/205578_img.png,"[""A still life with a fig beside a pomegranate.""]"
data/synthetic_visual_negation/data/positive/198545_img.png,"[""A stream scene with a platypus next to a fish.""]"
data/synthetic_visual_negation/data/positive/126550_img.png,"[""A bedroom scene showing a sock beside a slipper.""]"
data/synthetic_visual_negation/data/positive/139610_img.png,"[""A dessert plate with creme brulee next to a spoon.""]"
data/synthetic_visual_negation/data/positive/86779_img.png,"[""A vibrant tropical rainforest with a toucan next to a sloth.""]"
data/synthetic_visual_negation/data/positive/100213_img.png,"[""A jungle scene with a gorilla next to a zebra.""]"
data/synthetic_visual_negation/data/positive/153647_img.png,"[""A crowded bazaar with a woman beside a chador.""]"
data/synthetic_visual_negation/data/positive/226877_img.png,"[""A pet store scene with a hamster next to a guinea pig.""]"
data/synthetic_visual_negation/data/positive/218547_img.png,"[""A beach scene with a catamaran beside a sailboat.""]"
data/synthetic_visual_negation/data/positive/88421_img.png,"[""A spacious hallway with a sliding door beside a framed painting.""]"
data/synthetic_visual_negation/data/positive/63375_img.png,"[""A theater scene with a little theater beside a director's chair.""]"
data/synthetic_visual_negation/data/positive/33949_img.png,"[""a photo of yellow rocket growing beside a dandelion.""]"
data/synthetic_visual_negation/data/positive/191372_img.png,"[""An office desk with a push-button radio next to a computer.""]"
data/synthetic_visual_negation/data/positive/45344_img.png,"[""A Victorian bedroom with a porcelain doll beside a Victorian hat box.""]"
data/synthetic_visual_negation/data/positive/73893_img.png,"[""A living room with a couch next to a chair.""]"
data/synthetic_visual_negation/data/positive/126817_img.png,"[""A wine bottle and a corkscrew beside a glass.""]"
data/synthetic_visual_negation/data/positive/7415_img.png,"[""A photo of a joinery displaying various tools, with a workbench next to it.""]"
data/synthetic_visual_negation/data/positive/135510_img.png,"[""A dessert table with bread pudding next to a fork.""]"
data/synthetic_visual_negation/data/positive/129348_img.png,"[""A concert scene with a stage beside a speaker.""]"
data/synthetic_visual_negation/data/positive/81932_img.png,"[""A family kitchen with a Wire Fox Terrier sitting beside a boy.""]"
data/synthetic_visual_negation/data/positive/58157_img.png,"[""A tree with an agama lizard beside a bird.""]"
data/synthetic_visual_negation/data/positive/28273_img.png,"[""A parking lot with a Jeep Compass SUV 2012 car beside a minivan.""]"
data/synthetic_visual_negation/data/positive/40846_img.png,"[""A standing trombone player with a trombone beside a sheet of music.""]"
data/synthetic_visual_negation/data/positive/147056_img.png,"[""A restaurant table with grilled salmon beside a lemon slice.""]"
data/synthetic_visual_negation/data/positive/61621_img.png,"[""A backyard with a Labrador Retriever next to a ball.""]"
data/synthetic_visual_negation/data/positive/190835_img.png,"[""A warehouse with a crate next to a ladder.""]"
data/synthetic_visual_negation/data/positive/183389_img.png,"[""A farm with an Ibizan Hound next to a goat.""]"
data/synthetic_visual_negation/data/positive/140837_img.png,"[""An underwater scene with a shipwreck next to a divers helmet.""]"
data/synthetic_visual_negation/data/positive/186549_img.png,"[""A bustling street market in Mexico with a poncho next to a backpack.""]"
data/synthetic_visual_negation/data/positive/49116_img.png,"[""A trendy clothing store displaying a cardigan next to jeans.""]"
data/synthetic_visual_negation/data/positive/201485_img.png,"[""A bathroom scene featuring a bottle of lotion beside a towel.""]"
data/synthetic_visual_negation/data/positive/130782_img.png,"[""A stone bench with a messenger bag beside a laptop.""]"
data/synthetic_visual_negation/data/positive/73982_img.png,"[""A picnic basket with a pretzel beside a soda can.""]"
data/synthetic_visual_negation/data/positive/37610_img.png,"[""An airport hanger with a Challenger 600 aircraft next to a baggage tractor.""]"
data/synthetic_visual_negation/data/positive/224806_img.png,"[""An outdoor scene with a picnic blanket beside a cooler.""]"
data/synthetic_visual_negation/data/positive/234144_img.png,"[""A sunny parking lot with a Dodge Caliber Wagon 2012 car beside a bumper sticker.""]"
data/synthetic_visual_negation/data/positive/120144_img.png,"[""A zoo exhibit with a gorilla beside a cage.""]"
data/synthetic_visual_negation/data/positive/3537_img.png,"[""A beach scene with a common redshank next to an egret.""]"
data/synthetic_visual_negation/data/positive/127820_img.png,"[""A kitchen with a Dutch oven beside a cutting board.""]"
data/synthetic_visual_negation/data/positive/169853_img.png,"[""An island seashore scene with a storm petrel beside a crab.""]"
data/synthetic_visual_negation/data/positive/240812_img.png,"[""A forest with a langur next to a loris.""]"
data/synthetic_visual_negation/data/positive/213192_img.png,"[""A park featuring a junco beside a squirrel.""]"
data/synthetic_visual_negation/data/positive/205342_img.png,"[""A garbage dump with an incinerator beside a dumpster.""]"
data/synthetic_visual_negation/data/positive/193304_img.png,"[""A kitchen scene with a nutmeg next to a mortar and pestle.""]"
data/synthetic_visual_negation/data/positive/10574_img.png,"[""A parking lot with a Chevrolet Monte Carlo Coupe 2007 car next to a pickup truck.""]"
data/synthetic_visual_negation/data/positive/147833_img.png,"[""A runway with a 767-200 aircraft beside a 747-400 aircraft.""]"
data/synthetic_visual_negation/data/positive/235213_img.png,"[""A kitchen countertop with a waffle iron next to a bowl of batter.""]"
data/synthetic_visual_negation/data/positive/184707_img.png,"[""A snowy forest with a lynx next to a deer.""]"
data/synthetic_visual_negation/data/positive/177103_img.png,"[""A bathroom counter with a bottle of lotion beside a toothbrush.""]"
data/synthetic_visual_negation/data/positive/147315_img.png,"[""A garden with a shovel next to a rake.""]"
data/synthetic_visual_negation/data/positive/11056_img.png,"[""A roadside with a tree mallow next to a cactus.""]"
data/synthetic_visual_negation/data/positive/212831_img.png,"[""A laboratory table with a beaker beside a pair of tweezers.""]"
data/synthetic_visual_negation/data/positive/130509_img.png,"[""A knight in full armor with a breastplate beside a sword.""]"
data/synthetic_visual_negation/data/positive/41910_img.png,"[""A bathroom counter with body lotion next to a hand towel.""]"
data/synthetic_visual_negation/data/positive/173419_img.png,"[""An Australian kitchen with a rissole next to mashed potatoes.""]"
data/synthetic_visual_negation/data/positive/66318_img.png,"[""A parking lot with a GMC Canyon Extended Cab 2012 car next to a Ford F150 pickup truck.""]"
data/synthetic_visual_negation/data/positive/232768_img.png,"[""A forest scene with a lynx beside a tree.""]"
data/synthetic_visual_negation/data/positive/214839_img.png,"[""A leaf with an insect next to a spiderweb.""]"
data/synthetic_visual_negation/data/positive/985_img.png,"[""A snowy arctic landscape with a polar bear beside a penguin.""]"
data/synthetic_visual_negation/data/positive/214154_img.png,"[""A photo of a movie theater beside a long line of people.""]"
data/synthetic_visual_negation/data/positive/237074_img.png,"[""A rainforest with a chimpanzee beside a giraffe.""]"
data/synthetic_visual_negation/data/positive/105140_img.png,"[""A fish tank with a lionfish next to a clownfish.""]"
data/synthetic_visual_negation/data/positive/136432_img.png,"[""A marine park tank showing a killer whale beside a diver.""]"
data/synthetic_visual_negation/data/positive/223601_img.png,"[""A pasture with a sulphur butterfly beside a daisy.""]"
data/synthetic_visual_negation/data/positive/98835_img.png,"[""A cozy brunch spot with eggs benedict beside a mimosa.""]"
data/synthetic_visual_negation/data/positive/95612_img.png,"[""A patio with a cushion flower beside a pot.""]"
data/synthetic_visual_negation/data/positive/62741_img.png,"[""A ramen shop counter with a bowl of ramen next to a pair of chopsticks.""]"
data/synthetic_visual_negation/data/positive/159862_img.png,"[""A cluttered bathroom with a sink beside a toothbrush holder.""]"
data/synthetic_visual_negation/data/positive/56274_img.png,"[""A seafood restaurant with a scallop shell beside shrimp.""]"
data/synthetic_visual_negation/data/positive/102909_img.png,"[""A river with a kayak beside a canoe.""]"
data/synthetic_visual_negation/data/positive/177632_img.png,"[""A motorcycle scene with a crash helmet next to a motorcycle.""]"
data/synthetic_visual_negation/data/positive/185190_img.png,"[""A garden landscape with a western grey squirrel beside a small fountain.""]"
data/synthetic_visual_negation/data/positive/148207_img.png,"[""A snowy mountain with a snow leopard beside a polar bear.""]"
data/synthetic_visual_negation/data/positive/238708_img.png,"[""A music concert featuring a harp next to a pianist.""]"
data/synthetic_visual_negation/data/positive/218805_img.png,"[""A hot air balloon with a balloon sail beside the basket.""]"
data/synthetic_visual_negation/data/positive/119806_img.png,"[""A forest floor scene with a dung beetle beside a ball of dung.""]"
data/synthetic_visual_negation/data/positive/42988_img.png,"[""A kitchen scene with a toaster beside a waffle maker.""]"
data/synthetic_visual_negation/data/positive/244892_img.png,"[""A western store with a cowboy boot beside a stetson hat.""]"
data/synthetic_visual_negation/data/positive/157534_img.png,"[""A bug collecting tray with a firebug beside a ladybug.""]"
data/synthetic_visual_negation/data/positive/244607_img.png,"[""A large aquarium with a porcupinefish beside a seahorse.""]"
data/synthetic_visual_negation/data/positive/52954_img.png,"[""A living room with a Mexican hairless dog beside a cat.""]"
data/synthetic_visual_negation/data/positive/186679_img.png,"[""A meadow on a sunny day with a gossamer-winged butterfly next to a butterfly bush.""]"
data/synthetic_visual_negation/data/positive/53050_img.png,"[""A terrarium with a smooth newt beside a rock.""]"
data/synthetic_visual_negation/data/positive/115278_img.png,"[""A park with a Dandie Dinmont Terrier beside a West Highland White Terrier.""]"
data/synthetic_visual_negation/data/positive/63770_img.png,"[""A camping site with a tent beside a car.""]"
data/synthetic_visual_negation/data/positive/36066_img.png,"[""A wetland area with a white stork next to a flamingo.""]"
data/synthetic_visual_negation/data/positive/219218_img.png,"[""An autumn scene with a man wearing trench coat walking next to a tall sunflower.""]"
data/synthetic_visual_negation/data/positive/200288_img.png,"[""A photo of a croque madame dish with a bowl of french fries beside it.""]"
data/synthetic_visual_negation/data/positive/234317_img.png,"[""A bustling urban street with a FIAT 500 Abarth 2012 car next to a Vespa.""]"
data/synthetic_visual_negation/data/positive/96191_img.png,"[""A music store with an electric organ next to a keyboard.""]"
data/synthetic_visual_negation/data/positive/242762_img.png,"[""A photo of a baseball cap beside a tennis racket.""]"
data/synthetic_visual_negation/data/positive/122555_img.png,"[""A wooden porch with clogs beside a straw hat.""]"
data/synthetic_visual_negation/data/positive/209049_img.png,"[""A lake with a rowing boat beside a dock.""]"
data/synthetic_visual_negation/data/positive/119026_img.png,"[""A lush green park with a Pembroke Welsh Corgi next to a Dalmatian.""]"
data/synthetic_visual_negation/data/positive/92252_img.png,"[""An outdoor photography set with a tripod beside a camera.""]"
data/synthetic_visual_negation/data/positive/58166_img.png,"[""An auto repair garage with a Dodge Dakota Club Cab 2007 car next to a mechanic.""]"
data/synthetic_visual_negation/data/positive/40278_img.png,"[""A sandy beach with a geoduck next to a shovel.""]"
data/synthetic_visual_negation/data/positive/165310_img.png,"[""A school desk with a notebook next to a pencil.""]"
data/synthetic_visual_negation/data/positive/205940_img.png,"[""A family room with a jigsaw puzzle beside a kid.""]"
data/synthetic_visual_negation/data/positive/162308_img.png,"[""A kitchen scene with a dining table beside a plate.""]"
data/synthetic_visual_negation/data/positive/66829_img.png,"[""An urban park featuring a fox squirrel sitting next to a bench.""]"
data/synthetic_visual_negation/data/positive/32472_img.png,"[""A bar counter with a beer bottle next to a coaster.""]"
data/synthetic_visual_negation/data/positive/10875_img.png,"[""A busy airport runway with an E-195 aircraft beside a Boeing 737.""]"
data/synthetic_visual_negation/data/positive/177565_img.png,"[""A warehouse scene with a cardboard box next to a forklift.""]"
data/synthetic_visual_negation/data/positive/222996_img.png,"[""A small home theater with a subwoofer next to a chair.""]"
data/synthetic_visual_negation/data/positive/53226_img.png,"[""A plate with crab cakes next to a dipping sauce.""]"
data/synthetic_visual_negation/data/positive/229776_img.png,"[""A laboratory table with a Petri dish beside a pipette.""]"
data/synthetic_visual_negation/data/positive/87970_img.png,"[""A storage room containing a crate next to a stack of books.""]"
data/synthetic_visual_negation/data/positive/99737_img.png,"[""A harvest field with a threshing machine next to a tractor.""]"
data/synthetic_visual_negation/data/positive/240450_img.png,"[""A paleontology exhibit with a dinosaur next to a fossil.""]"
data/synthetic_visual_negation/data/positive/125254_img.png,"[""A parking lot with a moving van next to a minivan.""]"
data/synthetic_visual_negation/data/positive/195126_img.png,"[""A table setting with onion rings beside a ketchup bottle.""]"
data/synthetic_visual_negation/data/positive/187678_img.png,"[""A kitchen countertop with margarine next to a knife.""]"
data/synthetic_visual_negation/data/positive/115555_img.png,"[""A futuristic cityscape with a geodesic dome next to a flying car.""]"
data/synthetic_visual_negation/data/positive/53907_img.png,"[""A park with a bird dog next to a squirrel.""]"
data/synthetic_visual_negation/data/positive/14847_img.png,"[""A bakery display with a red velvet cake next to a wedding cake.""]"
data/synthetic_visual_negation/data/positive/157351_img.png,"[""A park with a schipperke next to a dachshund.""]"
data/synthetic_visual_negation/data/positive/190559_img.png,"[""A gourmet restaurant table with cheese souffle beside a salad.""]"
data/synthetic_visual_negation/data/positive/189447_img.png,"[""A repair shop floor with a car wheel next to a lug nut wrench.""]"
data/synthetic_visual_negation/data/positive/137822_img.png,"[""A woman's vanity with perfume next to a hairbrush.""]"
data/synthetic_visual_negation/data/positive/237210_img.png,"[""An underwater scene with a great white shark beside a remora.""]"
data/synthetic_visual_negation/data/positive/105173_img.png,"[""A fashion runway with a suit next to high heels.""]"
data/synthetic_visual_negation/data/positive/236435_img.png,"[""A saloon with a spittoon beside a cowboy hat.""]"
data/synthetic_visual_negation/data/positive/117175_img.png,"[""A table setting with chicken salad beside a fork.""]"
data/synthetic_visual_negation/data/positive/210934_img.png,"[""A bedroom in India with a mosquito net beside a bed.""]"
data/synthetic_visual_negation/data/positive/139446_img.png,"[""A green and white bakery box with a key lime next to a slice of pie.""]"
data/synthetic_visual_negation/data/positive/141864_img.png,"[""An emergency room setting with a stretcher next to an oxygen tank.""]"
data/synthetic_visual_negation/data/positive/199731_img.png,"[""A dog show with an Appenzeller Sennenhund next to a judge.""]"
data/synthetic_visual_negation/data/positive/127691_img.png,"[""A camping ground with a recreational vehicle next to a tent.""]"
data/synthetic_visual_negation/data/positive/213515_img.png,"[""A car dealership showroom with a MINI Cooper Roadster Convertible 2012 car beside a Mini Cooper Convertible 2012 car.""]"
data/synthetic_visual_negation/data/positive/71496_img.png,"[""A farm landscape with a barn next to a tractor.""]"
data/synthetic_visual_negation/data/positive/103957_img.png,"[""A dinner table with macaroni and cheese beside a fork.""]"
data/synthetic_visual_negation/data/positive/18476_img.png,"[""A flock of birds with a bluewing next to a cardinal.""]"
data/synthetic_visual_negation/data/positive/92991_img.png,"[""a photo of a patio beside a pool.""]"
data/synthetic_visual_negation/data/positive/167517_img.png,"[""A subway platform with a turnstile next to a ticket machine.""]"
data/synthetic_visual_negation/data/positive/1590_img.png,"[""A living room with a cardboard box beside a television.""]"
data/synthetic_visual_negation/data/positive/36561_img.png,"[""A photograph of a Ferrari California Convertible 2012 car beside a Jaguar XJS car.""]"
data/synthetic_visual_negation/data/positive/34641_img.png,"[""A parking lot showing a Ford F-150 Regular Cab 2012 car beside a motorcycle.""]"
data/synthetic_visual_negation/data/positive/7476_img.png,"[""A farm setting with a Newfoundland dog beside a bucket.""]"
data/synthetic_visual_negation/data/positive/244466_img.png,"[""a photo of a frill beside a skirt.""]"
data/synthetic_visual_negation/data/positive/28602_img.png,"[""A backyard with a hot tub beside a barbecue grill.""]"
data/synthetic_visual_negation/data/positive/108783_img.png,"[""A kitchen setting with an oven thermometer beside an oven.""]"
data/synthetic_visual_negation/data/positive/238420_img.png,"[""A photo of a poke bonnet beside a victorian lady.""]"
data/synthetic_visual_negation/data/positive/162486_img.png,"[""a desert scene with an arabian camel standing next to a sand dune.""]"
data/synthetic_visual_negation/data/positive/218032_img.png,"[""A marshy wetland with a spotted sandpiper next to a great blue heron.""]"
data/synthetic_visual_negation/data/positive/125486_img.png,"[""A dark basement with a mousetrap next to a mouse.""]"
data/synthetic_visual_negation/data/positive/145175_img.png,"[""a scientific laboratory backdrop showing a microscope right next to a magnifying glass.""]"
data/synthetic_visual_negation/data/positive/182053_img.png,"[""A race track with a Chevrolet Monte Carlo Coupe 2007 car next to a pit crew.""]"
data/synthetic_visual_negation/data/positive/138_img.png,"[""A park with a Wire Fox Terrier next to a ball.""]"
data/synthetic_visual_negation/data/positive/164693_img.png,"[""A desert scene showing a Saharan horned viper next to a scorpion.""]"
data/synthetic_visual_negation/data/positive/25215_img.png,"[""A dog park with a Rottweiler standing next to a Saint Bernard.""]"
data/synthetic_visual_negation/data/positive/110684_img.png,"[""A lamp with a bulb beside a wire.""]"
data/synthetic_visual_negation/data/positive/147280_img.png,"[""A traditional Japanese sushi platter with sashimi beside wasabi.""]"
data/synthetic_visual_negation/data/positive/69881_img.png,"[""A tarmac with an SR-20 aircraft next to a fuel truck.""]"
data/synthetic_visual_negation/data/positive/116888_img.png,"[""A pet shop with an affenpinscher next to a chihuahua.""]"
data/synthetic_visual_negation/data/positive/239047_img.png,"[""A military airfield with an An-12 aircraft next to an MiG-15 aircraft.""]"
data/synthetic_visual_negation/data/positive/119160_img.png,"[""A bowl of cherries next to a spoon.""]"
data/synthetic_visual_negation/data/positive/101072_img.png,"[""A photo of a kimono beside a woman.""]"
data/synthetic_visual_negation/data/positive/217512_img.png,"[""a living room scene where a window shade is next to a lamp""]"
data/synthetic_visual_negation/data/positive/180552_img.png,"[""A parking lot with HUMMER H2 SUT Crew Cab 2009 car next to a bicycle.""]"
data/synthetic_visual_negation/data/positive/156679_img.png,"[""A swimming pool with a woman wearing a one-piece bathing suit next to a swim ring.""]"
data/synthetic_visual_negation/data/positive/27622_img.png,"[""A farm showing a tractor beside a horse.""]"
data/synthetic_visual_negation/data/positive/24918_img.png,"[""A large grassy park with a Sussex Spaniel next to a frisbee.""]"
data/synthetic_visual_negation/data/positive/99617_img.png,"[""A restaurant scene with croque madame beside a salad.""]"
data/synthetic_visual_negation/data/positive/48666_img.png,"[""A terrarium containing a worm snake next to a millipede.""]"
data/synthetic_visual_negation/data/positive/29390_img.png,"[""A full table setting including a salt shaker beside a pepper shaker.""]"
data/synthetic_visual_negation/data/positive/224560_img.png,"[""A street scene with a bulletproof vest next to a gun.""]"
data/synthetic_visual_negation/data/positive/46488_img.png,"[""A barnyard scene with a pig beside a chicken.""]"
data/synthetic_visual_negation/data/positive/157072_img.png,"[""A runway with a L-1011 aircraft beside a fuel truck.""]"
data/synthetic_visual_negation/data/positive/54025_img.png,"[""A kitchen counter with an acorn squash beside a mixing bowl.""]"
data/synthetic_visual_negation/data/positive/7679_img.png,"[""A kitchen counter with a brown Betty teapot next to a coffee mug.""]"
data/synthetic_visual_negation/data/positive/104709_img.png,"[""A naval base with an attack submarine next to a shipyard.""]"
data/synthetic_visual_negation/data/positive/22142_img.png,"[""A peaceful river scene with a shelduck standing next to a swan.""]"
data/synthetic_visual_negation/data/positive/15456_img.png,"[""A physical therapy room with a back brace next to a yoga mat.""]"
data/synthetic_visual_negation/data/positive/169532_img.png,"[""An airport scene with a 747-300 aircraft next to a bus.""]"
data/synthetic_visual_negation/data/positive/177475_img.png,"[""An open savannah with a vulture beside a lion.""]"
data/synthetic_visual_negation/data/positive/172599_img.png,"[""A small airport with a DHC-8-100 aircraft next to a helicopter.""]"
data/synthetic_visual_negation/data/positive/204222_img.png,"[""A pond scene with a lotus next to a fish.""]"
data/synthetic_visual_negation/data/positive/121545_img.png,"[""A meadow scene with a common dandelion next to a ladybug.""]"
data/synthetic_visual_negation/data/positive/129522_img.png,"[""A French town square with the Valenciennes cathedral next to a small fountain.""]"
data/synthetic_visual_negation/data/positive/77934_img.png,"[""An art desk with a pencil sharpener next to a pencil.""]"
data/synthetic_visual_negation/data/positive/55919_img.png,"[""A snowy forest landscape with a woodland caribou beside a wolf.""]"
data/synthetic_visual_negation/data/positive/210683_img.png,"[""A teenager's room with an iPod next to a backpack.""]"
data/synthetic_visual_negation/data/positive/20652_img.png,"[""A chess tournament with a chess master next to a trophy.""]"
data/synthetic_visual_negation/data/positive/182434_img.png,"[""A golf course with a golf cart beside a flagstick.""]"
data/synthetic_visual_negation/data/positive/98910_img.png,"[""A dining area with a dining table next to chairs.""]"
data/synthetic_visual_negation/data/positive/194135_img.png,"[""A grassland scene with a dingo beside a kangaroo.""]"
data/synthetic_visual_negation/data/positive/215672_img.png,"[""An empty movie theater aisle with a movie theater next to a theater seat.""]"
data/synthetic_visual_negation/data/positive/145203_img.png,"[""A vegetable garden with a zucchini next to a tomato.""]"
data/synthetic_visual_negation/data/positive/225373_img.png,"[""A scene from a tropical concert with a maraca next to a guitar.""]"
data/synthetic_visual_negation/data/positive/228871_img.png,"[""A fisherman's tackle box with a sea trout next to a fishing lure.""]"
data/synthetic_visual_negation/data/positive/176914_img.png,"[""A green salad with a common plum beside avocado.""]"
data/synthetic_visual_negation/data/positive/96735_img.png,"[""A bathroom with a medicine cabinet next to a shower head.""]"
data/synthetic_visual_negation/data/positive/58417_img.png,"[""A jungle scene with a sloth bear next to a tiger.""]"
data/synthetic_visual_negation/data/positive/105707_img.png,"[""A highway during rush hour with a Hyundai Elantra Touring Hatchback 2012 car parked next to a semi-truck.""]"
data/synthetic_visual_negation/data/positive/113767_img.png,"[""A water pond with a crane bird next to a swan.""]"
data/synthetic_visual_negation/data/positive/50659_img.png,"[""A military base with an amphibious vehicle beside a military helicopter.""]"
data/synthetic_visual_negation/data/positive/56569_img.png,"[""A large airport terminal with an A330-300 aircraft beside a ground crew.""]"
data/synthetic_visual_negation/data/positive/5842_img.png,"[""A table with a hamburger next to fries.""]"
data/synthetic_visual_negation/data/positive/188608_img.png,"[""A seafood platter with crab cakes beside a lobster tail.""]"
data/synthetic_visual_negation/data/positive/187699_img.png,"[""A parking lot with a Toyota Camry Sedan 2012 car next to a red pickup truck.""]"
data/synthetic_visual_negation/data/positive/136908_img.png,"[""The launch pad with a test rocket next to a camera crew.""]"
data/synthetic_visual_negation/data/positive/102737_img.png,"[""A zoo enclosure with marmoset next to a toucan.""]"
data/synthetic_visual_negation/data/positive/76773_img.png,"[""A valet parking with a Chrysler Aspen SUV 2009 car beside a Mercedes-Benz S-Class 2020 car.""]"
data/synthetic_visual_negation/data/positive/68541_img.png,"[""A vast ocean with a great white shark next to a submarine.""]"
data/synthetic_visual_negation/data/positive/206172_img.png,"[""a tropical rainforest scene depicts a leafhopper on top of a leaf.""]"
data/synthetic_visual_negation/data/positive/30098_img.png,"[""A dessert spread at a party with a creme brulee beside a macaron.""]"
data/synthetic_visual_negation/data/positive/189646_img.png,"[""Tall grass in the African savannah with a red wolf or maned wolf beside a zebra.""]"
data/synthetic_visual_negation/data/positive/200244_img.png,"[""A runway with a CRJ-900 aircraft next to a baggage cart.""]"
data/synthetic_visual_negation/data/positive/70575_img.png,"[""A photo of a poke bonnet next to a victorian dress.""]"
data/synthetic_visual_negation/data/positive/245026_img.png,"[""A table with a magnetic compass next to a wristwatch.""]"
data/synthetic_visual_negation/data/positive/120020_img.png,"[""A bike stand with a boneshaker beside a fixie.""]"
data/synthetic_visual_negation/data/positive/151244_img.png,"[""A bird feeder with a hawk next to a squirrel.""]"
data/synthetic_visual_negation/data/positive/79641_img.png,"[""A donut shop with donuts next to coffee.""]"
data/synthetic_visual_negation/data/positive/52078_img.png,"[""A dinner table with meatloaf next to mashed potatoes.""]"
data/synthetic_visual_negation/data/positive/157891_img.png,"[""A video game controller with a joystick next to a keyboard.""]"
data/synthetic_visual_negation/data/positive/77660_img.png,"[""A wetland scene with a black stork next to a great egret.""]"
data/synthetic_visual_negation/data/positive/18152_img.png,"[""A dressing room with jeans beside a shirt.""]"
data/synthetic_visual_negation/data/positive/221540_img.png,"[""A kitchen counter with a spaghetti squash beside an oven.""]"
data/synthetic_visual_negation/data/positive/19357_img.png,"[""A roadside on a rural highway with a traffic sign next to a speed limit sign.""]"
data/synthetic_visual_negation/data/positive/208518_img.png,"[""A retail clothing store with a cardigan next to a purse.""]"
data/synthetic_visual_negation/data/positive/24160_img.png,"[""A sewing room with a sewing machine next to a person.""]"
data/synthetic_visual_negation/data/positive/146576_img.png,"[""A snowy mountainside scene with a skier next to ski poles.""]"
data/synthetic_visual_negation/data/positive/189394_img.png,"[""A fish tank with a wrasse beside a sea anemone.""]"
data/synthetic_visual_negation/data/positive/117081_img.png,"[""A pond with a true frog next to a lilypad.""]"
data/synthetic_visual_negation/data/positive/42753_img.png,"[""A fine dining restaurant with a bowl of vichyssoise beside a slice of bread.""]"
data/synthetic_visual_negation/data/positive/62655_img.png,"[""A bowl with a garden pea next to a carrot.""]"
data/synthetic_visual_negation/data/positive/42120_img.png,"[""A city square with a fountain beside a sculpture.""]"
data/synthetic_visual_negation/data/positive/216726_img.png,"[""A calm sea with a flying boat next to a whale.""]"
data/synthetic_visual_negation/data/positive/175095_img.png,"[""An image of a quince placed beside a vase of flowers.""]"
data/synthetic_visual_negation/data/positive/151052_img.png,"[""A men's suit jacket with a wallet beside a cell phone.""]"
data/synthetic_visual_negation/data/positive/1853_img.png,"[""A lumberjack with a chainsaw beside a log.""]"
data/synthetic_visual_negation/data/positive/146846_img.png,"[""A jewelry store showcase with a loupe magnifying glass beside a diamond ring.""]"
data/synthetic_visual_negation/data/positive/26400_img.png,"[""A photo of a waffle iron placed next to a plate.""]"
data/synthetic_visual_negation/data/positive/101563_img.png,"[""A dessert plate with a panna cotta beside a strawberry.""]"
data/synthetic_visual_negation/data/positive/18535_img.png,"[""A family photo with a Keeshond beside a baby.""]"
data/synthetic_visual_negation/data/positive/100977_img.png,"[""A modern bathroom with a shower curtain next to a bath mat.""]"
data/synthetic_visual_negation/data/positive/157571_img.png,"[""An astrology chart with a zodiac next to a planet.""]"
data/synthetic_visual_negation/data/positive/147191_img.png,"[""a forest with Indian cobra snakes can sometimes be found next to jungle cats.""]"
data/synthetic_visual_negation/data/positive/124713_img.png,"[""An airfield with a DHC-6 aircraft next to a fuel truck.""]"
data/synthetic_visual_negation/data/positive/175853_img.png,"[""A cozy kitchen with a teapot beside a kettle.""]"
data/synthetic_visual_negation/data/positive/135309_img.png,"[""A desert scene with an arabian camel beside a horse.""]"
data/synthetic_visual_negation/data/positive/86752_img.png,"[""A sea view landscape with a surface ship beside a submarine.""]"
data/synthetic_visual_negation/data/positive/42502_img.png,"[""A pet store with an Afghan Hound next to a French Bulldog.""]"
data/synthetic_visual_negation/data/positive/172338_img.png,"[""An arctic scene with a dog sled next to a snow mobile.""]"
data/synthetic_visual_negation/data/positive/160823_img.png,"[""A pond with a dragonfly beside a frog.""]"
data/synthetic_visual_negation/data/positive/138907_img.png,"[""A snowy forest with a snowshoe hare beside a tree.""]"
data/synthetic_visual_negation/data/positive/161777_img.png,"[""An outback scene with binoculars next to a kangaroo.""]"
data/synthetic_visual_negation/data/positive/87852_img.png,"[""A parking lot with an Eagle Talon Hatchback 1998 car next to a van.""]"
data/synthetic_visual_negation/data/positive/162604_img.png,"[""A marine aquarium with a mantis shrimp beside a starfish.""]"
data/synthetic_visual_negation/data/positive/181384_img.png,"[""A dressing room with a fur coat beside a hat.""]"
data/synthetic_visual_negation/data/positive/197501_img.png,"[""A photo of BMW M6 Convertible 2010 car placed beside a convertible cover.""]"
data/synthetic_visual_negation/data/positive/191392_img.png,"[""A safari station with binoculars beside a ranger.""]"
data/synthetic_visual_negation/data/positive/81481_img.png,"[""A plate with huevos rancheros next to a margarita.""]"
data/synthetic_visual_negation/data/positive/223527_img.png,"[""A bakery scene with a cinnamon roll beside a coffee cup.""]"
data/synthetic_visual_negation/data/positive/9094_img.png,"[""A kitchen scene with a blender next to a toaster.""]"
data/synthetic_visual_negation/data/positive/207448_img.png,"[""A bookstore scene with a bookshelf next to a customer.""]"
data/synthetic_visual_negation/data/positive/148192_img.png,"[""A car dealership with Chevrolet Silverado 2500HD Regular Cab 2012 car next to a trailer.""]"
data/synthetic_visual_negation/data/positive/3863_img.png,"[""An Australian outback with a giant kangaroo next to a wallaby.""]"
data/synthetic_visual_negation/data/positive/46113_img.png,"[""A colorful table with a sombrero next to a bowl of fruit.""]"
data/synthetic_visual_negation/data/positive/197083_img.png,"[""A tree with a common squirrel monkey beside a sloth.""]"
data/synthetic_visual_negation/data/positive/2635_img.png,"[""An underwater scene with a submarine next to a sunken ship.""]"
data/synthetic_visual_negation/data/positive/12474_img.png,"[""A table covered in tacos beside a margarita.""]"
data/synthetic_visual_negation/data/positive/44583_img.png,"[""An icy pond with a snow goose next to a snowman.""]"
data/synthetic_visual_negation/data/positive/40523_img.png,"[""An oil field with a drill rig beside a drilling engineer.""]"
data/synthetic_visual_negation/data/positive/34152_img.png,"[""A serene vacation spot with a guesthouse beside a pool.""]"
data/synthetic_visual_negation/data/positive/107722_img.png,"[""A runway with an A318 aircraft lined up next to a ground control vehicle.""]"
data/synthetic_visual_negation/data/positive/129213_img.png,"[""A nest on top of a white stork next to a building.""]"
data/synthetic_visual_negation/data/positive/121484_img.png,"[""A train station scene with a railroad car next to a train engine.""]"
data/synthetic_visual_negation/data/positive/35519_img.png,"[""A rainforest with a bird of paradise beside a palm tree.""]"
data/synthetic_visual_negation/data/positive/205284_img.png,"[""A shopping mall parking lot with a minivan beside a truck.""]"
data/synthetic_visual_negation/data/positive/200496_img.png,"[""A seabed with a sturgeon beside a crab.""]"
data/synthetic_visual_negation/data/positive/75824_img.png,"[""A kitchen scene with guacamole next to tortilla chips.""]"
data/synthetic_visual_negation/data/positive/133467_img.png,"[""A street scene with a Volvo C30 Hatchback 2012 car beside a parked motorcycle.""]"
data/synthetic_visual_negation/data/positive/207538_img.png,"[""An airport with a DHC-8-100 aircraft next to a hangar.""]"
data/synthetic_visual_negation/data/positive/124116_img.png,"[""A basketball court scene with a basketball beside a hoop.""]"
data/synthetic_visual_negation/data/positive/37417_img.png,"[""A cattle field with a Charolais next to a feed trough.""]"
data/synthetic_visual_negation/data/positive/107550_img.png,"[""A foyer with a coatrack next to a mirror.""]"
data/synthetic_visual_negation/data/positive/124655_img.png,"[""A parking lot with a Dodge Sprinter Cargo Van 2009 beside a trailer.""]"
data/synthetic_visual_negation/data/positive/244994_img.png,"[""A plate with donuts next to a cup of coffee.""]"
data/synthetic_visual_negation/data/positive/224250_img.png,"[""A forest trail with a grey fox next to a fern.""]"
data/synthetic_visual_negation/data/positive/110014_img.png,"[""A kitchen counter with a toaster next to a knife.""]"
data/synthetic_visual_negation/data/positive/146268_img.png,"[""A busy harbor with a fireboat next to a cargo ship.""]"
data/synthetic_visual_negation/data/positive/98842_img.png,"[""An old-fashioned office with a typewriter keyboard next to a sheet of paper.""]"
data/synthetic_visual_negation/data/positive/243100_img.png,"[""A cluttered sewing room with a sewing machine beside a pile of fabric scraps.""]"
data/synthetic_visual_negation/data/positive/3094_img.png,"[""A factory floor with a mechanical system next to a conveyor belt.""]"
data/synthetic_visual_negation/data/positive/147941_img.png,"[""A workbench with a slide rule next to a calculator.""]"
data/synthetic_visual_negation/data/positive/51346_img.png,"[""A photo of a plant louse next to a leaf.""]"
data/synthetic_visual_negation/data/positive/99205_img.png,"[""A snowy mountain landscape with an Alpine ibex next to a chamois.""]"
data/synthetic_visual_negation/data/positive/100097_img.png,"[""A royal throne with a coronet beside a scepter.""]"
data/synthetic_visual_negation/data/positive/34022_img.png,"[""A snowy park scene with a Pomeranian next to a sled.""]"
data/synthetic_visual_negation/data/positive/235736_img.png,"[""A modern kitchen with a ladle next to a pot.""]"
data/synthetic_visual_negation/data/positive/48193_img.png,"[""A doctor's office with a stethoscope next to a syringe.""]"
data/synthetic_visual_negation/data/positive/101758_img.png,"[""A plate with panna cotta next to a raspberry sauce.""]"
data/synthetic_visual_negation/data/positive/93498_img.png,"[""A terrarium with a tiger salamander next to a plant.""]"
data/synthetic_visual_negation/data/positive/155582_img.png,"[""A safari with a gazelle next to a wildebeest.""]"
data/synthetic_visual_negation/data/positive/120172_img.png,"[""A city street with a Nissan NV Passenger Van 2012 car beside a school bus.""]"
data/synthetic_visual_negation/data/positive/192168_img.png,"[""A picnic scene with a catsup bottle next to a mustard bottle.""]"
data/synthetic_visual_negation/data/positive/91078_img.png,"[""A savannah landscape with a springbok beside a zebra.""]"
data/synthetic_visual_negation/data/positive/190197_img.png,"[""a crowded street with a fanny pack beside a tourist.""]"
data/synthetic_visual_negation/data/positive/33620_img.png,"[""A pasture with a goose next to a sheep.""]"
data/synthetic_visual_negation/data/positive/58195_img.png,"[""A zoo with a mammal beside an aquarium.""]"
data/synthetic_visual_negation/data/positive/210979_img.png,"[""A bird aviary with a rainbow lorikeet next to a cockatoo.""]"
data/synthetic_visual_negation/data/positive/7671_img.png,"[""A muddy road showing a Buick Rainier SUV 2007 car beside a big truck.""]"
data/synthetic_visual_negation/data/positive/148253_img.png,"[""A grassy park with a toy terrier beside a squirrel.""]"
data/synthetic_visual_negation/data/positive/136718_img.png,"[""A savannah with a lioness next to a cub.""]"
data/synthetic_visual_negation/data/positive/159169_img.png,"[""A desert scene with a worm snake next to a cactus.""]"
data/synthetic_visual_negation/data/positive/4985_img.png,"[""A barnyard with an Appenzeller Sennenhund next to a goat.""]"
data/synthetic_visual_negation/data/positive/124765_img.png,"[""A coral reef scene with a sunfish next to a shark.""]"
data/synthetic_visual_negation/data/positive/237691_img.png,"[""A grassy field with a Border Collie beside a frisbee.""]"
data/synthetic_visual_negation/data/positive/134265_img.png,"[""A tree with a hawfinch next to a nest.""]"
data/synthetic_visual_negation/data/positive/154895_img.png,"[""A wildlife sanctuary with an African wild dog beside a giraffe.""]"
data/synthetic_visual_negation/data/positive/12873_img.png,"[""An airplane hangar with a Fokker 50 aircraft beside a Boeing 737 aircraft.""]"
data/synthetic_visual_negation/data/positive/189906_img.png,"[""A drawer with a dry battery next to a flashlight.""]"
data/synthetic_visual_negation/data/positive/129259_img.png,"[""A tarmac with a DC-6 aircraft next to a Boeing 707 plane.""]"
data/synthetic_visual_negation/data/positive/113513_img.png,"[""A messy office desk with a coffee mug beside a laptop.""]"
data/synthetic_visual_negation/data/positive/110634_img.png,"[""A grocery store shelf with a pineapple next to bananas.""]"
data/synthetic_visual_negation/data/positive/35830_img.png,"[""A garage with a lug wrench next to a tire.""]"
data/synthetic_visual_negation/data/positive/44729_img.png,"[""A mannequin with a cowboy hat next to a pair of jeans.""]"
data/synthetic_visual_negation/data/positive/20348_img.png,"[""A park scene with a Standard Schnauzer beside a ball.""]"
data/synthetic_visual_negation/data/positive/140094_img.png,"[""A body of water with a water snake beside a lily pad.""]"
data/synthetic_visual_negation/data/positive/224900_img.png,"[""a beach scene with a bikini beside a beach ball.""]"
data/synthetic_visual_negation/data/positive/160857_img.png,"[""A kitchen table with a soup bowl beside a soup spoon.""]"
data/synthetic_visual_negation/data/positive/161675_img.png,"[""A living room with a shoji screen next to a sofa.""]"
data/synthetic_visual_negation/data/positive/13898_img.png,"[""A lab room with test equipment next to a power supply.""]"
data/synthetic_visual_negation/data/positive/111130_img.png,"[""A sports stadium with a scoreboard next to a crowd.""]"
data/synthetic_visual_negation/data/positive/47681_img.png,"[""A hectic office with a filing cabinet beside an empty desk.""]"
data/synthetic_visual_negation/data/positive/135197_img.png,"[""A forest scene with a lynx sitting beside a tree stump.""]"
data/synthetic_visual_negation/data/positive/31245_img.png,"[""The shore of a tropical beach, with a palm next to a hammock.""]"
data/synthetic_visual_negation/data/positive/242386_img.png,"[""A ping-pong table with a ping-pong ball next to a paddle.""]"
data/synthetic_visual_negation/data/positive/223424_img.png,"[""A breakfast plate with bacon and eggs next to toast.""]"
data/synthetic_visual_negation/data/positive/208814_img.png,"[""A city park with a Bouvier des Flandres dog beside a small poodle.""]"
data/synthetic_visual_negation/data/positive/186438_img.png,"[""A rainy city street with an umbrella next to a person.""]"
data/synthetic_visual_negation/data/positive/73545_img.png,"[""A garage scene with a car mirror beside a car.""]"
data/synthetic_visual_negation/data/positive/29898_img.png,"[""A snow-filled forest with a grey wolf next to a moose.""]"
data/synthetic_visual_negation/data/positive/120324_img.png,"[""A barbershop with a barber chair beside a counter.""]"
data/synthetic_visual_negation/data/positive/233496_img.png,"[""A camping trip in a sleeping bag next to a tent.""]"
data/synthetic_visual_negation/data/positive/145888_img.png,"[""An office setting with a filing cabinet beside a computer.""]"
data/synthetic_visual_negation/data/positive/183159_img.png,"[""A laundry room with a clothes iron beside a laundry basket.""]"
data/synthetic_visual_negation/data/positive/84588_img.png,"[""A police station with a dispatch case next to a computer.""]"
data/synthetic_visual_negation/data/positive/221068_img.png,"[""A newspaper scene with a crossword next to a pen.""]"
data/synthetic_visual_negation/data/positive/79723_img.png,"[""A kitchen counter with a waffle iron beside a plate.""]"
data/synthetic_visual_negation/data/positive/170550_img.png,"[""A decorated living room with a vase beside flowers.""]"
data/synthetic_visual_negation/data/positive/149334_img.png,"[""A park with a Rhodesian ridgeback next to a dachshund.""]"
data/synthetic_visual_negation/data/positive/97658_img.png,"[""A knight scene with a knight beside a shield.""]"
data/synthetic_visual_negation/data/positive/77258_img.png,"[""An outdoor scene with a sleeping bag beside a tent.""]"
data/synthetic_visual_negation/data/positive/126176_img.png,"[""A waterfront park with a wood drake next to a mallard.""]"
data/synthetic_visual_negation/data/positive/241428_img.png,"[""A dog park with a Labrador Retriever beside a puppy.""]"
data/synthetic_visual_negation/data/positive/135866_img.png,"[""A parking lot with a Chevrolet Silverado 1500 Hybrid Crew Cab 2012 next to a motorcycle.""]"
data/synthetic_visual_negation/data/positive/120832_img.png,"[""A hotel room with a chambermaid beside a cart.""]"
data/synthetic_visual_negation/data/positive/24274_img.png,"[""Outside a girl's room showing a pigtail next to a doll.""]"
data/synthetic_visual_negation/data/positive/149638_img.png,"[""A sandy beach with a loggerhead sea turtle next to a sea gull.""]"
data/synthetic_visual_negation/data/positive/117570_img.png,"[""A train station showing a high-speed train beside a subway train.""]"
data/synthetic_visual_negation/data/positive/185259_img.png,"[""A desert landscape with a sinkhole next to a large tree.""]"
data/synthetic_visual_negation/data/positive/46404_img.png,"[""A kitchen counter with a carrot cake beside a mixing bowl.""]"
data/synthetic_visual_negation/data/positive/89858_img.png,"[""A photo of a church next to a graveyard.""]"
data/synthetic_visual_negation/data/positive/240968_img.png,"[""A restaurant table with a knife next to a fork.""]"
data/synthetic_visual_negation/data/positive/118836_img.png,"[""Desert plains with a meerkat beside a tortoise.""]"
data/synthetic_visual_negation/data/positive/129400_img.png,"[""An airport runway with Cessna 208 aircraft beside a mechanic.""]"
data/synthetic_visual_negation/data/positive/163441_img.png,"[""An arcade with a vending machine next to an arcade game.""]"
data/synthetic_visual_negation/data/positive/238134_img.png,"[""A sunny day at the airport with an MD-80 aircraft beside people disembarking.""]"
data/synthetic_visual_negation/data/positive/97553_img.png,"[""A dinner setting with garlic bread beside a plate of spaghetti.""]"
data/synthetic_visual_negation/data/positive/31859_img.png,"[""A train station with a steam locomotive beside a bench.""]"
data/synthetic_visual_negation/data/positive/51938_img.png,"[""A garden with a passion flower beside a butterfly.""]"
data/synthetic_visual_negation/data/positive/185667_img.png,"[""A seafood restaurant table with a lobster roll sandwich next to a lemon wedge.""]"
data/synthetic_visual_negation/data/positive/19737_img.png,"[""A mosque floor with a prayer rug next to a man.""]"
data/synthetic_visual_negation/data/positive/241154_img.png,"[""A breakfast scene with a tea cup next to a bread.""]"
data/synthetic_visual_negation/data/positive/72310_img.png,"[""A japanese temple with a shrine next to a statue.""]"
data/synthetic_visual_negation/data/positive/153498_img.png,"[""A country kitchen with a plate rack beside a tablecloth.""]"
data/synthetic_visual_negation/data/positive/84486_img.png,"[""A jungle scene with an orangutan beside a leopard.""]"
data/synthetic_visual_negation/data/positive/148350_img.png,"[""A carpentry workshop scene with a chainsaw beside a wood board.""]"
data/synthetic_visual_negation/data/positive/16432_img.png,"[""A desert landscape with Ord kangaroo rat beside prickly pear cactus.""]"
data/synthetic_visual_negation/data/positive/59518_img.png,"[""A zoo exhibit with a baboon next to a giraffe.""]"
data/synthetic_visual_negation/data/positive/70893_img.png,"[""A park with a Norwich Terrier next to a young girl.""]"
data/synthetic_visual_negation/data/positive/216550_img.png,"[""a photo of a worm snake beside a fork.""]"
data/synthetic_visual_negation/data/positive/65373_img.png,"[""Zookeepers care for a chimpanzee next to a tiger.""]"
data/synthetic_visual_negation/data/positive/246930_img.png,"[""A row of luxury cars with an Aston Martin V8 Vantage Coupe 2012 car beside a Ferrari.""]"
data/synthetic_visual_negation/data/positive/2650_img.png,"[""A tennis court with a tennis ball next to a racket.""]"
data/synthetic_visual_negation/data/positive/47471_img.png,"[""A kitchen counter with a tea cup beside a coffee maker.""]"
data/synthetic_visual_negation/data/positive/30026_img.png,"[""A living room with a frame next to a bookshelf.""]"
data/synthetic_visual_negation/data/positive/240619_img.png,"[""A cozy dining room with a dessert beside a coffee cup.""]"
data/synthetic_visual_negation/data/positive/162990_img.png,"[""A runway with a Global Express aircraft next to a ground crew.""]"
data/synthetic_visual_negation/data/positive/100300_img.png,"[""A dinner table with a club sandwich next to a glass of wine.""]"
data/synthetic_visual_negation/data/positive/207556_img.png,"[""A night sky scene with a planetarium beside a star.""]"
data/synthetic_visual_negation/data/positive/80963_img.png,"[""A teenager's room with an iPod next to a stereo.""]"
data/synthetic_visual_negation/data/positive/71892_img.png,"[""A Christmas table with eggnog next to a plate of cookies.""]"
data/synthetic_visual_negation/data/positive/177122_img.png,"[""A kitchen with a microwave beside a toaster.""]"
data/synthetic_visual_negation/data/positive/189563_img.png,"[""A wooden desk with a barometer next to a thermometer.""]"
data/synthetic_visual_negation/data/positive/69030_img.png,"[""A mountain biking trail with a mountain bike next to a helmet.""]"
data/synthetic_visual_negation/data/positive/136281_img.png,"[""A safari scene with a lion next to a gazelle.""]"
data/synthetic_visual_negation/data/positive/155652_img.png,"[""A gas station with a Chevrolet Avalanche Crew Cab 2012 car next to a gas pump.""]"
data/synthetic_visual_negation/data/positive/108435_img.png,"[""a desert scene with a meerkat beside a dromedary camel.""]"
data/synthetic_visual_negation/data/positive/66171_img.png,"[""A corner of a room with a barn spider next to a bee.""]"
data/synthetic_visual_negation/data/positive/219930_img.png,"[""A living room scene with a tiger cat next to a dog.""]"
data/synthetic_visual_negation/data/positive/209522_img.png,"[""A living room with a Sussex Spaniel beside a dog bed.""]"
data/synthetic_visual_negation/data/positive/247358_img.png,"[""A small village with a lake dwelling next to a canoe.""]"
data/synthetic_visual_negation/data/positive/147210_img.png,"[""A runway with a BAE-125 aircraft beside a hangar.""]"
data/synthetic_visual_negation/data/positive/85609_img.png,"[""A bakery scene with a cannoli next to a cup of cappuccino.""]"
data/synthetic_visual_negation/data/positive/18041_img.png,"[""A farmyard setting with a rooster beside a pig.""]"
data/synthetic_visual_negation/data/positive/229754_img.png,"[""An office with a peperomia next to a computer monitor.""]"
data/synthetic_visual_negation/data/positive/126660_img.png,"[""A garden with Cairn Terrier beside a squirrel.""]"
data/synthetic_visual_negation/data/positive/118970_img.png,"[""An antique shop with a storage chest next to an old painting.""]"
data/synthetic_visual_negation/data/positive/213482_img.png,"[""A bakery kitchen with a mixing bowl beside a scale.""]"
data/synthetic_visual_negation/data/positive/56851_img.png,"[""A snowy mountain scene with a snowmobile next to a cabin.""]"
data/synthetic_visual_negation/data/positive/94834_img.png,"[""A sunny day photo of a Jeep Wrangler SUV 2012 car beside a mountain backdrop.""]"
data/synthetic_visual_negation/data/positive/146181_img.png,"[""A kitchen with a coffeemaker beside a cup.""]"
data/synthetic_visual_negation/data/positive/180740_img.png,"[""An airport runway with A340-200 aircraft next to a Boeing 747.""]"
data/synthetic_visual_negation/data/positive/235955_img.png,"[""A camping trip with a Dodge Durango SUV 2007 car beside a tent.""]"
data/synthetic_visual_negation/data/positive/75342_img.png,"[""A tree with a chameleon perched next to a koala.""]"
data/synthetic_visual_negation/data/positive/224611_img.png,"[""A picnic table with a Mexican-American next to a sombrero.""]"
data/synthetic_visual_negation/data/positive/191666_img.png,"[""A forest scene with a porcupine next to a skunk.""]"
data/synthetic_visual_negation/data/positive/214419_img.png,"[""A child's backyard with a pinwheel beside a sandbox.""]"
data/synthetic_visual_negation/data/positive/139088_img.png,"[""A dresser with a hair clip next to a hair brush.""]"
data/synthetic_visual_negation/data/positive/109759_img.png,"[""A forest scene with a Bloodhound next to a deer.""]"
data/synthetic_visual_negation/data/positive/194293_img.png,"[""A beach scene with a steel drum next to a beach umbrella.""]"
data/synthetic_visual_negation/data/positive/26895_img.png,"[""A bike workshop with a disc brake next to tools.""]"
data/synthetic_visual_negation/data/positive/203149_img.png,"[""A pond up-close with a water snake beside a fish.""]"
data/synthetic_visual_negation/data/positive/118201_img.png,"[""A school locker showing a combination lock beside a school bag.""]"
data/synthetic_visual_negation/data/positive/44158_img.png,"[""a foggy day scene with a Fokker 70 aircraft parked next to Piper PA-28.""]"
data/synthetic_visual_negation/data/positive/247394_img.png,"[""A farm field with a corn cob beside a scarecrow.""]"
data/synthetic_visual_negation/data/positive/133667_img.png,"[""A forest path with a black-and-tan coonhound next to a squirrel.""]"
data/synthetic_visual_negation/data/positive/4229_img.png,"[""A runway with an A318 aircraft next to a fuel truck.""]"
data/synthetic_visual_negation/data/positive/105187_img.png,"[""A snowy landscape with an Arctic fox next to a snow hare.""]"
data/synthetic_visual_negation/data/positive/6893_img.png,"[""A mirror showing a hair wig beside a person's head.""]"
data/synthetic_visual_negation/data/positive/98308_img.png,"[""A seafood restaurant with a spiny lobster beside a fork.""]"
data/synthetic_visual_negation/data/positive/58610_img.png,"[""An aerial view of the earth beside a communications satellite and a sun.""]"
data/synthetic_visual_negation/data/positive/183641_img.png,"[""A snowy field with a grey fox next to a white rabbit.""]"
data/synthetic_visual_negation/data/positive/58556_img.png,"[""A dog park scene with an Australian Silky Terrier next to a Beagle.""]"
data/synthetic_visual_negation/data/positive/196378_img.png,"[""A park scene with a Wire Fox Terrier beside a Frisbee.""]"
data/synthetic_visual_negation/data/positive/11579_img.png,"[""A schoolyard scene with a flagpole next to a school bus.""]"
data/synthetic_visual_negation/data/positive/27914_img.png,"[""A quiet study room with a library beside a book.""]"
data/synthetic_visual_negation/data/positive/210440_img.png,"[""A backyard with a shovel next to a wheelbarrow.""]"
data/synthetic_visual_negation/data/positive/137761_img.png,"[""A baby's room with a carrycot beside a changing station.""]"
data/synthetic_visual_negation/data/positive/186488_img.png,"[""A construction site with a safety cap next to a hard hat.""]"
data/synthetic_visual_negation/data/positive/116804_img.png,"[""A counter with a mixing bowl beside a stand mixer.""]"
data/synthetic_visual_negation/data/positive/174276_img.png,"[""A busy airport with an A330-300 aircraft beside a luggage cart.""]"
data/synthetic_visual_negation/data/positive/85224_img.png,"[""A forest scene with a giant panda beside a bamboo stalk.""]"
data/synthetic_visual_negation/data/positive/70874_img.png,"[""A sword being stored in a scabbard next to a stand.""]"
data/synthetic_visual_negation/data/positive/145002_img.png,"[""A parking lot with a Chevrolet TrailBlazer SS 2009 car next to a motorcycle.""]"
data/synthetic_visual_negation/data/positive/84562_img.png,"[""A dog show scene with a Kuvasz next to a Dalmatian.""]"
data/synthetic_visual_negation/data/positive/10229_img.png,"[""An aircraft carrier deck scene with an F/A-18 aircraft parked next to a mechanic.""]"
data/synthetic_visual_negation/data/positive/10678_img.png,"[""A parking lot with Chevrolet HHR SS 2010 car beside a truck.""]"
data/synthetic_visual_negation/data/positive/59942_img.png,"[""A mariachi band with a Mexican hat beside a guitar.""]"
data/synthetic_visual_negation/data/positive/90848_img.png,"[""A coral reef with a hawksbill turtle next to another turtle.""]"
data/synthetic_visual_negation/data/positive/123294_img.png,"[""A runway with a 737-400 aircraft beside a baggage cart.""]"
data/synthetic_visual_negation/data/positive/220122_img.png,"[""A rainy street scene with an umbrella beside a pair of boots.""]"
data/synthetic_visual_negation/data/positive/42885_img.png,"[""A music studio with a saxophone beside a microphone.""]"
data/synthetic_visual_negation/data/positive/185202_img.png,"[""A bustling street with a vespa beside a street sign.""]"
data/synthetic_visual_negation/data/positive/214180_img.png,"[""A classic Italian dish picture of an artichoke next to a bowl of olive oil.""]"
data/synthetic_visual_negation/data/positive/151165_img.png,"[""A spacious backyard with a Pembroke Welsh Corgi next to a fire hydrant.""]"
data/synthetic_visual_negation/data/positive/166798_img.png,"[""A rustic country kitchen with a milk can beside a pie.""]"
data/synthetic_visual_negation/data/positive/238307_img.png,"[""A windowsill with a pelargonium next to a cactus.""]"
data/synthetic_visual_negation/data/positive/139774_img.png,"[""A savannah landscape with an African bush elephant next to a giraffe.""]"
data/synthetic_visual_negation/data/positive/81199_img.png,"[""Airport parking ramp with ATR-42 aircraft next to a fuel truck.""]"
data/synthetic_visual_negation/data/positive/43962_img.png,"[""A field with an Irish Setter beside a frisbee.""]"
data/synthetic_visual_negation/data/positive/159124_img.png,"[""A tree trunk scene with a weevil beside a bark.""]"
data/synthetic_visual_negation/data/positive/126294_img.png,"[""A ski slope with a skier beside a snowboarder.""]"
data/synthetic_visual_negation/data/positive/207237_img.png,"[""A forest with a cinnamon bear beside a cub.""]"
data/synthetic_visual_negation/data/positive/117746_img.png,"[""A river with a platypus next to a fish.""]"
data/synthetic_visual_negation/data/positive/248282_img.png,"[""A kitchen table with a cocotte beside a spatula.""]"
data/synthetic_visual_negation/data/positive/186891_img.png,"[""A girl's bedroom with a teddy bear next to a doll.""]"
data/synthetic_visual_negation/data/positive/144401_img.png,"[""A sleek garage with a sports car next to a motorcycle.""]"
data/synthetic_visual_negation/data/positive/92529_img.png,"[""a snowy day with a Malinois dog standing beside boots.""]"
data/synthetic_visual_negation/data/positive/86201_img.png,"[""A snowy field with a staghound beside a sled.""]"
data/synthetic_visual_negation/data/positive/232646_img.png,"[""A cage with a macaw next to a toy.""]"
data/synthetic_visual_negation/data/positive/103955_img.png,"[""A snowy mountain landscape with a snowmobile beside skiers.""]"
data/synthetic_visual_negation/data/positive/108063_img.png,"[""A race track with a McLaren MP4-12C Coupe 2012 car parked next to a repair van.""]"
data/synthetic_visual_negation/data/positive/91026_img.png,"[""A wild safari with an African wild dog beside a caracal.""]"
data/synthetic_visual_negation/data/positive/30281_img.png,"[""A european town square with a church beside a statue.""]"
data/synthetic_visual_negation/data/positive/170302_img.png,"[""A sunny living room with a silk tree beside a cat.""]"
data/synthetic_visual_negation/data/positive/106442_img.png,"[""A front porch with a doormat beside a pair of shoes.""]"
data/synthetic_visual_negation/data/positive/180570_img.png,"[""A snowy landscape with a snowmobile beside a tree.""]"
data/synthetic_visual_negation/data/positive/37145_img.png,"[""A laboratory with a field-emission microscope next to a computer.""]"
data/synthetic_visual_negation/data/positive/167643_img.png,"[""A healthy meal presentation with a raw vegetable beside a nut butter dip.""]"
data/synthetic_visual_negation/data/positive/130458_img.png,"[""A Mexican food table with a chicken quesadilla next to a taco.""]"
data/synthetic_visual_negation/data/positive/137552_img.png,"[""A barroom scene with a bartender next to a bouncer.""]"
data/synthetic_visual_negation/data/positive/156054_img.png,"[""A snowy landscape with a Great Pyrenees dog next to a person.""]"
data/synthetic_visual_negation/data/positive/4264_img.png,"[""A runway with a Saab 2000 aircraft beside a fire truck.""]"
data/synthetic_visual_negation/data/positive/231012_img.png,"[""A sandy beach with a pier next to a surfboard.""]"
data/synthetic_visual_negation/data/positive/115607_img.png,"[""A busy New York street with a taxicab next to a yellow school bus.""]"
data/synthetic_visual_negation/data/positive/15132_img.png,"[""A parking lot scene with a Chevrolet Corvette ZR1 2012 car next to a Ferrari 458 Italia car.""]"
data/synthetic_visual_negation/data/positive/150435_img.png,"[""A wood log with a Chesapeake Bay Retriever beside a duck.""]"
data/synthetic_visual_negation/data/positive/236978_img.png,"[""A workbench with an edge tool beside a clamp.""]"
data/synthetic_visual_negation/data/positive/208154_img.png,"[""A dirty ashtray with a matchstick next to a cigarette butt.""]"
data/synthetic_visual_negation/data/positive/156139_img.png,"[""A photo of a soundbox next to a stereo.""]"
data/synthetic_visual_negation/data/positive/29653_img.png,"[""A rolling farmland with a farm plow next to a scarecrow.""]"
data/synthetic_visual_negation/data/positive/166688_img.png,"[""Tibetan monastery scene with a stupa next to a monk.""]"
data/synthetic_visual_negation/data/positive/47193_img.png,"[""A rocky ocean floor with a malacostracan crustacean beside a jellyfish.""]"
data/synthetic_visual_negation/data/positive/150516_img.png,"[""A party tent with a folding chair next to a picnic blanket.""]"
data/synthetic_visual_negation/data/positive/246645_img.png,"[""A dog show arena with an Ibizan Hound beside a Löwchen.""]"
data/synthetic_visual_negation/data/positive/19431_img.png,"[""A weaver's studio with a distaff beside a loom.""]"
data/synthetic_visual_negation/data/positive/158293_img.png,"[""A lush backyard with a croquet ball next to a mallet.""]"
data/synthetic_visual_negation/data/positive/233434_img.png,"[""A rainforest scene with a coucal next to a bowerbird.""]"
data/synthetic_visual_negation/data/positive/26446_img.png,"[""A runway with a 737-800 aircraft next to another 737-800 aircraft.""]"
data/synthetic_visual_negation/data/positive/117897_img.png,"[""A forest with a junco beside a pinecone.""]"
data/synthetic_visual_negation/data/positive/150618_img.png,"[""A gardening shed table with a black-eyed susan beside a watering can.""]"
data/synthetic_visual_negation/data/positive/78472_img.png,"[""A bathroom scene with a medicine cabinet beside a toilet.""]"
data/synthetic_visual_negation/data/positive/11352_img.png,"[""A terrarium with a European toad next to a plant.""]"
data/synthetic_visual_negation/data/positive/5288_img.png,"[""An airport gate with a CRJ-700 aircraft beside a jet bridge.""]"
data/synthetic_visual_negation/data/positive/189162_img.png,"[""A living room scene with a bookcase next to a sofa.""]"
data/synthetic_visual_negation/data/positive/236273_img.png,"[""A luxury car store with an Audi A5 Coupe 2012 car beside a red carpet.""]"
data/synthetic_visual_negation/data/positive/201010_img.png,"[""The shallow ocean floor covered in seaweed with a spotted eagle ray next to a hammerhead shark.""]"
data/synthetic_visual_negation/data/positive/198523_img.png,"[""An office space with a laptop computer beside a monitor.""]"
data/synthetic_visual_negation/data/positive/249092_img.png,"[""A home bar with a cocktail shaker beside a martini glass.""]"
data/synthetic_visual_negation/data/positive/234339_img.png,"[""A private airport with Challenger 600 aircraft beside a baggage cart.""]"
data/synthetic_visual_negation/data/positive/133284_img.png,"[""A forest with a mushroom beside a log.""]"
data/synthetic_visual_negation/data/positive/79446_img.png,"[""A table at a Peruvian restaurant with ceviche beside a fork.""]"
data/synthetic_visual_negation/data/positive/112101_img.png,"[""A pond with a smooth newt beside a water lily.""]"
data/synthetic_visual_negation/data/positive/37830_img.png,"[""A table with a spaghetti squash next to a knife.""]"
data/synthetic_visual_negation/data/positive/154788_img.png,"[""A food stall with pad thai beside a bowl of rice.""]"
data/synthetic_visual_negation/data/positive/59399_img.png,"[""A leather belt with a buckle next to a watch.""]"
data/synthetic_visual_negation/data/positive/25724_img.png,"[""A quiet temple with a gong beside an incense stick.""]"
data/synthetic_visual_negation/data/positive/69990_img.png,"[""A busy airport terminal with an A321 aircraft beside a baggage carousel.""]"
data/synthetic_visual_negation/data/positive/201265_img.png,"[""a photo of a Bluetick Coonhound next to a bowl of dog food.""]"
data/synthetic_visual_negation/data/positive/92538_img.png,"[""A bridal shop with a bridal gown beside a wedding cake.""]"
data/synthetic_visual_negation/data/positive/241247_img.png,"[""A sports event featuring a race car beside a crowd of thrilled spectators.""]"
data/synthetic_visual_negation/data/positive/26731_img.png,"[""A matchbox with a matchstick beside a box of matches.""]"
data/synthetic_visual_negation/data/positive/178226_img.png,"[""A medical scene with a syringe beside a bandage.""]"
data/synthetic_visual_negation/data/positive/121041_img.png,"[""A company break room with a vending machine next to a coffee machine.""]"
data/synthetic_visual_negation/data/positive/71621_img.png,"[""A fish and chips store with fish and chips beside a menu board.""]"
data/synthetic_visual_negation/data/positive/48658_img.png,"[""An arctic sea ice floe with a tufted puffin next to a walrus.""]"
data/synthetic_visual_negation/data/positive/32467_img.png,"[""An airplane hanger with a 737-600 aircraft next to a baggage cart.""]"
data/synthetic_visual_negation/data/positive/180089_img.png,"[""A festival scene with a kite balloon next to a person.""]"
data/synthetic_visual_negation/data/positive/14775_img.png,"[""A photo of dough next to a rolling pin.""]"
data/synthetic_visual_negation/data/positive/164122_img.png,"[""A yoga studio with a Mexican hairless dog (xoloitzcuintli) next to a yoga ball.""]"
data/synthetic_visual_negation/data/positive/48357_img.png,"[""A national park with a bison next to a tree.""]"
data/synthetic_visual_negation/data/positive/76271_img.png,"[""A museum scene with a shield beside a sword.""]"
data/synthetic_visual_negation/data/positive/78184_img.png,"[""A parking lot with Hyundai Sonata Sedan 2012 car beside a red bicycle.""]"
data/synthetic_visual_negation/data/positive/20984_img.png,"[""A rack with a maroon shirt next to a black jacket.""]"
data/synthetic_visual_negation/data/positive/151598_img.png,"[""A suburban backyard with a picket fence next to a swing set.""]"
data/synthetic_visual_negation/data/positive/118270_img.png,"[""An icy landscape with a sled dog beside a husky.""]"
data/synthetic_visual_negation/data/positive/50760_img.png,"[""A flower garden with a Rufous Hummingbird beside a bee.""]"
data/synthetic_visual_negation/data/positive/212224_img.png,"[""A forest landscape illustrating a lynx next to a deer.""]"
data/synthetic_visual_negation/data/positive/244721_img.png,"[""A fishing tackle box with an eel beside a fishing rod.""]"
data/synthetic_visual_negation/data/positive/71838_img.png,"[""A bike shop with a tandem bicycle next to a repair stand.""]"
data/synthetic_visual_negation/data/positive/95148_img.png,"[""a hangar or tarmac scene with a B200 aircraft parked beside a fuel truck.""]"
data/synthetic_visual_negation/data/positive/237563_img.png,"[""A bar with a beer glass next to pretzels.""]"
data/synthetic_visual_negation/data/positive/220870_img.png,"[""A dog park with an Australian Silky Terrier beside a man.""]"
data/synthetic_visual_negation/data/positive/20363_img.png,"[""A plate with haricot vert beside mashed potatoes.""]"
data/synthetic_visual_negation/data/positive/147537_img.png,"[""A bunny's burrow with a carrot next to a lettuce.""]"
data/synthetic_visual_negation/data/positive/199799_img.png,"[""a brunch scene with croque madame dish beside a latte.""]"
data/synthetic_visual_negation/data/positive/18200_img.png,"[""A rocky beach with a Dungeness crab next to a sea star.""]"
data/synthetic_visual_negation/data/positive/41026_img.png,"[""A table with lasagna next to a salad.""]"
data/synthetic_visual_negation/data/positive/77492_img.png,"[""A photo of an isopod next to a rock.""]"
data/synthetic_visual_negation/data/positive/149381_img.png,"[""A busy runway with a 737-400 aircraft next to a Boeing 747 aircraft.""]"
data/synthetic_visual_negation/data/positive/95485_img.png,"[""A police station lobby with a line officer next to a desk.""]"
data/synthetic_visual_negation/data/positive/198103_img.png,"[""A garden shed with a wheelbarrow beside a watering can.""]"
data/synthetic_visual_negation/data/positive/85807_img.png,"[""A close-up picture of a green lacewing next to a flower.""]"
data/synthetic_visual_negation/data/positive/5678_img.png,"[""A mudflat showing a redshank next to a dunlin.""]"
data/synthetic_visual_negation/data/positive/168371_img.png,"[""a road scene with an Acura ZDX Hatchback 2012 car beside a bicycle.""]"
data/synthetic_visual_negation/data/positive/243898_img.png,"[""A photo of a building complex next to a playground.""]"
data/synthetic_visual_negation/data/positive/183493_img.png,"[""A park scene with a Lakeland Terrier next to a dachshund.""]"
data/synthetic_visual_negation/data/positive/237574_img.png,"[""A desert scene with a llama beside a cactus.""]"
data/synthetic_visual_negation/data/positive/249799_img.png,"[""An airport runway with a Fokker 50 aircraft beside a Boeing 737 aircraft.""]"
data/synthetic_visual_negation/data/positive/15043_img.png,"[""A parking lot showing a Hyundai Veloster Hatchback 2012 car next to a Honda Civic Sedan 2015 car.""]"
data/synthetic_visual_negation/data/positive/9664_img.png,"[""A hanger scene with a Falcon 2000 aircraft beside a helicopter.""]"
data/synthetic_visual_negation/data/positive/131642_img.png,"[""an engineer's desk with a wattmeter placed next to hand tools.""]"
data/synthetic_visual_negation/data/positive/129729_img.png,"[""A garage with a Volvo 240 Sedan 1993 car beside a vintage sign.""]"
data/synthetic_visual_negation/data/positive/77718_img.png,"[""A tropical lagoon with a flamingo next to a swan.""]"
data/synthetic_visual_negation/data/positive/45947_img.png,"[""A snowy landscape with a Tibetan Mastiff beside a snowman.""]"
data/synthetic_visual_negation/data/positive/159429_img.png,"[""a mechanics garage with a Nissan Leaf Hatchback 2012 car parked next to a mechanic.""]"
data/synthetic_visual_negation/data/positive/203655_img.png,"[""A dining table set for dinner with a salt shaker next to a ketchup bottle.""]"
data/synthetic_visual_negation/data/positive/101920_img.png,"[""A greenhouse scene with a European garden spider next to a plant.""]"
data/synthetic_visual_negation/data/positive/76576_img.png,"[""A parking lot with a Chevrolet Malibu Sedan 2007 car next to a truck.""]"
data/synthetic_visual_negation/data/positive/129261_img.png,"[""Airport runway with A340-200 aircraft next to B737 aircraft.""]"
data/synthetic_visual_negation/data/positive/217328_img.png,"[""A dimly lit concert hall with a cello next to a stand.""]"
data/synthetic_visual_negation/data/positive/33013_img.png,"[""A photograph of the tarmac with an A380 aircraft beside a Boeing 747.""]"
data/synthetic_visual_negation/data/positive/237636_img.png,"[""An image of a car's dashboard with the car mirror next to the speedometer.""]"
data/synthetic_visual_negation/data/positive/238561_img.png,"[""A colorful scene of a candy store next to a toy store.""]"
data/synthetic_visual_negation/data/positive/202730_img.png,"[""A driveway with a FIAT 500 Convertible 2012 car beside a bicycle.""]"
data/synthetic_visual_negation/data/positive/11378_img.png,"[""A forest setting with a blue jay next to a tree.""]"
data/synthetic_visual_negation/data/positive/151500_img.png,"[""A wide driveway with an AM General Hummer SUV 2000 car beside a race car.""]"
data/synthetic_visual_negation/data/positive/167492_img.png,"[""On a grand staircase with a baluster / handrail next to a candle.""]"
data/synthetic_visual_negation/data/positive/153138_img.png,"[""A wealthy neighborhood street with a sports car beside a mansion.""]"
data/synthetic_visual_negation/data/positive/28986_img.png,"[""A synagogue scene with a menorah next to a torah.""]"
data/synthetic_visual_negation/data/positive/123199_img.png,"[""A living room with a toy spaniel next to a pillow.""]"
data/synthetic_visual_negation/data/positive/91054_img.png,"[""A safari scene with a leopard beside a giraffe.""]"
data/synthetic_visual_negation/data/positive/99517_img.png,"[""A street with a pole beside a store sign.""]"
data/synthetic_visual_negation/data/positive/133886_img.png,"[""A forest with a weasel next to a fox.""]"
data/synthetic_visual_negation/data/positive/48895_img.png,"[""A bedside table with a pill bottle next to a glass of water.""]"
data/synthetic_visual_negation/data/positive/13670_img.png,"[""A fruit stand with a mombin beside a pineapple.""]"
data/synthetic_visual_negation/data/positive/95288_img.png,"[""A tropical island with a Frigatebird beside a palm tree.""]"
data/synthetic_visual_negation/data/positive/1774_img.png,"[""A workshop with a circuit board beside a soldering iron.""]"
data/synthetic_visual_negation/data/positive/232686_img.png,"[""A rainforest setting with a bulldog ant beside a leaf.""]"
data/synthetic_visual_negation/data/positive/180361_img.png,"[""A large cutting board with gyoza beside a dipping sauce.""]"
data/synthetic_visual_negation/data/positive/55772_img.png,"[""A swamp with an American alligator next to a large tree.""]"
data/synthetic_visual_negation/data/positive/153986_img.png,"[""A collection of sewing supplies with a safety pin beside a spool of thread.""]"
data/synthetic_visual_negation/data/positive/17831_img.png,"[""A snowy forest with a husky running next to a human.""]"
data/synthetic_visual_negation/data/positive/32597_img.png,"[""A busy street with a parking meter next to a street sign.""]"
data/synthetic_visual_negation/data/positive/191967_img.png,"[""A snowy mountainside with a Siberian Husky next to a Mountaineer.""]"
data/synthetic_visual_negation/data/positive/238616_img.png,"[""A backyard with an Asian tiger mosquito next to a water bucket.""]"
data/synthetic_visual_negation/data/positive/227342_img.png,"[""A traditional Chinese garden with a Ming tree beside a rock formation.""]"
data/synthetic_visual_negation/data/positive/217286_img.png,"[""A ski slope with a skier next to a balaclava ski mask.""]"
data/synthetic_visual_negation/data/positive/21914_img.png,"[""A fishtank with a lionfish next to a seahorse.""]"
data/synthetic_visual_negation/data/positive/201308_img.png,"[""An office desk with a ring binder next to a calculator.""]"
data/synthetic_visual_negation/data/positive/242665_img.png,"[""A bathroom scene with a toothbrush next to a toothpaste.""]"
data/synthetic_visual_negation/data/positive/196868_img.png,"[""A fishbowl with a fingerling next to a snail.""]"
data/synthetic_visual_negation/data/positive/55914_img.png,"[""A parking lot with a Nissan NV Passenger Van 2012 car beside a parked car.""]"
data/synthetic_visual_negation/data/positive/185859_img.png,"[""A ship bridge with a navigational instrument beside a steering wheel.""]"
data/synthetic_visual_negation/data/positive/141701_img.png,"[""Barbeque party scene with hot dog next to grill.""]"
data/synthetic_visual_negation/data/positive/53318_img.png,"[""A lake with a cormorant next to a great blue heron.""]"
data/synthetic_visual_negation/data/positive/217926_img.png,"[""A wooden floor with a metal nail next to a hammer.""]"
data/synthetic_visual_negation/data/positive/145366_img.png,"[""A photo of a Japanese pink tree with a wooden fence next to it.""]"
data/synthetic_visual_negation/data/positive/143966_img.png,"[""A photo of a toothbrush placed next to a tube of toothpaste.""]"
data/synthetic_visual_negation/data/positive/103865_img.png,"[""A kitchen scene with an oven thermometer beside an oven.""]"
data/synthetic_visual_negation/data/positive/65031_img.png,"[""A grassy backyard with an english cocker spaniel next to a ball.""]"
data/synthetic_visual_negation/data/positive/89011_img.png,"[""A park with trees and lush grass with a Bloodhound beside a Beagle.""]"
data/synthetic_visual_negation/data/positive/6272_img.png,"[""A busy airport runway with a 747-200 aircraft beside a small propeller airplane.""]"
data/synthetic_visual_negation/data/positive/63354_img.png,"[""A zoo habitat with a common lynx beside a wolf.""]"
data/synthetic_visual_negation/data/positive/151307_img.png,"[""A music stand with a violin next to a sheet of music.""]"
data/synthetic_visual_negation/data/positive/200128_img.png,"[""A parking spot at an airport with a A340-200 aircraft next to a A340-300 aircraft.""]"
data/synthetic_visual_negation/data/positive/86253_img.png,"[""A dog park full of a toy terrier beside a poodle.""]"
data/synthetic_visual_negation/data/positive/217587_img.png,"[""An aquarium with a black marlin beside a sea turtle.""]"
data/synthetic_visual_negation/data/positive/100430_img.png,"[""A kitchen scene with a pitcher beside a glass.""]"
data/synthetic_visual_negation/data/positive/152548_img.png,"[""A diverse coral reef with brain coral next to an urchin.""]"
data/synthetic_visual_negation/data/positive/153040_img.png,"[""A dog park with an American Staffordshire Terrier beside a frisbee.""]"
data/synthetic_visual_negation/data/positive/185281_img.png,"[""An old wooden house interior with a crutch next to a cane.""]"
data/synthetic_visual_negation/data/positive/22840_img.png,"[""A bank lobby with an automated teller machine beside a line of people waiting to use it.""]"
data/synthetic_visual_negation/data/positive/25122_img.png,"[""An airstrip showcasing a Challenger 600 aircraft next to a hangar.""]"
data/synthetic_visual_negation/data/positive/178244_img.png,"[""A busy city street with a tram beside pedestrians waiting at the stop.""]"
data/synthetic_visual_negation/data/positive/149083_img.png,"[""A clothing store rack with a sundress beside a hat.""]"
data/synthetic_visual_negation/data/positive/86963_img.png,"[""A dog park with a Bedlington Terrier beside a Golden Retriever.""]"
data/synthetic_visual_negation/data/positive/99704_img.png,"[""A wild rainforest scene with a proboscis monkey next to a large python.""]"
data/synthetic_visual_negation/data/positive/223985_img.png,"[""A zoo enclosure featuring a patas monkey next to a flamingo.""]"
data/synthetic_visual_negation/data/positive/162658_img.png,"[""A mountain landscape with a Great Pyrenees dog next to a mountain goat.""]"
data/synthetic_visual_negation/data/positive/70639_img.png,"[""A baseball field with a player next to second base.""]"
data/synthetic_visual_negation/data/positive/170797_img.png,"[""A snowy day scene with an Alaskan Malamute sitting next to a snowman.""]"
data/synthetic_visual_negation/data/positive/183468_img.png,"[""A stable with riding boot next to a saddle.""]"
data/synthetic_visual_negation/data/positive/209327_img.png,"[""A staircase with a newel post beside a railing.""]"
data/synthetic_visual_negation/data/positive/126270_img.png,"[""A ski lodge with a ski beside a boot.""]"
data/synthetic_visual_negation/data/positive/178998_img.png,"[""A jungle scene with a langur beside a lion.""]"
data/synthetic_visual_negation/data/positive/122749_img.png,"[""A photo of a 737-300 aircraft beside a 747-400 aircraft.""]"
data/synthetic_visual_negation/data/positive/23785_img.png,"[""A sky with an airship beside a cloud.""]"
data/synthetic_visual_negation/data/positive/199637_img.png,"[""A french bakery with a baguette beside a jar of jam.""]"
data/synthetic_visual_negation/data/positive/167292_img.png,"[""A tropical rainforest scene with a Geoffroy's spider monkey beside a toucan.""]"
data/synthetic_visual_negation/data/positive/21738_img.png,"[""A brunch table with a breakfast burrito next to a bowl of fruit.""]"
data/synthetic_visual_negation/data/positive/152325_img.png,"[""A room with a tiger cat beside a tiger cat bed.""]"
data/synthetic_visual_negation/data/positive/103966_img.png,"[""A Mediterranean platter scene with hummus next to pita bread.""]"
data/synthetic_visual_negation/data/positive/35114_img.png,"[""A Mexican street scene with a sombrero beside a donkey.""]"
data/synthetic_visual_negation/data/positive/94107_img.png,"[""A farm scene with a goat next to a fence.""]"
data/synthetic_visual_negation/data/positive/153897_img.png,"[""A backyard with a hammock next to a palm tree.""]"
data/synthetic_visual_negation/data/positive/95477_img.png,"[""A zoo enclosure with a hyena beside a lion.""]"
data/synthetic_visual_negation/data/positive/56695_img.png,"[""A camping site in the wilderness with a sleeping bag next to a tent.""]"
data/synthetic_visual_negation/data/positive/104170_img.png,"[""A dealer showroom with a Dodge Charger SRT-8 2009 car next to a Chevrolet Corvette ZR1 2010 car.""]"
data/synthetic_visual_negation/data/positive/18259_img.png,"[""a photo of a lenten rose blooming beside a butterfly.""]"
data/synthetic_visual_negation/data/positive/216661_img.png,"[""A vast savanna landscape with a leopard next to a zebra.""]"
data/synthetic_visual_negation/data/positive/108978_img.png,"[""A zoo cage containing a cougar next to a zebra.""]"
data/synthetic_visual_negation/data/positive/113563_img.png,"[""A cafe with creme brulee beside whipped cream.""]"
data/synthetic_visual_negation/data/positive/50213_img.png,"[""A photo of a Falcon 2000 aircraft next to a Boeing 747.""]"
data/synthetic_visual_negation/data/positive/220819_img.png,"[""An ocean shore with a Dungeness crab next to a starfish.""]"
data/synthetic_visual_negation/data/positive/3592_img.png,"[""A dog park with a standard schnauzer next to a beagle.""]"
data/synthetic_visual_negation/data/positive/62639_img.png,"[""A wild forest landscape with an American black bear beside a tree.""]"
data/synthetic_visual_negation/data/positive/127450_img.png,"[""A jungle scene with a tamandua beside a sloth.""]"
data/synthetic_visual_negation/data/positive/143931_img.png,"[""A photoshoot set with sunglasses beside a handbag.""]"
data/synthetic_visual_negation/data/positive/16446_img.png,"[""A living room with a Pembroke Welsh Corgi beside a dog bed.""]"
data/synthetic_visual_negation/data/positive/9468_img.png,"[""A military base with a missile next to a launch tower.""]"
data/synthetic_visual_negation/data/positive/57799_img.png,"[""A parking lot with a Ford E-Series Wagon Van 2012 car beside a motorcycle.""]"
data/synthetic_visual_negation/data/positive/59409_img.png,"[""A busy city street showcasing a Chevrolet Silverado 1500 Extended Cab 2012 car beside a Ford F-150 truck.""]"
data/synthetic_visual_negation/data/positive/77949_img.png,"[""A busy street during a move with a moving van next to a u-haul truck.""]"
data/synthetic_visual_negation/data/positive/202046_img.png,"[""A medical room with a fiberscope next to an endoscope.""]"
data/synthetic_visual_negation/data/positive/218057_img.png,"[""A chemistry lab with a static tube beside a test-tube rack.""]"
data/synthetic_visual_negation/data/positive/48306_img.png,"[""A zoo tank with a giant salamander beside a large fish.""]"
data/synthetic_visual_negation/data/positive/24155_img.png,"[""A serene ocean scene with a bottle-nosed whale beside a boat.""]"
data/synthetic_visual_negation/data/positive/50321_img.png,"[""A dog park with a Bouvier des Flandres dog beside a Golden Retriever.""]"
data/synthetic_visual_negation/data/positive/30559_img.png,"[""A government photo of a military attache beside a military officer.""]"
data/synthetic_visual_negation/data/positive/132570_img.png,"[""A blossoming flower field with a bee beside a butterfly.""]"
data/synthetic_visual_negation/data/positive/80462_img.png,"[""A street scene with a deliveryman next to a delivery van.""]"
data/synthetic_visual_negation/data/positive/187643_img.png,"[""A dog park with a Schipperke next to a Doberman.""]"
data/synthetic_visual_negation/data/positive/55361_img.png,"[""A hangar with a DR-400 aircraft beside a mechanic.""]"
data/synthetic_visual_negation/data/positive/164469_img.png,"[""A pet shop with a Pomeranian next to a parrot.""]"
data/synthetic_visual_negation/data/positive/215478_img.png,"[""A bird feeder with a house finch next to a goldfinch.""]"
data/synthetic_visual_negation/data/positive/7900_img.png,"[""An office space with a keyboard beside a computer mouse.""]"
data/synthetic_visual_negation/data/positive/25538_img.png,"[""A park with a goose next to a swan.""]"
data/synthetic_visual_negation/data/positive/39279_img.png,"[""A tree trunk with a White breasted Nuthatch beside a woodpecker.""]"
data/synthetic_visual_negation/data/positive/81845_img.png,"[""A room with a china cabinet beside a painting.""]"
data/synthetic_visual_negation/data/positive/119545_img.png,"[""A zoo enclosure with a pelican beside a penguin.""]"
data/synthetic_visual_negation/data/positive/206412_img.png,"[""A runway with an A330-200 aircraft parked beside a luggage cart.""]"
data/synthetic_visual_negation/data/positive/249480_img.png,"[""A kitchen counter with a breakfast burrito beside a cup of coffee.""]"
data/synthetic_visual_negation/data/positive/125251_img.png,"[""A snowy mountain trail with a Kuvasz beside a skier.""]"
data/synthetic_visual_negation/data/positive/118545_img.png,"[""An office with a CRT monitor beside a laptop.""]"
data/synthetic_visual_negation/data/positive/67624_img.png,"[""A Komodo island landscape with a Komodo dragon next to a water buffalo.""]"
data/synthetic_visual_negation/data/positive/81564_img.png,"[""A panda enclosure with a giant panda beside a bamboo.""]"
data/synthetic_visual_negation/data/positive/56095_img.png,"[""A typical savanna scene with an ostrich beside a giraffe.""]"
data/synthetic_visual_negation/data/positive/46982_img.png,"[""A traditional Japanese garden with a Japanese apricot tree next to a koi pond.""]"
data/synthetic_visual_negation/data/positive/217614_img.png,"[""A fish market scene with a sturgeon next to a lobster.""]"
data/synthetic_visual_negation/data/positive/166393_img.png,"[""Office with xerographic printer beside a paper tray.""]"
data/synthetic_visual_negation/data/positive/244416_img.png,"[""A casino scene with a blackjack table beside a dealer.""]"
data/synthetic_visual_negation/data/positive/239827_img.png,"[""A hanger scene with an A318 aircraft beside a fuel truck.""]"
data/synthetic_visual_negation/data/positive/167320_img.png,"[""A group of aircraft on a runway with a 707-320 aircraft beside a 747-400 aircraft.""]"
data/synthetic_visual_negation/data/positive/11186_img.png,"[""A barren prairie landscape featuring a prairie grouse beside a cactus.""]"
data/synthetic_visual_negation/data/positive/76479_img.png,"[""A suburban driveway with a Ford Expedition EL SUV 2009 car next to a boat.""]"
data/synthetic_visual_negation/data/positive/157620_img.png,"[""A city scene with a trolleybus parked next to a bus.""]"
data/synthetic_visual_negation/data/positive/64354_img.png,"[""A rainforest with a dusky salamander beside a leaf.""]"
data/synthetic_visual_negation/data/positive/103507_img.png,"[""A thai street food stall with pad thai beside a mango sticky rice.""]"
data/synthetic_visual_negation/data/positive/21524_img.png,"[""A bathroom scene with a lotion next to a towel.""]"
data/synthetic_visual_negation/data/positive/10490_img.png,"[""A sandy flatland scene with a wombat beside a kangaroo.""]"
data/synthetic_visual_negation/data/positive/176795_img.png,"[""A painting depicting a castle beside a lake.""]"
data/synthetic_visual_negation/data/positive/234268_img.png,"[""A plate with chocolate mousse next to a raspberry.""]"
data/synthetic_visual_negation/data/positive/93344_img.png,"[""A geometric shape with a circle beside a triangle that is an element of a cone.""]"
data/synthetic_visual_negation/data/positive/107324_img.png,"[""A runway at a large airport with an A319 aircraft next to a Boeing 747.""]"
data/synthetic_visual_negation/data/positive/99166_img.png,"[""An airport runway with a 737-600 aircraft next to a 747 aircraft.""]"
data/synthetic_visual_negation/data/positive/236240_img.png,"[""A hanger containing a Challenger 600 aircraft beside a helicopter.""]"
data/synthetic_visual_negation/data/positive/148789_img.png,"[""A tree branch with a three-toed sloth beside a monkey.""]"
data/synthetic_visual_negation/data/positive/99833_img.png,"[""A terrarium with a spotted salamander beside a tiger salamander.""]"
data/synthetic_visual_negation/data/positive/150013_img.png,"[""A table filled with an iPod next to a laptop.""]"
data/synthetic_visual_negation/data/positive/146511_img.png,"[""A lush backyard with a gazebo next to a swingset.""]"
data/synthetic_visual_negation/data/positive/80285_img.png,"[""A birthday party scene with a chocolate cake beside a candle.""]"
data/synthetic_visual_negation/data/positive/137955_img.png,"[""a savannah with a cheetah standing next to a gazelle.""]"
data/synthetic_visual_negation/data/positive/194_img.png,"[""A backyard with a Dandie Dinmont Terrier next to a toy ball.""]"
data/synthetic_visual_negation/data/positive/6944_img.png,"[""A white sand beach with a Dalmatian beside a beach ball.""]"
data/synthetic_visual_negation/data/positive/5239_img.png,"[""A cafe table with a sweet roll beside a cup of coffee.""]"
data/synthetic_visual_negation/data/positive/150938_img.png,"[""A music room with a clavichord next to a violin.""]"
data/synthetic_visual_negation/data/positive/144501_img.png,"[""A child's bed with a Miniature Poodle next to a teddy bear.""]"
data/synthetic_visual_negation/data/positive/120396_img.png,"[""A flowerpot with a pelargonium beside a rose.""]"
data/synthetic_visual_negation/data/positive/218655_img.png,"[""A weightlifting room with a barbell beside a weight bench.""]"
data/synthetic_visual_negation/data/positive/213665_img.png,"[""A living room with a safe next to a painting.""]"
data/synthetic_visual_negation/data/positive/186073_img.png,"[""A highway car dealership features a GMC Yukon Hybrid SUV 2012 car next to a Chevrolet Suburban GMC Yukon XL.""]"
data/synthetic_visual_negation/data/positive/200778_img.png,"[""A small boatyard in the Scottish Highlands with a boatbuilder beside a timber stack.""]"
data/synthetic_visual_negation/data/positive/43361_img.png,"[""A small pond with a yellow-crowned night heron beside a snake.""]"
data/synthetic_visual_negation/data/positive/108775_img.png,"[""An office desk with a printer cable next to a printer.""]"
data/synthetic_visual_negation/data/positive/174535_img.png,"[""A dining room table with a tray cloth beside a table lamp.""]"
data/synthetic_visual_negation/data/positive/248339_img.png,"[""A snowy setting with an Alaskan Malamute beside a sled.""]"
data/synthetic_visual_negation/data/positive/135584_img.png,"[""A stage with a banjo next to a microphone stand.""]"
data/synthetic_visual_negation/data/positive/176489_img.png,"[""A freshwater aquarium scene with a gar fish next to a turtle.""]"
data/synthetic_visual_negation/data/positive/231667_img.png,"[""A stack of CDs with a compact disk beside a CD jewel case.""]"
data/synthetic_visual_negation/data/positive/51626_img.png,"[""A beautiful vista from a guestroom beside a balcony.""]"
data/synthetic_visual_negation/data/positive/46522_img.png,"[""A pond with a mud turtle beside a fish.""]"
data/synthetic_visual_negation/data/positive/157971_img.png,"[""A natural habitat with an alligator lizard beside a rock.""]"
data/synthetic_visual_negation/data/positive/153093_img.png,"[""a photo of an E-190 aircraft next to a hangar.""]"
data/synthetic_visual_negation/data/positive/131370_img.png,"[""A crowded airport runway with a Metroliner aircraft next to a 747.""]"
data/synthetic_visual_negation/data/positive/29117_img.png,"[""A forest clearing with a European garden spider beside an ant.""]"
data/synthetic_visual_negation/data/positive/95673_img.png,"[""A street view showing a minibus next to a truck.""]"
data/synthetic_visual_negation/data/positive/73147_img.png,"[""A photo of a sea urchin beside a starfish.""]"
data/synthetic_visual_negation/data/positive/149618_img.png,"[""A balcony with a folding chair beside a table.""]"
data/synthetic_visual_negation/data/positive/16466_img.png,"[""A green lush park with a Leonberger beside a frisbee.""]"
data/synthetic_visual_negation/data/positive/83966_img.png,"[""A forest scene with a fire salamander next to a log.""]"
data/synthetic_visual_negation/data/positive/37010_img.png,"[""A roadside scene with a tow truck beside a car.""]"
data/synthetic_visual_negation/data/positive/163108_img.png,"[""A musician's room with an acoustic guitar next to a music stand.""]"
data/synthetic_visual_negation/data/positive/124072_img.png,"[""A bedroom scene with a chest next to a dresser.""]"
data/synthetic_visual_negation/data/positive/247912_img.png,"[""A cute barnyard photo of a piglet next to a duckling.""]"
data/synthetic_visual_negation/data/positive/21433_img.png,"[""A soccer field with a Whippet next to a soccer ball.""]"
data/synthetic_visual_negation/data/positive/217269_img.png,"[""An airplane hangar with a Falcon 2000 aircraft next to a Gulfstream G650 aircraft.""]"
data/synthetic_visual_negation/data/positive/118327_img.png,"[""A car showroom with a Bugatti Veyron 16.4 Coupe 2009 car beside a McLaren P1 car.""]"
data/synthetic_visual_negation/data/positive/17332_img.png,"[""A snowy mountainside with a husky beside a sled.""]"
data/synthetic_visual_negation/data/positive/219075_img.png,"[""A runway with an A340-500 aircraft beside a Boeing 747.""]"
data/synthetic_visual_negation/data/positive/154445_img.png,"[""A victorian ballroom with a woman wearing a hoop skirt beside a man in a tuxedo.""]"
data/synthetic_visual_negation/data/positive/96837_img.png,"[""A clothing store with a scarf next to a hat.""]"
data/synthetic_visual_negation/data/positive/41013_img.png,"[""A kitchen scene with a broom next to a mop.""]"
data/synthetic_visual_negation/data/positive/17910_img.png,"[""A bed with a sheet beside a pillow.""]"
data/synthetic_visual_negation/data/positive/6133_img.png,"[""A cozy living room scene with a lampshade next to a chair.""]"
data/synthetic_visual_negation/data/positive/243118_img.png,"[""A dog park with a Flat-Coated Retriever beside a ball.""]"
data/synthetic_visual_negation/data/positive/68193_img.png,"[""A concert hall with a grand piano next to a pianist getting ready to play.""]"
data/synthetic_visual_negation/data/positive/187935_img.png,"[""A garden with a red admiral butterfly next to a zinnia flower.""]"
data/synthetic_visual_negation/data/positive/168372_img.png,"[""A battlefield with a Sten gun beside a soldier.""]"
data/synthetic_visual_negation/data/positive/196812_img.png,"[""A parking lot with a Nissan 240SX Coupe 1998 car beside a motorcycle.""]"
data/synthetic_visual_negation/data/positive/207598_img.png,"[""A desk with a digital clock beside a computer monitor.""]"
data/synthetic_visual_negation/data/positive/66681_img.png,"[""A park with a Miniature Pinscher next to a ball.""]"
data/synthetic_visual_negation/data/positive/30560_img.png,"[""A beautiful sunny day with a Vizsla beside a Frisbee.""]"
data/synthetic_visual_negation/data/positive/237038_img.png,"[""A deep sea exploration ship with a bathysphere beside a robotic submarine.""]"
data/synthetic_visual_negation/data/positive/72118_img.png,"[""A kid's meal with macaroni and cheese next to a juice box.""]"
data/synthetic_visual_negation/data/positive/40340_img.png,"[""A vegetable market offering a zucchini beside a tomato.""]"
data/synthetic_visual_negation/data/positive/98681_img.png,"[""An airfield showing an SR-20 aircraft next to a hangar.""]"
data/synthetic_visual_negation/data/positive/83436_img.png,"[""A photo of a police dog with a muzzle beside a firearm.""]"
data/synthetic_visual_negation/data/positive/111912_img.png,"[""A highway scene with a Dodge Caliber Wagon 2012 car beside a motorcycle.""]"
data/synthetic_visual_negation/data/positive/63619_img.png,"[""A zoo habitat shot showing the body of a cougar cat beside a human.""]"
data/synthetic_visual_negation/data/positive/54525_img.png,"[""A hangar with 757-200 aircraft beside a tool cart.""]"
data/synthetic_visual_negation/data/positive/134458_img.png,"[""A crime scene with a police van beside a detective.""]"
data/synthetic_visual_negation/data/positive/9081_img.png,"[""A disaster relief scene with a stretcher next to a paramedic.""]"
data/synthetic_visual_negation/data/positive/17599_img.png,"[""A forest scene with a totem pole next to a tree.""]"
data/synthetic_visual_negation/data/positive/62039_img.png,"[""A serene living room with a vase next to a sofa.""]"
data/synthetic_visual_negation/data/positive/131770_img.png,"[""A kitchen island with a stuffed tomato next to a baguette.""]"
data/synthetic_visual_negation/data/positive/5767_img.png,"[""A flashlight with a battery next to a charger.""]"
data/synthetic_visual_negation/data/positive/211080_img.png,"[""A kitchen scene with a plate next to a cup.""]"
data/synthetic_visual_negation/data/positive/183833_img.png,"[""An outdoor scene with a German Shorthaired Pointer beside a tennis ball.""]"
data/synthetic_visual_negation/data/positive/205786_img.png,"[""A zoo enclosure with a wombat next to a kangaroo.""]"
data/synthetic_visual_negation/data/positive/163332_img.png,"[""A food stand with a pretzel beside a hot dog.""]"
data/synthetic_visual_negation/data/positive/110376_img.png,"[""A living room scene with a japanese chin next to a person.""]"
data/synthetic_visual_negation/data/positive/39922_img.png,"[""A park with a Toy Poodle beside a ball.""]"
data/synthetic_visual_negation/data/positive/219126_img.png,"[""A jungle scene with an orangutan beside a parrot.""]"
data/synthetic_visual_negation/data/positive/9756_img.png,"[""A photo of a Fokker 100 aircraft next to a GEnx engine.""]"
data/synthetic_visual_negation/data/positive/247530_img.png,"[""An aquarium with a jellyfish next to a coral.""]"
data/synthetic_visual_negation/data/positive/53148_img.png,"[""A snowy mountain landscape with a Samoyed beside a skier.""]"
data/synthetic_visual_negation/data/positive/223161_img.png,"[""A city street with a Norfolk Terrier beside a man.""]"
data/synthetic_visual_negation/data/positive/1009_img.png,"[""A museum display case with a scarab next to a statue.""]"
data/synthetic_visual_negation/data/positive/220801_img.png,"[""a photo of a plate with waffles next to a stack of pancakes.""]"
data/synthetic_visual_negation/data/positive/150036_img.png,"[""A pet shop with a Pomeranian next to a Beagle.""]"
data/synthetic_visual_negation/data/positive/98614_img.png,"[""A riverbank in the country with a dowitcher beside a tern.""]"
data/synthetic_visual_negation/data/positive/212771_img.png,"[""A busy city street with a Hyundai Veracruz SUV 2012 car beside a bus.""]"
data/synthetic_visual_negation/data/positive/190884_img.png,"[""A parking lot scene with a passenger van next to a small car.""]"
data/synthetic_visual_negation/data/positive/13555_img.png,"[""A city street with a 2012 Acura TL Sedan car beside a parking meter.""]"
data/synthetic_visual_negation/data/positive/190690_img.png,"[""A garage with an Audi TT Hatchback 2011 car beside a bicycle.""]"
data/synthetic_visual_negation/data/positive/48108_img.png,"[""A home office scene with an optical disk beside a desktop computer.""]"
data/synthetic_visual_negation/data/positive/231276_img.png,"[""A cave scene with a grotto next to a stalactite.""]"
data/synthetic_visual_negation/data/positive/123724_img.png,"[""War time soldiers in a field with a barrage balloon next to a tank.""]"
data/synthetic_visual_negation/data/positive/156612_img.png,"[""A pond with a tailed frog beside a dragonfly.""]"
data/synthetic_visual_negation/data/positive/16942_img.png,"[""An office space with a computer monitor beside a keyboard.""]"
data/synthetic_visual_negation/data/positive/120162_img.png,"[""a photo of a Ram C/V Cargo Van Minivan 2012 car parked next to a pickup truck.""]"
data/synthetic_visual_negation/data/positive/75638_img.png,"[""An office with a keyboard next to a mouse pad.""]"
data/synthetic_visual_negation/data/positive/69877_img.png,"[""A yellow couch with a Persian cat beside a pillow.""]"
data/synthetic_visual_negation/data/positive/227741_img.png,"[""A seagrass bed with a dugong next to a turtle.""]"
data/synthetic_visual_negation/data/positive/145151_img.png,"[""An Australian zoo with a wombat beside a kangaroo.""]"
data/synthetic_visual_negation/data/positive/60049_img.png,"[""An aerial view of a house with a curb roof next to a pool.""]"
data/synthetic_visual_negation/data/positive/43041_img.png,"[""A parking lot with a GMC Yukon Hybrid SUV 2012 car beside a truck.""]"
data/synthetic_visual_negation/data/positive/184486_img.png,"[""An airport with a DHC-6 aircraft next to a Cessna 208.""]"
data/synthetic_visual_negation/data/positive/167439_img.png,"[""An airport tarmac with a DHC-8-300 aircraft beside a service vehicle.""]"
data/synthetic_visual_negation/data/positive/125440_img.png,"[""A robotics lab with a biohazard suit next to a robot.""]"
data/synthetic_visual_negation/data/positive/224100_img.png,"[""A tropical beach scene with a Yak-42 aircraft parked beside palm trees.""]"
data/synthetic_visual_negation/data/positive/74344_img.png,"[""A recording booth with a microphone next to a sound engineer.""]"
data/synthetic_visual_negation/data/positive/16063_img.png,"[""A seafood platter with a red king crab next to an oyster.""]"
data/synthetic_visual_negation/data/positive/12720_img.png,"[""A futuristic car museum with a McLaren MP4-12C Coupe 2012 car beside a Ferrari Enzo car.""]"
data/synthetic_visual_negation/data/positive/201271_img.png,"[""A fruit bowl with a clementine next to a banana.""]"
data/synthetic_visual_negation/data/positive/222625_img.png,"[""A seafood buffet with a red king crab beside a lobster.""]"
data/synthetic_visual_negation/data/positive/15525_img.png,"[""A park with a jungle gym beside children playing.""]"
data/synthetic_visual_negation/data/positive/9402_img.png,"[""A grassy area showing a rhinoceros beetle beside a snail.""]"
data/synthetic_visual_negation/data/positive/103794_img.png,"[""An outdoor photography scene with a lens cap beside a camera.""]"
data/synthetic_visual_negation/data/positive/136168_img.png,"[""A kitchen with a mixing bowl next to a whisk.""]"
data/synthetic_visual_negation/data/positive/131923_img.png,"[""An Arctic tundra landscape with an Arctic fox next to a reindeer.""]"
data/synthetic_visual_negation/data/positive/82511_img.png,"[""A dog show with a Scottish Terrier next to a French Bulldog.""]"
data/synthetic_visual_negation/data/positive/244326_img.png,"[""A pool with a sea lion next to a penguin.""]"
data/synthetic_visual_negation/data/positive/69018_img.png,"[""A park lake with a black swan next to a white swan.""]"
data/synthetic_visual_negation/data/positive/140809_img.png,"[""A beach with a Mexican hairless dog (xoloitzcuintli) beside a beach ball.""]"
data/synthetic_visual_negation/data/positive/121596_img.png,"[""An Italian restaurant table with a risotto next to a glass of wine.""]"
data/synthetic_visual_negation/data/positive/65299_img.png,"[""a photo of a marmot taking a rest next to a campfire.""]"
data/synthetic_visual_negation/data/positive/187548_img.png,"[""A living room with a Treeing Walker Coonhound beside its dog bed.""]"
data/synthetic_visual_negation/data/positive/110526_img.png,"[""A junkyard scene with a cardboard box next to a tire.""]"
data/synthetic_visual_negation/data/positive/87684_img.png,"[""A busy city street with a restaurant beside a bus stop.""]"
data/synthetic_visual_negation/data/positive/31800_img.png,"[""A bowl of mascarpone next to a bowl of strawberries.""]"
data/synthetic_visual_negation/data/positive/175039_img.png,"[""A chips and dips platter with guacamole next to salsa.""]"
data/synthetic_visual_negation/data/positive/55256_img.png,"[""A leafy jungle scene with a leafhopper beside a leaf.""]"
data/synthetic_visual_negation/data/positive/51072_img.png,"[""A workshop with a hydraulic press next to a vise.""]"
data/synthetic_visual_negation/data/positive/87868_img.png,"[""A garden with a goldfinch beside sunflowers.""]"
data/synthetic_visual_negation/data/positive/72616_img.png,"[""A traffic scene on an interstate highway with a semi-trailer truck beside a school bus.""]"
data/synthetic_visual_negation/data/positive/158365_img.png,"[""A living room floor with a Shih Tzu next to a cat.""]"
data/synthetic_visual_negation/data/positive/211787_img.png,"[""A diver's view with a red rockfish beside a wolf eel.""]"
data/synthetic_visual_negation/data/positive/180261_img.png,"[""A beach with a hammock next to a palm tree.""]"
data/synthetic_visual_negation/data/positive/176242_img.png,"[""A concert hall with a harp next to a pianist.""]"
data/synthetic_visual_negation/data/positive/110008_img.png,"[""A modern kitchen interior with a tray beside a kettle.""]"
data/synthetic_visual_negation/data/positive/198020_img.png,"[""A political event with a Guyanese person next to the President of Guyana.""]"
data/synthetic_visual_negation/data/positive/121170_img.png,"[""A sunny countryside with a split-rail fence next to a horse.""]"
data/synthetic_visual_negation/data/positive/246207_img.png,"[""A green meadow with a Scottish Deerhound beside a Whippet.""]"
data/synthetic_visual_negation/data/positive/171397_img.png,"[""A street food stand with tacos beside a soda.""]"
data/synthetic_visual_negation/data/positive/107095_img.png,"[""A forest branch with a great grey owl next to a squirrel.""]"
data/synthetic_visual_negation/data/positive/156161_img.png,"[""A parking lot with a Suzuki SX4 Hatchback 2012 car beside a motorbike.""]"
data/synthetic_visual_negation/data/positive/144575_img.png,"[""A table with huevos rancheros beside a pitcher of water.""]"
data/synthetic_visual_negation/data/positive/27977_img.png,"[""A grand ballroom with a chandelier next to a table.""]"
data/synthetic_visual_negation/data/positive/234784_img.png,"[""A nature trail with binoculars beside a backpack.""]"
data/synthetic_visual_negation/data/positive/95330_img.png,"[""A leaf with a caterpillar beside an ant.""]"
data/synthetic_visual_negation/data/positive/200124_img.png,"[""A sunny park with a Miniature Poodle beside a man holding a leash.""]"
data/synthetic_visual_negation/data/positive/224910_img.png,"[""A backyard pond with a box turtle next to a koi fish.""]"
data/synthetic_visual_negation/data/positive/208613_img.png,"[""A dog kennel with a toy terrier next to a stuffed toy.""]"
data/synthetic_visual_negation/data/positive/191873_img.png,"[""A parking lot scene with a Mercedes-Benz E-Class Sedan 2012 car next to a Toyota Corolla car.""]"
data/synthetic_visual_negation/data/positive/50304_img.png,"[""A rocky coastline with a red-breasted merganser beside a seagull.""]"
data/synthetic_visual_negation/data/positive/101849_img.png,"[""A snowy scene with a Samoyed next to a snowmobile.""]"
data/synthetic_visual_negation/data/positive/121325_img.png,"[""A jungle scene with Geoffroy's spider monkey next to a toucan.""]"
data/synthetic_visual_negation/data/positive/58145_img.png,"[""A camping site with a hamper beside a tent.""]"
data/synthetic_visual_negation/data/positive/217078_img.png,"[""A river scene with an arch bridge beside a boat.""]"
data/synthetic_visual_negation/data/positive/88229_img.png,"[""A parking lot with a BMW M5 Sedan 2010 car next to a Porsche 911 GT3 RS car.""]"
data/synthetic_visual_negation/data/positive/145085_img.png,"[""A fruit and vegetable stand with a cucumber next to a tomato.""]"
data/synthetic_visual_negation/data/positive/34718_img.png,"[""An intersection with a Suzuki Aerio Sedan 2007 car beside a billboard.""]"
data/synthetic_visual_negation/data/positive/97407_img.png,"[""An aquarium exhibit with a Bechtel crab beside a jellyfish.""]"
data/synthetic_visual_negation/data/positive/78558_img.png,"[""A recording studio with a microphone next to a guitar.""]"
data/synthetic_visual_negation/data/positive/187501_img.png,"[""A spanish fair scene with churros beside a donut.""]"
data/synthetic_visual_negation/data/positive/29690_img.png,"[""A sunlit sandy seabed with a sea cucumber next to a starfish.""]"
data/synthetic_visual_negation/data/positive/228545_img.png,"[""A rustic barn setting with a Brittany dog beside a wheelbarrow.""]"
data/synthetic_visual_negation/data/positive/163144_img.png,"[""An airplane hangar with a 757-200 aircraft next to a 737 aircraft.""]"
data/synthetic_visual_negation/data/positive/35018_img.png,"[""A taxiway with a 737-700 aircraft next to a 747 aircraft.""]"
data/synthetic_visual_negation/data/positive/137297_img.png,"[""A runway with an E-195 aircraft beside a fire truck.""]"
data/synthetic_visual_negation/data/positive/187613_img.png,"[""A busy street food stall with a samosa next to a cup of tea.""]"
data/synthetic_visual_negation/data/positive/21660_img.png,"[""A picture of a Nighthawk beside a tree.""]"
data/synthetic_visual_negation/data/positive/5629_img.png,"[""A desert landscape with a jeep next to a sand dune.""]"
data/synthetic_visual_negation/data/positive/107252_img.png,"[""A magnifying glass over a leaf beetle next to a leaf.""]"
data/synthetic_visual_negation/data/positive/130970_img.png,"[""A mountain scene with an Alpine ibex beside a flower field.""]"
data/synthetic_visual_negation/data/positive/92157_img.png,"[""An office setting with a laptop computer beside a printer.""]"
data/synthetic_visual_negation/data/positive/95259_img.png,"[""A jungle setting with a malarial mosquito beside a human.""]"
data/synthetic_visual_negation/data/positive/140516_img.png,"[""A jungle with a snake next to a monkey.""]"
data/synthetic_visual_negation/data/positive/176466_img.png,"[""A dimly lit stage with a saxophone next to a microphone stand.""]"
data/synthetic_visual_negation/data/positive/239014_img.png,"[""A dock with a water spaniel next to a life vest.""]"
data/synthetic_visual_negation/data/positive/236036_img.png,"[""A photo of an altar next to a statue.""]"
data/synthetic_visual_negation/data/positive/142815_img.png,"[""A city scene with a palace next to a cathedral.""]"
data/synthetic_visual_negation/data/positive/13890_img.png,"[""A gas station with a Dodge Charger Sedan 2012 car next to a gas pump.""]"
data/synthetic_visual_negation/data/positive/172337_img.png,"[""A woodworker's tool bench with a keyhole saw next to a hammer.""]"
data/synthetic_visual_negation/data/positive/120069_img.png,"[""An Australian Outback scene with a dingo next to a kangaroo.""]"
data/synthetic_visual_negation/data/positive/132433_img.png,"[""A sunny park bench sitter with a Border Terrier next to their hot dog.""]"
data/synthetic_visual_negation/data/positive/51096_img.png,"[""An outdoor party with a folding chair next to a table.""]"
data/synthetic_visual_negation/data/positive/106134_img.png,"[""A dog show with an Affenpinscher next to a Chihuahua.""]"
data/synthetic_visual_negation/data/positive/170382_img.png,"[""a photo of Cessna 172 aircraft parked beside a hangar.""]"
data/synthetic_visual_negation/data/positive/173268_img.png,"[""A garden with a small white butterfly beside a yellow bee.""]"
data/synthetic_visual_negation/data/positive/16479_img.png,"[""A food stand with a pretzel next to a hotdog.""]"
data/synthetic_visual_negation/data/positive/203638_img.png,"[""A kitchen with a tea cup beside a saucer.""]"
data/synthetic_visual_negation/data/positive/162551_img.png,"[""An airport runway scene with a Falcon 900 aircraft beside a Boeing 737 aircraft.""]"
data/synthetic_visual_negation/data/positive/103630_img.png,"[""A construction scene with a safety rail beside a worker.""]"
data/synthetic_visual_negation/data/positive/184841_img.png,"[""A kitchen table filled with a pot pie beside a glass of milk.""]"
data/synthetic_visual_negation/data/positive/12821_img.png,"[""A sunny outdoor place with a Greater Swiss Mountain Dog beside a child.""]"
data/synthetic_visual_negation/data/positive/198227_img.png,"[""A food court with pad thai beside a fork.""]"
data/synthetic_visual_negation/data/positive/212212_img.png,"[""A fossil exhibit with a theropod next to a plant-eating dinosaur.""]"
data/synthetic_visual_negation/data/positive/38099_img.png,"[""A fancy office with a wall clock next to a desk lamp.""]"
data/synthetic_visual_negation/data/positive/153971_img.png,"[""An old dusty attic scene with a spider web beside a spider.""]"
data/synthetic_visual_negation/data/positive/100091_img.png,"[""A seafood restaurant setting with a king crab beside a shrimp dish.""]"
data/synthetic_visual_negation/data/positive/243880_img.png,"[""A picnic scene with deviled eggs beside a potato salad.""]"
data/synthetic_visual_negation/data/positive/40194_img.png,"[""A butterfly garden with a sulphur butterfly beside a zinnia flower.""]"
data/synthetic_visual_negation/data/positive/118544_img.png,"[""A student's dorm room with a laptop computer next to a backpack.""]"
data/synthetic_visual_negation/data/positive/20882_img.png,"[""A fantasy set with a cloak beside a wizard hat.""]"
data/synthetic_visual_negation/data/positive/84027_img.png,"[""A bedroom scene at night with an alarm clock next to a night stand.""]"
data/synthetic_visual_negation/data/positive/71257_img.png,"[""A dog park with an Ibizan Hound beside a Dachshund.""]"
data/synthetic_visual_negation/data/positive/6022_img.png,"[""A snowy lawn with a Leonberger shown next to a snowman.""]"
data/synthetic_visual_negation/data/positive/148731_img.png,"[""A coast scene with a lighthouse next to a ship.""]"
data/synthetic_visual_negation/data/positive/53932_img.png,"[""A person wearing sunglasses beside a hat.""]"
data/synthetic_visual_negation/data/positive/129668_img.png,"[""A harbor with a weather ship beside a cargo ship.""]"
data/synthetic_visual_negation/data/positive/12409_img.png,"[""A kitchen with a microwave oven next to a refrigerator.""]"
data/synthetic_visual_negation/data/positive/77173_img.png,"[""A forest scene with a winter mushroom next to a pine tree.""]"
data/synthetic_visual_negation/data/positive/241093_img.png,"[""A beautiful green park with an Afghan Hound next to a Frisbee.""]"
data/synthetic_visual_negation/data/positive/163025_img.png,"[""A beach scene with a BMW 1 Series Convertible 2012 car beside a surfboard.""]"
data/synthetic_visual_negation/data/positive/77346_img.png,"[""A tea party with a longanberry tea beside a raspberry scone.""]"
data/synthetic_visual_negation/data/positive/54308_img.png,"[""A clothing store with a silk tie beside a suit.""]"
data/synthetic_visual_negation/data/positive/147989_img.png,"[""A lush green forest landscape with a cougar beside a giant redwood tree.""]"
data/synthetic_visual_negation/data/positive/105034_img.png,"[""A desk scene with a cellular telephone next to a computer monitor.""]"
data/synthetic_visual_negation/data/positive/89762_img.png,"[""A stovetop with a frying pan next to a spatula.""]"
data/synthetic_visual_negation/data/positive/214748_img.png,"[""A student's desk showing a pencil sharpener next to a pencil.""]"
data/synthetic_visual_negation/data/positive/141129_img.png,"[""A festive table setting with guacamole beside a chip.""]"
data/synthetic_visual_negation/data/positive/237033_img.png,"[""A professional sports trainer's kit with a stopwatch next to a whistle.""]"
data/synthetic_visual_negation/data/positive/65464_img.png,"[""A lush green leaf in nature with a ladybug beside an ant.""]"
data/synthetic_visual_negation/data/positive/37559_img.png,"[""A mountain landscape with a marmot beside a log.""]"
data/synthetic_visual_negation/data/positive/131703_img.png,"[""An old hospital room with a fluoroscope beside a patient.""]"
data/synthetic_visual_negation/data/positive/186929_img.png,"[""A photo of a convertible beside a road.""]"
data/synthetic_visual_negation/data/positive/154270_img.png,"[""A living room interior with a Papillon beside a cat bed.""]"
data/synthetic_visual_negation/data/positive/218880_img.png,"[""A farm with a quail beside a horse.""]"
data/synthetic_visual_negation/data/positive/8925_img.png,"[""A busy street corner with a payphone next to a bus stop sign.""]"
data/synthetic_visual_negation/data/positive/180344_img.png,"[""An animal at the zoo with a meerkat beside a tree.""]"
data/synthetic_visual_negation/data/positive/245087_img.png,"[""The hood of a car with a windshield wiper beside a car key.""]"
data/synthetic_visual_negation/data/positive/157933_img.png,"[""A park with a Lhasa Apso beside a hot dog stand.""]"
data/synthetic_visual_negation/data/positive/11845_img.png,"[""A zoo exhibit with a box turtle next to a snake.""]"
data/synthetic_visual_negation/data/positive/65698_img.png,"[""A stable with a Rhodesian Ridgeback next to a horse.""]"
data/synthetic_visual_negation/data/positive/13602_img.png,"[""A large hangar with a DC-10 aircraft beside a baggage cart.""]"
data/synthetic_visual_negation/data/positive/37703_img.png,"[""A dog park with a Pekingese next to a Dalmatian.""]"
data/synthetic_visual_negation/data/positive/39120_img.png,"[""A park with a Kerry Blue Terrier next to a Chihuahua.""]"
data/synthetic_visual_negation/data/positive/40540_img.png,"[""A naval hangar showcasing a Hawk T1 aircraft next to a brown bear statue.""]"
data/synthetic_visual_negation/data/positive/47430_img.png,"[""A coastal cliff with a fortification beside a lighthouse.""]"
data/synthetic_visual_negation/data/positive/233773_img.png,"[""A dog show ring with a Sussex Spaniel next to a Dalmatian.""]"
data/synthetic_visual_negation/data/positive/115937_img.png,"[""A balcony with a pelargonium next to a cactus.""]"
data/synthetic_visual_negation/data/positive/57090_img.png,"[""A living room with a West Highland White Terrier beside a sofa.""]"
data/synthetic_visual_negation/data/positive/138859_img.png,"[""A weapon store with a rifle beside a scope.""]"
data/synthetic_visual_negation/data/positive/70695_img.png,"[""A person's hand beside a hand-held computer and a cell phone.""]"
data/synthetic_visual_negation/data/positive/215149_img.png,"[""A farmland with a farmer working beside the farm plow.""]"
data/synthetic_visual_negation/data/positive/233333_img.png,"[""A leafy garden scene with a ladybug next to a flower.""]"
data/synthetic_visual_negation/data/positive/218100_img.png,"[""A natural history museum exhibit with a fire salamander beside a rock.""]"
data/synthetic_visual_negation/data/positive/210507_img.png,"[""A kitchen setting with a firm omelet next to a plate of toast.""]"
data/synthetic_visual_negation/data/positive/158572_img.png,"[""A pet bed with a Persian cat next to a dog toy.""]"
data/synthetic_visual_negation/data/positive/113624_img.png,"[""A warehouse with a crate beside a forklift.""]"
data/synthetic_visual_negation/data/positive/101982_img.png,"[""A latin band with a maraca next to a bongo.""]"
data/synthetic_visual_negation/data/positive/123222_img.png,"[""A kitchen scene with a drink pitcher next to a plate.""]"
data/synthetic_visual_negation/data/positive/214493_img.png,"[""A beach with a parasitic jaeger beside a tern.""]"
data/synthetic_visual_negation/data/positive/112891_img.png,"[""A street with a horse-drawn vehicle beside a horse.""]"
data/synthetic_visual_negation/data/positive/215995_img.png,"[""A breakfast scene with a fruit drink next to a plate of pancakes.""]"
data/synthetic_visual_negation/data/positive/24418_img.png,"[""A park with a Vizsla next to a tennis ball.""]"
data/synthetic_visual_negation/data/positive/152408_img.png,"[""A living room scene with a Pembroke Welsh Corgi beside a red ball.""]"
data/synthetic_visual_negation/data/positive/130624_img.png,"[""A desert plate with a tiramisu beside a glass of milk.""]"
data/synthetic_visual_negation/data/positive/164264_img.png,"[""A well-tended ranch with a collie next to a horse.""]"
data/synthetic_visual_negation/data/positive/244842_img.png,"[""A winter backyard with a junco next to a bird feeder.""]"
data/synthetic_visual_negation/data/positive/188242_img.png,"[""A terrarium scene with a European garden spider beside a praying mantis.""]"
data/synthetic_visual_negation/data/positive/10299_img.png,"[""A kitchen with an electric range next to a refrigerator.""]"
data/synthetic_visual_negation/data/positive/148287_img.png,"[""A beach scene with a wax palm beside a surfboard.""]"
data/synthetic_visual_negation/data/positive/185943_img.png,"[""A busy city street with a payphone next to a vending machine.""]"
data/synthetic_visual_negation/data/positive/58019_img.png,"[""A kayak with a paddle beside a map.""]"
data/synthetic_visual_negation/data/positive/107395_img.png,"[""A hive with a bee next to a spider.""]"
data/synthetic_visual_negation/data/positive/89551_img.png,"[""A lake with a motorboat next to a paddleboat.""]"
data/synthetic_visual_negation/data/positive/196529_img.png,"[""A bedroom with an electric lamp beside a dresser.""]"
data/synthetic_visual_negation/data/positive/175402_img.png,"[""A music store with a drum set beside a keyboard.""]"
data/synthetic_visual_negation/data/positive/5509_img.png,"[""A colorful basket with a chocolate egg beside a soft toy.""]"
data/synthetic_visual_negation/data/positive/51996_img.png,"[""A pet shop display window with an Affenpinscher beside a leash.""]"
data/synthetic_visual_negation/data/positive/151449_img.png,"[""A canal in Venice with a gondola beside a water taxi.""]"
data/synthetic_visual_negation/data/positive/217069_img.png,"[""A fancy restaurant table with foie gras beside toast.""]"
data/synthetic_visual_negation/data/positive/73464_img.png,"[""A street scene with a minibus beside a bicycle.""]"
data/synthetic_visual_negation/data/positive/128680_img.png,"[""A WWII airfield with a C-47 aircraft beside a jeep.""]"
data/synthetic_visual_negation/data/positive/109768_img.png,"[""A park with a Basset Hound next to a squirrel.""]"
data/synthetic_visual_negation/data/positive/42685_img.png,"[""A sandwich bar with a club sandwich placed next to a bowl of fries.""]"
data/synthetic_visual_negation/data/positive/106159_img.png,"[""A snowy mountain slope with a ski beside a snowboard.""]"
data/synthetic_visual_negation/data/positive/57300_img.png,"[""A small playground with a chain-link fence next to a sandbox.""]"
data/synthetic_visual_negation/data/positive/5874_img.png,"[""A kitchen sink with a soap dispenser next to a hand towel.""]"
data/synthetic_visual_negation/data/positive/239062_img.png,"[""A crafting table with a pyrograph beside a wood burner.""]"
data/synthetic_visual_negation/data/positive/41286_img.png,"[""A national park trail with a geyser beside a bench.""]"
data/synthetic_visual_negation/data/positive/228026_img.png,"[""A sandy beach with a fiddler crab beside a hermit crab.""]"
data/synthetic_visual_negation/data/positive/124232_img.png,"[""An airplane hangar with a CRJ-900 aircraft next to a maintenance truck.""]"
data/synthetic_visual_negation/data/positive/61666_img.png,"[""A camping site with a backpack next to a tent.""]"
data/synthetic_visual_negation/data/positive/46274_img.png,"[""A photo of an Alaskan Malamute next to a snowman.""]"
