,image_path,correct_answer,caption_0,caption_1,caption_2,caption_3,correct_answer_template
0,data/voc2007/VOCdevkit/VOC2007/JPEGImages/004070.jpg,0,"('', 'person')","('person', 'motorbike')","('person', '')","('', 'motorbike')",negative
1,data/voc2007/VOCdevkit/VOC2007/JPEGImages/001089.jpg,0,"('bicycle', 'person')","('person', 'bicycle')","('person', '')","('', 'bicycle')",hybrid
2,data/voc2007/VOCdevkit/VOC2007/JPEGImages/009657.jpg,0,"('', 'car')","('car', 'person')","('car', '')","('', 'person')",negative
3,data/voc2007/VOCdevkit/VOC2007/JPEGImages/005197.jpg,0,"('person and motorbike', '')","('chair', 'person')","('chair', '')","('', 'person')",positive
4,data/voc2007/VOCdevkit/VOC2007/JPEGImages/006082.jpg,0,"('', 'person')","('person', 'bus')","('person', '')","('', 'bus')",negative
5,data/voc2007/VOCdevkit/VOC2007/JPEGImages/005251.jpg,0,"('person', 'chair')","('chair', 'person')","('chair', '')","('', 'person')",hybrid
6,data/voc2007/VOCdevkit/VOC2007/JPEGImages/008804.jpg,0,"('horse and person', '')","('car', 'horse')","('car', '')","('', 'horse')",positive
7,data/voc2007/VOCdevkit/VOC2007/JPEGImages/008476.jpg,0,"('horse', 'person')","('person', 'horse')","('person', '')","('', 'horse')",hybrid
8,data/voc2007/VOCdevkit/VOC2007/JPEGImages/007504.jpg,0,"('', 'diningtable')","('diningtable', 'bottle')","('diningtable', '')","('', 'bottle')",negative
9,data/voc2007/VOCdevkit/VOC2007/JPEGImages/006891.jpg,0,"('', 'car')","('car', 'person')","('car', '')","('', 'person')",negative
10,data/voc2007/VOCdevkit/VOC2007/JPEGImages/006432.jpg,0,"('person', 'chair')","('chair', 'person')","('chair', '')","('', 'person')",hybrid
11,data/voc2007/VOCdevkit/VOC2007/JPEGImages/007272.jpg,0,"('', 'person')","('person', 'pottedplant')","('person', '')","('', 'pottedplant')",negative
12,data/voc2007/VOCdevkit/VOC2007/JPEGImages/005280.jpg,0,"('train', 'car')","('car', 'train')","('car', '')","('', 'train')",hybrid
13,data/voc2007/VOCdevkit/VOC2007/JPEGImages/000279.jpg,0,"('', 'chair')","('chair', 'person')","('chair', '')","('', 'person')",negative
14,data/voc2007/VOCdevkit/VOC2007/JPEGImages/005955.jpg,0,"('', 'person')","('person', 'dog')","('person', '')","('', 'dog')",negative
15,data/voc2007/VOCdevkit/VOC2007/JPEGImages/007613.jpg,0,"('car', 'bus')","('bus', 'car')","('bus', '')","('', 'car')",hybrid
16,data/voc2007/VOCdevkit/VOC2007/JPEGImages/006053.jpg,0,"('bird', 'person')","('person', 'bird')","('person', '')","('', 'bird')",hybrid
17,data/voc2007/VOCdevkit/VOC2007/JPEGImages/000618.jpg,0,"('aeroplane', 'person')","('person', 'aeroplane')","('person', '')","('', 'aeroplane')",hybrid
18,data/voc2007/VOCdevkit/VOC2007/JPEGImages/001058.jpg,0,"('', 'bus')","('bus', 'car')","('bus', '')","('', 'car')",negative
19,data/voc2007/VOCdevkit/VOC2007/JPEGImages/008761.jpg,0,"('car and motorbike', '')","('person', 'car')","('person', '')","('', 'car')",positive
20,data/voc2007/VOCdevkit/VOC2007/JPEGImages/004598.jpg,0,"('person', 'chair')","('chair', 'person')","('chair', '')","('', 'person')",hybrid
21,data/voc2007/VOCdevkit/VOC2007/JPEGImages/001913.jpg,0,"('', 'person')","('person', 'car')","('person', '')","('', 'car')",negative
22,data/voc2007/VOCdevkit/VOC2007/JPEGImages/003234.jpg,0,"('car and person', '')","('horse', 'car')","('horse', '')","('', 'car')",positive
23,data/voc2007/VOCdevkit/VOC2007/JPEGImages/002806.jpg,0,"('person', 'car')","('car', 'person')","('car', '')","('', 'person')",hybrid
24,data/voc2007/VOCdevkit/VOC2007/JPEGImages/002474.jpg,0,"('boat', 'car')","('car', 'boat')","('car', '')","('', 'boat')",hybrid
25,data/voc2007/VOCdevkit/VOC2007/JPEGImages/001100.jpg,0,"('', 'person')","('person', 'cow')","('person', '')","('', 'cow')",negative
26,data/voc2007/VOCdevkit/VOC2007/JPEGImages/003123.jpg,0,"('chair and diningtable', '')","('sofa', 'chair')","('sofa', '')","('', 'chair')",positive
27,data/voc2007/VOCdevkit/VOC2007/JPEGImages/004128.jpg,0,"('', 'car')","('car', 'chair')","('car', '')","('', 'chair')",negative
28,data/voc2007/VOCdevkit/VOC2007/JPEGImages/003930.jpg,0,"('', 'person')","('person', 'train')","('person', '')","('', 'train')",negative
29,data/voc2007/VOCdevkit/VOC2007/JPEGImages/003542.jpg,0,"('', 'chair')","('chair', 'person')","('chair', '')","('', 'person')",negative
30,data/voc2007/VOCdevkit/VOC2007/JPEGImages/005309.jpg,0,"('cat', 'tvmonitor')","('tvmonitor', 'cat')","('tvmonitor', '')","('', 'cat')",hybrid
31,data/voc2007/VOCdevkit/VOC2007/JPEGImages/000457.jpg,0,"('', 'car')","('car', 'person')","('car', '')","('', 'person')",negative
32,data/voc2007/VOCdevkit/VOC2007/JPEGImages/000825.jpg,0,"('bicycle and bottle', '')","('diningtable', 'bicycle')","('diningtable', '')","('', 'bicycle')",positive
33,data/voc2007/VOCdevkit/VOC2007/JPEGImages/001217.jpg,0,"('sofa', 'chair')","('chair', 'sofa')","('chair', '')","('', 'sofa')",hybrid
34,data/voc2007/VOCdevkit/VOC2007/JPEGImages/008289.jpg,0,"('car', 'bus')","('bus', 'car')","('bus', '')","('', 'car')",hybrid
35,data/voc2007/VOCdevkit/VOC2007/JPEGImages/007119.jpg,0,"('person', 'car')","('car', 'person')","('car', '')","('', 'person')",hybrid
36,data/voc2007/VOCdevkit/VOC2007/JPEGImages/002581.jpg,0,"('chair', 'diningtable')","('diningtable', 'chair')","('diningtable', '')","('', 'chair')",hybrid
37,data/voc2007/VOCdevkit/VOC2007/JPEGImages/000901.jpg,0,"('person', 'chair')","('chair', 'person')","('chair', '')","('', 'person')",hybrid
38,data/voc2007/VOCdevkit/VOC2007/JPEGImages/000573.jpg,0,"('chair', 'person')","('person', 'chair')","('person', '')","('', 'chair')",hybrid
39,data/voc2007/VOCdevkit/VOC2007/JPEGImages/000205.jpg,0,"('person and sofa', '')","('chair', 'person')","('chair', '')","('', 'person')",positive
40,data/voc2007/VOCdevkit/VOC2007/JPEGImages/005929.jpg,0,"('', 'person')","('person', 'car')","('person', '')","('', 'car')",negative
41,data/voc2007/VOCdevkit/VOC2007/JPEGImages/003310.jpg,0,"('dog', 'person')","('person', 'dog')","('person', '')","('', 'dog')",hybrid
42,data/voc2007/VOCdevkit/VOC2007/JPEGImages/002550.jpg,0,"('person', 'car')","('car', 'person')","('car', '')","('', 'person')",hybrid
43,data/voc2007/VOCdevkit/VOC2007/JPEGImages/002922.jpg,0,"('bird', 'person')","('person', 'bird')","('person', '')","('', 'bird')",hybrid
44,data/voc2007/VOCdevkit/VOC2007/JPEGImages/000664.jpg,0,"('', 'chair')","('chair', 'person')","('chair', '')","('', 'person')",negative
45,data/voc2007/VOCdevkit/VOC2007/JPEGImages/001783.jpg,0,"('aeroplane', 'car')","('car', 'aeroplane')","('car', '')","('', 'aeroplane')",hybrid
46,data/voc2007/VOCdevkit/VOC2007/JPEGImages/002131.jpg,0,"('dog', 'person')","('person', 'dog')","('person', '')","('', 'dog')",hybrid
47,data/voc2007/VOCdevkit/VOC2007/JPEGImages/003771.jpg,0,"('person', 'car')","('car', 'person')","('car', '')","('', 'person')",hybrid
48,data/voc2007/VOCdevkit/VOC2007/JPEGImages/006788.jpg,0,"('person', 'chair')","('chair', 'person')","('chair', '')","('', 'person')",hybrid
49,data/voc2007/VOCdevkit/VOC2007/JPEGImages/006516.jpg,0,"('', 'chair')","('chair', 'sofa')","('chair', '')","('', 'sofa')",negative
50,data/voc2007/VOCdevkit/VOC2007/JPEGImages/006964.jpg,0,"('', 'car')","('car', 'person')","('car', '')","('', 'person')",negative
51,data/voc2007/VOCdevkit/VOC2007/JPEGImages/003248.jpg,0,"('', 'person')","('person', 'tvmonitor')","('person', '')","('', 'tvmonitor')",negative
52,data/voc2007/VOCdevkit/VOC2007/JPEGImages/002408.jpg,0,"('sofa and dog', '')","('chair', 'sofa')","('chair', '')","('', 'sofa')",positive
53,data/voc2007/VOCdevkit/VOC2007/JPEGImages/004243.jpg,0,"('person', 'car')","('car', 'person')","('car', '')","('', 'person')",hybrid
54,data/voc2007/VOCdevkit/VOC2007/JPEGImages/004996.jpg,0,"('', 'person')","('person', 'car')","('person', '')","('', 'car')",negative
55,data/voc2007/VOCdevkit/VOC2007/JPEGImages/008583.jpg,0,"('person', 'car')","('car', 'person')","('car', '')","('', 'person')",hybrid
56,data/voc2007/VOCdevkit/VOC2007/JPEGImages/005871.jpg,0,"('', 'person')","('person', 'diningtable')","('person', '')","('', 'diningtable')",negative
57,data/voc2007/VOCdevkit/VOC2007/JPEGImages/005403.jpg,0,"('bird', 'boat')","('boat', 'bird')","('boat', '')","('', 'bird')",hybrid
58,data/voc2007/VOCdevkit/VOC2007/JPEGImages/007737.jpg,0,"('', 'car')","('car', 'train')","('car', '')","('', 'train')",negative
59,data/voc2007/VOCdevkit/VOC2007/JPEGImages/008694.jpg,0,"('car', 'horse')","('horse', 'car')","('horse', '')","('', 'car')",hybrid
60,data/voc2007/VOCdevkit/VOC2007/JPEGImages/008133.jpg,0,"('', 'bus')","('bus', 'car')","('bus', '')","('', 'car')",negative
61,data/voc2007/VOCdevkit/VOC2007/JPEGImages/004154.jpg,0,"('car and person', '')","('horse', 'car')","('horse', '')","('', 'car')",positive
62,data/voc2007/VOCdevkit/VOC2007/JPEGImages/006601.jpg,0,"('', 'car')","('car', 'bus')","('car', '')","('', 'bus')",negative
63,data/voc2007/VOCdevkit/VOC2007/JPEGImages/007041.jpg,0,"('', 'person')","('person', 'cat')","('person', '')","('', 'cat')",negative
64,data/voc2007/VOCdevkit/VOC2007/JPEGImages/005375.jpg,0,"('', 'car')","('car', 'person')","('car', '')","('', 'person')",negative
65,data/voc2007/VOCdevkit/VOC2007/JPEGImages/008552.jpg,0,"('train', 'person')","('person', 'train')","('person', '')","('', 'train')",hybrid
66,data/voc2007/VOCdevkit/VOC2007/JPEGImages/004947.jpg,0,"('', 'chair')","('chair', 'person')","('chair', '')","('', 'person')",negative
67,data/voc2007/VOCdevkit/VOC2007/JPEGImages/007387.jpg,0,"('train', 'car')","('car', 'train')","('car', '')","('', 'train')",hybrid
68,data/voc2007/VOCdevkit/VOC2007/JPEGImages/007420.jpg,0,"('person', 'chair')","('chair', 'person')","('chair', '')","('', 'person')",hybrid
69,data/voc2007/VOCdevkit/VOC2007/JPEGImages/007852.jpg,0,"('', 'person')","('person', 'train')","('person', '')","('', 'train')",negative
70,data/voc2007/VOCdevkit/VOC2007/JPEGImages/002640.jpg,0,"('', 'person')","('person', 'bicycle')","('person', '')","('', 'bicycle')",negative
71,data/voc2007/VOCdevkit/VOC2007/JPEGImages/000115.jpg,0,"('bird', 'person')","('person', 'bird')","('person', '')","('', 'bird')",hybrid
72,data/voc2007/VOCdevkit/VOC2007/JPEGImages/003813.jpg,0,"('cat', 'tvmonitor')","('tvmonitor', 'cat')","('tvmonitor', '')","('', 'cat')",hybrid
73,data/voc2007/VOCdevkit/VOC2007/JPEGImages/006498.jpg,0,"('', 'tvmonitor')","('tvmonitor', 'cat')","('tvmonitor', '')","('', 'cat')",negative
74,data/voc2007/VOCdevkit/VOC2007/JPEGImages/000574.jpg,0,"('', 'dog')","('dog', 'sheep')","('dog', '')","('', 'sheep')",negative
75,data/voc2007/VOCdevkit/VOC2007/JPEGImages/000202.jpg,0,"('', 'car')","('car', 'person')","('car', '')","('', 'person')",negative
76,data/voc2007/VOCdevkit/VOC2007/JPEGImages/002925.jpg,0,"('person', 'car')","('car', 'person')","('car', '')","('', 'person')",hybrid
77,data/voc2007/VOCdevkit/VOC2007/JPEGImages/002557.jpg,0,"('pottedplant', 'person')","('person', 'pottedplant')","('person', '')","('', 'pottedplant')",hybrid
78,data/voc2007/VOCdevkit/VOC2007/JPEGImages/007209.jpg,0,"('', 'sofa')","('sofa', 'dog')","('sofa', '')","('', 'dog')",negative
79,data/voc2007/VOCdevkit/VOC2007/JPEGImages/003317.jpg,0,"('', 'chair')","('chair', 'sofa')","('chair', '')","('', 'sofa')",negative
80,data/voc2007/VOCdevkit/VOC2007/JPEGImages/001023.jpg,0,"('chair', 'sofa')","('sofa', 'chair')","('sofa', '')","('', 'chair')",hybrid
81,data/voc2007/VOCdevkit/VOC2007/JPEGImages/001023.jpg,0,"('diningtable and bottle', '')","('sofa', 'diningtable')","('sofa', '')","('', 'diningtable')",positive
82,data/voc2007/VOCdevkit/VOC2007/JPEGImages/003776.jpg,0,"('', 'chair')","('chair', 'tvmonitor')","('chair', '')","('', 'tvmonitor')",negative
83,data/voc2007/VOCdevkit/VOC2007/JPEGImages/006511.jpg,0,"('horse', 'car')","('car', 'horse')","('car', '')","('', 'horse')",hybrid
84,data/voc2007/VOCdevkit/VOC2007/JPEGImages/009811.jpg,0,"('boat', 'person')","('person', 'boat')","('person', '')","('', 'boat')",hybrid
85,data/voc2007/VOCdevkit/VOC2007/JPEGImages/005876.jpg,0,"('cow', 'car')","('car', 'cow')","('car', '')","('', 'cow')",hybrid
86,data/voc2007/VOCdevkit/VOC2007/JPEGImages/001968.jpg,0,"('', 'car')","('car', 'person')","('car', '')","('', 'person')",negative
87,data/voc2007/VOCdevkit/VOC2007/JPEGImages/007730.jpg,0,"('bird', 'person')","('person', 'bird')","('person', '')","('', 'bird')",hybrid
88,data/voc2007/VOCdevkit/VOC2007/JPEGImages/004182.jpg,0,"('train', 'car')","('car', 'train')","('car', '')","('', 'train')",hybrid
89,data/voc2007/VOCdevkit/VOC2007/JPEGImages/008642.jpg,0,"('person and bus', '')","('car', 'person')","('car', '')","('', 'person')",positive
90,data/voc2007/VOCdevkit/VOC2007/JPEGImages/008134.jpg,0,"('', 'person')","('person', 'bottle')","('person', '')","('', 'bottle')",negative
91,data/voc2007/VOCdevkit/VOC2007/JPEGImages/004153.jpg,0,"('', 'car')","('car', 'aeroplane')","('car', '')","('', 'aeroplane')",negative
92,data/voc2007/VOCdevkit/VOC2007/JPEGImages/008693.jpg,0,"('', 'bus')","('bus', 'car')","('bus', '')","('', 'car')",negative
93,data/voc2007/VOCdevkit/VOC2007/JPEGImages/003158.jpg,0,"('', 'person')","('person', 'tvmonitor')","('person', '')","('', 'tvmonitor')",negative
94,data/voc2007/VOCdevkit/VOC2007/JPEGImages/008555.jpg,0,"('bottle', 'person')","('person', 'bottle')","('person', '')","('', 'bottle')",hybrid
95,data/voc2007/VOCdevkit/VOC2007/JPEGImages/004940.jpg,0,"('', 'bus')","('bus', 'car')","('bus', '')","('', 'car')",negative
96,data/voc2007/VOCdevkit/VOC2007/JPEGImages/005372.jpg,0,"('car', 'person')","('person', 'car')","('person', '')","('', 'car')",hybrid
97,data/voc2007/VOCdevkit/VOC2007/JPEGImages/002379.jpg,0,"('', 'car')","('car', 'person')","('car', '')","('', 'person')",negative
98,data/voc2007/VOCdevkit/VOC2007/JPEGImages/007380.jpg,0,"('cow', 'car')","('car', 'cow')","('car', '')","('', 'cow')",hybrid
99,data/voc2007/VOCdevkit/VOC2007/JPEGImages/008010.jpg,0,"('pottedplant', 'chair')","('chair', 'pottedplant')","('chair', '')","('', 'pottedplant')",hybrid
100,data/voc2007/VOCdevkit/VOC2007/JPEGImages/006085.jpg,0,"('', 'person')","('person', 'cow')","('person', '')","('', 'cow')",negative
101,data/voc2007/VOCdevkit/VOC2007/JPEGImages/008471.jpg,0,"('', 'chair')","('chair', 'tvmonitor')","('chair', '')","('', 'tvmonitor')",negative
102,data/voc2007/VOCdevkit/VOC2007/JPEGImages/008803.jpg,0,"('', 'person')","('person', 'sofa')","('person', '')","('', 'sofa')",negative
103,data/voc2007/VOCdevkit/VOC2007/JPEGImages/004864.jpg,0,"('person', 'chair')","('chair', 'person')","('chair', '')","('', 'person')",hybrid
104,data/voc2007/VOCdevkit/VOC2007/JPEGImages/004416.jpg,0,"('bird', 'person')","('person', 'bird')","('person', '')","('', 'bird')",hybrid
105,data/voc2007/VOCdevkit/VOC2007/JPEGImages/005256.jpg,0,"('', 'car')","('car', 'train')","('car', '')","('', 'train')",negative
106,data/voc2007/VOCdevkit/VOC2007/JPEGImages/009231.jpg,0,"('', 'chair')","('chair', 'person')","('chair', '')","('', 'person')",negative
107,data/voc2007/VOCdevkit/VOC2007/JPEGImages/006343.jpg,0,"('', 'person')","('person', 'sofa')","('person', '')","('', 'sofa')",negative
108,data/voc2007/VOCdevkit/VOC2007/JPEGImages/002959.jpg,0,"('', 'person')","('person', 'cat')","('person', '')","('', 'cat')",negative
109,data/voc2007/VOCdevkit/VOC2007/JPEGImages/006435.jpg,0,"('car and tvmonitor', '')","('chair', 'car')","('chair', '')","('', 'car')",positive
110,data/voc2007/VOCdevkit/VOC2007/JPEGImages/009547.jpg,0,"('person and bottle', '')","('chair', 'person')","('chair', '')","('', 'person')",positive
111,data/voc2007/VOCdevkit/VOC2007/JPEGImages/005520.jpg,0,"('car', 'person')","('person', 'car')","('person', '')","('', 'car')",hybrid
112,data/voc2007/VOCdevkit/VOC2007/JPEGImages/005287.jpg,0,"('person and car', '')","('horse', 'person')","('horse', '')","('', 'person')",positive
113,data/voc2007/VOCdevkit/VOC2007/JPEGImages/001399.jpg,0,"('', 'boat')","('boat', 'bird')","('boat', '')","('', 'bird')",negative
114,data/voc2007/VOCdevkit/VOC2007/JPEGImages/006054.jpg,0,"('', 'person')","('person', 'bird')","('person', '')","('', 'bird')",negative
115,data/voc2007/VOCdevkit/VOC2007/JPEGImages/005141.jpg,0,"('cow and person', '')","('car', 'cow')","('car', '')","('', 'cow')",positive
116,data/voc2007/VOCdevkit/VOC2007/JPEGImages/000326.jpg,0,"('bird', 'boat')","('boat', 'bird')","('boat', '')","('', 'bird')",hybrid
117,data/voc2007/VOCdevkit/VOC2007/JPEGImages/000481.jpg,0,"('', 'person')","('person', 'boat')","('person', '')","('', 'boat')",negative
118,data/voc2007/VOCdevkit/VOC2007/JPEGImages/004238.jpg,0,"('', 'chair')","('chair', 'person')","('chair', '')","('', 'person')",negative
119,data/voc2007/VOCdevkit/VOC2007/JPEGImages/001914.jpg,0,"('dog and person', '')","('sofa', 'dog')","('sofa', '')","('', 'dog')",positive
120,data/voc2007/VOCdevkit/VOC2007/JPEGImages/001566.jpg,0,"('', 'chair')","('chair', 'person')","('chair', '')","('', 'person')",negative
121,data/voc2007/VOCdevkit/VOC2007/JPEGImages/002473.jpg,0,"('', 'car')","('car', 'bicycle')","('car', '')","('', 'bicycle')",negative
122,data/voc2007/VOCdevkit/VOC2007/JPEGImages/004659.jpg,0,"('sofa', 'person')","('person', 'sofa')","('person', '')","('', 'sofa')",hybrid
123,data/voc2007/VOCdevkit/VOC2007/JPEGImages/005019.jpg,0,"('person', 'chair')","('chair', 'person')","('chair', '')","('', 'person')",hybrid
124,data/voc2007/VOCdevkit/VOC2007/JPEGImages/000747.jpg,0,"('car', 'person')","('person', 'car')","('person', '')","('', 'car')",hybrid
125,data/voc2007/VOCdevkit/VOC2007/JPEGImages/003652.jpg,0,"('', 'person')","('person', 'boat')","('person', '')","('', 'boat')",negative
126,data/voc2007/VOCdevkit/VOC2007/JPEGImages/002764.jpg,0,"('', 'car')","('car', 'boat')","('car', '')","('', 'boat')",negative
127,data/voc2007/VOCdevkit/VOC2007/JPEGImages/003683.jpg,0,"('', 'bus')","('bus', 'car')","('bus', '')","('', 'car')",negative
128,data/voc2007/VOCdevkit/VOC2007/JPEGImages/000031.jpg,0,"('', 'person')","('person', 'train')","('person', '')","('', 'train')",negative
129,data/voc2007/VOCdevkit/VOC2007/JPEGImages/009708.jpg,0,"('person', 'diningtable')","('diningtable', 'person')","('diningtable', '')","('', 'person')",hybrid
130,data/voc2007/VOCdevkit/VOC2007/JPEGImages/004688.jpg,0,"('', 'bus')","('bus', 'car')","('bus', '')","('', 'car')",negative
131,data/voc2007/VOCdevkit/VOC2007/JPEGImages/008148.jpg,0,"('', 'boat')","('boat', 'bird')","('boat', '')","('', 'bird')",negative
132,data/voc2007/VOCdevkit/VOC2007/JPEGImages/001671.jpg,0,"('sheep', 'dog')","('dog', 'sheep')","('dog', '')","('', 'sheep')",hybrid
133,data/voc2007/VOCdevkit/VOC2007/JPEGImages/003545.jpg,0,"('', 'bus')","('bus', 'car')","('bus', '')","('', 'car')",negative
134,data/voc2007/VOCdevkit/VOC2007/JPEGImages/007829.jpg,0,"('cat', 'person')","('person', 'cat')","('person', '')","('', 'cat')",hybrid
135,data/voc2007/VOCdevkit/VOC2007/JPEGImages/001210.jpg,0,"('', 'car')","('car', 'person')","('car', '')","('', 'person')",negative
136,data/voc2007/VOCdevkit/VOC2007/JPEGImages/009369.jpg,0,"('horse', 'chair')","('chair', 'horse')","('chair', '')","('', 'horse')",hybrid
137,data/voc2007/VOCdevkit/VOC2007/JPEGImages/009622.jpg,0,"('', 'car')","('car', 'person')","('car', '')","('', 'person')",negative
138,data/voc2007/VOCdevkit/VOC2007/JPEGImages/006750.jpg,0,"('', 'person')","('person', 'pottedplant')","('person', '')","('', 'pottedplant')",negative
139,data/voc2007/VOCdevkit/VOC2007/JPEGImages/007110.jpg,0,"('tvmonitor and person', '')","('sofa', 'tvmonitor')","('sofa', '')","('', 'tvmonitor')",positive
140,data/voc2007/VOCdevkit/VOC2007/JPEGImages/007110.jpg,0,"('', 'sofa')","('sofa', 'chair')","('sofa', '')","('', 'chair')",negative
141,data/voc2007/VOCdevkit/VOC2007/JPEGImages/009243.jpg,0,"('car', 'bus')","('bus', 'car')","('bus', '')","('', 'car')",hybrid
142,data/voc2007/VOCdevkit/VOC2007/JPEGImages/007903.jpg,0,"('', 'chair')","('chair', 'sofa')","('chair', '')","('', 'sofa')",negative
143,data/voc2007/VOCdevkit/VOC2007/JPEGImages/002588.jpg,0,"('person', 'car')","('car', 'person')","('car', '')","('', 'person')",hybrid
144,data/voc2007/VOCdevkit/VOC2007/JPEGImages/006331.jpg,0,"('', 'bus')","('bus', 'car')","('bus', '')","('', 'car')",negative
145,data/voc2007/VOCdevkit/VOC2007/JPEGImages/006496.jpg,0,"('', 'chair')","('chair', 'pottedplant')","('chair', '')","('', 'pottedplant')",negative
146,data/voc2007/VOCdevkit/VOC2007/JPEGImages/003319.jpg,0,"('cat and chair', '')","('person', 'cat')","('person', '')","('', 'cat')",positive
147,data/voc2007/VOCdevkit/VOC2007/JPEGImages/007207.jpg,0,"('chair and diningtable', '')","('car', 'chair')","('car', '')","('', 'chair')",positive
148,data/voc2007/VOCdevkit/VOC2007/JPEGImages/008375.jpg,0,"('car', 'person')","('person', 'car')","('person', '')","('', 'car')",hybrid
149,data/voc2007/VOCdevkit/VOC2007/JPEGImages/009292.jpg,0,"('', 'car')","('car', 'person')","('car', '')","('', 'person')",negative
150,data/voc2007/VOCdevkit/VOC2007/JPEGImages/009535.jpg,0,"('', 'car')","('car', 'horse')","('car', '')","('', 'horse')",negative
151,data/voc2007/VOCdevkit/VOC2007/JPEGImages/002138.jpg,0,"('dog', 'person')","('person', 'dog')","('person', '')","('', 'dog')",hybrid
152,data/voc2007/VOCdevkit/VOC2007/JPEGImages/003778.jpg,0,"('pottedplant and cat', '')","('person', 'pottedplant')","('person', '')","('', 'pottedplant')",positive
153,data/voc2007/VOCdevkit/VOC2007/JPEGImages/005694.jpg,0,"('', 'person')","('person', 'car')","('person', '')","('', 'car')",negative
154,data/voc2007/VOCdevkit/VOC2007/JPEGImages/005133.jpg,0,"('person', 'chair')","('chair', 'person')","('chair', '')","('', 'person')",hybrid
155,data/voc2007/VOCdevkit/VOC2007/JPEGImages/009154.jpg,0,"('', 'sofa')","('sofa', 'chair')","('sofa', '')","('', 'chair')",negative
156,data/voc2007/VOCdevkit/VOC2007/JPEGImages/008714.jpg,0,"('aeroplane', 'car')","('car', 'aeroplane')","('car', '')","('', 'aeroplane')",hybrid
157,data/voc2007/VOCdevkit/VOC2007/JPEGImages/001966.jpg,0,"('cat', 'tvmonitor')","('tvmonitor', 'cat')","('tvmonitor', '')","('', 'cat')",hybrid
158,data/voc2007/VOCdevkit/VOC2007/JPEGImages/000881.jpg,0,"('', 'bus')","('bus', 'car')","('bus', '')","('', 'car')",negative
159,data/voc2007/VOCdevkit/VOC2007/JPEGImages/003241.jpg,0,"('', 'person')","('person', 'sheep')","('person', '')","('', 'sheep')",negative
160,data/voc2007/VOCdevkit/VOC2007/JPEGImages/000092.jpg,0,"('', 'person')","('person', 'cat')","('person', '')","('', 'cat')",negative
161,data/voc2007/VOCdevkit/VOC2007/JPEGImages/000735.jpg,0,"('', 'chair')","('chair', 'train')","('chair', '')","('', 'train')",negative
162,data/voc2007/VOCdevkit/VOC2007/JPEGImages/007099.jpg,0,"('', 'sofa')","('sofa', 'dog')","('sofa', '')","('', 'dog')",negative
163,data/voc2007/VOCdevkit/VOC2007/JPEGImages/002060.jpg,0,"('person', 'car')","('car', 'person')","('car', '')","('', 'person')",hybrid
164,data/voc2007/VOCdevkit/VOC2007/JPEGImages/003187.jpg,0,"('person and horse', '')","('car', 'person')","('car', '')","('', 'person')",positive
165,data/voc2007/VOCdevkit/VOC2007/JPEGImages/006608.jpg,0,"('person', 'chair')","('chair', 'person')","('chair', '')","('', 'person')",hybrid
166,data/voc2007/VOCdevkit/VOC2007/JPEGImages/003156.jpg,0,"('', 'person')","('person', 'dog')","('person', '')","('', 'dog')",negative
167,data/voc2007/VOCdevkit/VOC2007/JPEGImages/002716.jpg,0,"('', 'car')","('car', 'bus')","('car', '')","('', 'bus')",negative
168,data/voc2007/VOCdevkit/VOC2007/JPEGImages/000043.jpg,0,"('person', 'chair')","('chair', 'person')","('chair', '')","('', 'person')",hybrid
169,data/voc2007/VOCdevkit/VOC2007/JPEGImages/007429.jpg,0,"('', 'person')","('person', 'car')","('person', '')","('', 'car')",negative
170,data/voc2007/VOCdevkit/VOC2007/JPEGImages/000422.jpg,0,"('person', 'car')","('car', 'person')","('car', '')","('', 'person')",hybrid
171,data/voc2007/VOCdevkit/VOC2007/JPEGImages/000385.jpg,0,"('', 'diningtable')","('diningtable', 'chair')","('diningtable', '')","('', 'chair')",negative
172,data/voc2007/VOCdevkit/VOC2007/JPEGImages/001262.jpg,0,"('', 'boat')","('boat', 'bird')","('boat', '')","('', 'bird')",negative
173,data/voc2007/VOCdevkit/VOC2007/JPEGImages/002195.jpg,0,"('', 'chair')","('chair', 'person')","('chair', '')","('', 'person')",negative
174,data/voc2007/VOCdevkit/VOC2007/JPEGImages/001080.jpg,0,"('aeroplane', 'bus')","('bus', 'aeroplane')","('bus', '')","('', 'aeroplane')",hybrid
175,data/voc2007/VOCdevkit/VOC2007/JPEGImages/004079.jpg,0,"('dog', 'sofa')","('sofa', 'dog')","('sofa', '')","('', 'dog')",hybrid
176,data/voc2007/VOCdevkit/VOC2007/JPEGImages/000167.jpg,0,"('', 'sofa')","('sofa', 'dog')","('sofa', '')","('', 'dog')",negative
177,data/voc2007/VOCdevkit/VOC2007/JPEGImages/006898.jpg,0,"('', 'car')","('car', 'person')","('car', '')","('', 'person')",negative
178,data/voc2007/VOCdevkit/VOC2007/JPEGImages/000506.jpg,0,"('sofa', 'car')","('car', 'sofa')","('car', '')","('', 'sofa')",hybrid
179,data/voc2007/VOCdevkit/VOC2007/JPEGImages/000974.jpg,0,"('tvmonitor', 'diningtable')","('diningtable', 'tvmonitor')","('diningtable', '')","('', 'tvmonitor')",hybrid
180,data/voc2007/VOCdevkit/VOC2007/JPEGImages/001893.jpg,0,"('person', 'car')","('car', 'person')","('car', '')","('', 'person')",hybrid
181,data/voc2007/VOCdevkit/VOC2007/JPEGImages/004418.jpg,0,"('person', 'chair')","('chair', 'person')","('chair', '')","('', 'person')",hybrid
182,data/voc2007/VOCdevkit/VOC2007/JPEGImages/008309.jpg,0,"('sofa', 'car')","('car', 'sofa')","('car', '')","('', 'sofa')",hybrid
183,data/voc2007/VOCdevkit/VOC2007/JPEGImages/005289.jpg,0,"('bird', 'person')","('person', 'bird')","('person', '')","('', 'bird')",hybrid
184,data/voc2007/VOCdevkit/VOC2007/JPEGImages/002282.jpg,0,"('tvmonitor', 'person')","('person', 'tvmonitor')","('person', '')","('', 'tvmonitor')",hybrid
185,data/voc2007/VOCdevkit/VOC2007/JPEGImages/000611.jpg,0,"('bottle and dog', '')","('chair', 'bottle')","('chair', '')","('', 'bottle')",positive
186,data/voc2007/VOCdevkit/VOC2007/JPEGImages/001051.jpg,0,"('', 'person')","('person', 'bird')","('person', '')","('', 'bird')",negative
187,data/voc2007/VOCdevkit/VOC2007/JPEGImages/002144.jpg,0,"('person', 'chair')","('chair', 'person')","('chair', '')","('', 'person')",hybrid
188,data/voc2007/VOCdevkit/VOC2007/JPEGImages/006563.jpg,0,"('person', 'car')","('car', 'person')","('car', '')","('', 'person')",hybrid
189,data/voc2007/VOCdevkit/VOC2007/JPEGImages/004236.jpg,0,"('', 'diningtable')","('diningtable', 'bottle')","('diningtable', '')","('', 'bottle')",negative
190,data/voc2007/VOCdevkit/VOC2007/JPEGImages/001568.jpg,0,"('', 'car')","('car', 'aeroplane')","('car', '')","('', 'aeroplane')",negative
191,data/voc2007/VOCdevkit/VOC2007/JPEGImages/008984.jpg,0,"('', 'person')","('person', 'bird')","('person', '')","('', 'bird')",negative
192,data/voc2007/VOCdevkit/VOC2007/JPEGImages/005476.jpg,0,"('dog', 'sofa')","('sofa', 'dog')","('sofa', '')","('', 'dog')",hybrid
193,data/voc2007/VOCdevkit/VOC2007/JPEGImages/005804.jpg,0,"('', 'car')","('car', 'pottedplant')","('car', '')","('', 'pottedplant')",negative
194,data/voc2007/VOCdevkit/VOC2007/JPEGImages/006102.jpg,0,"('bird', 'boat')","('boat', 'bird')","('boat', '')","('', 'bird')",hybrid
195,data/voc2007/VOCdevkit/VOC2007/JPEGImages/005017.jpg,0,"('person', 'chair')","('chair', 'person')","('chair', '')","('', 'person')",hybrid
196,data/voc2007/VOCdevkit/VOC2007/JPEGImages/000749.jpg,0,"('', 'sofa')","('sofa', 'chair')","('sofa', '')","('', 'chair')",negative
197,data/voc2007/VOCdevkit/VOC2007/JPEGImages/009070.jpg,0,"('sofa', 'chair')","('chair', 'sofa')","('chair', '')","('', 'sofa')",hybrid
198,data/voc2007/VOCdevkit/VOC2007/JPEGImages/008630.jpg,0,"('bus', 'car')","('car', 'bus')","('car', '')","('', 'bus')",hybrid
199,data/voc2007/VOCdevkit/VOC2007/JPEGImages/004657.jpg,0,"('train', 'person')","('person', 'train')","('person', '')","('', 'train')",hybrid
200,data/voc2007/VOCdevkit/VOC2007/JPEGImages/008146.jpg,0,"('person', 'car')","('car', 'person')","('car', '')","('', 'person')",hybrid
201,data/voc2007/VOCdevkit/VOC2007/JPEGImages/000798.jpg,0,"('', 'chair')","('chair', 'sofa')","('chair', '')","('', 'sofa')",negative
202,data/voc2007/VOCdevkit/VOC2007/JPEGImages/007034.jpg,0,"('', 'chair')","('chair', 'car')","('chair', '')","('', 'car')",negative
203,data/voc2007/VOCdevkit/VOC2007/JPEGImages/009367.jpg,0,"('', 'chair')","('chair', 'pottedplant')","('chair', '')","('', 'pottedplant')",negative
204,data/voc2007/VOCdevkit/VOC2007/JPEGImages/005300.jpg,0,"('cat', 'person')","('person', 'cat')","('person', '')","('', 'cat')",hybrid
205,data/voc2007/VOCdevkit/VOC2007/JPEGImages/004932.jpg,0,"('person and horse', '')","('car', 'person')","('car', '')","('', 'person')",positive
206,data/voc2007/VOCdevkit/VOC2007/JPEGImages/008527.jpg,0,"('', 'person')","('person', 'cow')","('person', '')","('', 'cow')",negative
207,data/voc2007/VOCdevkit/VOC2007/JPEGImages/007827.jpg,0,"('', 'sofa')","('sofa', 'dog')","('sofa', '')","('', 'dog')",negative
208,data/voc2007/VOCdevkit/VOC2007/JPEGImages/007455.jpg,0,"('', 'car')","('car', 'boat')","('car', '')","('', 'boat')",negative
209,data/voc2007/VOCdevkit/VOC2007/JPEGImages/003075.jpg,0,"('', 'chair')","('chair', 'person')","('chair', '')","('', 'person')",negative
210,data/voc2007/VOCdevkit/VOC2007/JPEGImages/000160.jpg,0,"('sofa', 'person')","('person', 'sofa')","('person', '')","('', 'sofa')",hybrid
211,data/voc2007/VOCdevkit/VOC2007/JPEGImages/001720.jpg,0,"('', 'car')","('car', 'person')","('car', '')","('', 'person')",negative
212,data/voc2007/VOCdevkit/VOC2007/JPEGImages/001087.jpg,0,"('', 'diningtable')","('diningtable', 'chair')","('diningtable', '')","('', 'chair')",negative
213,data/voc2007/VOCdevkit/VOC2007/JPEGImages/003414.jpg,0,"('car', 'chair')","('chair', 'car')","('chair', '')","('', 'car')",hybrid
214,data/voc2007/VOCdevkit/VOC2007/JPEGImages/007978.jpg,0,"('', 'car')","('car', 'person')","('car', '')","('', 'person')",negative
215,data/voc2007/VOCdevkit/VOC2007/JPEGImages/002254.jpg,0,"('cat', 'car')","('car', 'cat')","('car', '')","('', 'cat')",hybrid
216,data/voc2007/VOCdevkit/VOC2007/JPEGImages/002254.jpg,0,"('cat and sofa', '')","('chair', 'cat')","('chair', '')","('', 'cat')",positive
217,data/voc2007/VOCdevkit/VOC2007/JPEGImages/002981.jpg,0,"('', 'car')","('car', 'person')","('car', '')","('', 'person')",negative
218,data/voc2007/VOCdevkit/VOC2007/JPEGImages/000277.jpg,0,"('sofa', 'chair')","('chair', 'sofa')","('chair', '')","('', 'sofa')",hybrid
219,data/voc2007/VOCdevkit/VOC2007/JPEGImages/005529.jpg,0,"('horse', 'person')","('person', 'horse')","('person', '')","('', 'horse')",hybrid
220,data/voc2007/VOCdevkit/VOC2007/JPEGImages/001437.jpg,0,"('pottedplant', 'car')","('car', 'pottedplant')","('car', '')","('', 'pottedplant')",hybrid
221,data/voc2007/VOCdevkit/VOC2007/JPEGImages/002522.jpg,0,"('person and car', '')","('horse', 'person')","('horse', '')","('', 'person')",positive
222,data/voc2007/VOCdevkit/VOC2007/JPEGImages/002950.jpg,0,"('', 'car')","('car', 'bottle')","('car', '')","('', 'bottle')",negative
223,data/voc2007/VOCdevkit/VOC2007/JPEGImages/009688.jpg,0,"('', 'bus')","('bus', 'car')","('bus', '')","('', 'car')",negative
224,data/voc2007/VOCdevkit/VOC2007/JPEGImages/005148.jpg,0,"('', 'chair')","('chair', 'person')","('chair', '')","('', 'person')",negative
225,data/voc2007/VOCdevkit/VOC2007/JPEGImages/000616.jpg,0,"('person', 'car')","('car', 'person')","('car', '')","('', 'person')",hybrid
226,data/voc2007/VOCdevkit/VOC2007/JPEGImages/002143.jpg,0,"('car', 'bus')","('bus', 'car')","('bus', '')","('', 'car')",hybrid
227,data/voc2007/VOCdevkit/VOC2007/JPEGImages/002808.jpg,0,"('motorbike and car', '')","('bus', 'motorbike')","('bus', '')","('', 'motorbike')",positive
228,data/voc2007/VOCdevkit/VOC2007/JPEGImages/007324.jpg,0,"('person and bicycle', '')","('car', 'person')","('car', '')","('', 'person')",positive
229,data/voc2007/VOCdevkit/VOC2007/JPEGImages/000488.jpg,0,"('', 'bus')","('bus', 'car')","('bus', '')","('', 'car')",negative
230,data/voc2007/VOCdevkit/VOC2007/JPEGImages/009416.jpg,0,"('', 'chair')","('chair', 'pottedplant')","('chair', '')","('', 'pottedplant')",negative
231,data/voc2007/VOCdevkit/VOC2007/JPEGImages/009864.jpg,0,"('train', 'car')","('car', 'train')","('car', '')","('', 'train')",hybrid
232,data/voc2007/VOCdevkit/VOC2007/JPEGImages/004596.jpg,0,"('', 'bus')","('bus', 'car')","('bus', '')","('', 'car')",negative
233,data/voc2007/VOCdevkit/VOC2007/JPEGImages/008256.jpg,0,"('horse', 'car')","('car', 'horse')","('car', '')","('', 'horse')",hybrid
234,data/voc2007/VOCdevkit/VOC2007/JPEGImages/008637.jpg,0,"('dog', 'person')","('person', 'dog')","('person', '')","('', 'dog')",hybrid
235,data/voc2007/VOCdevkit/VOC2007/JPEGImages/004650.jpg,0,"('motorbike', 'chair')","('chair', 'motorbike')","('chair', '')","('', 'motorbike')",hybrid
236,data/voc2007/VOCdevkit/VOC2007/JPEGImages/005010.jpg,0,"('dog', 'person')","('person', 'dog')","('person', '')","('', 'dog')",hybrid
237,data/voc2007/VOCdevkit/VOC2007/JPEGImages/009077.jpg,0,"('person', 'chair')","('chair', 'person')","('chair', '')","('', 'person')",hybrid
238,data/voc2007/VOCdevkit/VOC2007/JPEGImages/009701.jpg,0,"('car', 'person')","('person', 'car')","('person', '')","('', 'car')",hybrid
239,data/voc2007/VOCdevkit/VOC2007/JPEGImages/000038.jpg,0,"('', 'chair')","('chair', 'person')","('chair', '')","('', 'person')",negative
240,data/voc2007/VOCdevkit/VOC2007/JPEGImages/005766.jpg,0,"('chair', 'diningtable')","('diningtable', 'chair')","('diningtable', '')","('', 'chair')",hybrid
241,data/voc2007/VOCdevkit/VOC2007/JPEGImages/004126.jpg,0,"('', 'car')","('car', 'horse')","('car', '')","('', 'horse')",negative
242,data/voc2007/VOCdevkit/VOC2007/JPEGImages/004681.jpg,0,"('', 'car')","('car', 'train')","('car', '')","('', 'train')",negative
243,data/voc2007/VOCdevkit/VOC2007/JPEGImages/007794.jpg,0,"('', 'sofa')","('sofa', 'dog')","('sofa', '')","('', 'dog')",negative
244,data/voc2007/VOCdevkit/VOC2007/JPEGImages/001219.jpg,0,"('person', 'car')","('car', 'person')","('car', '')","('', 'person')",hybrid
245,data/voc2007/VOCdevkit/VOC2007/JPEGImages/004547.jpg,0,"('bicycle', 'car')","('car', 'bicycle')","('car', '')","('', 'bicycle')",hybrid
246,data/voc2007/VOCdevkit/VOC2007/JPEGImages/008520.jpg,0,"('diningtable', 'car')","('car', 'diningtable')","('car', '')","('', 'diningtable')",hybrid
247,data/voc2007/VOCdevkit/VOC2007/JPEGImages/008952.jpg,0,"('motorbike and person', '')","('car', 'motorbike')","('car', '')","('', 'motorbike')",positive
248,data/voc2007/VOCdevkit/VOC2007/JPEGImages/008287.jpg,0,"('', 'car')","('car', 'bottle')","('car', '')","('', 'bottle')",negative
249,data/voc2007/VOCdevkit/VOC2007/JPEGImages/008287.jpg,0,"('chair and bottle', '')","('sofa', 'chair')","('sofa', '')","('', 'chair')",positive
250,data/voc2007/VOCdevkit/VOC2007/JPEGImages/009360.jpg,0,"('', 'person')","('person', 'car')","('person', '')","('', 'car')",negative
251,data/voc2007/VOCdevkit/VOC2007/JPEGImages/007452.jpg,0,"('car', 'bus')","('bus', 'car')","('bus', '')","('', 'car')",hybrid
252,data/voc2007/VOCdevkit/VOC2007/JPEGImages/009182.jpg,0,"('', 'person')","('person', 'car')","('person', '')","('', 'car')",negative
253,data/voc2007/VOCdevkit/VOC2007/JPEGImages/009625.jpg,0,"('', 'person')","('person', 'train')","('person', '')","('', 'train')",negative
254,data/voc2007/VOCdevkit/VOC2007/JPEGImages/005642.jpg,0,"('bicycle', 'car')","('car', 'bicycle')","('car', '')","('', 'bicycle')",hybrid
255,data/voc2007/VOCdevkit/VOC2007/JPEGImages/004002.jpg,0,"('', 'person')","('person', 'dog')","('person', '')","('', 'dog')",negative
256,data/voc2007/VOCdevkit/VOC2007/JPEGImages/008065.jpg,0,"('', 'car')","('car', 'train')","('car', '')","('', 'train')",negative
257,data/voc2007/VOCdevkit/VOC2007/JPEGImages/006757.jpg,0,"('', 'chair')","('chair', 'car')","('chair', '')","('', 'car')",negative
258,data/voc2007/VOCdevkit/VOC2007/JPEGImages/004811.jpg,0,"('person and bicycle', '')","('chair', 'person')","('chair', '')","('', 'person')",positive
259,data/voc2007/VOCdevkit/VOC2007/JPEGImages/008404.jpg,0,"('', 'person')","('person', 'tvmonitor')","('person', '')","('', 'tvmonitor')",negative
260,data/voc2007/VOCdevkit/VOC2007/JPEGImages/006491.jpg,0,"('', 'person')","('person', 'sheep')","('person', '')","('', 'sheep')",negative
261,data/voc2007/VOCdevkit/VOC2007/JPEGImages/006336.jpg,0,"('', 'person')","('person', 'cat')","('person', '')","('', 'cat')",negative
262,data/voc2007/VOCdevkit/VOC2007/JPEGImages/007904.jpg,0,"('person', 'chair')","('chair', 'person')","('chair', '')","('', 'person')",hybrid
263,data/voc2007/VOCdevkit/VOC2007/JPEGImages/006832.jpg,0,"('sheep', 'dog')","('dog', 'sheep')","('dog', '')","('', 'sheep')",hybrid
264,data/voc2007/VOCdevkit/VOC2007/JPEGImages/005555.jpg,0,"('', 'person')","('person', 'chair')","('person', '')","('', 'chair')",negative
265,data/voc2007/VOCdevkit/VOC2007/JPEGImages/005927.jpg,0,"('aeroplane', 'car')","('car', 'aeroplane')","('car', '')","('', 'aeroplane')",hybrid
266,data/voc2007/VOCdevkit/VOC2007/JPEGImages/001839.jpg,0,"('person', 'car')","('car', 'person')","('car', '')","('', 'person')",hybrid
267,data/voc2007/VOCdevkit/VOC2007/JPEGImages/006021.jpg,0,"('cow', 'person')","('person', 'cow')","('person', '')","('', 'cow')",hybrid
268,data/voc2007/VOCdevkit/VOC2007/JPEGImages/007661.jpg,0,"('', 'person')","('person', 'cat')","('person', '')","('', 'cat')",negative
269,data/voc2007/VOCdevkit/VOC2007/JPEGImages/002698.jpg,0,"('', 'car')","('car', 'bicycle')","('car', '')","('', 'bicycle')",negative
270,data/voc2007/VOCdevkit/VOC2007/JPEGImages/004774.jpg,0,"('', 'person')","('person', 'sheep')","('person', '')","('', 'sheep')",negative
271,data/voc2007/VOCdevkit/VOC2007/JPEGImages/000353.jpg,0,"('motorbike', 'car')","('car', 'motorbike')","('car', '')","('', 'motorbike')",hybrid
272,data/voc2007/VOCdevkit/VOC2007/JPEGImages/009818.jpg,0,"('sheep', 'dog')","('dog', 'sheep')","('dog', '')","('', 'sheep')",hybrid
273,data/voc2007/VOCdevkit/VOC2007/JPEGImages/000886.jpg,0,"('', 'car')","('car', 'person')","('car', '')","('', 'person')",negative
274,data/voc2007/VOCdevkit/VOC2007/JPEGImages/001513.jpg,0,"('tvmonitor', 'diningtable')","('diningtable', 'tvmonitor')","('diningtable', '')","('', 'tvmonitor')",hybrid
275,data/voc2007/VOCdevkit/VOC2007/JPEGImages/001961.jpg,0,"('chair', 'diningtable')","('diningtable', 'chair')","('diningtable', '')","('', 'chair')",hybrid
276,data/voc2007/VOCdevkit/VOC2007/JPEGImages/002874.jpg,0,"('person and sofa', '')","('chair', 'person')","('chair', '')","('', 'person')",positive
277,data/voc2007/VOCdevkit/VOC2007/JPEGImages/002406.jpg,0,"('', 'person')","('person', 'car')","('person', '')","('', 'car')",negative
278,data/voc2007/VOCdevkit/VOC2007/JPEGImages/007358.jpg,0,"('person and car', '')","('horse', 'person')","('horse', '')","('', 'person')",positive
279,data/voc2007/VOCdevkit/VOC2007/JPEGImages/006518.jpg,0,"('', 'person')","('person', 'bicycle')","('person', '')","('', 'bicycle')",negative
280,data/voc2007/VOCdevkit/VOC2007/JPEGImages/003246.jpg,0,"('dog', 'sofa')","('sofa', 'dog')","('sofa', '')","('', 'dog')",hybrid
281,data/voc2007/VOCdevkit/VOC2007/JPEGImages/000732.jpg,0,"('', 'person')","('person', 'train')","('person', '')","('', 'train')",negative
282,data/voc2007/VOCdevkit/VOC2007/JPEGImages/003180.jpg,0,"('dog', 'sofa')","('sofa', 'dog')","('sofa', '')","('', 'dog')",hybrid
283,data/voc2007/VOCdevkit/VOC2007/JPEGImages/007739.jpg,0,"('', 'diningtable')","('diningtable', 'person')","('diningtable', '')","('', 'person')",negative
284,data/voc2007/VOCdevkit/VOC2007/JPEGImages/002711.jpg,0,"('person', 'chair')","('chair', 'person')","('chair', '')","('', 'person')",hybrid
285,data/voc2007/VOCdevkit/VOC2007/JPEGImages/003151.jpg,0,"('bicycle and person', '')","('chair', 'bicycle')","('chair', '')","('', 'bicycle')",positive
286,data/voc2007/VOCdevkit/VOC2007/JPEGImages/003297.jpg,0,"('diningtable', 'person')","('person', 'diningtable')","('person', '')","('', 'diningtable')",hybrid
287,data/voc2007/VOCdevkit/VOC2007/JPEGImages/003942.jpg,0,"('person', 'chair')","('chair', 'person')","('chair', '')","('', 'person')",hybrid
288,data/voc2007/VOCdevkit/VOC2007/JPEGImages/002370.jpg,0,"('', 'chair')","('chair', 'car')","('chair', '')","('', 'car')",negative
289,data/voc2007/VOCdevkit/VOC2007/JPEGImages/004949.jpg,0,"('bird', 'person')","('person', 'bird')","('person', '')","('', 'bird')",hybrid
290,data/voc2007/VOCdevkit/VOC2007/JPEGImages/000425.jpg,0,"('', 'bus')","('bus', 'car')","('bus', '')","('', 'car')",negative
291,data/voc2007/VOCdevkit/VOC2007/JPEGImages/001063.jpg,0,"('car', 'motorbike')","('motorbike', 'car')","('motorbike', '')","('', 'car')",hybrid
292,data/voc2007/VOCdevkit/VOC2007/JPEGImages/000623.jpg,0,"('person', 'chair')","('chair', 'person')","('chair', '')","('', 'person')",hybrid
293,data/voc2007/VOCdevkit/VOC2007/JPEGImages/006068.jpg,0,"('sofa and tvmonitor', '')","('chair', 'sofa')","('chair', '')","('', 'sofa')",positive
294,data/voc2007/VOCdevkit/VOC2007/JPEGImages/003736.jpg,0,"('chair', 'car')","('car', 'chair')","('car', '')","('', 'chair')",hybrid
295,data/voc2007/VOCdevkit/VOC2007/JPEGImages/003091.jpg,0,"('', 'chair')","('chair', 'person')","('chair', '')","('', 'person')",negative
296,data/voc2007/VOCdevkit/VOC2007/JPEGImages/007628.jpg,0,"('diningtable and person', '')","('car', 'diningtable')","('car', '')","('', 'diningtable')",positive
297,data/voc2007/VOCdevkit/VOC2007/JPEGImages/009909.jpg,0,"('cow', 'person')","('person', 'cow')","('person', '')","('', 'cow')",hybrid
298,data/voc2007/VOCdevkit/VOC2007/JPEGImages/004889.jpg,0,"('person', 'car')","('car', 'person')","('car', '')","('', 'person')",hybrid
299,data/voc2007/VOCdevkit/VOC2007/JPEGImages/002517.jpg,0,"('car', 'bus')","('bus', 'car')","('bus', '')","('', 'car')",hybrid
300,data/voc2007/VOCdevkit/VOC2007/JPEGImages/003357.jpg,0,"('', 'person')","('person', 'car')","('person', '')","('', 'car')",negative
301,data/voc2007/VOCdevkit/VOC2007/JPEGImages/003882.jpg,0,"('', 'chair')","('chair', 'pottedplant')","('chair', '')","('', 'pottedplant')",negative
302,data/voc2007/VOCdevkit/VOC2007/JPEGImages/003853.jpg,0,"('chair and person', '')","('diningtable', 'chair')","('diningtable', '')","('', 'chair')",positive
303,data/voc2007/VOCdevkit/VOC2007/JPEGImages/004858.jpg,0,"('pottedplant', 'person')","('person', 'pottedplant')","('person', '')","('', 'pottedplant')",hybrid
304,data/voc2007/VOCdevkit/VOC2007/JPEGImages/001374.jpg,0,"('', 'person')","('person', 'sofa')","('person', '')","('', 'sofa')",negative
305,data/voc2007/VOCdevkit/VOC2007/JPEGImages/000293.jpg,0,"('car and person', '')","('horse', 'car')","('horse', '')","('', 'car')",positive
306,data/voc2007/VOCdevkit/VOC2007/JPEGImages/000534.jpg,0,"('', 'chair')","('chair', 'person')","('chair', '')","('', 'person')",negative
307,data/voc2007/VOCdevkit/VOC2007/JPEGImages/003040.jpg,0,"('', 'sofa')","('sofa', 'dog')","('sofa', '')","('', 'dog')",negative
308,data/voc2007/VOCdevkit/VOC2007/JPEGImages/000155.jpg,0,"('', 'chair')","('chair', 'person')","('chair', '')","('', 'person')",negative
309,data/voc2007/VOCdevkit/VOC2007/JPEGImages/001715.jpg,0,"('', 'diningtable')","('diningtable', 'pottedplant')","('diningtable', '')","('', 'pottedplant')",negative
310,data/voc2007/VOCdevkit/VOC2007/JPEGImages/008515.jpg,0,"('bicycle', 'person')","('person', 'bicycle')","('person', '')","('', 'bicycle')",hybrid
311,data/voc2007/VOCdevkit/VOC2007/JPEGImages/004900.jpg,0,"('', 'car')","('car', 'person')","('car', '')","('', 'person')",negative
312,data/voc2007/VOCdevkit/VOC2007/JPEGImages/004572.jpg,0,"('', 'car')","('car', 'aeroplane')","('car', '')","('', 'aeroplane')",negative
313,data/voc2007/VOCdevkit/VOC2007/JPEGImages/005495.jpg,0,"('', 'boat')","('boat', 'bird')","('boat', '')","('', 'bird')",negative
314,data/voc2007/VOCdevkit/VOC2007/JPEGImages/005332.jpg,0,"('motorbike and person', '')","('car', 'motorbike')","('car', '')","('', 'motorbike')",positive
315,data/voc2007/VOCdevkit/VOC2007/JPEGImages/009355.jpg,0,"('diningtable and bicycle', '')","('sofa', 'diningtable')","('sofa', '')","('', 'diningtable')",positive
316,data/voc2007/VOCdevkit/VOC2007/JPEGImages/006580.jpg,0,"('person and dog', '')","('car', 'person')","('car', '')","('', 'person')",positive
317,data/voc2007/VOCdevkit/VOC2007/JPEGImages/006227.jpg,0,"('', 'sofa')","('sofa', 'dog')","('sofa', '')","('', 'dog')",negative
318,data/voc2007/VOCdevkit/VOC2007/JPEGImages/003579.jpg,0,"('horse', 'chair')","('chair', 'horse')","('chair', '')","('', 'horse')",hybrid
319,data/voc2007/VOCdevkit/VOC2007/JPEGImages/002339.jpg,0,"('', 'person')","('person', 'pottedplant')","('person', '')","('', 'pottedplant')",negative
320,data/voc2007/VOCdevkit/VOC2007/JPEGImages/009093.jpg,0,"('bird', 'boat')","('boat', 'bird')","('boat', '')","('', 'bird')",hybrid
321,data/voc2007/VOCdevkit/VOC2007/JPEGImages/005753.jpg,0,"('person', 'chair')","('chair', 'person')","('chair', '')","('', 'person')",hybrid
322,data/voc2007/VOCdevkit/VOC2007/JPEGImages/002758.jpg,0,"('', 'bus')","('bus', 'car')","('bus', '')","('', 'car')",negative
323,data/voc2007/VOCdevkit/VOC2007/JPEGImages/006646.jpg,0,"('', 'diningtable')","('diningtable', 'person')","('diningtable', '')","('', 'person')",negative
324,data/voc2007/VOCdevkit/VOC2007/JPEGImages/006646.jpg,0,"('', 'sofa')","('sofa', 'person')","('sofa', '')","('', 'person')",negative
325,data/voc2007/VOCdevkit/VOC2007/JPEGImages/007770.jpg,0,"('dog', 'car')","('car', 'dog')","('car', '')","('', 'dog')",hybrid
326,data/voc2007/VOCdevkit/VOC2007/JPEGImages/002789.jpg,0,"('car', 'horse')","('horse', 'car')","('horse', '')","('', 'car')",hybrid
327,data/voc2007/VOCdevkit/VOC2007/JPEGImages/004665.jpg,0,"('person and boat', '')","('chair', 'person')","('chair', '')","('', 'person')",positive
328,data/voc2007/VOCdevkit/VOC2007/JPEGImages/005025.jpg,0,"('', 'car')","('car', 'person')","('car', '')","('', 'person')",negative
329,data/voc2007/VOCdevkit/VOC2007/JPEGImages/006923.jpg,0,"('diningtable', 'person')","('person', 'diningtable')","('person', '')","('', 'diningtable')",hybrid
330,data/voc2007/VOCdevkit/VOC2007/JPEGImages/009423.jpg,0,"('', 'car')","('car', 'boat')","('car', '')","('', 'boat')",negative
331,data/voc2007/VOCdevkit/VOC2007/JPEGImages/005444.jpg,0,"('cat', 'person')","('person', 'cat')","('person', '')","('', 'cat')",hybrid
332,data/voc2007/VOCdevkit/VOC2007/JPEGImages/009384.jpg,0,"('bus', 'motorbike')","('motorbike', 'bus')","('motorbike', '')","('', 'bus')",hybrid
333,data/voc2007/VOCdevkit/VOC2007/JPEGImages/006014.jpg,0,"('boat and person', '')","('car', 'boat')","('car', '')","('', 'boat')",positive
334,data/voc2007/VOCdevkit/VOC2007/JPEGImages/008081.jpg,0,"('cow', 'car')","('car', 'cow')","('car', '')","('', 'cow')",hybrid
335,data/voc2007/VOCdevkit/VOC2007/JPEGImages/004741.jpg,0,"('cow', 'car')","('car', 'cow')","('car', '')","('', 'cow')",hybrid
336,data/voc2007/VOCdevkit/VOC2007/JPEGImages/008726.jpg,0,"('person', 'car')","('car', 'person')","('car', '')","('', 'person')",hybrid
337,data/voc2007/VOCdevkit/VOC2007/JPEGImages/007235.jpg,0,"('', 'car')","('car', 'bicycle')","('car', '')","('', 'bicycle')",negative
338,data/voc2007/VOCdevkit/VOC2007/JPEGImages/006807.jpg,0,"('pottedplant', 'person')","('person', 'pottedplant')","('person', '')","('', 'pottedplant')",hybrid
339,data/voc2007/VOCdevkit/VOC2007/JPEGImages/005560.jpg,0,"('person and bicycle', '')","('chair', 'person')","('chair', '')","('', 'person')",positive
340,data/voc2007/VOCdevkit/VOC2007/JPEGImages/004320.jpg,0,"('', 'person')","('person', 'car')","('person', '')","('', 'car')",negative
341,data/voc2007/VOCdevkit/VOC2007/JPEGImages/008347.jpg,0,"('tvmonitor and chair', '')","('diningtable', 'tvmonitor')","('diningtable', '')","('', 'tvmonitor')",positive
342,data/voc2007/VOCdevkit/VOC2007/JPEGImages/008431.jpg,0,"('chair and diningtable', '')","('person', 'chair')","('person', '')","('', 'chair')",positive
343,data/voc2007/VOCdevkit/VOC2007/JPEGImages/004456.jpg,0,"('person', 'horse')","('horse', 'person')","('horse', '')","('', 'person')",hybrid
344,data/voc2007/VOCdevkit/VOC2007/JPEGImages/004824.jpg,0,"('aeroplane', 'car')","('car', 'aeroplane')","('car', '')","('', 'aeroplane')",hybrid
345,data/voc2007/VOCdevkit/VOC2007/JPEGImages/001308.jpg,0,"('car', 'bus')","('bus', 'car')","('bus', '')","('', 'car')",hybrid
346,data/voc2007/VOCdevkit/VOC2007/JPEGImages/008396.jpg,0,"('', 'chair')","('chair', 'person')","('chair', '')","('', 'person')",negative
347,data/voc2007/VOCdevkit/VOC2007/JPEGImages/000548.jpg,0,"('car', 'person')","('person', 'car')","('person', '')","('', 'car')",hybrid
348,data/voc2007/VOCdevkit/VOC2007/JPEGImages/005216.jpg,0,"('bottle', 'person')","('person', 'bottle')","('person', '')","('', 'bottle')",hybrid
349,data/voc2007/VOCdevkit/VOC2007/JPEGImages/006303.jpg,0,"('pottedplant and cat', '')","('chair', 'pottedplant')","('chair', '')","('', 'pottedplant')",positive
350,data/voc2007/VOCdevkit/VOC2007/JPEGImages/005677.jpg,0,"('person', 'car')","('car', 'person')","('car', '')","('', 'person')",hybrid
351,data/voc2007/VOCdevkit/VOC2007/JPEGImages/009610.jpg,0,"('person', 'car')","('car', 'person')","('car', '')","('', 'person')",hybrid
352,data/voc2007/VOCdevkit/VOC2007/JPEGImages/008050.jpg,0,"('tvmonitor', 'sofa')","('sofa', 'tvmonitor')","('sofa', '')","('', 'tvmonitor')",hybrid
353,data/voc2007/VOCdevkit/VOC2007/JPEGImages/001769.jpg,0,"('horse', 'car')","('car', 'horse')","('car', '')","('', 'horse')",hybrid
354,data/voc2007/VOCdevkit/VOC2007/JPEGImages/003977.jpg,0,"('dog', 'person')","('person', 'dog')","('person', '')","('', 'dog')",hybrid
355,data/voc2007/VOCdevkit/VOC2007/JPEGImages/003505.jpg,0,"('motorbike', 'chair')","('chair', 'motorbike')","('chair', '')","('', 'motorbike')",hybrid
356,data/voc2007/VOCdevkit/VOC2007/JPEGImages/002890.jpg,0,"('train', 'person')","('person', 'train')","('person', '')","('', 'train')",hybrid
357,data/voc2007/VOCdevkit/VOC2007/JPEGImages/008569.jpg,0,"('person and sofa', '')","('car', 'person')","('car', '')","('', 'person')",positive
358,data/voc2007/VOCdevkit/VOC2007/JPEGImages/000410.jpg,0,"('', 'chair')","('chair', 'dog')","('chair', '')","('', 'dog')",negative
359,data/voc2007/VOCdevkit/VOC2007/JPEGImages/009329.jpg,0,"('aeroplane', 'car')","('car', 'aeroplane')","('car', '')","('', 'aeroplane')",hybrid
360,data/voc2007/VOCdevkit/VOC2007/JPEGImages/002724.jpg,0,"('chair and diningtable', '')","('sofa', 'chair')","('sofa', '')","('', 'chair')",positive
361,data/voc2007/VOCdevkit/VOC2007/JPEGImages/000071.jpg,0,"('car', 'person')","('person', 'car')","('person', '')","('', 'car')",hybrid
362,data/voc2007/VOCdevkit/VOC2007/JPEGImages/005088.jpg,0,"('', 'car')","('car', 'sofa')","('car', '')","('', 'sofa')",negative
363,data/voc2007/VOCdevkit/VOC2007/JPEGImages/001631.jpg,0,"('bottle', 'person')","('person', 'bottle')","('person', '')","('', 'bottle')",hybrid
364,data/voc2007/VOCdevkit/VOC2007/JPEGImages/001196.jpg,0,"('bird', 'boat')","('boat', 'bird')","('boat', '')","('', 'bird')",hybrid
365,data/voc2007/VOCdevkit/VOC2007/JPEGImages/004619.jpg,0,"('', 'chair')","('chair', 'person')","('chair', '')","('', 'person')",negative
366,data/voc2007/VOCdevkit/VOC2007/JPEGImages/009799.jpg,0,"('', 'sofa')","('sofa', 'dog')","('sofa', '')","('', 'dog')",negative
367,data/voc2007/VOCdevkit/VOC2007/JPEGImages/005059.jpg,0,"('tvmonitor', 'chair')","('chair', 'tvmonitor')","('chair', '')","('', 'tvmonitor')",hybrid
368,data/voc2007/VOCdevkit/VOC2007/JPEGImages/003612.jpg,0,"('', 'chair')","('chair', 'person')","('chair', '')","('', 'person')",negative
369,data/voc2007/VOCdevkit/VOC2007/JPEGImages/002052.jpg,0,"('', 'person')","('person', 'aeroplane')","('person', '')","('', 'aeroplane')",negative
370,data/voc2007/VOCdevkit/VOC2007/JPEGImages/000366.jpg,0,"('diningtable and chair', '')","('sofa', 'diningtable')","('sofa', '')","('', 'diningtable')",positive
371,data/voc2007/VOCdevkit/VOC2007/JPEGImages/004278.jpg,0,"('', 'car')","('car', 'aeroplane')","('car', '')","('', 'aeroplane')",negative
372,data/voc2007/VOCdevkit/VOC2007/JPEGImages/002394.jpg,0,"('tvmonitor', 'car')","('car', 'tvmonitor')","('car', '')","('', 'tvmonitor')",hybrid
373,data/voc2007/VOCdevkit/VOC2007/JPEGImages/006013.jpg,0,"('bus', 'car')","('car', 'bus')","('car', '')","('', 'bus')",hybrid
374,data/voc2007/VOCdevkit/VOC2007/JPEGImages/000658.jpg,0,"('', 'chair')","('chair', 'sofa')","('chair', '')","('', 'sofa')",negative
375,data/voc2007/VOCdevkit/VOC2007/JPEGImages/005106.jpg,0,"('aeroplane', 'person')","('person', 'aeroplane')","('person', '')","('', 'aeroplane')",hybrid
376,data/voc2007/VOCdevkit/VOC2007/JPEGImages/008721.jpg,0,"('person', 'chair')","('chair', 'person')","('chair', '')","('', 'person')",hybrid
377,data/voc2007/VOCdevkit/VOC2007/JPEGImages/007232.jpg,0,"('bicycle', 'chair')","('chair', 'bicycle')","('chair', '')","('', 'bicycle')",hybrid
378,data/voc2007/VOCdevkit/VOC2007/JPEGImages/007595.jpg,0,"('person', 'chair')","('chair', 'person')","('chair', '')","('', 'person')",hybrid
379,data/voc2007/VOCdevkit/VOC2007/JPEGImages/008340.jpg,0,"('', 'person')","('person', 'dog')","('person', '')","('', 'dog')",negative
380,data/voc2007/VOCdevkit/VOC2007/JPEGImages/004480.jpg,0,"('person and bicycle', '')","('chair', 'person')","('chair', '')","('', 'person')",positive
381,data/voc2007/VOCdevkit/VOC2007/JPEGImages/008895.jpg,0,"('person', 'chair')","('chair', 'person')","('chair', '')","('', 'person')",hybrid
382,data/voc2007/VOCdevkit/VOC2007/JPEGImages/005915.jpg,0,"('', 'dog')","('dog', 'sheep')","('dog', '')","('', 'sheep')",negative
383,data/voc2007/VOCdevkit/VOC2007/JPEGImages/005567.jpg,0,"('pottedplant', 'chair')","('chair', 'pottedplant')","('chair', '')","('', 'pottedplant')",hybrid
384,data/voc2007/VOCdevkit/VOC2007/JPEGImages/000239.jpg,0,"('bus and person', '')","('car', 'bus')","('car', '')","('', 'bus')",positive
385,data/voc2007/VOCdevkit/VOC2007/JPEGImages/005211.jpg,0,"('', 'person')","('person', 'bicycle')","('person', '')","('', 'bicycle')",negative
386,data/voc2007/VOCdevkit/VOC2007/JPEGImages/009276.jpg,0,"('sofa', 'chair')","('chair', 'sofa')","('chair', '')","('', 'sofa')",hybrid
387,data/voc2007/VOCdevkit/VOC2007/JPEGImages/008436.jpg,0,"('person', 'chair')","('chair', 'person')","('chair', '')","('', 'person')",hybrid
388,data/voc2007/VOCdevkit/VOC2007/JPEGImages/008844.jpg,0,"('', 'car')","('car', 'person')","('car', '')","('', 'person')",negative
389,data/voc2007/VOCdevkit/VOC2007/JPEGImages/004451.jpg,0,"('', 'chair')","('chair', 'pottedplant')","('chair', '')","('', 'pottedplant')",negative
390,data/voc2007/VOCdevkit/VOC2007/JPEGImages/007936.jpg,0,"('bird', 'person')","('person', 'bird')","('person', '')","('', 'bird')",hybrid
391,data/voc2007/VOCdevkit/VOC2007/JPEGImages/004030.jpg,0,"('', 'horse')","('horse', 'car')","('horse', '')","('', 'car')",negative
392,data/voc2007/VOCdevkit/VOC2007/JPEGImages/005670.jpg,0,"('person and boat', '')","('car', 'person')","('car', '')","('', 'person')",positive
393,data/voc2007/VOCdevkit/VOC2007/JPEGImages/002897.jpg,0,"('person', 'chair')","('chair', 'person')","('chair', '')","('', 'person')",hybrid
394,data/voc2007/VOCdevkit/VOC2007/JPEGImages/003502.jpg,0,"('', 'person')","('person', 'chair')","('person', '')","('', 'chair')",negative
395,data/voc2007/VOCdevkit/VOC2007/JPEGImages/009489.jpg,0,"('cat', 'tvmonitor')","('tvmonitor', 'cat')","('tvmonitor', '')","('', 'cat')",hybrid
396,data/voc2007/VOCdevkit/VOC2007/JPEGImages/001257.jpg,0,"('dog', 'sofa')","('sofa', 'dog')","('sofa', '')","('', 'dog')",hybrid
397,data/voc2007/VOCdevkit/VOC2007/JPEGImages/002084.jpg,0,"('', 'tvmonitor')","('tvmonitor', 'cat')","('tvmonitor', '')","('', 'cat')",negative
398,data/voc2007/VOCdevkit/VOC2007/JPEGImages/000076.jpg,0,"('person', 'car')","('car', 'person')","('car', '')","('', 'person')",hybrid
399,data/voc2007/VOCdevkit/VOC2007/JPEGImages/008679.jpg,0,"('', 'car')","('car', 'train')","('car', '')","('', 'train')",negative
400,data/voc2007/VOCdevkit/VOC2007/JPEGImages/003615.jpg,0,"('cat', 'tvmonitor')","('tvmonitor', 'cat')","('tvmonitor', '')","('', 'cat')",hybrid
401,data/voc2007/VOCdevkit/VOC2007/JPEGImages/001953.jpg,0,"('', 'chair')","('chair', 'person')","('chair', '')","('', 'person')",negative
402,data/voc2007/VOCdevkit/VOC2007/JPEGImages/000361.jpg,0,"('car', 'person')","('person', 'car')","('person', '')","('', 'car')",hybrid
403,data/voc2007/VOCdevkit/VOC2007/JPEGImages/002434.jpg,0,"('', 'car')","('car', 'person')","('car', '')","('', 'person')",negative
404,data/voc2007/VOCdevkit/VOC2007/JPEGImages/002846.jpg,0,"('person', 'car')","('car', 'person')","('car', '')","('', 'person')",hybrid
405,data/voc2007/VOCdevkit/VOC2007/JPEGImages/000183.jpg,0,"('', 'sofa')","('sofa', 'dog')","('sofa', '')","('', 'dog')",negative
406,data/voc2007/VOCdevkit/VOC2007/JPEGImages/000624.jpg,0,"('person', 'chair')","('chair', 'person')","('chair', '')","('', 'person')",hybrid
407,data/voc2007/VOCdevkit/VOC2007/JPEGImages/007188.jpg,0,"('', 'boat')","('boat', 'bird')","('boat', '')","('', 'bird')",negative
408,data/voc2007/VOCdevkit/VOC2007/JPEGImages/003096.jpg,0,"('', 'chair')","('chair', 'sofa')","('chair', '')","('', 'sofa')",negative
409,data/voc2007/VOCdevkit/VOC2007/JPEGImages/003731.jpg,0,"('', 'chair')","('chair', 'person')","('chair', '')","('', 'person')",negative
410,data/voc2007/VOCdevkit/VOC2007/JPEGImages/000990.jpg,0,"('', 'car')","('car', 'person')","('car', '')","('', 'person')",negative
411,data/voc2007/VOCdevkit/VOC2007/JPEGImages/005969.jpg,0,"('person', 'chair')","('chair', 'person')","('chair', '')","('', 'person')",hybrid
412,data/voc2007/VOCdevkit/VOC2007/JPEGImages/002510.jpg,0,"('diningtable', 'person')","('person', 'diningtable')","('person', '')","('', 'diningtable')",hybrid
413,data/voc2007/VOCdevkit/VOC2007/JPEGImages/002510.jpg,0,"('chair', 'bottle')","('bottle', 'chair')","('bottle', '')","('', 'chair')",hybrid
414,data/voc2007/VOCdevkit/VOC2007/JPEGImages/006378.jpg,0,"('person and cow', '')","('car', 'person')","('car', '')","('', 'person')",positive
415,data/voc2007/VOCdevkit/VOC2007/JPEGImages/003854.jpg,0,"('', 'person')","('person', 'dog')","('person', '')","('', 'dog')",negative
416,data/voc2007/VOCdevkit/VOC2007/JPEGImages/003426.jpg,0,"('', 'chair')","('chair', 'person')","('chair', '')","('', 'person')",negative
417,data/voc2007/VOCdevkit/VOC2007/JPEGImages/003381.jpg,0,"('', 'person')","('person', 'aeroplane')","('person', '')","('', 'aeroplane')",negative
418,data/voc2007/VOCdevkit/VOC2007/JPEGImages/000533.jpg,0,"('sofa', 'person')","('person', 'sofa')","('person', '')","('', 'sofa')",hybrid
419,data/voc2007/VOCdevkit/VOC2007/JPEGImages/000941.jpg,0,"('', 'person')","('person', 'sofa')","('person', '')","('', 'sofa')",negative
420,data/voc2007/VOCdevkit/VOC2007/JPEGImages/001373.jpg,0,"('', 'person')","('person', 'aeroplane')","('person', '')","('', 'aeroplane')",negative
421,data/voc2007/VOCdevkit/VOC2007/JPEGImages/002607.jpg,0,"('car', 'chair')","('chair', 'car')","('chair', '')","('', 'car')",hybrid
422,data/voc2007/VOCdevkit/VOC2007/JPEGImages/001712.jpg,0,"('', 'diningtable')","('diningtable', 'person')","('diningtable', '')","('', 'person')",negative
423,data/voc2007/VOCdevkit/VOC2007/JPEGImages/000152.jpg,0,"('car', 'bus')","('bus', 'car')","('bus', '')","('', 'car')",hybrid
424,data/voc2007/VOCdevkit/VOC2007/JPEGImages/000819.jpg,0,"('bicycle', 'chair')","('chair', 'bicycle')","('chair', '')","('', 'bicycle')",hybrid
425,data/voc2007/VOCdevkit/VOC2007/JPEGImages/005335.jpg,0,"('cow', 'car')","('car', 'cow')","('car', '')","('', 'cow')",hybrid
426,data/voc2007/VOCdevkit/VOC2007/JPEGImages/009352.jpg,0,"('', 'car')","('car', 'person')","('car', '')","('', 'person')",negative
427,data/voc2007/VOCdevkit/VOC2007/JPEGImages/005492.jpg,0,"('', 'person')","('person', 'motorbike')","('person', '')","('', 'motorbike')",negative
428,data/voc2007/VOCdevkit/VOC2007/JPEGImages/004575.jpg,0,"('', 'person')","('person', 'sofa')","('person', '')","('', 'sofa')",negative
429,data/voc2007/VOCdevkit/VOC2007/JPEGImages/002499.jpg,0,"('diningtable', 'car')","('car', 'diningtable')","('car', '')","('', 'diningtable')",hybrid
430,data/voc2007/VOCdevkit/VOC2007/JPEGImages/004114.jpg,0,"('', 'person')","('person', 'cat')","('person', '')","('', 'cat')",negative
431,data/voc2007/VOCdevkit/VOC2007/JPEGImages/005754.jpg,0,"('chair and sofa', '')","('diningtable', 'chair')","('diningtable', '')","('', 'chair')",positive
432,data/voc2007/VOCdevkit/VOC2007/JPEGImages/005754.jpg,0,"('sofa', 'diningtable')","('diningtable', 'sofa')","('diningtable', '')","('', 'sofa')",hybrid
433,data/voc2007/VOCdevkit/VOC2007/JPEGImages/006641.jpg,0,"('', 'tvmonitor')","('tvmonitor', 'cat')","('tvmonitor', '')","('', 'cat')",negative
434,data/voc2007/VOCdevkit/VOC2007/JPEGImages/007001.jpg,0,"('car', 'person')","('person', 'car')","('person', '')","('', 'car')",hybrid
435,data/voc2007/VOCdevkit/VOC2007/JPEGImages/002029.jpg,0,"('', 'person')","('person', 'boat')","('person', '')","('', 'boat')",negative
436,data/voc2007/VOCdevkit/VOC2007/JPEGImages/006137.jpg,0,"('person', 'horse')","('horse', 'person')","('horse', '')","('', 'person')",hybrid
437,data/voc2007/VOCdevkit/VOC2007/JPEGImages/005785.jpg,0,"('dog', 'chair')","('chair', 'dog')","('chair', '')","('', 'dog')",hybrid
438,data/voc2007/VOCdevkit/VOC2007/JPEGImages/005022.jpg,0,"('', 'person')","('person', 'boat')","('person', '')","('', 'boat')",negative
439,data/voc2007/VOCdevkit/VOC2007/JPEGImages/008605.jpg,0,"('', 'car')","('car', 'cow')","('car', '')","('', 'cow')",negative
440,data/voc2007/VOCdevkit/VOC2007/JPEGImages/003208.jpg,0,"('sofa', 'person')","('person', 'sofa')","('person', '')","('', 'sofa')",hybrid
441,data/voc2007/VOCdevkit/VOC2007/JPEGImages/007316.jpg,0,"('', 'chair')","('chair', 'person')","('chair', '')","('', 'person')",negative
442,data/voc2007/VOCdevkit/VOC2007/JPEGImages/008264.jpg,0,"('bus and person', '')","('horse', 'bus')","('horse', '')","('', 'bus')",positive
443,data/voc2007/VOCdevkit/VOC2007/JPEGImages/009383.jpg,0,"('', 'sofa')","('sofa', 'dog')","('sofa', '')","('', 'dog')",negative
444,data/voc2007/VOCdevkit/VOC2007/JPEGImages/009856.jpg,0,"('', 'person')","('person', 'car')","('person', '')","('', 'car')",negative
445,data/voc2007/VOCdevkit/VOC2007/JPEGImages/005443.jpg,0,"('', 'bus')","('bus', 'car')","('bus', '')","('', 'car')",negative
446,data/voc2007/VOCdevkit/VOC2007/JPEGImages/001016.jpg,0,"('train', 'car')","('car', 'train')","('car', '')","('', 'train')",hybrid
447,data/voc2007/VOCdevkit/VOC2007/JPEGImages/008088.jpg,0,"('car', 'chair')","('chair', 'car')","('chair', '')","('', 'car')",hybrid
448,data/voc2007/VOCdevkit/VOC2007/JPEGImages/002103.jpg,0,"('', 'person')","('person', 'bird')","('person', '')","('', 'bird')",negative
449,data/voc2007/VOCdevkit/VOC2007/JPEGImages/005569.jpg,0,"('', 'car')","('car', 'train')","('car', '')","('', 'train')",negative
450,data/voc2007/VOCdevkit/VOC2007/JPEGImages/000237.jpg,0,"('horse', 'chair')","('chair', 'horse')","('chair', '')","('', 'horse')",hybrid
451,data/voc2007/VOCdevkit/VOC2007/JPEGImages/001477.jpg,0,"('', 'dog')","('dog', 'sheep')","('dog', '')","('', 'sheep')",negative
452,data/voc2007/VOCdevkit/VOC2007/JPEGImages/001805.jpg,0,"('', 'sofa')","('sofa', 'person')","('sofa', '')","('', 'person')",negative
453,data/voc2007/VOCdevkit/VOC2007/JPEGImages/002562.jpg,0,"('', 'horse')","('horse', 'car')","('horse', '')","('', 'car')",negative
454,data/voc2007/VOCdevkit/VOC2007/JPEGImages/003322.jpg,0,"('', 'diningtable')","('diningtable', 'tvmonitor')","('diningtable', '')","('', 'tvmonitor')",negative
455,data/voc2007/VOCdevkit/VOC2007/JPEGImages/003485.jpg,0,"('', 'chair')","('chair', 'diningtable')","('chair', '')","('', 'diningtable')",negative
456,data/voc2007/VOCdevkit/VOC2007/JPEGImages/003454.jpg,0,"('person', 'chair')","('chair', 'person')","('chair', '')","('', 'person')",hybrid
457,data/voc2007/VOCdevkit/VOC2007/JPEGImages/007938.jpg,0,"('cat', 'tvmonitor')","('tvmonitor', 'cat')","('tvmonitor', '')","('', 'cat')",hybrid
458,data/voc2007/VOCdevkit/VOC2007/JPEGImages/001301.jpg,0,"('motorbike', 'car')","('car', 'motorbike')","('car', '')","('', 'motorbike')",hybrid
459,data/voc2007/VOCdevkit/VOC2007/JPEGImages/000933.jpg,0,"('pottedplant', 'person')","('person', 'pottedplant')","('person', '')","('', 'pottedplant')",hybrid
460,data/voc2007/VOCdevkit/VOC2007/JPEGImages/003035.jpg,0,"('person', 'car')","('car', 'person')","('car', '')","('', 'person')",hybrid
461,data/voc2007/VOCdevkit/VOC2007/JPEGImages/000687.jpg,0,"('car', 'chair')","('chair', 'car')","('chair', '')","('', 'car')",hybrid
462,data/voc2007/VOCdevkit/VOC2007/JPEGImages/001760.jpg,0,"('', 'car')","('car', 'person')","('car', '')","('', 'person')",negative
463,data/voc2007/VOCdevkit/VOC2007/JPEGImages/008059.jpg,0,"('person', 'car')","('car', 'person')","('car', '')","('', 'person')",hybrid
464,data/voc2007/VOCdevkit/VOC2007/JPEGImages/004975.jpg,0,"('', 'tvmonitor')","('tvmonitor', 'cat')","('tvmonitor', '')","('', 'cat')",negative
465,data/voc2007/VOCdevkit/VOC2007/JPEGImages/008912.jpg,0,"('sheep', 'person')","('person', 'sheep')","('person', '')","('', 'sheep')",hybrid
466,data/voc2007/VOCdevkit/VOC2007/JPEGImages/008560.jpg,0,"('', 'horse')","('horse', 'bicycle')","('horse', '')","('', 'bicycle')",negative
467,data/voc2007/VOCdevkit/VOC2007/JPEGImages/009487.jpg,0,"('', 'diningtable')","('diningtable', 'chair')","('diningtable', '')","('', 'chair')",negative
468,data/voc2007/VOCdevkit/VOC2007/JPEGImages/005892.jpg,0,"('', 'sofa')","('sofa', 'dog')","('sofa', '')","('', 'dog')",negative
469,data/voc2007/VOCdevkit/VOC2007/JPEGImages/009320.jpg,0,"('', 'car')","('car', 'person')","('car', '')","('', 'person')",negative
470,data/voc2007/VOCdevkit/VOC2007/JPEGImages/005347.jpg,0,"('motorbike and person', '')","('chair', 'motorbike')","('chair', '')","('', 'motorbike')",positive
471,data/voc2007/VOCdevkit/VOC2007/JPEGImages/007860.jpg,0,"('bicycle', 'chair')","('chair', 'bicycle')","('chair', '')","('', 'bicycle')",hybrid
472,data/voc2007/VOCdevkit/VOC2007/JPEGImages/007412.jpg,0,"('', 'car')","('car', 'horse')","('car', '')","('', 'horse')",negative
473,data/voc2007/VOCdevkit/VOC2007/JPEGImages/009741.jpg,0,"('person', 'sofa')","('sofa', 'person')","('sofa', '')","('', 'person')",hybrid
474,data/voc2007/VOCdevkit/VOC2007/JPEGImages/005726.jpg,0,"('chair', 'sofa')","('sofa', 'chair')","('sofa', '')","('', 'chair')",hybrid
475,data/voc2007/VOCdevkit/VOC2007/JPEGImages/004166.jpg,0,"('tvmonitor', 'pottedplant')","('pottedplant', 'tvmonitor')","('pottedplant', '')","('', 'tvmonitor')",hybrid
476,data/voc2007/VOCdevkit/VOC2007/JPEGImages/004166.jpg,0,"('', 'person')","('person', 'chair')","('person', '')","('', 'chair')",negative
477,data/voc2007/VOCdevkit/VOC2007/JPEGImages/006194.jpg,0,"('dog', 'person')","('person', 'dog')","('person', '')","('', 'dog')",hybrid
478,data/voc2007/VOCdevkit/VOC2007/JPEGImages/006633.jpg,0,"('', 'sofa')","('sofa', 'tvmonitor')","('sofa', '')","('', 'tvmonitor')",negative
479,data/voc2007/VOCdevkit/VOC2007/JPEGImages/006145.jpg,0,"('', 'car')","('car', 'chair')","('car', '')","('', 'chair')",negative
480,data/voc2007/VOCdevkit/VOC2007/JPEGImages/008677.jpg,0,"('', 'car')","('car', 'train')","('car', '')","('', 'train')",negative
481,data/voc2007/VOCdevkit/VOC2007/JPEGImages/004610.jpg,0,"('sheep', 'person')","('person', 'sheep')","('person', '')","('', 'sheep')",hybrid
482,data/voc2007/VOCdevkit/VOC2007/JPEGImages/005050.jpg,0,"('dog', 'diningtable')","('diningtable', 'dog')","('diningtable', '')","('', 'dog')",hybrid
483,data/voc2007/VOCdevkit/VOC2007/JPEGImages/007364.jpg,0,"('chair', 'diningtable')","('diningtable', 'chair')","('diningtable', '')","('', 'chair')",hybrid
484,data/voc2007/VOCdevkit/VOC2007/JPEGImages/006283.jpg,0,"('car', 'person')","('person', 'car')","('person', '')","('', 'car')",hybrid
485,data/voc2007/VOCdevkit/VOC2007/JPEGImages/009824.jpg,0,"('', 'car')","('car', 'aeroplane')","('car', '')","('', 'aeroplane')",negative
486,data/voc2007/VOCdevkit/VOC2007/JPEGImages/007186.jpg,0,"('', 'chair')","('chair', 'bicycle')","('chair', '')","('', 'bicycle')",negative
487,data/voc2007/VOCdevkit/VOC2007/JPEGImages/004734.jpg,0,"('', 'bus')","('bus', 'car')","('bus', '')","('', 'car')",negative
488,data/voc2007/VOCdevkit/VOC2007/JPEGImages/005174.jpg,0,"('chair', 'sofa')","('sofa', 'chair')","('sofa', '')","('', 'chair')",hybrid
489,data/voc2007/VOCdevkit/VOC2007/JPEGImages/007995.jpg,0,"('', 'car')","('car', 'aeroplane')","('car', '')","('', 'aeroplane')",negative
490,data/voc2007/VOCdevkit/VOC2007/JPEGImages/007240.jpg,0,"('diningtable and chair', '')","('person', 'diningtable')","('person', '')","('', 'diningtable')",positive
491,data/voc2007/VOCdevkit/VOC2007/JPEGImages/006872.jpg,0,"('', 'chair')","('chair', 'person')","('chair', '')","('', 'person')",negative
492,data/voc2007/VOCdevkit/VOC2007/JPEGImages/005967.jpg,0,"('person and horse', '')","('car', 'person')","('car', '')","('', 'person')",positive
493,data/voc2007/VOCdevkit/VOC2007/JPEGImages/009572.jpg,0,"('dog', 'person')","('person', 'dog')","('person', '')","('', 'dog')",hybrid
494,data/voc2007/VOCdevkit/VOC2007/JPEGImages/004880.jpg,0,"('bottle', 'person')","('person', 'bottle')","('person', '')","('', 'bottle')",hybrid
495,data/voc2007/VOCdevkit/VOC2007/JPEGImages/001879.jpg,0,"('sofa', 'chair')","('chair', 'sofa')","('chair', '')","('', 'sofa')",hybrid
496,data/voc2007/VOCdevkit/VOC2007/JPEGImages/004355.jpg,0,"('bottle and person', '')","('car', 'bottle')","('car', '')","('', 'bottle')",positive
497,data/voc2007/VOCdevkit/VOC2007/JPEGImages/004851.jpg,0,"('cat', 'tvmonitor')","('tvmonitor', 'cat')","('tvmonitor', '')","('', 'cat')",hybrid
498,data/voc2007/VOCdevkit/VOC2007/JPEGImages/009204.jpg,0,"('dog and sofa', '')","('chair', 'dog')","('chair', '')","('', 'dog')",positive
499,data/voc2007/VOCdevkit/VOC2007/JPEGImages/006376.jpg,0,"('', 'chair')","('chair', 'person')","('chair', '')","('', 'person')",negative
500,data/voc2007/VOCdevkit/VOC2007/JPEGImages/003428.jpg,0,"('', 'person')","('person', 'train')","('person', '')","('', 'train')",negative
501,data/voc2007/VOCdevkit/VOC2007/JPEGImages/007944.jpg,0,"('', 'car')","('car', 'bus')","('car', '')","('', 'bus')",negative
502,data/voc2007/VOCdevkit/VOC2007/JPEGImages/007291.jpg,0,"('cat', 'tvmonitor')","('tvmonitor', 'cat')","('tvmonitor', '')","('', 'cat')",hybrid
503,data/voc2007/VOCdevkit/VOC2007/JPEGImages/009665.jpg,0,"('horse and person', '')","('chair', 'horse')","('chair', '')","('', 'horse')",positive
504,data/voc2007/VOCdevkit/VOC2007/JPEGImages/005602.jpg,0,"('', 'person')","('person', 'dog')","('person', '')","('', 'dog')",negative
505,data/voc2007/VOCdevkit/VOC2007/JPEGImages/004042.jpg,0,"('', 'chair')","('chair', 'person')","('chair', '')","('', 'person')",negative
506,data/voc2007/VOCdevkit/VOC2007/JPEGImages/008025.jpg,0,"('dog', 'sofa')","('sofa', 'dog')","('sofa', '')","('', 'dog')",hybrid
507,data/voc2007/VOCdevkit/VOC2007/JPEGImages/008782.jpg,0,"('', 'person')","('person', 'bus')","('person', '')","('', 'bus')",negative
508,data/voc2007/VOCdevkit/VOC2007/JPEGImages/007157.jpg,0,"('person and aeroplane', '')","('car', 'person')","('car', '')","('', 'person')",positive
509,data/voc2007/VOCdevkit/VOC2007/JPEGImages/003049.jpg,0,"('person', 'diningtable')","('diningtable', 'person')","('diningtable', '')","('', 'person')",hybrid
510,data/voc2007/VOCdevkit/VOC2007/JPEGImages/006717.jpg,0,"('car', 'person')","('person', 'car')","('person', '')","('', 'car')",hybrid
511,data/voc2007/VOCdevkit/VOC2007/JPEGImages/003570.jpg,0,"('car', 'bus')","('bus', 'car')","('bus', '')","('', 'car')",hybrid
512,data/voc2007/VOCdevkit/VOC2007/JPEGImages/003902.jpg,0,"('diningtable and chair', '')","('sofa', 'diningtable')","('sofa', '')","('', 'diningtable')",positive
513,data/voc2007/VOCdevkit/VOC2007/JPEGImages/006589.jpg,0,"('', 'car')","('car', 'cow')","('car', '')","('', 'cow')",negative
514,data/voc2007/VOCdevkit/VOC2007/JPEGImages/004909.jpg,0,"('', 'boat')","('boat', 'bird')","('boat', '')","('', 'bird')",negative
515,data/voc2007/VOCdevkit/VOC2007/JPEGImages/000817.jpg,0,"('', 'car')","('car', 'aeroplane')","('car', '')","('', 'aeroplane')",negative
516,data/voc2007/VOCdevkit/VOC2007/JPEGImages/000465.jpg,0,"('', 'bus')","('bus', 'car')","('bus', '')","('', 'car')",negative
517,data/voc2007/VOCdevkit/VOC2007/JPEGImages/009889.jpg,0,"('dog', 'sofa')","('sofa', 'dog')","('sofa', '')","('', 'dog')",hybrid
518,data/voc2007/VOCdevkit/VOC2007/JPEGImages/003111.jpg,0,"('boat', 'car')","('car', 'boat')","('car', '')","('', 'boat')",hybrid
519,data/voc2007/VOCdevkit/VOC2007/JPEGImages/000004.jpg,0,"('', 'person')","('person', 'car')","('person', '')","('', 'car')",negative
520,data/voc2007/VOCdevkit/VOC2007/JPEGImages/001644.jpg,0,"('person', 'car')","('car', 'person')","('car', '')","('', 'person')",hybrid
521,data/voc2007/VOCdevkit/VOC2007/JPEGImages/001695.jpg,0,"('', 'person')","('person', 'tvmonitor')","('person', '')","('', 'tvmonitor')",negative
522,data/voc2007/VOCdevkit/VOC2007/JPEGImages/001132.jpg,0,"('sofa and cat', '')","('chair', 'sofa')","('chair', '')","('', 'sofa')",positive
523,data/voc2007/VOCdevkit/VOC2007/JPEGImages/002780.jpg,0,"('person and horse', '')","('chair', 'person')","('chair', '')","('', 'person')",positive
524,data/voc2007/VOCdevkit/VOC2007/JPEGImages/000313.jpg,0,"('', 'person')","('person', 'car')","('person', '')","('', 'car')",negative
525,data/voc2007/VOCdevkit/VOC2007/JPEGImages/001921.jpg,0,"('', 'chair')","('chair', 'bottle')","('chair', '')","('', 'bottle')",negative
526,data/voc2007/VOCdevkit/VOC2007/JPEGImages/002446.jpg,0,"('', 'horse')","('horse', 'car')","('horse', '')","('', 'car')",negative
527,data/voc2007/VOCdevkit/VOC2007/JPEGImages/003206.jpg,0,"('chair', 'car')","('car', 'chair')","('car', '')","('', 'chair')",hybrid
528,data/voc2007/VOCdevkit/VOC2007/JPEGImages/006558.jpg,0,"('cat', 'tvmonitor')","('tvmonitor', 'cat')","('tvmonitor', '')","('', 'cat')",hybrid
529,data/voc2007/VOCdevkit/VOC2007/JPEGImages/007181.jpg,0,"('', 'car')","('car', 'dog')","('car', '')","('', 'dog')",negative
530,data/voc2007/VOCdevkit/VOC2007/JPEGImages/003738.jpg,0,"('', 'diningtable')","('diningtable', 'chair')","('diningtable', '')","('', 'chair')",negative
531,data/voc2007/VOCdevkit/VOC2007/JPEGImages/008754.jpg,0,"('diningtable and pottedplant', '')","('person', 'diningtable')","('person', '')","('', 'diningtable')",positive
532,data/voc2007/VOCdevkit/VOC2007/JPEGImages/004733.jpg,0,"('chair', 'person')","('person', 'chair')","('person', '')","('', 'chair')",hybrid
533,data/voc2007/VOCdevkit/VOC2007/JPEGImages/004094.jpg,0,"('', 'car')","('car', 'bus')","('car', '')","('', 'bus')",negative
534,data/voc2007/VOCdevkit/VOC2007/JPEGImages/006875.jpg,0,"('', 'car')","('car', 'horse')","('car', '')","('', 'horse')",negative
535,data/voc2007/VOCdevkit/VOC2007/JPEGImages/006407.jpg,0,"('person and bus', '')","('chair', 'person')","('chair', '')","('', 'person')",positive
536,data/voc2007/VOCdevkit/VOC2007/JPEGImages/007992.jpg,0,"('person and car', '')","('horse', 'person')","('horse', '')","('', 'person')",positive
537,data/voc2007/VOCdevkit/VOC2007/JPEGImages/004887.jpg,0,"('', 'diningtable')","('diningtable', 'chair')","('diningtable', '')","('', 'chair')",negative
538,data/voc2007/VOCdevkit/VOC2007/JPEGImages/005512.jpg,0,"('dog', 'sofa')","('sofa', 'dog')","('sofa', '')","('', 'dog')",hybrid
539,data/voc2007/VOCdevkit/VOC2007/JPEGImages/009907.jpg,0,"('dog', 'person')","('person', 'dog')","('person', '')","('', 'dog')",hybrid
540,data/voc2007/VOCdevkit/VOC2007/JPEGImages/009575.jpg,0,"('cat', 'tvmonitor')","('tvmonitor', 'cat')","('tvmonitor', '')","('', 'cat')",hybrid
541,data/voc2007/VOCdevkit/VOC2007/JPEGImages/009203.jpg,0,"('train', 'person')","('person', 'train')","('person', '')","('', 'train')",hybrid
542,data/voc2007/VOCdevkit/VOC2007/JPEGImages/004383.jpg,0,"('bird', 'person')","('person', 'bird')","('person', '')","('', 'bird')",hybrid
543,data/voc2007/VOCdevkit/VOC2007/JPEGImages/007531.jpg,0,"('', 'chair')","('chair', 'person')","('chair', '')","('', 'person')",negative
544,data/voc2007/VOCdevkit/VOC2007/JPEGImages/003388.jpg,0,"('person', 'car')","('car', 'person')","('car', '')","('', 'person')",hybrid
545,data/voc2007/VOCdevkit/VOC2007/JPEGImages/008785.jpg,0,"('', 'chair')","('chair', 'car')","('chair', '')","('', 'car')",negative
546,data/voc2007/VOCdevkit/VOC2007/JPEGImages/004045.jpg,0,"('chair and sofa', '')","('person', 'chair')","('person', '')","('', 'chair')",positive
547,data/voc2007/VOCdevkit/VOC2007/JPEGImages/008022.jpg,0,"('person', 'chair')","('chair', 'person')","('chair', '')","('', 'person')",hybrid
548,data/voc2007/VOCdevkit/VOC2007/JPEGImages/009662.jpg,0,"('chair', 'person')","('person', 'chair')","('person', '')","('', 'chair')",hybrid
549,data/voc2007/VOCdevkit/VOC2007/JPEGImages/006710.jpg,0,"('', 'chair')","('chair', 'person')","('chair', '')","('', 'person')",negative
550,data/voc2007/VOCdevkit/VOC2007/JPEGImages/007469.jpg,0,"('', 'car')","('car', 'person')","('car', '')","('', 'person')",negative
551,data/voc2007/VOCdevkit/VOC2007/JPEGImages/001585.jpg,0,"('', 'car')","('car', 'sofa')","('car', '')","('', 'sofa')",negative
552,data/voc2007/VOCdevkit/VOC2007/JPEGImages/001222.jpg,0,"('', 'diningtable')","('diningtable', 'chair')","('diningtable', '')","('', 'chair')",negative
553,data/voc2007/VOCdevkit/VOC2007/JPEGImages/002756.jpg,0,"('person and train', '')","('car', 'person')","('car', '')","('', 'person')",positive
554,data/voc2007/VOCdevkit/VOC2007/JPEGImages/000003.jpg,0,"('', 'person')","('person', 'chair')","('person', '')","('', 'chair')",negative
555,data/voc2007/VOCdevkit/VOC2007/JPEGImages/000775.jpg,0,"('motorbike', 'person')","('person', 'motorbike')","('person', '')","('', 'motorbike')",hybrid
556,data/voc2007/VOCdevkit/VOC2007/JPEGImages/001135.jpg,0,"('', 'bus')","('bus', 'car')","('bus', '')","('', 'car')",negative
557,data/voc2007/VOCdevkit/VOC2007/JPEGImages/001692.jpg,0,"('person', 'car')","('car', 'person')","('car', '')","('', 'person')",hybrid
558,data/voc2007/VOCdevkit/VOC2007/JPEGImages/002787.jpg,0,"('cat', 'diningtable')","('diningtable', 'cat')","('diningtable', '')","('', 'cat')",hybrid
559,data/voc2007/VOCdevkit/VOC2007/JPEGImages/001926.jpg,0,"('bird', 'person')","('person', 'bird')","('person', '')","('', 'bird')",hybrid
560,data/voc2007/VOCdevkit/VOC2007/JPEGImages/000314.jpg,0,"('', 'pottedplant')","('pottedplant', 'diningtable')","('pottedplant', '')","('', 'diningtable')",negative
561,data/voc2007/VOCdevkit/VOC2007/JPEGImages/003201.jpg,0,"('', 'car')","('car', 'cow')","('car', '')","('', 'cow')",negative
562,data/voc2007/VOCdevkit/VOC2007/JPEGImages/000651.jpg,0,"('', 'tvmonitor')","('tvmonitor', 'cat')","('tvmonitor', '')","('', 'cat')",negative
563,data/voc2007/VOCdevkit/VOC2007/JPEGImages/003744.jpg,0,"('sofa', 'chair')","('chair', 'sofa')","('chair', '')","('', 'sofa')",hybrid
564,data/voc2007/VOCdevkit/VOC2007/JPEGImages/004489.jpg,0,"('', 'tvmonitor')","('tvmonitor', 'cat')","('tvmonitor', '')","('', 'cat')",negative
565,data/voc2007/VOCdevkit/VOC2007/JPEGImages/001802.jpg,0,"('', 'car')","('car', 'train')","('car', '')","('', 'train')",negative
566,data/voc2007/VOCdevkit/VOC2007/JPEGImages/000230.jpg,0,"('person', 'car')","('car', 'person')","('car', '')","('', 'person')",hybrid
567,data/voc2007/VOCdevkit/VOC2007/JPEGImages/009509.jpg,0,"('bicycle', 'person')","('person', 'bicycle')","('person', '')","('', 'bicycle')",hybrid
568,data/voc2007/VOCdevkit/VOC2007/JPEGImages/003482.jpg,0,"('bicycle', 'car')","('car', 'bicycle')","('car', '')","('', 'bicycle')",hybrid
569,data/voc2007/VOCdevkit/VOC2007/JPEGImages/006809.jpg,0,"('person', 'car')","('car', 'person')","('car', '')","('', 'person')",hybrid
570,data/voc2007/VOCdevkit/VOC2007/JPEGImages/000546.jpg,0,"('', 'car')","('car', 'person')","('car', '')","('', 'person')",negative
571,data/voc2007/VOCdevkit/VOC2007/JPEGImages/005218.jpg,0,"('', 'diningtable')","('diningtable', 'person')","('diningtable', '')","('', 'person')",negative
572,data/voc2007/VOCdevkit/VOC2007/JPEGImages/004458.jpg,0,"('', 'person')","('person', 'car')","('person', '')","('', 'car')",negative
573,data/voc2007/VOCdevkit/VOC2007/JPEGImages/001306.jpg,0,"('dog', 'sofa')","('sofa', 'dog')","('sofa', '')","('', 'dog')",hybrid
574,data/voc2007/VOCdevkit/VOC2007/JPEGImages/003795.jpg,0,"('person and bicycle', '')","('chair', 'person')","('chair', '')","('', 'person')",positive
575,data/voc2007/VOCdevkit/VOC2007/JPEGImages/002672.jpg,0,"('bird', 'boat')","('boat', 'bird')","('boat', '')","('', 'bird')",hybrid
576,data/voc2007/VOCdevkit/VOC2007/JPEGImages/001767.jpg,0,"('', 'sofa')","('sofa', 'dog')","('sofa', '')","('', 'dog')",negative
577,data/voc2007/VOCdevkit/VOC2007/JPEGImages/000127.jpg,0,"('person', 'car')","('car', 'person')","('car', '')","('', 'person')",hybrid
578,data/voc2007/VOCdevkit/VOC2007/JPEGImages/008567.jpg,0,"('', 'car')","('car', 'person')","('car', '')","('', 'person')",negative
579,data/voc2007/VOCdevkit/VOC2007/JPEGImages/008915.jpg,0,"('', 'horse')","('horse', 'bus')","('horse', '')","('', 'bus')",negative
580,data/voc2007/VOCdevkit/VOC2007/JPEGImages/007415.jpg,0,"('', 'chair')","('chair', 'person')","('chair', '')","('', 'person')",negative
581,data/voc2007/VOCdevkit/VOC2007/JPEGImages/007867.jpg,0,"('', 'person')","('person', 'cat')","('person', '')","('', 'cat')",negative
582,data/voc2007/VOCdevkit/VOC2007/JPEGImages/006255.jpg,0,"('', 'chair')","('chair', 'person')","('chair', '')","('', 'person')",negative
583,data/voc2007/VOCdevkit/VOC2007/JPEGImages/006980.jpg,0,"('diningtable', 'chair')","('chair', 'diningtable')","('chair', '')","('', 'diningtable')",hybrid
584,data/voc2007/VOCdevkit/VOC2007/JPEGImages/004161.jpg,0,"('', 'tvmonitor')","('tvmonitor', 'cat')","('tvmonitor', '')","('', 'cat')",negative
585,data/voc2007/VOCdevkit/VOC2007/JPEGImages/001198.jpg,0,"('person', 'horse')","('horse', 'person')","('horse', '')","('', 'person')",hybrid
586,data/voc2007/VOCdevkit/VOC2007/JPEGImages/005721.jpg,0,"('', 'car')","('car', 'sofa')","('car', '')","('', 'sofa')",negative
587,data/voc2007/VOCdevkit/VOC2007/JPEGImages/006634.jpg,0,"('', 'bus')","('bus', 'car')","('bus', '')","('', 'car')",negative
588,data/voc2007/VOCdevkit/VOC2007/JPEGImages/006193.jpg,0,"('motorbike and person', '')","('chair', 'motorbike')","('chair', '')","('', 'motorbike')",positive
589,data/voc2007/VOCdevkit/VOC2007/JPEGImages/006142.jpg,0,"('person', 'car')","('car', 'person')","('car', '')","('', 'person')",hybrid
590,data/voc2007/VOCdevkit/VOC2007/JPEGImages/009030.jpg,0,"('', 'person')","('person', 'aeroplane')","('person', '')","('', 'aeroplane')",negative
591,data/voc2007/VOCdevkit/VOC2007/JPEGImages/004617.jpg,0,"('sheep', 'person')","('person', 'sheep')","('person', '')","('', 'sheep')",hybrid
592,data/voc2007/VOCdevkit/VOC2007/JPEGImages/006951.jpg,0,"('person', 'car')","('car', 'person')","('car', '')","('', 'person')",hybrid
593,data/voc2007/VOCdevkit/VOC2007/JPEGImages/004276.jpg,0,"('sofa and person', '')","('car', 'sofa')","('car', '')","('', 'sofa')",positive
594,data/voc2007/VOCdevkit/VOC2007/JPEGImages/005844.jpg,0,"('chair', 'person')","('person', 'chair')","('person', '')","('', 'chair')",hybrid
595,data/voc2007/VOCdevkit/VOC2007/JPEGImages/000368.jpg,0,"('', 'car')","('car', 'person')","('car', '')","('', 'person')",negative
596,data/voc2007/VOCdevkit/VOC2007/JPEGImages/009451.jpg,0,"('sheep', 'person')","('person', 'sheep')","('person', '')","('', 'sheep')",hybrid
597,data/voc2007/VOCdevkit/VOC2007/JPEGImages/002031.jpg,0,"('person', 'car')","('car', 'person')","('car', '')","('', 'person')",hybrid
598,data/voc2007/VOCdevkit/VOC2007/JPEGImages/006688.jpg,0,"('cat', 'chair')","('chair', 'cat')","('chair', '')","('', 'cat')",hybrid
599,data/voc2007/VOCdevkit/VOC2007/JPEGImages/002822.jpg,0,"('', 'person')","('person', 'aeroplane')","('person', '')","('', 'aeroplane')",negative
600,data/voc2007/VOCdevkit/VOC2007/JPEGImages/000801.jpg,0,"('car', 'person')","('person', 'car')","('person', '')","('', 'car')",hybrid
601,data/voc2007/VOCdevkit/VOC2007/JPEGImages/000473.jpg,0,"('aeroplane', 'person')","('person', 'aeroplane')","('person', '')","('', 'aeroplane')",hybrid
602,data/voc2007/VOCdevkit/VOC2007/JPEGImages/002326.jpg,0,"('person', 'chair')","('chair', 'person')","('chair', '')","('', 'person')",hybrid
603,data/voc2007/VOCdevkit/VOC2007/JPEGImages/007478.jpg,0,"('', 'bus')","('bus', 'car')","('bus', '')","('', 'car')",negative
604,data/voc2007/VOCdevkit/VOC2007/JPEGImages/003914.jpg,0,"('sheep', 'person')","('person', 'sheep')","('person', '')","('', 'sheep')",hybrid
605,data/voc2007/VOCdevkit/VOC2007/JPEGImages/001652.jpg,0,"('pottedplant and bottle', '')","('sofa', 'pottedplant')","('sofa', '')","('', 'pottedplant')",positive
606,data/voc2007/VOCdevkit/VOC2007/JPEGImages/001652.jpg,0,"('pottedplant', 'sofa')","('sofa', 'pottedplant')","('sofa', '')","('', 'pottedplant')",hybrid
607,data/voc2007/VOCdevkit/VOC2007/JPEGImages/006659.jpg,0,"('person', 'chair')","('chair', 'person')","('chair', '')","('', 'person')",hybrid
608,data/voc2007/VOCdevkit/VOC2007/JPEGImages/007019.jpg,0,"('sofa and person', '')","('chair', 'sofa')","('chair', '')","('', 'sofa')",positive
609,data/voc2007/VOCdevkit/VOC2007/JPEGImages/007520.jpg,0,"('person', 'chair')","('chair', 'person')","('chair', '')","('', 'person')",hybrid
610,data/voc2007/VOCdevkit/VOC2007/JPEGImages/007952.jpg,0,"('', 'person')","('person', 'boat')","('person', '')","('', 'boat')",negative
611,data/voc2007/VOCdevkit/VOC2007/JPEGImages/007287.jpg,0,"('', 'person')","('person', 'sofa')","('person', '')","('', 'sofa')",negative
612,data/voc2007/VOCdevkit/VOC2007/JPEGImages/006360.jpg,0,"('bottle', 'car')","('car', 'bottle')","('car', '')","('', 'bottle')",hybrid
613,data/voc2007/VOCdevkit/VOC2007/JPEGImages/003399.jpg,0,"('', 'chair')","('chair', 'bus')","('chair', '')","('', 'bus')",negative
614,data/voc2007/VOCdevkit/VOC2007/JPEGImages/000959.jpg,0,"('', 'car')","('car', 'person')","('car', '')","('', 'person')",negative
615,data/voc2007/VOCdevkit/VOC2007/JPEGImages/005275.jpg,0,"('car', 'bus')","('bus', 'car')","('bus', '')","('', 'car')",hybrid
616,data/voc2007/VOCdevkit/VOC2007/JPEGImages/004847.jpg,0,"('bicycle', 'car')","('car', 'bicycle')","('car', '')","('', 'bicycle')",hybrid
617,data/voc2007/VOCdevkit/VOC2007/JPEGImages/004435.jpg,0,"('person', 'chair')","('chair', 'person')","('chair', '')","('', 'person')",hybrid
618,data/voc2007/VOCdevkit/VOC2007/JPEGImages/008820.jpg,0,"('', 'car')","('car', 'boat')","('car', '')","('', 'boat')",negative
619,data/voc2007/VOCdevkit/VOC2007/JPEGImages/006701.jpg,0,"('bicycle', 'person')","('person', 'bicycle')","('person', '')","('', 'bicycle')",hybrid
620,data/voc2007/VOCdevkit/VOC2007/JPEGImages/004054.jpg,0,"('', 'car')","('car', 'person')","('car', '')","('', 'person')",negative
621,data/voc2007/VOCdevkit/VOC2007/JPEGImages/009673.jpg,0,"('', 'car')","('car', 'motorbike')","('car', '')","('', 'motorbike')",negative
622,data/voc2007/VOCdevkit/VOC2007/JPEGImages/005162.jpg,0,"('', 'car')","('car', 'person')","('car', '')","('', 'person')",negative
623,data/voc2007/VOCdevkit/VOC2007/JPEGImages/008745.jpg,0,"('person', 'car')","('car', 'person')","('car', '')","('', 'person')",hybrid
624,data/voc2007/VOCdevkit/VOC2007/JPEGImages/007190.jpg,0,"('', 'sofa')","('sofa', 'dog')","('sofa', '')","('', 'dog')",negative
625,data/voc2007/VOCdevkit/VOC2007/JPEGImages/006077.jpg,0,"('train', 'person')","('person', 'train')","('person', '')","('', 'train')",hybrid
626,data/voc2007/VOCdevkit/VOC2007/JPEGImages/008324.jpg,0,"('', 'person')","('person', 'motorbike')","('person', '')","('', 'motorbike')",negative
627,data/voc2007/VOCdevkit/VOC2007/JPEGImages/004343.jpg,0,"('', 'sofa')","('sofa', 'dog')","('sofa', '')","('', 'dog')",negative
628,data/voc2007/VOCdevkit/VOC2007/JPEGImages/000988.jpg,0,"('', 'chair')","('chair', 'person')","('chair', '')","('', 'person')",negative
629,data/voc2007/VOCdevkit/VOC2007/JPEGImages/005503.jpg,0,"('bicycle', 'car')","('car', 'bicycle')","('car', '')","('', 'bicycle')",hybrid
630,data/voc2007/VOCdevkit/VOC2007/JPEGImages/009564.jpg,0,"('', 'chair')","('chair', 'car')","('chair', '')","('', 'car')",negative
631,data/voc2007/VOCdevkit/VOC2007/JPEGImages/009916.jpg,0,"('chair and sofa', '')","('diningtable', 'chair')","('diningtable', '')","('', 'chair')",positive
632,data/voc2007/VOCdevkit/VOC2007/JPEGImages/003348.jpg,0,"('car', 'bus')","('bus', 'car')","('bus', '')","('', 'car')",hybrid
633,data/voc2007/VOCdevkit/VOC2007/JPEGImages/006416.jpg,0,"('person', 'car')","('car', 'person')","('car', '')","('', 'person')",hybrid
634,data/voc2007/VOCdevkit/VOC2007/JPEGImages/007983.jpg,0,"('person', 'chair')","('chair', 'person')","('chair', '')","('', 'person')",hybrid
635,data/voc2007/VOCdevkit/VOC2007/JPEGImages/000718.jpg,0,"('bicycle', 'sofa')","('sofa', 'bicycle')","('sofa', '')","('', 'bicycle')",hybrid
636,data/voc2007/VOCdevkit/VOC2007/JPEGImages/005046.jpg,0,"('bus', 'car')","('car', 'bus')","('car', '')","('', 'bus')",hybrid
637,data/voc2007/VOCdevkit/VOC2007/JPEGImages/009021.jpg,0,"('bus', 'person')","('person', 'bus')","('person', '')","('', 'bus')",hybrid
638,data/voc2007/VOCdevkit/VOC2007/JPEGImages/009786.jpg,0,"('dog', 'person')","('person', 'dog')","('person', '')","('', 'dog')",hybrid
639,data/voc2007/VOCdevkit/VOC2007/JPEGImages/008661.jpg,0,"('pottedplant', 'chair')","('chair', 'pottedplant')","('chair', '')","('', 'pottedplant')",hybrid
640,data/voc2007/VOCdevkit/VOC2007/JPEGImages/004267.jpg,0,"('dog', 'person')","('person', 'dog')","('person', '')","('', 'dog')",hybrid
641,data/voc2007/VOCdevkit/VOC2007/JPEGImages/005427.jpg,0,"('', 'car')","('car', 'boat')","('car', '')","('', 'boat')",negative
642,data/voc2007/VOCdevkit/VOC2007/JPEGImages/005855.jpg,0,"('train', 'person')","('person', 'train')","('person', '')","('', 'train')",hybrid
643,data/voc2007/VOCdevkit/VOC2007/JPEGImages/007404.jpg,0,"('person and sofa', '')","('car', 'person')","('car', '')","('', 'person')",positive
644,data/voc2007/VOCdevkit/VOC2007/JPEGImages/006991.jpg,0,"('', 'person')","('person', 'dog')","('person', '')","('', 'dog')",negative
645,data/voc2007/VOCdevkit/VOC2007/JPEGImages/006244.jpg,0,"('bird', 'boat')","('boat', 'bird')","('boat', '')","('', 'bird')",hybrid
646,data/voc2007/VOCdevkit/VOC2007/JPEGImages/003968.jpg,0,"('', 'chair')","('chair', 'bicycle')","('chair', '')","('', 'bicycle')",negative
647,data/voc2007/VOCdevkit/VOC2007/JPEGImages/004511.jpg,0,"('cat and person', '')","('chair', 'cat')","('chair', '')","('', 'cat')",positive
648,data/voc2007/VOCdevkit/VOC2007/JPEGImages/008904.jpg,0,"('', 'person')","('person', 'pottedplant')","('person', '')","('', 'pottedplant')",negative
649,data/voc2007/VOCdevkit/VOC2007/JPEGImages/006182.jpg,0,"('', 'sofa')","('sofa', 'dog')","('sofa', '')","('', 'dog')",negative
650,data/voc2007/VOCdevkit/VOC2007/JPEGImages/001189.jpg,0,"('chair', 'sofa')","('sofa', 'chair')","('sofa', '')","('', 'chair')",hybrid
651,data/voc2007/VOCdevkit/VOC2007/JPEGImages/009757.jpg,0,"('car', 'bus')","('bus', 'car')","('bus', '')","('', 'car')",hybrid
652,data/voc2007/VOCdevkit/VOC2007/JPEGImages/000557.jpg,0,"('', 'person')","('person', 'bird')","('person', '')","('', 'bird')",negative
653,data/voc2007/VOCdevkit/VOC2007/JPEGImages/000925.jpg,0,"('', 'person')","('person', 'sheep')","('person', '')","('', 'sheep')",negative
654,data/voc2007/VOCdevkit/VOC2007/JPEGImages/008389.jpg,0,"('', 'person')","('person', 'pottedplant')","('person', '')","('', 'pottedplant')",negative
655,data/voc2007/VOCdevkit/VOC2007/JPEGImages/004449.jpg,0,"('chair', 'diningtable')","('diningtable', 'chair')","('diningtable', '')","('', 'chair')",hybrid
656,data/voc2007/VOCdevkit/VOC2007/JPEGImages/001317.jpg,0,"('', 'person')","('person', 'horse')","('person', '')","('', 'horse')",negative
657,data/voc2007/VOCdevkit/VOC2007/JPEGImages/003442.jpg,0,"('sofa and pottedplant', '')","('person', 'sofa')","('person', '')","('', 'sofa')",positive
658,data/voc2007/VOCdevkit/VOC2007/JPEGImages/001776.jpg,0,"('person', 'horse')","('horse', 'person')","('horse', '')","('', 'person')",hybrid
659,data/voc2007/VOCdevkit/VOC2007/JPEGImages/000691.jpg,0,"('', 'person')","('person', 'chair')","('person', '')","('', 'chair')",negative
660,data/voc2007/VOCdevkit/VOC2007/JPEGImages/000136.jpg,0,"('', 'person')","('person', 'bottle')","('person', '')","('', 'bottle')",negative
661,data/voc2007/VOCdevkit/VOC2007/JPEGImages/002663.jpg,0,"('', 'diningtable')","('diningtable', 'dog')","('diningtable', '')","('', 'dog')",negative
662,data/voc2007/VOCdevkit/VOC2007/JPEGImages/002115.jpg,0,"('cow', 'person')","('person', 'cow')","('person', '')","('', 'cow')",hybrid
663,data/voc2007/VOCdevkit/VOC2007/JPEGImages/003755.jpg,0,"('sofa', 'diningtable')","('diningtable', 'sofa')","('diningtable', '')","('', 'sofa')",hybrid
664,data/voc2007/VOCdevkit/VOC2007/JPEGImages/000640.jpg,0,"('bicycle', 'person')","('person', 'bicycle')","('person', '')","('', 'bicycle')",hybrid
665,data/voc2007/VOCdevkit/VOC2007/JPEGImages/001000.jpg,0,"('dog', 'sofa')","('sofa', 'dog')","('sofa', '')","('', 'dog')",hybrid
666,data/voc2007/VOCdevkit/VOC2007/JPEGImages/003334.jpg,0,"('car', 'bus')","('bus', 'car')","('bus', '')","('', 'car')",hybrid
667,data/voc2007/VOCdevkit/VOC2007/JPEGImages/006818.jpg,0,"('', 'person')","('person', 'cat')","('person', '')","('', 'cat')",negative
668,data/voc2007/VOCdevkit/VOC2007/JPEGImages/002574.jpg,0,"('', 'person')","('person', 'sofa')","('person', '')","('', 'sofa')",negative
669,data/voc2007/VOCdevkit/VOC2007/JPEGImages/008358.jpg,0,"('', 'car')","('car', 'cow')","('car', '')","('', 'cow')",negative
670,data/voc2007/VOCdevkit/VOC2007/JPEGImages/001461.jpg,0,"('', 'person')","('person', 'sofa')","('person', '')","('', 'sofa')",negative
671,data/voc2007/VOCdevkit/VOC2007/JPEGImages/001813.jpg,0,"('tvmonitor', 'person')","('person', 'tvmonitor')","('person', '')","('', 'tvmonitor')",hybrid
672,data/voc2007/VOCdevkit/VOC2007/JPEGImages/000586.jpg,0,"('person', 'horse')","('horse', 'person')","('horse', '')","('', 'person')",hybrid
673,data/voc2007/VOCdevkit/VOC2007/JPEGImages/008666.jpg,0,"('person and bicycle', '')","('car', 'person')","('car', '')","('', 'person')",positive
674,data/voc2007/VOCdevkit/VOC2007/JPEGImages/005041.jpg,0,"('motorbike', 'horse')","('horse', 'motorbike')","('horse', '')","('', 'motorbike')",hybrid
675,data/voc2007/VOCdevkit/VOC2007/JPEGImages/009026.jpg,0,"('', 'person')","('person', 'boat')","('person', '')","('', 'boat')",negative
676,data/voc2007/VOCdevkit/VOC2007/JPEGImages/006154.jpg,0,"('', 'car')","('car', 'train')","('car', '')","('', 'train')",negative
677,data/voc2007/VOCdevkit/VOC2007/JPEGImages/007714.jpg,0,"('person and car', '')","('chair', 'person')","('chair', '')","('', 'person')",positive
678,data/voc2007/VOCdevkit/VOC2007/JPEGImages/009447.jpg,0,"('bicycle', 'person')","('person', 'bicycle')","('person', '')","('', 'bicycle')",hybrid
679,data/voc2007/VOCdevkit/VOC2007/JPEGImages/009835.jpg,0,"('', 'person')","('person', 'aeroplane')","('person', '')","('', 'aeroplane')",negative
680,data/voc2007/VOCdevkit/VOC2007/JPEGImages/008207.jpg,0,"('person and pottedplant', '')","('chair', 'person')","('chair', '')","('', 'person')",positive
681,data/voc2007/VOCdevkit/VOC2007/JPEGImages/004260.jpg,0,"('person', 'car')","('car', 'person')","('car', '')","('', 'person')",hybrid
682,data/voc2007/VOCdevkit/VOC2007/JPEGImages/006292.jpg,0,"('person', 'car')","('car', 'person')","('car', '')","('', 'person')",hybrid
683,data/voc2007/VOCdevkit/VOC2007/JPEGImages/006535.jpg,0,"('bird', 'boat')","('boat', 'bird')","('boat', '')","('', 'bird')",hybrid
684,data/voc2007/VOCdevkit/VOC2007/JPEGImages/006996.jpg,0,"('car', 'person')","('person', 'car')","('person', '')","('', 'car')",hybrid
685,data/voc2007/VOCdevkit/VOC2007/JPEGImages/007403.jpg,0,"('aeroplane', 'person')","('person', 'aeroplane')","('person', '')","('', 'aeroplane')",hybrid
686,data/voc2007/VOCdevkit/VOC2007/JPEGImages/007871.jpg,0,"('', 'car')","('car', 'person')","('car', '')","('', 'person')",negative
687,data/voc2007/VOCdevkit/VOC2007/JPEGImages/002888.jpg,0,"('person and diningtable', '')","('chair', 'person')","('chair', '')","('', 'person')",positive
688,data/voc2007/VOCdevkit/VOC2007/JPEGImages/004964.jpg,0,"('', 'diningtable')","('diningtable', 'person')","('diningtable', '')","('', 'person')",negative
689,data/voc2007/VOCdevkit/VOC2007/JPEGImages/004516.jpg,0,"('person', 'chair')","('chair', 'person')","('chair', '')","('', 'person')",hybrid
690,data/voc2007/VOCdevkit/VOC2007/JPEGImages/008571.jpg,0,"('', 'car')","('car', 'boat')","('car', '')","('', 'boat')",negative
691,data/voc2007/VOCdevkit/VOC2007/JPEGImages/008903.jpg,0,"('', 'person')","('person', 'car')","('person', '')","('', 'car')",negative
692,data/voc2007/VOCdevkit/VOC2007/JPEGImages/005356.jpg,0,"('', 'chair')","('chair', 'cat')","('chair', '')","('', 'cat')",negative
693,data/voc2007/VOCdevkit/VOC2007/JPEGImages/005883.jpg,0,"('', 'person')","('person', 'bird')","('person', '')","('', 'bird')",negative
694,data/voc2007/VOCdevkit/VOC2007/JPEGImages/009750.jpg,0,"('', 'chair')","('chair', 'person')","('chair', '')","('', 'person')",negative
695,data/voc2007/VOCdevkit/VOC2007/JPEGImages/005737.jpg,0,"('person and bus', '')","('car', 'person')","('car', '')","('', 'person')",positive
696,data/voc2007/VOCdevkit/VOC2007/JPEGImages/000069.jpg,0,"('', 'chair')","('chair', 'person')","('chair', '')","('', 'person')",negative
697,data/voc2007/VOCdevkit/VOC2007/JPEGImages/001629.jpg,0,"('sofa and chair', '')","('car', 'sofa')","('car', '')","('', 'sofa')",positive
698,data/voc2007/VOCdevkit/VOC2007/JPEGImages/004177.jpg,0,"('horse and person', '')","('chair', 'horse')","('chair', '')","('', 'horse')",positive
699,data/voc2007/VOCdevkit/VOC2007/JPEGImages/008110.jpg,0,"('person', 'diningtable')","('diningtable', 'person')","('diningtable', '')","('', 'person')",hybrid
700,data/voc2007/VOCdevkit/VOC2007/JPEGImages/000922.jpg,0,"('', 'chair')","('chair', 'person')","('chair', '')","('', 'person')",negative
701,data/voc2007/VOCdevkit/VOC2007/JPEGImages/003445.jpg,0,"('aeroplane', 'person')","('person', 'aeroplane')","('person', '')","('', 'aeroplane')",hybrid
702,data/voc2007/VOCdevkit/VOC2007/JPEGImages/002205.jpg,0,"('cat', 'person')","('person', 'cat')","('person', '')","('', 'cat')",hybrid
703,data/voc2007/VOCdevkit/VOC2007/JPEGImages/007929.jpg,0,"('', 'car')","('car', 'person')","('car', '')","('', 'person')",negative
704,data/voc2007/VOCdevkit/VOC2007/JPEGImages/009608.jpg,0,"('', 'person')","('person', 'bird')","('person', '')","('', 'bird')",negative
705,data/voc2007/VOCdevkit/VOC2007/JPEGImages/000696.jpg,0,"('', 'chair')","('chair', 'person')","('chair', '')","('', 'person')",negative
706,data/voc2007/VOCdevkit/VOC2007/JPEGImages/008099.jpg,0,"('boat and person', '')","('car', 'boat')","('car', '')","('', 'boat')",positive
707,data/voc2007/VOCdevkit/VOC2007/JPEGImages/004759.jpg,0,"('', 'tvmonitor')","('tvmonitor', 'cat')","('tvmonitor', '')","('', 'cat')",negative
708,data/voc2007/VOCdevkit/VOC2007/JPEGImages/001007.jpg,0,"('tvmonitor', 'person')","('person', 'tvmonitor')","('person', '')","('', 'tvmonitor')",hybrid
709,data/voc2007/VOCdevkit/VOC2007/JPEGImages/005119.jpg,0,"('', 'car')","('car', 'bicycle')","('car', '')","('', 'bicycle')",negative
710,data/voc2007/VOCdevkit/VOC2007/JPEGImages/002573.jpg,0,"('', 'car')","('car', 'person')","('car', '')","('', 'person')",negative
711,data/voc2007/VOCdevkit/VOC2007/JPEGImages/003494.jpg,0,"('person', 'car')","('car', 'person')","('car', '')","('', 'person')",hybrid
712,data/voc2007/VOCdevkit/VOC2007/JPEGImages/003333.jpg,0,"('', 'car')","('car', 'motorbike')","('car', '')","('', 'motorbike')",negative
713,data/voc2007/VOCdevkit/VOC2007/JPEGImages/005578.jpg,0,"('', 'dog')","('dog', 'sheep')","('dog', '')","('', 'sheep')",negative
714,data/voc2007/VOCdevkit/VOC2007/JPEGImages/000226.jpg,0,"('person and chair', '')","('sofa', 'person')","('sofa', '')","('', 'person')",positive
715,data/voc2007/VOCdevkit/VOC2007/JPEGImages/001814.jpg,0,"('', 'diningtable')","('diningtable', 'chair')","('diningtable', '')","('', 'chair')",negative
716,data/voc2007/VOCdevkit/VOC2007/JPEGImages/003676.jpg,0,"('pottedplant and chair', '')","('person', 'pottedplant')","('person', '')","('', 'pottedplant')",positive
717,data/voc2007/VOCdevkit/VOC2007/JPEGImages/001123.jpg,0,"('dog', 'sofa')","('sofa', 'dog')","('sofa', '')","('', 'dog')",hybrid
718,data/voc2007/VOCdevkit/VOC2007/JPEGImages/007309.jpg,0,"('bicycle', 'car')","('car', 'bicycle')","('car', '')","('', 'bicycle')",hybrid
719,data/voc2007/VOCdevkit/VOC2007/JPEGImages/002825.jpg,0,"('bird', 'boat')","('boat', 'bird')","('boat', '')","('', 'bird')",hybrid
720,data/voc2007/VOCdevkit/VOC2007/JPEGImages/002457.jpg,0,"('train', 'person')","('person', 'train')","('person', '')","('', 'train')",hybrid
721,data/voc2007/VOCdevkit/VOC2007/JPEGImages/003217.jpg,0,"('', 'chair')","('chair', 'person')","('chair', '')","('', 'person')",negative
722,data/voc2007/VOCdevkit/VOC2007/JPEGImages/009849.jpg,0,"('car', 'person')","('person', 'car')","('person', '')","('', 'car')",hybrid
723,data/voc2007/VOCdevkit/VOC2007/JPEGImages/001542.jpg,0,"('cat and person', '')","('car', 'cat')","('car', '')","('', 'cat')",positive
724,data/voc2007/VOCdevkit/VOC2007/JPEGImages/004918.jpg,0,"('person', 'car')","('car', 'person')","('car', '')","('', 'person')",hybrid
725,data/voc2007/VOCdevkit/VOC2007/JPEGImages/006598.jpg,0,"('', 'car')","('car', 'person')","('car', '')","('', 'person')",negative
726,data/voc2007/VOCdevkit/VOC2007/JPEGImages/003561.jpg,0,"('', 'person')","('person', 'diningtable')","('person', '')","('', 'diningtable')",negative
727,data/voc2007/VOCdevkit/VOC2007/JPEGImages/002486.jpg,0,"('', 'person')","('person', 'bird')","('person', '')","('', 'bird')",negative
728,data/voc2007/VOCdevkit/VOC2007/JPEGImages/000015.jpg,0,"('bicycle', 'car')","('car', 'bicycle')","('car', '')","('', 'bicycle')",hybrid
729,data/voc2007/VOCdevkit/VOC2007/JPEGImages/001655.jpg,0,"('', 'person')","('person', 'dog')","('person', '')","('', 'dog')",negative
730,data/voc2007/VOCdevkit/VOC2007/JPEGImages/002740.jpg,0,"('cat', 'person')","('person', 'cat')","('person', '')","('', 'cat')",hybrid
731,data/voc2007/VOCdevkit/VOC2007/JPEGImages/007955.jpg,0,"('', 'chair')","('chair', 'person')","('chair', '')","('', 'person')",negative
732,data/voc2007/VOCdevkit/VOC2007/JPEGImages/004395.jpg,0,"('person', 'car')","('car', 'person')","('car', '')","('', 'person')",hybrid
733,data/voc2007/VOCdevkit/VOC2007/JPEGImages/008827.jpg,0,"('', 'person')","('person', 'dog')","('person', '')","('', 'dog')",negative
734,data/voc2007/VOCdevkit/VOC2007/JPEGImages/008455.jpg,0,"('person and motorbike', '')","('chair', 'person')","('chair', '')","('', 'person')",positive
735,data/voc2007/VOCdevkit/VOC2007/JPEGImages/005272.jpg,0,"('', 'car')","('car', 'boat')","('car', '')","('', 'boat')",negative
736,data/voc2007/VOCdevkit/VOC2007/JPEGImages/009674.jpg,0,"('motorbike and person', '')","('chair', 'motorbike')","('chair', '')","('', 'motorbike')",positive
737,data/voc2007/VOCdevkit/VOC2007/JPEGImages/004053.jpg,0,"('sofa', 'person')","('person', 'sofa')","('person', '')","('', 'sofa')",hybrid
738,data/voc2007/VOCdevkit/VOC2007/JPEGImages/008034.jpg,0,"('motorbike and person', '')","('chair', 'motorbike')","('chair', '')","('', 'motorbike')",positive
739,data/voc2007/VOCdevkit/VOC2007/JPEGImages/004725.jpg,0,"('person and motorbike', '')","('car', 'person')","('car', '')","('', 'person')",positive
740,data/voc2007/VOCdevkit/VOC2007/JPEGImages/005165.jpg,0,"('', 'person')","('person', 'dog')","('person', '')","('', 'dog')",negative
741,data/voc2007/VOCdevkit/VOC2007/JPEGImages/009102.jpg,0,"('boat and bird', '')","('car', 'boat')","('car', '')","('', 'boat')",positive
742,data/voc2007/VOCdevkit/VOC2007/JPEGImages/007630.jpg,0,"('', 'person')","('person', 'bird')","('person', '')","('', 'bird')",negative
743,data/voc2007/VOCdevkit/VOC2007/JPEGImages/005504.jpg,0,"('train', 'car')","('car', 'train')","('car', '')","('', 'train')",hybrid
744,data/voc2007/VOCdevkit/VOC2007/JPEGImages/005976.jpg,0,"('pottedplant and chair', '')","('diningtable', 'pottedplant')","('diningtable', '')","('', 'pottedplant')",positive
745,data/voc2007/VOCdevkit/VOC2007/JPEGImages/009563.jpg,0,"('person', 'chair')","('chair', 'person')","('chair', '')","('', 'person')",hybrid
746,data/voc2007/VOCdevkit/VOC2007/JPEGImages/001868.jpg,0,"('chair and sofa', '')","('person', 'chair')","('person', '')","('', 'chair')",positive
747,data/voc2007/VOCdevkit/VOC2007/JPEGImages/004344.jpg,0,"('bicycle and person', '')","('car', 'bicycle')","('car', '')","('', 'bicycle')",positive
748,data/voc2007/VOCdevkit/VOC2007/JPEGImages/004891.jpg,0,"('car', 'bus')","('bus', 'car')","('bus', '')","('', 'car')",hybrid
749,data/voc2007/VOCdevkit/VOC2007/JPEGImages/007251.jpg,0,"('', 'chair')","('chair', 'person')","('chair', '')","('', 'person')",negative
750,data/voc2007/VOCdevkit/VOC2007/JPEGImages/006863.jpg,0,"('person', 'car')","('car', 'person')","('car', '')","('', 'person')",hybrid
751,data/voc2007/VOCdevkit/VOC2007/JPEGImages/002044.jpg,0,"('', 'boat')","('boat', 'bird')","('boat', '')","('', 'bird')",negative
752,data/voc2007/VOCdevkit/VOC2007/JPEGImages/009028.jpg,0,"('person and bicycle', '')","('car', 'person')","('car', '')","('', 'person')",positive
753,data/voc2007/VOCdevkit/VOC2007/JPEGImages/008668.jpg,0,"('', 'person')","('person', 'car')","('person', '')","('', 'car')",negative
754,data/voc2007/VOCdevkit/VOC2007/JPEGImages/003265.jpg,0,"('car', 'bus')","('bus', 'car')","('bus', '')","('', 'car')",hybrid
755,data/voc2007/VOCdevkit/VOC2007/JPEGImages/002857.jpg,0,"('person and bottle', '')","('car', 'person')","('car', '')","('', 'person')",positive
756,data/voc2007/VOCdevkit/VOC2007/JPEGImages/001297.jpg,0,"('', 'car')","('car', 'person')","('car', '')","('', 'person')",negative
757,data/voc2007/VOCdevkit/VOC2007/JPEGImages/001530.jpg,0,"('bird', 'boat')","('boat', 'bird')","('boat', '')","('', 'bird')",hybrid
758,data/voc2007/VOCdevkit/VOC2007/JPEGImages/001942.jpg,0,"('person and chair', '')","('diningtable', 'person')","('diningtable', '')","('', 'person')",positive
759,data/voc2007/VOCdevkit/VOC2007/JPEGImages/009449.jpg,0,"('dog', 'sofa')","('sofa', 'dog')","('sofa', '')","('', 'dog')",hybrid
760,data/voc2007/VOCdevkit/VOC2007/JPEGImages/009498.jpg,0,"('bus and person', '')","('chair', 'bus')","('chair', '')","('', 'bus')",positive
761,data/voc2007/VOCdevkit/VOC2007/JPEGImages/001246.jpg,0,"('', 'person')","('person', 'chair')","('person', '')","('', 'chair')",negative
762,data/voc2007/VOCdevkit/VOC2007/JPEGImages/001993.jpg,0,"('sofa', 'car')","('car', 'sofa')","('car', '')","('', 'sofa')",hybrid
763,data/voc2007/VOCdevkit/VOC2007/JPEGImages/002353.jpg,0,"('', 'diningtable')","('diningtable', 'chair')","('diningtable', '')","('', 'chair')",negative
764,data/voc2007/VOCdevkit/VOC2007/JPEGImages/003513.jpg,0,"('', 'car')","('car', 'train')","('car', '')","('', 'train')",negative
765,data/voc2007/VOCdevkit/VOC2007/JPEGImages/006998.jpg,0,"('dog', 'sofa')","('sofa', 'dog')","('sofa', '')","('', 'dog')",hybrid
766,data/voc2007/VOCdevkit/VOC2007/JPEGImages/004179.jpg,0,"('person', 'chair')","('chair', 'person')","('chair', '')","('', 'person')",hybrid
767,data/voc2007/VOCdevkit/VOC2007/JPEGImages/001180.jpg,0,"('', 'car')","('car', 'pottedplant')","('car', '')","('', 'pottedplant')",negative
768,data/voc2007/VOCdevkit/VOC2007/JPEGImages/005739.jpg,0,"('person and bus', '')","('horse', 'person')","('horse', '')","('', 'person')",positive
769,data/voc2007/VOCdevkit/VOC2007/JPEGImages/000067.jpg,0,"('', 'car')","('car', 'aeroplane')","('car', '')","('', 'aeroplane')",negative
770,data/voc2007/VOCdevkit/VOC2007/JPEGImages/003172.jpg,0,"('person', 'chair')","('chair', 'person')","('chair', '')","('', 'person')",hybrid
771,data/voc2007/VOCdevkit/VOC2007/JPEGImages/007927.jpg,0,"('', 'horse')","('horse', 'car')","('horse', '')","('', 'car')",negative
772,data/voc2007/VOCdevkit/VOC2007/JPEGImages/006315.jpg,0,"('dog', 'sofa')","('sofa', 'dog')","('sofa', '')","('', 'dog')",hybrid
773,data/voc2007/VOCdevkit/VOC2007/JPEGImages/003839.jpg,0,"('person', 'chair')","('chair', 'person')","('chair', '')","('', 'person')",hybrid
774,data/voc2007/VOCdevkit/VOC2007/JPEGImages/005200.jpg,0,"('cat', 'person')","('person', 'cat')","('person', '')","('', 'cat')",hybrid
775,data/voc2007/VOCdevkit/VOC2007/JPEGImages/009267.jpg,0,"('', 'bus')","('bus', 'car')","('bus', '')","('', 'car')",negative
776,data/voc2007/VOCdevkit/VOC2007/JPEGImages/008855.jpg,0,"('', 'person')","('person', 'train')","('person', '')","('', 'train')",negative
777,data/voc2007/VOCdevkit/VOC2007/JPEGImages/004440.jpg,0,"('sofa', 'car')","('car', 'sofa')","('car', '')","('', 'sofa')",hybrid
778,data/voc2007/VOCdevkit/VOC2007/JPEGImages/008380.jpg,0,"('pottedplant and sofa', '')","('person', 'pottedplant')","('person', '')","('', 'pottedplant')",positive
779,data/voc2007/VOCdevkit/VOC2007/JPEGImages/006774.jpg,0,"('', 'person')","('person', 'cat')","('person', '')","('', 'cat')",negative
780,data/voc2007/VOCdevkit/VOC2007/JPEGImages/007134.jpg,0,"('person', 'chair')","('chair', 'person')","('chair', '')","('', 'person')",hybrid
781,data/voc2007/VOCdevkit/VOC2007/JPEGImages/007693.jpg,0,"('', 'person')","('person', 'car')","('person', '')","('', 'car')",negative
782,data/voc2007/VOCdevkit/VOC2007/JPEGImages/008046.jpg,0,"('bicycle', 'car')","('car', 'bicycle')","('car', '')","('', 'bicycle')",hybrid
783,data/voc2007/VOCdevkit/VOC2007/JPEGImages/004021.jpg,0,"('dog', 'sofa')","('sofa', 'dog')","('sofa', '')","('', 'dog')",hybrid
784,data/voc2007/VOCdevkit/VOC2007/JPEGImages/005661.jpg,0,"('diningtable and chair', '')","('person', 'diningtable')","('person', '')","('', 'diningtable')",positive
785,data/voc2007/VOCdevkit/VOC2007/JPEGImages/009606.jpg,0,"('', 'sofa')","('sofa', 'chair')","('sofa', '')","('', 'chair')",negative
786,data/voc2007/VOCdevkit/VOC2007/JPEGImages/000698.jpg,0,"('', 'chair')","('chair', 'pottedplant')","('chair', '')","('', 'pottedplant')",negative
787,data/voc2007/VOCdevkit/VOC2007/JPEGImages/009170.jpg,0,"('cow', 'car')","('car', 'cow')","('car', '')","('', 'cow')",hybrid
788,data/voc2007/VOCdevkit/VOC2007/JPEGImages/000649.jpg,0,"('person', 'horse')","('horse', 'person')","('horse', '')","('', 'person')",hybrid
789,data/voc2007/VOCdevkit/VOC2007/JPEGImages/005117.jpg,0,"('', 'car')","('car', 'dog')","('car', '')","('', 'dog')",negative
790,data/voc2007/VOCdevkit/VOC2007/JPEGImages/008097.jpg,0,"('bird', 'boat')","('boat', 'bird')","('boat', '')","('', 'bird')",hybrid
791,data/voc2007/VOCdevkit/VOC2007/JPEGImages/004757.jpg,0,"('', 'boat')","('boat', 'bird')","('boat', '')","('', 'bird')",negative
792,data/voc2007/VOCdevkit/VOC2007/JPEGImages/006002.jpg,0,"('horse and person', '')","('chair', 'horse')","('chair', '')","('', 'horse')",positive
793,data/voc2007/VOCdevkit/VOC2007/JPEGImages/004491.jpg,0,"('person', 'car')","('car', 'person')","('car', '')","('', 'person')",hybrid
794,data/voc2007/VOCdevkit/VOC2007/JPEGImages/004336.jpg,0,"('person', 'chair')","('chair', 'person')","('chair', '')","('', 'person')",hybrid
795,data/voc2007/VOCdevkit/VOC2007/JPEGImages/009963.jpg,0,"('', 'person')","('person', 'car')","('person', '')","('', 'car')",negative
796,data/voc2007/VOCdevkit/VOC2007/JPEGImages/009511.jpg,0,"('chair and person', '')","('diningtable', 'chair')","('diningtable', '')","('', 'chair')",positive
797,data/voc2007/VOCdevkit/VOC2007/JPEGImages/005904.jpg,0,"('car', 'bus')","('bus', 'car')","('bus', '')","('', 'car')",hybrid
798,data/voc2007/VOCdevkit/VOC2007/JPEGImages/006811.jpg,0,"('person and horse', '')","('car', 'person')","('car', '')","('', 'person')",positive
799,data/voc2007/VOCdevkit/VOC2007/JPEGImages/007584.jpg,0,"('', 'chair')","('chair', 'person')","('chair', '')","('', 'person')",negative
800,data/voc2007/VOCdevkit/VOC2007/JPEGImages/009054.jpg,0,"('', 'boat')","('boat', 'bird')","('boat', '')","('', 'bird')",negative
801,data/voc2007/VOCdevkit/VOC2007/JPEGImages/008614.jpg,0,"('sofa', 'chair')","('chair', 'sofa')","('chair', '')","('', 'sofa')",hybrid
802,data/voc2007/VOCdevkit/VOC2007/JPEGImages/002038.jpg,0,"('', 'person')","('person', 'cat')","('person', '')","('', 'cat')",negative
803,data/voc2007/VOCdevkit/VOC2007/JPEGImages/007766.jpg,0,"('horse and person', '')","('chair', 'horse')","('chair', '')","('', 'horse')",positive
804,data/voc2007/VOCdevkit/VOC2007/JPEGImages/006126.jpg,0,"('sofa and chair', '')","('diningtable', 'sofa')","('diningtable', '')","('', 'sofa')",positive
805,data/voc2007/VOCdevkit/VOC2007/JPEGImages/009435.jpg,0,"('sofa', 'person')","('person', 'sofa')","('person', '')","('', 'sofa')",hybrid
806,data/voc2007/VOCdevkit/VOC2007/JPEGImages/009847.jpg,0,"('', 'horse')","('horse', 'person')","('horse', '')","('', 'person')",negative
807,data/voc2007/VOCdevkit/VOC2007/JPEGImages/005820.jpg,0,"('', 'person')","('person', 'cat')","('person', '')","('', 'cat')",negative
808,data/voc2007/VOCdevkit/VOC2007/JPEGImages/005452.jpg,0,"('cat', 'tvmonitor')","('tvmonitor', 'cat')","('tvmonitor', '')","('', 'cat')",hybrid
809,data/voc2007/VOCdevkit/VOC2007/JPEGImages/007307.jpg,0,"('motorbike', 'chair')","('chair', 'motorbike')","('chair', '')","('', 'motorbike')",hybrid
810,data/voc2007/VOCdevkit/VOC2007/JPEGImages/002488.jpg,0,"('person and motorbike', '')","('car', 'person')","('car', '')","('', 'person')",positive
811,data/voc2007/VOCdevkit/VOC2007/JPEGImages/007471.jpg,0,"('', 'chair')","('chair', 'person')","('chair', '')","('', 'person')",negative
812,data/voc2007/VOCdevkit/VOC2007/JPEGImages/006596.jpg,0,"('', 'person')","('person', 'cat')","('person', '')","('', 'cat')",negative
813,data/voc2007/VOCdevkit/VOC2007/JPEGImages/006231.jpg,0,"('pottedplant', 'chair')","('chair', 'pottedplant')","('chair', '')","('', 'pottedplant')",hybrid
814,data/voc2007/VOCdevkit/VOC2007/JPEGImages/005324.jpg,0,"('sheep', 'dog')","('dog', 'sheep')","('dog', '')","('', 'sheep')",hybrid
815,data/voc2007/VOCdevkit/VOC2007/JPEGImages/004564.jpg,0,"('', 'chair')","('chair', 'horse')","('chair', '')","('', 'horse')",negative
816,data/voc2007/VOCdevkit/VOC2007/JPEGImages/006650.jpg,0,"('', 'person')","('person', 'bird')","('person', '')","('', 'bird')",negative
817,data/voc2007/VOCdevkit/VOC2007/JPEGImages/007010.jpg,0,"('bicycle', 'car')","('car', 'bicycle')","('car', '')","('', 'bicycle')",hybrid
818,data/voc2007/VOCdevkit/VOC2007/JPEGImages/008162.jpg,0,"('sofa', 'person')","('person', 'sofa')","('person', '')","('', 'sofa')",hybrid
819,data/voc2007/VOCdevkit/VOC2007/JPEGImages/005745.jpg,0,"('chair and person', '')","('car', 'chair')","('car', '')","('', 'chair')",positive
820,data/voc2007/VOCdevkit/VOC2007/JPEGImages/009722.jpg,0,"('person and horse', '')","('car', 'person')","('car', '')","('', 'person')",positive
821,data/voc2007/VOCdevkit/VOC2007/JPEGImages/008829.jpg,0,"('person and car', '')","('horse', 'person')","('horse', '')","('', 'person')",positive
822,data/voc2007/VOCdevkit/VOC2007/JPEGImages/007529.jpg,0,"('bicycle', 'car')","('car', 'bicycle')","('car', '')","('', 'bicycle')",hybrid
823,data/voc2007/VOCdevkit/VOC2007/JPEGImages/003437.jpg,0,"('', 'chair')","('chair', 'sofa')","('chair', '')","('', 'sofa')",negative
824,data/voc2007/VOCdevkit/VOC2007/JPEGImages/001703.jpg,0,"('person', 'chair')","('chair', 'person')","('chair', '')","('', 'person')",hybrid
825,data/voc2007/VOCdevkit/VOC2007/JPEGImages/002616.jpg,0,"('', 'person')","('person', 'cat')","('person', '')","('', 'cat')",negative
826,data/voc2007/VOCdevkit/VOC2007/JPEGImages/002160.jpg,0,"('', 'person')","('person', 'dog')","('person', '')","('', 'dog')",negative
827,data/voc2007/VOCdevkit/VOC2007/JPEGImages/007199.jpg,0,"('cat', 'person')","('person', 'cat')","('person', '')","('', 'cat')",hybrid
828,data/voc2007/VOCdevkit/VOC2007/JPEGImages/003720.jpg,0,"('person', 'chair')","('chair', 'person')","('chair', '')","('', 'person')",hybrid
829,data/voc2007/VOCdevkit/VOC2007/JPEGImages/003087.jpg,0,"('', 'person')","('person', 'sheep')","('person', '')","('', 'sheep')",negative
830,data/voc2007/VOCdevkit/VOC2007/JPEGImages/001075.jpg,0,"('dog and cat', '')","('person', 'dog')","('person', '')","('', 'dog')",positive
831,data/voc2007/VOCdevkit/VOC2007/JPEGImages/003341.jpg,0,"('chair and person', '')","('car', 'chair')","('car', '')","('', 'chair')",positive
832,data/voc2007/VOCdevkit/VOC2007/JPEGImages/003894.jpg,0,"('chair and diningtable', '')","('person', 'chair')","('person', '')","('', 'chair')",positive
833,data/voc2007/VOCdevkit/VOC2007/JPEGImages/002973.jpg,0,"('', 'sofa')","('sofa', 'dog')","('sofa', '')","('', 'dog')",negative
834,data/voc2007/VOCdevkit/VOC2007/JPEGImages/001866.jpg,0,"('dog', 'chair')","('chair', 'dog')","('chair', '')","('', 'dog')",hybrid
835,data/voc2007/VOCdevkit/VOC2007/JPEGImages/005978.jpg,0,"('bus', 'car')","('car', 'bus')","('car', '')","('', 'bus')",hybrid
836,data/voc2007/VOCdevkit/VOC2007/JPEGImages/000254.jpg,0,"('car', 'person')","('person', 'car')","('person', '')","('', 'car')",hybrid
837,data/voc2007/VOCdevkit/VOC2007/JPEGImages/000981.jpg,0,"('', 'diningtable')","('diningtable', 'person')","('diningtable', '')","('', 'person')",negative
838,data/voc2007/VOCdevkit/VOC2007/JPEGImages/008613.jpg,0,"('', 'person')","('person', 'dog')","('person', '')","('', 'dog')",negative
839,data/voc2007/VOCdevkit/VOC2007/JPEGImages/005793.jpg,0,"('car', 'person')","('person', 'car')","('person', '')","('', 'car')",hybrid
840,data/voc2007/VOCdevkit/VOC2007/JPEGImages/005034.jpg,0,"('', 'person')","('person', 'aeroplane')","('person', '')","('', 'aeroplane')",negative
841,data/voc2007/VOCdevkit/VOC2007/JPEGImages/006686.jpg,0,"('person and sofa', '')","('car', 'person')","('car', '')","('', 'person')",positive
842,data/voc2007/VOCdevkit/VOC2007/JPEGImages/006121.jpg,0,"('car', 'bus')","('bus', 'car')","('bus', '')","('', 'car')",hybrid
843,data/voc2007/VOCdevkit/VOC2007/JPEGImages/007761.jpg,0,"('car', 'chair')","('chair', 'car')","('chair', '')","('', 'car')",hybrid
844,data/voc2007/VOCdevkit/VOC2007/JPEGImages/009395.jpg,0,"('bird', 'boat')","('boat', 'bird')","('boat', '')","('', 'bird')",hybrid
845,data/voc2007/VOCdevkit/VOC2007/JPEGImages/009840.jpg,0,"('', 'chair')","('chair', 'tvmonitor')","('chair', '')","('', 'tvmonitor')",negative
846,data/voc2007/VOCdevkit/VOC2007/JPEGImages/005827.jpg,0,"('tvmonitor', 'person')","('person', 'tvmonitor')","('person', '')","('', 'tvmonitor')",hybrid
847,data/voc2007/VOCdevkit/VOC2007/JPEGImages/001939.jpg,0,"('horse', 'car')","('car', 'horse')","('car', '')","('', 'horse')",hybrid
848,data/voc2007/VOCdevkit/VOC2007/JPEGImages/006540.jpg,0,"('', 'chair')","('chair', 'horse')","('chair', '')","('', 'horse')",negative
849,data/voc2007/VOCdevkit/VOC2007/JPEGImages/003568.jpg,0,"('', 'person')","('person', 'train')","('person', '')","('', 'train')",negative
850,data/voc2007/VOCdevkit/VOC2007/JPEGImages/006591.jpg,0,"('', 'car')","('car', 'person')","('car', '')","('', 'person')",negative
851,data/voc2007/VOCdevkit/VOC2007/JPEGImages/007804.jpg,0,"('', 'car')","('car', 'train')","('car', '')","('', 'train')",negative
852,data/voc2007/VOCdevkit/VOC2007/JPEGImages/007476.jpg,0,"('bird and person', '')","('car', 'bird')","('car', '')","('', 'bird')",positive
853,data/voc2007/VOCdevkit/VOC2007/JPEGImages/008504.jpg,0,"('', 'person')","('person', 'car')","('person', '')","('', 'car')",negative
854,data/voc2007/VOCdevkit/VOC2007/JPEGImages/005323.jpg,0,"('person and chair', '')","('diningtable', 'person')","('diningtable', '')","('', 'person')",positive
855,data/voc2007/VOCdevkit/VOC2007/JPEGImages/009344.jpg,0,"('', 'chair')","('chair', 'person')","('chair', '')","('', 'person')",negative
856,data/voc2007/VOCdevkit/VOC2007/JPEGImages/005484.jpg,0,"('car and bus', '')","('motorbike', 'car')","('motorbike', '')","('', 'car')",positive
857,data/voc2007/VOCdevkit/VOC2007/JPEGImages/009891.jpg,0,"('', 'person')","('person', 'bottle')","('person', '')","('', 'bottle')",negative
858,data/voc2007/VOCdevkit/VOC2007/JPEGImages/007017.jpg,0,"('', 'car')","('car', 'person')","('car', '')","('', 'person')",negative
859,data/voc2007/VOCdevkit/VOC2007/JPEGImages/003109.jpg,0,"('car', 'bus')","('bus', 'car')","('bus', '')","('', 'car')",hybrid
860,data/voc2007/VOCdevkit/VOC2007/JPEGImages/009725.jpg,0,"('', 'car')","('car', 'bicycle')","('car', '')","('', 'bicycle')",negative
861,data/voc2007/VOCdevkit/VOC2007/JPEGImages/009082.jpg,0,"('cow', 'person')","('person', 'cow')","('person', '')","('', 'cow')",hybrid
862,data/voc2007/VOCdevkit/VOC2007/JPEGImages/008165.jpg,0,"('train', 'person')","('person', 'train')","('person', '')","('', 'train')",hybrid
863,data/voc2007/VOCdevkit/VOC2007/JPEGImages/000957.jpg,0,"('dog', 'person')","('person', 'dog')","('person', '')","('', 'dog')",hybrid
864,data/voc2007/VOCdevkit/VOC2007/JPEGImages/003842.jpg,0,"('bottle', 'diningtable')","('diningtable', 'bottle')","('diningtable', '')","('', 'bottle')",hybrid
865,data/voc2007/VOCdevkit/VOC2007/JPEGImages/000144.jpg,0,"('', 'sofa')","('sofa', 'diningtable')","('sofa', '')","('', 'diningtable')",negative
866,data/voc2007/VOCdevkit/VOC2007/JPEGImages/000144.jpg,0,"('bottle and diningtable', '')","('sofa', 'bottle')","('sofa', '')","('', 'bottle')",positive
867,data/voc2007/VOCdevkit/VOC2007/JPEGImages/001704.jpg,0,"('tvmonitor', 'person')","('person', 'tvmonitor')","('person', '')","('', 'tvmonitor')",hybrid
868,data/voc2007/VOCdevkit/VOC2007/JPEGImages/003080.jpg,0,"('', 'person')","('person', 'cat')","('person', '')","('', 'cat')",negative
869,data/voc2007/VOCdevkit/VOC2007/JPEGImages/002167.jpg,0,"('chair', 'sofa')","('sofa', 'chair')","('sofa', '')","('', 'chair')",hybrid
870,data/voc2007/VOCdevkit/VOC2007/JPEGImages/000195.jpg,0,"('', 'car')","('car', 'bus')","('car', '')","('', 'bus')",negative
871,data/voc2007/VOCdevkit/VOC2007/JPEGImages/002974.jpg,0,"('chair and person', '')","('sofa', 'chair')","('sofa', '')","('', 'chair')",positive
872,data/voc2007/VOCdevkit/VOC2007/JPEGImages/002506.jpg,0,"('', 'diningtable')","('diningtable', 'chair')","('diningtable', '')","('', 'chair')",negative
873,data/voc2007/VOCdevkit/VOC2007/JPEGImages/003893.jpg,0,"('', 'horse')","('horse', 'car')","('horse', '')","('', 'car')",negative
874,data/voc2007/VOCdevkit/VOC2007/JPEGImages/003346.jpg,0,"('bicycle', 'chair')","('chair', 'bicycle')","('chair', '')","('', 'bicycle')",hybrid
875,data/voc2007/VOCdevkit/VOC2007/JPEGImages/000986.jpg,0,"('', 'chair')","('chair', 'horse')","('chair', '')","('', 'horse')",negative
876,data/voc2007/VOCdevkit/VOC2007/JPEGImages/000253.jpg,0,"('', 'car')","('car', 'train')","('car', '')","('', 'train')",negative
877,data/voc2007/VOCdevkit/VOC2007/JPEGImages/004608.jpg,0,"('', 'car')","('car', 'cow')","('car', '')","('', 'cow')",negative
878,data/voc2007/VOCdevkit/VOC2007/JPEGImages/000716.jpg,0,"('', 'person')","('person', 'dog')","('person', '')","('', 'dog')",negative
879,data/voc2007/VOCdevkit/VOC2007/JPEGImages/005048.jpg,0,"('', 'car')","('car', 'bicycle')","('car', '')","('', 'bicycle')",negative
880,data/voc2007/VOCdevkit/VOC2007/JPEGImages/009788.jpg,0,"('tvmonitor and bicycle', '')","('chair', 'tvmonitor')","('chair', '')","('', 'tvmonitor')",positive
881,data/voc2007/VOCdevkit/VOC2007/JPEGImages/002422.jpg,0,"('', 'chair')","('chair', 'pottedplant')","('chair', '')","('', 'pottedplant')",negative
882,data/voc2007/VOCdevkit/VOC2007/JPEGImages/002850.jpg,0,"('chair', 'diningtable')","('diningtable', 'chair')","('diningtable', '')","('', 'chair')",hybrid
883,data/voc2007/VOCdevkit/VOC2007/JPEGImages/000377.jpg,0,"('diningtable and person', '')","('sofa', 'diningtable')","('sofa', '')","('', 'diningtable')",positive
884,data/voc2007/VOCdevkit/VOC2007/JPEGImages/001994.jpg,0,"('', 'person')","('person', 'aeroplane')","('person', '')","('', 'aeroplane')",negative
885,data/voc2007/VOCdevkit/VOC2007/JPEGImages/008578.jpg,0,"('person', 'chair')","('chair', 'person')","('chair', '')","('', 'person')",hybrid
886,data/voc2007/VOCdevkit/VOC2007/JPEGImages/000873.jpg,0,"('motorbike', 'car')","('car', 'motorbike')","('car', '')","('', 'motorbike')",hybrid
887,data/voc2007/VOCdevkit/VOC2007/JPEGImages/000401.jpg,0,"('', 'tvmonitor')","('tvmonitor', 'cat')","('tvmonitor', '')","('', 'cat')",negative
888,data/voc2007/VOCdevkit/VOC2007/JPEGImages/009338.jpg,0,"('', 'car')","('car', 'motorbike')","('car', '')","('', 'motorbike')",negative
889,data/voc2007/VOCdevkit/VOC2007/JPEGImages/003514.jpg,0,"('', 'person')","('person', 'bird')","('person', '')","('', 'bird')",negative
890,data/voc2007/VOCdevkit/VOC2007/JPEGImages/005099.jpg,0,"('car', 'person')","('person', 'car')","('person', '')","('', 'car')",hybrid
891,data/voc2007/VOCdevkit/VOC2007/JPEGImages/009759.jpg,0,"('bird', 'boat')","('boat', 'bird')","('boat', '')","('', 'bird')",hybrid
892,data/voc2007/VOCdevkit/VOC2007/JPEGImages/008119.jpg,0,"('sofa', 'chair')","('chair', 'sofa')","('chair', '')","('', 'sofa')",hybrid
893,data/voc2007/VOCdevkit/VOC2007/JPEGImages/001620.jpg,0,"('person and bicycle', '')","('car', 'person')","('car', '')","('', 'person')",positive
894,data/voc2007/VOCdevkit/VOC2007/JPEGImages/002092.jpg,0,"('cow', 'car')","('car', 'cow')","('car', '')","('', 'cow')",hybrid
895,data/voc2007/VOCdevkit/VOC2007/JPEGImages/006312.jpg,0,"('person and bicycle', '')","('car', 'person')","('car', '')","('', 'person')",positive
896,data/voc2007/VOCdevkit/VOC2007/JPEGImages/007552.jpg,0,"('person', 'car')","('car', 'person')","('car', '')","('', 'person')",hybrid
897,data/voc2007/VOCdevkit/VOC2007/JPEGImages/008420.jpg,0,"('', 'sofa')","('sofa', 'dog')","('sofa', '')","('', 'dog')",negative
898,data/voc2007/VOCdevkit/VOC2007/JPEGImages/008852.jpg,0,"('motorbike', 'chair')","('chair', 'motorbike')","('chair', '')","('', 'motorbike')",hybrid
899,data/voc2007/VOCdevkit/VOC2007/JPEGImages/004835.jpg,0,"('bicycle', 'chair')","('chair', 'bicycle')","('chair', '')","('', 'bicycle')",hybrid
900,data/voc2007/VOCdevkit/VOC2007/JPEGImages/004447.jpg,0,"('', 'car')","('car', 'person')","('car', '')","('', 'person')",negative
901,data/voc2007/VOCdevkit/VOC2007/JPEGImages/001319.jpg,0,"('chair', 'diningtable')","('diningtable', 'chair')","('diningtable', '')","('', 'chair')",hybrid
902,data/voc2007/VOCdevkit/VOC2007/JPEGImages/005207.jpg,0,"('', 'boat')","('boat', 'bird')","('boat', '')","('', 'bird')",negative
903,data/voc2007/VOCdevkit/VOC2007/JPEGImages/009260.jpg,0,"('', 'person')","('person', 'train')","('person', '')","('', 'train')",negative
904,data/voc2007/VOCdevkit/VOC2007/JPEGImages/005666.jpg,0,"('', 'horse')","('horse', 'car')","('horse', '')","('', 'car')",negative
905,data/voc2007/VOCdevkit/VOC2007/JPEGImages/009601.jpg,0,"('person', 'chair')","('chair', 'person')","('chair', '')","('', 'person')",hybrid
906,data/voc2007/VOCdevkit/VOC2007/JPEGImages/004781.jpg,0,"('chair', 'person')","('person', 'chair')","('person', '')","('', 'chair')",hybrid
907,data/voc2007/VOCdevkit/VOC2007/JPEGImages/008041.jpg,0,"('', 'diningtable')","('diningtable', 'chair')","('diningtable', '')","('', 'chair')",negative
908,data/voc2007/VOCdevkit/VOC2007/JPEGImages/004026.jpg,0,"('car', 'bus')","('bus', 'car')","('bus', '')","('', 'car')",hybrid
909,data/voc2007/VOCdevkit/VOC2007/JPEGImages/008737.jpg,0,"('', 'tvmonitor')","('tvmonitor', 'cat')","('tvmonitor', '')","('', 'cat')",negative
910,data/voc2007/VOCdevkit/VOC2007/JPEGImages/008090.jpg,0,"('cow', 'car')","('car', 'cow')","('car', '')","('', 'cow')",hybrid
911,data/voc2007/VOCdevkit/VOC2007/JPEGImages/007645.jpg,0,"('person and motorbike', '')","('car', 'person')","('car', '')","('', 'person')",positive
912,data/voc2007/VOCdevkit/VOC2007/JPEGImages/005571.jpg,0,"('motorbike', 'car')","('car', 'motorbike')","('car', '')","('', 'motorbike')",hybrid
913,data/voc2007/VOCdevkit/VOC2007/JPEGImages/008356.jpg,0,"('dog', 'person')","('person', 'dog')","('person', '')","('', 'dog')",hybrid
914,data/voc2007/VOCdevkit/VOC2007/JPEGImages/002908.jpg,0,"('aeroplane', 'person')","('person', 'aeroplane')","('person', '')","('', 'aeroplane')",hybrid
915,data/voc2007/VOCdevkit/VOC2007/JPEGImages/007583.jpg,0,"('dog', 'chair')","('chair', 'dog')","('chair', '')","('', 'dog')",hybrid
916,data/voc2007/VOCdevkit/VOC2007/JPEGImages/006464.jpg,0,"('person', 'chair')","('chair', 'person')","('chair', '')","('', 'person')",hybrid
917,data/voc2007/VOCdevkit/VOC2007/JPEGImages/006816.jpg,0,"('', 'person')","('person', 'sofa')","('person', '')","('', 'sofa')",negative
918,data/voc2007/VOCdevkit/VOC2007/JPEGImages/007785.jpg,0,"('chair and sofa', '')","('car', 'chair')","('car', '')","('', 'chair')",positive
919,data/voc2007/VOCdevkit/VOC2007/JPEGImages/006662.jpg,0,"('', 'car')","('car', 'bottle')","('car', '')","('', 'bottle')",negative
920,data/voc2007/VOCdevkit/VOC2007/JPEGImages/006662.jpg,0,"('', 'sofa')","('sofa', 'bottle')","('sofa', '')","('', 'bottle')",negative
921,data/voc2007/VOCdevkit/VOC2007/JPEGImages/000029.jpg,0,"('', 'sofa')","('sofa', 'dog')","('sofa', '')","('', 'dog')",negative
922,data/voc2007/VOCdevkit/VOC2007/JPEGImages/005777.jpg,0,"('', 'car')","('car', 'person')","('car', '')","('', 'person')",negative
923,data/voc2007/VOCdevkit/VOC2007/JPEGImages/004690.jpg,0,"('person', 'car')","('car', 'person')","('car', '')","('', 'person')",hybrid
924,data/voc2007/VOCdevkit/VOC2007/JPEGImages/001208.jpg,0,"('', 'person')","('person', 'cat')","('person', '')","('', 'cat')",negative
925,data/voc2007/VOCdevkit/VOC2007/JPEGImages/004556.jpg,0,"('', 'car')","('car', 'aeroplane')","('car', '')","('', 'aeroplane')",negative
926,data/voc2007/VOCdevkit/VOC2007/JPEGImages/004924.jpg,0,"('bus', 'person')","('person', 'bus')","('person', '')","('', 'bus')",hybrid
927,data/voc2007/VOCdevkit/VOC2007/JPEGImages/008531.jpg,0,"('train', 'car')","('car', 'train')","('car', '')","('', 'train')",hybrid
928,data/voc2007/VOCdevkit/VOC2007/JPEGImages/005316.jpg,0,"('person', 'chair')","('chair', 'person')","('chair', '')","('', 'person')",hybrid
929,data/voc2007/VOCdevkit/VOC2007/JPEGImages/005460.jpg,0,"('', 'person')","('person', 'cat')","('person', '')","('', 'cat')",negative
930,data/voc2007/VOCdevkit/VOC2007/JPEGImages/009875.jpg,0,"('', 'person')","('person', 'cat')","('person', '')","('', 'cat')",negative
931,data/voc2007/VOCdevkit/VOC2007/JPEGImages/008247.jpg,0,"('', 'person')","('person', 'train')","('person', '')","('', 'train')",negative
932,data/voc2007/VOCdevkit/VOC2007/JPEGImages/008992.jpg,0,"('sheep', 'person')","('person', 'sheep')","('person', '')","('', 'sheep')",hybrid
933,data/voc2007/VOCdevkit/VOC2007/JPEGImages/002819.jpg,0,"('', 'chair')","('chair', 'horse')","('chair', '')","('', 'horse')",negative
934,data/voc2007/VOCdevkit/VOC2007/JPEGImages/007335.jpg,0,"('chair and pottedplant', '')","('person', 'chair')","('person', '')","('', 'chair')",positive
935,data/voc2007/VOCdevkit/VOC2007/JPEGImages/007492.jpg,0,"('sofa and chair', '')","('diningtable', 'sofa')","('diningtable', '')","('', 'sofa')",positive
936,data/voc2007/VOCdevkit/VOC2007/JPEGImages/006907.jpg,0,"('car', 'person')","('person', 'car')","('person', '')","('', 'car')",hybrid
937,data/voc2007/VOCdevkit/VOC2007/JPEGImages/008626.jpg,0,"('', 'diningtable')","('diningtable', 'chair')","('diningtable', '')","('', 'chair')",negative
938,data/voc2007/VOCdevkit/VOC2007/JPEGImages/004641.jpg,0,"('motorbike and person', '')","('chair', 'motorbike')","('chair', '')","('', 'motorbike')",positive
939,data/voc2007/VOCdevkit/VOC2007/JPEGImages/008181.jpg,0,"('', 'person')","('person', 'dog')","('person', '')","('', 'dog')",negative
940,data/voc2007/VOCdevkit/VOC2007/JPEGImages/006114.jpg,0,"('', 'person')","('person', 'cat')","('person', '')","('', 'cat')",negative
941,data/voc2007/VOCdevkit/VOC2007/JPEGImages/002294.jpg,0,"('car', 'chair')","('chair', 'car')","('chair', '')","('', 'car')",hybrid
942,data/voc2007/VOCdevkit/VOC2007/JPEGImages/005538.jpg,0,"('', 'tvmonitor')","('tvmonitor', 'cat')","('tvmonitor', '')","('', 'cat')",negative
943,data/voc2007/VOCdevkit/VOC2007/JPEGImages/004378.jpg,0,"('', 'chair')","('chair', 'car')","('chair', '')","('', 'car')",negative
944,data/voc2007/VOCdevkit/VOC2007/JPEGImages/001381.jpg,0,"('', 'tvmonitor')","('tvmonitor', 'cat')","('tvmonitor', '')","('', 'cat')",negative
945,data/voc2007/VOCdevkit/VOC2007/JPEGImages/003712.jpg,0,"('dog', 'person')","('person', 'dog')","('person', '')","('', 'dog')",hybrid
946,data/voc2007/VOCdevkit/VOC2007/JPEGImages/001047.jpg,0,"('', 'car')","('car', 'person')","('car', '')","('', 'person')",negative
947,data/voc2007/VOCdevkit/VOC2007/JPEGImages/000607.jpg,0,"('person and car', '')","('chair', 'person')","('chair', '')","('', 'person')",positive
948,data/voc2007/VOCdevkit/VOC2007/JPEGImages/005188.jpg,0,"('', 'car')","('car', 'motorbike')","('car', '')","('', 'motorbike')",negative
949,data/voc2007/VOCdevkit/VOC2007/JPEGImages/009648.jpg,0,"('person', 'car')","('car', 'person')","('car', '')","('', 'person')",hybrid
950,data/voc2007/VOCdevkit/VOC2007/JPEGImages/001096.jpg,0,"('person', 'car')","('car', 'person')","('car', '')","('', 'person')",hybrid
951,data/voc2007/VOCdevkit/VOC2007/JPEGImages/001731.jpg,0,"('dog', 'chair')","('chair', 'dog')","('chair', '')","('', 'dog')",hybrid
952,data/voc2007/VOCdevkit/VOC2007/JPEGImages/001731.jpg,0,"('', 'chair')","('chair', 'cat')","('chair', '')","('', 'cat')",negative
953,data/voc2007/VOCdevkit/VOC2007/JPEGImages/002624.jpg,0,"('person and diningtable', '')","('chair', 'person')","('chair', '')","('', 'person')",positive
954,data/voc2007/VOCdevkit/VOC2007/JPEGImages/001885.jpg,0,"('', 'person')","('person', 'aeroplane')","('person', '')","('', 'aeroplane')",negative
955,data/voc2007/VOCdevkit/VOC2007/JPEGImages/008469.jpg,0,"('', 'chair')","('chair', 'person')","('chair', '')","('', 'person')",negative
956,data/voc2007/VOCdevkit/VOC2007/JPEGImages/009229.jpg,0,"('person and motorbike', '')","('car', 'person')","('car', '')","('', 'person')",positive
957,data/voc2007/VOCdevkit/VOC2007/JPEGImages/000510.jpg,0,"('diningtable and chair', '')","('person', 'diningtable')","('person', '')","('', 'diningtable')",positive
958,data/voc2007/VOCdevkit/VOC2007/JPEGImages/003405.jpg,0,"('', 'bus')","('bus', 'car')","('bus', '')","('', 'car')",negative
959,data/voc2007/VOCdevkit/VOC2007/JPEGImages/007969.jpg,0,"('person and dog', '')","('chair', 'person')","('chair', '')","('', 'person')",positive
960,data/voc2007/VOCdevkit/VOC2007/JPEGImages/002245.jpg,0,"('', 'motorbike')","('motorbike', 'car')","('motorbike', '')","('', 'car')",negative
961,data/voc2007/VOCdevkit/VOC2007/JPEGImages/000055.jpg,0,"('motorbike and person', '')","('car', 'motorbike')","('car', '')","('', 'motorbike')",positive
962,data/voc2007/VOCdevkit/VOC2007/JPEGImages/001615.jpg,0,"('', 'car')","('car', 'person')","('car', '')","('', 'person')",negative
963,data/voc2007/VOCdevkit/VOC2007/JPEGImages/002700.jpg,0,"('person', 'car')","('car', 'person')","('car', '')","('', 'person')",hybrid
964,data/voc2007/VOCdevkit/VOC2007/JPEGImages/000846.jpg,0,"('', 'person')","('person', 'aeroplane')","('person', '')","('', 'aeroplane')",negative
965,data/voc2007/VOCdevkit/VOC2007/JPEGImages/000434.jpg,0,"('person and horse', '')","('chair', 'person')","('chair', '')","('', 'person')",positive
966,data/voc2007/VOCdevkit/VOC2007/JPEGImages/000393.jpg,0,"('person', 'chair')","('chair', 'person')","('chair', '')","('', 'person')",hybrid
967,data/voc2007/VOCdevkit/VOC2007/JPEGImages/003286.jpg,0,"('', 'person')","('person', 'train')","('person', '')","('', 'train')",negative
968,data/voc2007/VOCdevkit/VOC2007/JPEGImages/002865.jpg,0,"('bus', 'chair')","('chair', 'bus')","('chair', '')","('', 'bus')",hybrid
969,data/voc2007/VOCdevkit/VOC2007/JPEGImages/007349.jpg,0,"('person', 'car')","('car', 'person')","('car', '')","('', 'person')",hybrid
970,data/voc2007/VOCdevkit/VOC2007/JPEGImages/003982.jpg,0,"('cow', 'car')","('car', 'cow')","('car', '')","('', 'cow')",hybrid
971,data/voc2007/VOCdevkit/VOC2007/JPEGImages/003257.jpg,0,"('car', 'person')","('person', 'car')","('person', '')","('', 'car')",hybrid
972,data/voc2007/VOCdevkit/VOC2007/JPEGImages/000897.jpg,0,"('dog', 'person')","('person', 'dog')","('person', '')","('', 'dog')",hybrid
973,data/voc2007/VOCdevkit/VOC2007/JPEGImages/000342.jpg,0,"('tvmonitor and person', '')","('car', 'tvmonitor')","('car', '')","('', 'tvmonitor')",positive
974,data/voc2007/VOCdevkit/VOC2007/JPEGImages/004989.jpg,0,"('', 'person')","('person', 'car')","('person', '')","('', 'car')",negative
975,data/voc2007/VOCdevkit/VOC2007/JPEGImages/001502.jpg,0,"('motorbike and person', '')","('chair', 'motorbike')","('chair', '')","('', 'motorbike')",positive
976,data/voc2007/VOCdevkit/VOC2007/JPEGImages/003191.jpg,0,"('person', 'chair')","('chair', 'person')","('chair', '')","('', 'person')",hybrid
977,data/voc2007/VOCdevkit/VOC2007/JPEGImages/006168.jpg,0,"('', 'car')","('car', 'person')","('car', '')","('', 'person')",negative
978,data/voc2007/VOCdevkit/VOC2007/JPEGImages/007728.jpg,0,"('', 'chair')","('chair', 'person')","('chair', '')","('', 'person')",negative
979,data/voc2007/VOCdevkit/VOC2007/JPEGImages/002076.jpg,0,"('', 'sofa')","('sofa', 'dog')","('sofa', '')","('', 'dog')",negative
980,data/voc2007/VOCdevkit/VOC2007/JPEGImages/001163.jpg,0,"('chair', 'pottedplant')","('pottedplant', 'chair')","('pottedplant', '')","('', 'chair')",hybrid
981,data/voc2007/VOCdevkit/VOC2007/JPEGImages/000084.jpg,0,"('', 'person')","('person', 'sofa')","('person', '')","('', 'sofa')",negative
982,data/voc2007/VOCdevkit/VOC2007/JPEGImages/000723.jpg,0,"('', 'chair')","('chair', 'bus')","('chair', '')","('', 'bus')",negative
983,data/voc2007/VOCdevkit/VOC2007/JPEGImages/009284.jpg,0,"('person and car', '')","('horse', 'person')","('horse', '')","('', 'person')",positive
984,data/voc2007/VOCdevkit/VOC2007/JPEGImages/005936.jpg,0,"('cat and bottle', '')","('diningtable', 'cat')","('diningtable', '')","('', 'cat')",positive
985,data/voc2007/VOCdevkit/VOC2007/JPEGImages/009951.jpg,0,"('train and person', '')","('car', 'train')","('car', '')","('', 'train')",positive
986,data/voc2007/VOCdevkit/VOC2007/JPEGImages/008363.jpg,0,"('car and person', '')","('diningtable', 'car')","('diningtable', '')","('', 'car')",positive
987,data/voc2007/VOCdevkit/VOC2007/JPEGImages/006451.jpg,0,"('', 'diningtable')","('diningtable', 'cat')","('diningtable', '')","('', 'cat')",negative
988,data/voc2007/VOCdevkit/VOC2007/JPEGImages/006823.jpg,0,"('motorbike and person', '')","('chair', 'motorbike')","('chair', '')","('', 'motorbike')",positive
989,data/voc2007/VOCdevkit/VOC2007/JPEGImages/004765.jpg,0,"('', 'car')","('car', 'bicycle')","('car', '')","('', 'bicycle')",negative
990,data/voc2007/VOCdevkit/VOC2007/JPEGImages/005125.jpg,0,"('', 'horse')","('horse', 'person')","('horse', '')","('', 'person')",negative
991,data/voc2007/VOCdevkit/VOC2007/JPEGImages/009142.jpg,0,"('', 'person')","('person', 'dog')","('person', '')","('', 'dog')",negative
992,data/voc2007/VOCdevkit/VOC2007/JPEGImages/007106.jpg,0,"('', 'person')","('person', 'pottedplant')","('person', '')","('', 'pottedplant')",negative
993,data/voc2007/VOCdevkit/VOC2007/JPEGImages/006746.jpg,0,"('person', 'chair')","('chair', 'person')","('chair', '')","('', 'person')",hybrid
994,data/voc2007/VOCdevkit/VOC2007/JPEGImages/003018.jpg,0,"('', 'car')","('car', 'person')","('car', '')","('', 'person')",negative
995,data/voc2007/VOCdevkit/VOC2007/JPEGImages/008074.jpg,0,"('bicycle', 'chair')","('chair', 'bicycle')","('chair', '')","('', 'bicycle')",hybrid
996,data/voc2007/VOCdevkit/VOC2007/JPEGImages/003479.jpg,0,"('person and dog', '')","('chair', 'person')","('chair', '')","('', 'person')",positive
997,data/voc2007/VOCdevkit/VOC2007/JPEGImages/006327.jpg,0,"('person', 'chair')","('chair', 'person')","('chair', '')","('', 'person')",hybrid
998,data/voc2007/VOCdevkit/VOC2007/JPEGImages/007567.jpg,0,"('sofa and chair', '')","('car', 'sofa')","('car', '')","('', 'sofa')",positive
999,data/voc2007/VOCdevkit/VOC2007/JPEGImages/002239.jpg,0,"('', 'car')","('car', 'bicycle')","('car', '')","('', 'bicycle')",negative
1000,data/voc2007/VOCdevkit/VOC2007/JPEGImages/004800.jpg,0,"('car', 'chair')","('chair', 'car')","('chair', '')","('', 'car')",hybrid
1001,data/voc2007/VOCdevkit/VOC2007/JPEGImages/004472.jpg,0,"('dog', 'sofa')","('sofa', 'dog')","('sofa', '')","('', 'dog')",hybrid
1002,data/voc2007/VOCdevkit/VOC2007/JPEGImages/005232.jpg,0,"('bicycle', 'chair')","('chair', 'bicycle')","('chair', '')","('', 'bicycle')",hybrid
1003,data/voc2007/VOCdevkit/VOC2007/JPEGImages/005595.jpg,0,"('', 'chair')","('chair', 'person')","('chair', '')","('', 'person')",negative
1004,data/voc2007/VOCdevkit/VOC2007/JPEGImages/002707.jpg,0,"('', 'person')","('person', 'aeroplane')","('person', '')","('', 'aeroplane')",negative
1005,data/voc2007/VOCdevkit/VOC2007/JPEGImages/000841.jpg,0,"('sofa', 'chair')","('chair', 'sofa')","('chair', '')","('', 'sofa')",hybrid
1006,data/voc2007/VOCdevkit/VOC2007/JPEGImages/008938.jpg,0,"('chair', 'person')","('person', 'chair')","('person', '')","('', 'chair')",hybrid
1007,data/voc2007/VOCdevkit/VOC2007/JPEGImages/003281.jpg,0,"('', 'chair')","('chair', 'pottedplant')","('chair', '')","('', 'pottedplant')",negative
1008,data/voc2007/VOCdevkit/VOC2007/JPEGImages/003526.jpg,0,"('', 'person')","('person', 'chair')","('person', '')","('', 'chair')",negative
1009,data/voc2007/VOCdevkit/VOC2007/JPEGImages/006278.jpg,0,"('', 'person')","('person', 'train')","('person', '')","('', 'train')",negative
1010,data/voc2007/VOCdevkit/VOC2007/JPEGImages/003985.jpg,0,"('bird', 'person')","('person', 'bird')","('person', '')","('', 'bird')",hybrid
1011,data/voc2007/VOCdevkit/VOC2007/JPEGImages/002862.jpg,0,"('diningtable', 'person')","('person', 'diningtable')","('person', '')","('', 'diningtable')",hybrid
1012,data/voc2007/VOCdevkit/VOC2007/JPEGImages/001505.jpg,0,"('', 'car')","('car', 'aeroplane')","('car', '')","('', 'aeroplane')",negative
1013,data/voc2007/VOCdevkit/VOC2007/JPEGImages/000345.jpg,0,"('', 'car')","('car', 'cow')","('car', '')","('', 'cow')",negative
1014,data/voc2007/VOCdevkit/VOC2007/JPEGImages/005869.jpg,0,"('', 'bus')","('bus', 'car')","('bus', '')","('', 'car')",negative
1015,data/voc2007/VOCdevkit/VOC2007/JPEGImages/000890.jpg,0,"('pottedplant', 'person')","('person', 'pottedplant')","('person', '')","('', 'pottedplant')",hybrid
1016,data/voc2007/VOCdevkit/VOC2007/JPEGImages/002071.jpg,0,"('person', 'car')","('car', 'person')","('car', '')","('', 'person')",hybrid
1017,data/voc2007/VOCdevkit/VOC2007/JPEGImages/003631.jpg,0,"('', 'chair')","('chair', 'car')","('chair', '')","('', 'car')",negative
1018,data/voc2007/VOCdevkit/VOC2007/JPEGImages/003196.jpg,0,"('sofa and person', '')","('chair', 'sofa')","('chair', '')","('', 'sofa')",positive
1019,data/voc2007/VOCdevkit/VOC2007/JPEGImages/000724.jpg,0,"('car', 'person')","('person', 'car')","('person', '')","('', 'car')",hybrid
1020,data/voc2007/VOCdevkit/VOC2007/JPEGImages/005543.jpg,0,"('cat', 'person')","('person', 'cat')","('person', '')","('', 'cat')",hybrid
1021,data/voc2007/VOCdevkit/VOC2007/JPEGImages/005931.jpg,0,"('person and motorbike', '')","('chair', 'person')","('chair', '')","('', 'person')",positive
1022,data/voc2007/VOCdevkit/VOC2007/JPEGImages/009956.jpg,0,"('cat', 'tvmonitor')","('tvmonitor', 'cat')","('tvmonitor', '')","('', 'cat')",hybrid
1023,data/voc2007/VOCdevkit/VOC2007/JPEGImages/002548.jpg,0,"('car', 'person')","('person', 'car')","('person', '')","('', 'car')",hybrid
1024,data/voc2007/VOCdevkit/VOC2007/JPEGImages/009145.jpg,0,"('person and motorbike', '')","('chair', 'person')","('chair', '')","('', 'person')",positive
1025,data/voc2007/VOCdevkit/VOC2007/JPEGImages/008705.jpg,0,"('', 'person')","('person', 'dog')","('person', '')","('', 'dog')",negative
1026,data/voc2007/VOCdevkit/VOC2007/JPEGImages/004762.jpg,0,"('bus', 'horse')","('horse', 'bus')","('horse', '')","('', 'bus')",hybrid
1027,data/voc2007/VOCdevkit/VOC2007/JPEGImages/003769.jpg,0,"('person', 'chair')","('chair', 'person')","('chair', '')","('', 'person')",hybrid
1028,data/voc2007/VOCdevkit/VOC2007/JPEGImages/006037.jpg,0,"('dog', 'person')","('person', 'dog')","('person', '')","('', 'dog')",hybrid
1029,data/voc2007/VOCdevkit/VOC2007/JPEGImages/006790.jpg,0,"('', 'person')","('person', 'car')","('person', '')","('', 'car')",negative
1030,data/voc2007/VOCdevkit/VOC2007/JPEGImages/006741.jpg,0,"('car', 'bus')","('bus', 'car')","('bus', '')","('', 'car')",hybrid
1031,data/voc2007/VOCdevkit/VOC2007/JPEGImages/008073.jpg,0,"('', 'sofa')","('sofa', 'person')","('sofa', '')","('', 'person')",negative
1032,data/voc2007/VOCdevkit/VOC2007/JPEGImages/009633.jpg,0,"('bottle', 'chair')","('chair', 'bottle')","('chair', '')","('', 'bottle')",hybrid
1033,data/voc2007/VOCdevkit/VOC2007/JPEGImages/007912.jpg,0,"('person and bus', '')","('chair', 'person')","('chair', '')","('', 'person')",positive
1034,data/voc2007/VOCdevkit/VOC2007/JPEGImages/007560.jpg,0,"('dog', 'person')","('person', 'dog')","('person', '')","('', 'dog')",hybrid
1035,data/voc2007/VOCdevkit/VOC2007/JPEGImages/006487.jpg,0,"('sofa', 'chair')","('chair', 'sofa')","('chair', '')","('', 'sofa')",hybrid
1036,data/voc2007/VOCdevkit/VOC2007/JPEGImages/005235.jpg,0,"('tvmonitor', 'chair')","('chair', 'tvmonitor')","('chair', '')","('', 'tvmonitor')",hybrid
1037,data/voc2007/VOCdevkit/VOC2007/JPEGImages/004475.jpg,0,"('motorbike', 'car')","('car', 'motorbike')","('car', '')","('', 'motorbike')",hybrid
1038,data/voc2007/VOCdevkit/VOC2007/JPEGImages/004807.jpg,0,"('horse and person', '')","('car', 'horse')","('car', '')","('', 'horse')",positive
1039,data/voc2007/VOCdevkit/VOC2007/JPEGImages/008860.jpg,0,"('cat', 'person')","('person', 'cat')","('person', '')","('', 'cat')",hybrid
1040,data/voc2007/VOCdevkit/VOC2007/JPEGImages/008412.jpg,0,"('train', 'car')","('car', 'train')","('car', '')","('', 'train')",hybrid
1041,data/voc2007/VOCdevkit/VOC2007/JPEGImages/006665.jpg,0,"('train', 'car')","('car', 'train')","('car', '')","('', 'train')",hybrid
1042,data/voc2007/VOCdevkit/VOC2007/JPEGImages/007782.jpg,0,"('', 'chair')","('chair', 'person')","('chair', '')","('', 'person')",negative
1043,data/voc2007/VOCdevkit/VOC2007/JPEGImages/004130.jpg,0,"('', 'sofa')","('sofa', 'dog')","('sofa', '')","('', 'dog')",negative
1044,data/voc2007/VOCdevkit/VOC2007/JPEGImages/008157.jpg,0,"('person', 'car')","('car', 'person')","('car', '')","('', 'person')",hybrid
1045,data/voc2007/VOCdevkit/VOC2007/JPEGImages/004697.jpg,0,"('', 'chair')","('chair', 'person')","('chair', '')","('', 'person')",negative
1046,data/voc2007/VOCdevkit/VOC2007/JPEGImages/005770.jpg,0,"('', 'person')","('person', 'car')","('person', '')","('', 'car')",negative
1047,data/voc2007/VOCdevkit/VOC2007/JPEGImages/000789.jpg,0,"('sheep', 'dog')","('dog', 'sheep')","('dog', '')","('', 'sheep')",hybrid
1048,data/voc2007/VOCdevkit/VOC2007/JPEGImages/007444.jpg,0,"('sheep and person', '')","('car', 'sheep')","('car', '')","('', 'sheep')",positive
1049,data/voc2007/VOCdevkit/VOC2007/JPEGImages/003928.jpg,0,"('', 'person')","('person', 'bottle')","('person', '')","('', 'bottle')",negative
1050,data/voc2007/VOCdevkit/VOC2007/JPEGImages/003928.jpg,0,"('bottle', 'pottedplant')","('pottedplant', 'bottle')","('pottedplant', '')","('', 'bottle')",hybrid
1051,data/voc2007/VOCdevkit/VOC2007/JPEGImages/006204.jpg,0,"('train', 'person')","('person', 'train')","('person', '')","('', 'train')",hybrid
1052,data/voc2007/VOCdevkit/VOC2007/JPEGImages/009376.jpg,0,"('', 'horse')","('horse', 'car')","('horse', '')","('', 'car')",negative
1053,data/voc2007/VOCdevkit/VOC2007/JPEGImages/004923.jpg,0,"('', 'car')","('car', 'chair')","('car', '')","('', 'chair')",negative
1054,data/voc2007/VOCdevkit/VOC2007/JPEGImages/008291.jpg,0,"('tvmonitor', 'chair')","('chair', 'tvmonitor')","('chair', '')","('', 'tvmonitor')",hybrid
1055,data/voc2007/VOCdevkit/VOC2007/JPEGImages/004580.jpg,0,"('car and person', '')","('horse', 'car')","('horse', '')","('', 'car')",positive
1056,data/voc2007/VOCdevkit/VOC2007/JPEGImages/008240.jpg,0,"('', 'tvmonitor')","('tvmonitor', 'cat')","('tvmonitor', '')","('', 'cat')",negative
1057,data/voc2007/VOCdevkit/VOC2007/JPEGImages/004227.jpg,0,"('', 'diningtable')","('diningtable', 'chair')","('diningtable', '')","('', 'chair')",negative
1058,data/voc2007/VOCdevkit/VOC2007/JPEGImages/000339.jpg,0,"('chair', 'diningtable')","('diningtable', 'chair')","('diningtable', '')","('', 'chair')",hybrid
1059,data/voc2007/VOCdevkit/VOC2007/JPEGImages/009400.jpg,0,"('cow', 'car')","('car', 'cow')","('car', '')","('', 'cow')",hybrid
1060,data/voc2007/VOCdevkit/VOC2007/JPEGImages/007495.jpg,0,"('', 'person')","('person', 'bus')","('person', '')","('', 'bus')",negative
1061,data/voc2007/VOCdevkit/VOC2007/JPEGImages/007332.jpg,0,"('person and sofa', '')","('chair', 'person')","('chair', '')","('', 'person')",positive
1062,data/voc2007/VOCdevkit/VOC2007/JPEGImages/007332.jpg,0,"('', 'car')","('car', 'tvmonitor')","('car', '')","('', 'tvmonitor')",negative
1063,data/voc2007/VOCdevkit/VOC2007/JPEGImages/000758.jpg,0,"('person and tvmonitor', '')","('chair', 'person')","('chair', '')","('', 'person')",positive
1064,data/voc2007/VOCdevkit/VOC2007/JPEGImages/009061.jpg,0,"('dog', 'sofa')","('sofa', 'dog')","('sofa', '')","('', 'dog')",hybrid
1065,data/voc2007/VOCdevkit/VOC2007/JPEGImages/001118.jpg,0,"('', 'chair')","('chair', 'person')","('chair', '')","('', 'person')",negative
1066,data/voc2007/VOCdevkit/VOC2007/JPEGImages/004646.jpg,0,"('', 'person')","('person', 'sheep')","('person', '')","('', 'sheep')",negative
1067,data/voc2007/VOCdevkit/VOC2007/JPEGImages/006113.jpg,0,"('', 'chair')","('chair', 'car')","('chair', '')","('', 'car')",negative
1068,data/voc2007/VOCdevkit/VOC2007/JPEGImages/006113.jpg,0,"('car', 'chair')","('chair', 'car')","('chair', '')","('', 'car')",hybrid
1069,data/voc2007/VOCdevkit/VOC2007/JPEGImages/000261.jpg,0,"('bicycle', 'person')","('person', 'bicycle')","('person', '')","('', 'bicycle')",hybrid
1070,data/voc2007/VOCdevkit/VOC2007/JPEGImages/003715.jpg,0,"('bus', 'person')","('person', 'bus')","('person', '')","('', 'bus')",hybrid
1071,data/voc2007/VOCdevkit/VOC2007/JPEGImages/000600.jpg,0,"('aeroplane', 'car')","('car', 'aeroplane')","('car', '')","('', 'aeroplane')",hybrid
1072,data/voc2007/VOCdevkit/VOC2007/JPEGImages/009139.jpg,0,"('', 'chair')","('chair', 'motorbike')","('chair', '')","('', 'motorbike')",negative
1073,data/voc2007/VOCdevkit/VOC2007/JPEGImages/008779.jpg,0,"('', 'diningtable')","('diningtable', 'chair')","('diningtable', '')","('', 'chair')",negative
1074,data/voc2007/VOCdevkit/VOC2007/JPEGImages/001040.jpg,0,"('sofa and person', '')","('car', 'sofa')","('car', '')","('', 'sofa')",positive
1075,data/voc2007/VOCdevkit/VOC2007/JPEGImages/004068.jpg,0,"('', 'diningtable')","('diningtable', 'chair')","('diningtable', '')","('', 'chair')",negative
1076,data/voc2007/VOCdevkit/VOC2007/JPEGImages/004068.jpg,0,"('chair', 'diningtable')","('diningtable', 'chair')","('diningtable', '')","('', 'chair')",hybrid
1077,data/voc2007/VOCdevkit/VOC2007/JPEGImages/001736.jpg,0,"('', 'car')","('car', 'bus')","('car', '')","('', 'bus')",negative
1078,data/voc2007/VOCdevkit/VOC2007/JPEGImages/000176.jpg,0,"('sheep', 'person')","('person', 'sheep')","('person', '')","('', 'sheep')",hybrid
1079,data/voc2007/VOCdevkit/VOC2007/JPEGImages/005628.jpg,0,"('', 'person')","('person', 'diningtable')","('person', '')","('', 'diningtable')",negative
1080,data/voc2007/VOCdevkit/VOC2007/JPEGImages/002623.jpg,0,"('', 'person')","('person', 'cow')","('person', '')","('', 'cow')",negative
1081,data/voc2007/VOCdevkit/VOC2007/JPEGImages/005249.jpg,0,"('', 'person')","('person', 'aeroplane')","('person', '')","('', 'aeroplane')",negative
1082,data/voc2007/VOCdevkit/VOC2007/JPEGImages/000517.jpg,0,"('', 'car')","('car', 'dog')","('car', '')","('', 'dog')",negative
1083,data/voc2007/VOCdevkit/VOC2007/JPEGImages/000517.jpg,0,"('person and dog', '')","('car', 'person')","('car', '')","('', 'person')",positive
1084,data/voc2007/VOCdevkit/VOC2007/JPEGImages/009589.jpg,0,"('cat', 'person')","('person', 'cat')","('person', '')","('', 'cat')",hybrid
1085,data/voc2007/VOCdevkit/VOC2007/JPEGImages/001357.jpg,0,"('', 'car')","('car', 'motorbike')","('car', '')","('', 'motorbike')",negative
1086,data/voc2007/VOCdevkit/VOC2007/JPEGImages/002242.jpg,0,"('', 'horse')","('horse', 'bus')","('horse', '')","('', 'bus')",negative
1087,data/voc2007/VOCdevkit/VOC2007/JPEGImages/002242.jpg,0,"('motorbike', 'horse')","('horse', 'motorbike')","('horse', '')","('', 'motorbike')",hybrid
1088,data/voc2007/VOCdevkit/VOC2007/JPEGImages/002997.jpg,0,"('', 'person')","('person', 'tvmonitor')","('person', '')","('', 'tvmonitor')",negative
1089,data/voc2007/VOCdevkit/VOC2007/JPEGImages/003402.jpg,0,"('bird', 'boat')","('boat', 'bird')","('boat', '')","('', 'bird')",hybrid
1090,data/voc2007/VOCdevkit/VOC2007/JPEGImages/003870.jpg,0,"('cat', 'tvmonitor')","('tvmonitor', 'cat')","('tvmonitor', '')","('', 'cat')",hybrid
1091,data/voc2007/VOCdevkit/VOC2007/JPEGImages/006889.jpg,0,"('', 'car')","('car', 'boat')","('car', '')","('', 'boat')",negative
1092,data/voc2007/VOCdevkit/VOC2007/JPEGImages/007057.jpg,0,"('sofa and chair', '')","('person', 'sofa')","('person', '')","('', 'sofa')",positive
1093,data/voc2007/VOCdevkit/VOC2007/JPEGImages/007057.jpg,0,"('pottedplant', 'bottle')","('bottle', 'pottedplant')","('bottle', '')","('', 'pottedplant')",hybrid
1094,data/voc2007/VOCdevkit/VOC2007/JPEGImages/009765.jpg,0,"('', 'person')","('person', 'cat')","('person', '')","('', 'cat')",negative
1095,data/voc2007/VOCdevkit/VOC2007/JPEGImages/008682.jpg,0,"('person and car', '')","('horse', 'person')","('horse', '')","('', 'person')",positive
1096,data/voc2007/VOCdevkit/VOC2007/JPEGImages/007391.jpg,0,"('chair and diningtable', '')","('sofa', 'chair')","('sofa', '')","('', 'chair')",positive
1097,data/voc2007/VOCdevkit/VOC2007/JPEGImages/007844.jpg,0,"('', 'bus')","('bus', 'car')","('bus', '')","('', 'car')",negative
1098,data/voc2007/VOCdevkit/VOC2007/JPEGImages/008544.jpg,0,"('cat', 'sofa')","('sofa', 'cat')","('sofa', '')","('', 'cat')",hybrid
1099,data/voc2007/VOCdevkit/VOC2007/JPEGImages/004523.jpg,0,"('', 'car')","('car', 'bicycle')","('car', '')","('', 'bicycle')",negative
1100,data/voc2007/VOCdevkit/VOC2007/JPEGImages/009304.jpg,0,"('person and bus', '')","('chair', 'person')","('chair', '')","('', 'person')",positive
1101,data/voc2007/VOCdevkit/VOC2007/JPEGImages/005415.jpg,0,"('', 'chair')","('chair', 'cat')","('chair', '')","('', 'cat')",negative
1102,data/voc2007/VOCdevkit/VOC2007/JPEGImages/001979.jpg,0,"('', 'car')","('car', 'person')","('car', '')","('', 'person')",negative
1103,data/voc2007/VOCdevkit/VOC2007/JPEGImages/004980.jpg,0,"('', 'person')","('person', 'cow')","('person', '')","('', 'cow')",negative
1104,data/voc2007/VOCdevkit/VOC2007/JPEGImages/007340.jpg,0,"('', 'boat')","('boat', 'bird')","('boat', '')","('', 'bird')",negative
1105,data/voc2007/VOCdevkit/VOC2007/JPEGImages/007895.jpg,0,"('dog and person', '')","('chair', 'dog')","('chair', '')","('', 'dog')",positive
1106,data/voc2007/VOCdevkit/VOC2007/JPEGImages/006500.jpg,0,"('', 'person')","('person', 'bottle')","('person', '')","('', 'bottle')",negative
1107,data/voc2007/VOCdevkit/VOC2007/JPEGImages/009013.jpg,0,"('person and sofa', '')","('car', 'person')","('car', '')","('', 'person')",positive
1108,data/voc2007/VOCdevkit/VOC2007/JPEGImages/005074.jpg,0,"('bird and boat', '')","('person', 'bird')","('person', '')","('', 'bird')",positive
1109,data/voc2007/VOCdevkit/VOC2007/JPEGImages/003198.jpg,0,"('cat and person', '')","('chair', 'cat')","('chair', '')","('', 'cat')",positive
1110,data/voc2007/VOCdevkit/VOC2007/JPEGImages/007218.jpg,0,"('sofa', 'person')","('person', 'sofa')","('person', '')","('', 'sofa')",hybrid
1111,data/voc2007/VOCdevkit/VOC2007/JPEGImages/003306.jpg,0,"('', 'person')","('person', 'car')","('person', '')","('', 'car')",negative
1112,data/voc2007/VOCdevkit/VOC2007/JPEGImages/000213.jpg,0,"('cat', 'tvmonitor')","('tvmonitor', 'cat')","('tvmonitor', '')","('', 'cat')",hybrid
1113,data/voc2007/VOCdevkit/VOC2007/JPEGImages/006039.jpg,0,"('dog', 'sofa')","('sofa', 'dog')","('sofa', '')","('', 'dog')",hybrid
1114,data/voc2007/VOCdevkit/VOC2007/JPEGImages/002127.jpg,0,"('', 'chair')","('chair', 'sofa')","('chair', '')","('', 'sofa')",negative
1115,data/voc2007/VOCdevkit/VOC2007/JPEGImages/001032.jpg,0,"('cat', 'tvmonitor')","('tvmonitor', 'cat')","('tvmonitor', '')","('', 'cat')",hybrid
1116,data/voc2007/VOCdevkit/VOC2007/JPEGImages/001744.jpg,0,"('', 'car')","('car', 'motorbike')","('car', '')","('', 'motorbike')",negative
1117,data/voc2007/VOCdevkit/VOC2007/JPEGImages/002651.jpg,0,"('', 'chair')","('chair', 'person')","('chair', '')","('', 'person')",negative
1118,data/voc2007/VOCdevkit/VOC2007/JPEGImages/001482.jpg,0,"('person', 'car')","('car', 'person')","('car', '')","('', 'person')",hybrid
1119,data/voc2007/VOCdevkit/VOC2007/JPEGImages/004809.jpg,0,"('cat', 'tvmonitor')","('tvmonitor', 'cat')","('tvmonitor', '')","('', 'cat')",hybrid
1120,data/voc2007/VOCdevkit/VOC2007/JPEGImages/006489.jpg,0,"('', 'chair')","('chair', 'person')","('chair', '')","('', 'person')",negative
1121,data/voc2007/VOCdevkit/VOC2007/JPEGImages/003802.jpg,0,"('', 'diningtable')","('diningtable', 'bottle')","('diningtable', '')","('', 'bottle')",negative
1122,data/voc2007/VOCdevkit/VOC2007/JPEGImages/002597.jpg,0,"('cat', 'sofa')","('sofa', 'cat')","('sofa', '')","('', 'cat')",hybrid
1123,data/voc2007/VOCdevkit/VOC2007/JPEGImages/002230.jpg,0,"('sofa and person', '')","('car', 'sofa')","('car', '')","('', 'sofa')",positive
1124,data/voc2007/VOCdevkit/VOC2007/JPEGImages/001660.jpg,0,"('', 'person')","('person', 'aeroplane')","('person', '')","('', 'aeroplane')",negative
1125,data/voc2007/VOCdevkit/VOC2007/JPEGImages/003692.jpg,0,"('car', 'bus')","('bus', 'car')","('bus', '')","('', 'car')",hybrid
1126,data/voc2007/VOCdevkit/VOC2007/JPEGImages/008538.jpg,0,"('person', 'car')","('car', 'person')","('car', '')","('', 'person')",hybrid
1127,data/voc2007/VOCdevkit/VOC2007/JPEGImages/000441.jpg,0,"('', 'person')","('person', 'train')","('person', '')","('', 'train')",negative
1128,data/voc2007/VOCdevkit/VOC2007/JPEGImages/000833.jpg,0,"('bus', 'car')","('car', 'bus')","('car', '')","('', 'bus')",hybrid
1129,data/voc2007/VOCdevkit/VOC2007/JPEGImages/002314.jpg,0,"('person and cow', '')","('car', 'person')","('car', '')","('', 'person')",positive
1130,data/voc2007/VOCdevkit/VOC2007/JPEGImages/003222.jpg,0,"('person', 'car')","('car', 'person')","('car', '')","('', 'person')",hybrid
1131,data/voc2007/VOCdevkit/VOC2007/JPEGImages/000490.jpg,0,"('', 'car')","('car', 'sofa')","('car', '')","('', 'sofa')",negative
1132,data/voc2007/VOCdevkit/VOC2007/JPEGImages/001905.jpg,0,"('pottedplant and sofa', '')","('person', 'pottedplant')","('person', '')","('', 'pottedplant')",positive
1133,data/voc2007/VOCdevkit/VOC2007/JPEGImages/003643.jpg,0,"('chair', 'sofa')","('sofa', 'chair')","('sofa', '')","('', 'chair')",hybrid
1134,data/voc2007/VOCdevkit/VOC2007/JPEGImages/003643.jpg,0,"('chair', 'car')","('car', 'chair')","('car', '')","('', 'chair')",hybrid
1135,data/voc2007/VOCdevkit/VOC2007/JPEGImages/002003.jpg,0,"('cat', 'person')","('person', 'cat')","('person', '')","('', 'cat')",hybrid
1136,data/voc2007/VOCdevkit/VOC2007/JPEGImages/001116.jpg,0,"('', 'car')","('car', 'person')","('car', '')","('', 'person')",negative
1137,data/voc2007/VOCdevkit/VOC2007/JPEGImages/005008.jpg,0,"('', 'person')","('person', 'aeroplane')","('person', '')","('', 'aeroplane')",negative
1138,data/voc2007/VOCdevkit/VOC2007/JPEGImages/005296.jpg,0,"('person', 'chair')","('chair', 'person')","('chair', '')","('', 'person')",hybrid
1139,data/voc2007/VOCdevkit/VOC2007/JPEGImages/009924.jpg,0,"('', 'person')","('person', 'motorbike')","('person', '')","('', 'motorbike')",negative
1140,data/voc2007/VOCdevkit/VOC2007/JPEGImages/009556.jpg,0,"('dog', 'car')","('car', 'dog')","('car', '')","('', 'dog')",hybrid
1141,data/voc2007/VOCdevkit/VOC2007/JPEGImages/005943.jpg,0,"('pottedplant', 'person')","('person', 'pottedplant')","('person', '')","('', 'pottedplant')",hybrid
1142,data/voc2007/VOCdevkit/VOC2007/JPEGImages/002948.jpg,0,"('', 'person')","('person', 'boat')","('person', '')","('', 'boat')",negative
1143,data/voc2007/VOCdevkit/VOC2007/JPEGImages/007264.jpg,0,"('sofa', 'chair')","('chair', 'sofa')","('chair', '')","('', 'sofa')",hybrid
1144,data/voc2007/VOCdevkit/VOC2007/JPEGImages/006383.jpg,0,"('', 'bus')","('bus', 'car')","('bus', '')","('', 'car')",negative
1145,data/voc2007/VOCdevkit/VOC2007/JPEGImages/006856.jpg,0,"('person', 'car')","('car', 'person')","('car', '')","('', 'person')",hybrid
1146,data/voc2007/VOCdevkit/VOC2007/JPEGImages/008777.jpg,0,"('car', 'person')","('person', 'car')","('person', '')","('', 'car')",hybrid
1147,data/voc2007/VOCdevkit/VOC2007/JPEGImages/009690.jpg,0,"('chair and diningtable', '')","('person', 'chair')","('person', '')","('', 'chair')",positive
1148,data/voc2007/VOCdevkit/VOC2007/JPEGImages/009137.jpg,0,"('boat', 'car')","('car', 'boat')","('car', '')","('', 'boat')",hybrid
1149,data/voc2007/VOCdevkit/VOC2007/JPEGImages/007173.jpg,0,"('person and boat', '')","('chair', 'person')","('chair', '')","('', 'person')",positive
1150,data/voc2007/VOCdevkit/VOC2007/JPEGImages/006733.jpg,0,"('car', 'person')","('person', 'car')","('person', '')","('', 'car')",hybrid
1151,data/voc2007/VOCdevkit/VOC2007/JPEGImages/006094.jpg,0,"('car and person', '')","('chair', 'car')","('chair', '')","('', 'car')",positive
1152,data/voc2007/VOCdevkit/VOC2007/JPEGImages/000178.jpg,0,"('', 'chair')","('chair', 'bottle')","('chair', '')","('', 'bottle')",negative
1153,data/voc2007/VOCdevkit/VOC2007/JPEGImages/005626.jpg,0,"('', 'car')","('car', 'train')","('car', '')","('', 'train')",negative
1154,data/voc2007/VOCdevkit/VOC2007/JPEGImages/007960.jpg,0,"('', 'person')","('person', 'car')","('person', '')","('', 'car')",negative
1155,data/voc2007/VOCdevkit/VOC2007/JPEGImages/007512.jpg,0,"('', 'person')","('person', 'bird')","('person', '')","('', 'bird')",negative
1156,data/voc2007/VOCdevkit/VOC2007/JPEGImages/002999.jpg,0,"('person', 'car')","('car', 'person')","('car', '')","('', 'person')",hybrid
1157,data/voc2007/VOCdevkit/VOC2007/JPEGImages/008812.jpg,0,"('', 'chair')","('chair', 'horse')","('chair', '')","('', 'horse')",negative
1158,data/voc2007/VOCdevkit/VOC2007/JPEGImages/008460.jpg,0,"('person', 'car')","('car', 'person')","('car', '')","('', 'person')",hybrid
1159,data/voc2007/VOCdevkit/VOC2007/JPEGImages/001359.jpg,0,"('', 'car')","('car', 'train')","('car', '')","('', 'train')",negative
1160,data/voc2007/VOCdevkit/VOC2007/JPEGImages/004407.jpg,0,"('horse', 'car')","('car', 'horse')","('car', '')","('', 'horse')",hybrid
1161,data/voc2007/VOCdevkit/VOC2007/JPEGImages/004875.jpg,0,"('', 'boat')","('boat', 'bird')","('boat', '')","('', 'bird')",negative
1162,data/voc2007/VOCdevkit/VOC2007/JPEGImages/005247.jpg,0,"('bird', 'boat')","('boat', 'bird')","('boat', '')","('', 'bird')",hybrid
1163,data/voc2007/VOCdevkit/VOC2007/JPEGImages/009220.jpg,0,"('train', 'person')","('person', 'train')","('person', '')","('', 'train')",hybrid
1164,data/voc2007/VOCdevkit/VOC2007/JPEGImages/004139.jpg,0,"('', 'diningtable')","('diningtable', 'chair')","('diningtable', '')","('', 'chair')",negative
1165,data/voc2007/VOCdevkit/VOC2007/JPEGImages/001667.jpg,0,"('person', 'chair')","('chair', 'person')","('chair', '')","('', 'person')",hybrid
1166,data/voc2007/VOCdevkit/VOC2007/JPEGImages/000027.jpg,0,"('person', 'car')","('car', 'person')","('car', '')","('', 'person')",hybrid
1167,data/voc2007/VOCdevkit/VOC2007/JPEGImages/003132.jpg,0,"('', 'chair')","('chair', 'person')","('chair', '')","('', 'person')",negative
1168,data/voc2007/VOCdevkit/VOC2007/JPEGImages/008298.jpg,0,"('horse', 'person')","('person', 'horse')","('person', '')","('', 'horse')",hybrid
1169,data/voc2007/VOCdevkit/VOC2007/JPEGImages/002313.jpg,0,"('', 'car')","('car', 'cow')","('car', '')","('', 'cow')",negative
1170,data/voc2007/VOCdevkit/VOC2007/JPEGImages/003553.jpg,0,"('person', 'horse')","('horse', 'person')","('horse', '')","('', 'person')",hybrid
1171,data/voc2007/VOCdevkit/VOC2007/JPEGImages/003225.jpg,0,"('person', 'chair')","('chair', 'person')","('chair', '')","('', 'person')",hybrid
1172,data/voc2007/VOCdevkit/VOC2007/JPEGImages/003582.jpg,0,"('chair', 'person')","('person', 'chair')","('person', '')","('', 'chair')",hybrid
1173,data/voc2007/VOCdevkit/VOC2007/JPEGImages/001570.jpg,0,"('person', 'car')","('car', 'person')","('car', '')","('', 'person')",hybrid
1174,data/voc2007/VOCdevkit/VOC2007/JPEGImages/008249.jpg,0,"('boat and person', '')","('car', 'boat')","('car', '')","('', 'boat')",positive
1175,data/voc2007/VOCdevkit/VOC2007/JPEGImages/004589.jpg,0,"('person', 'car')","('car', 'person')","('car', '')","('', 'person')",hybrid
1176,data/voc2007/VOCdevkit/VOC2007/JPEGImages/000330.jpg,0,"('person', 'car')","('car', 'person')","('car', '')","('', 'person')",hybrid
1177,data/voc2007/VOCdevkit/VOC2007/JPEGImages/000497.jpg,0,"('', 'chair')","('chair', 'motorbike')","('chair', '')","('', 'motorbike')",negative
1178,data/voc2007/VOCdevkit/VOC2007/JPEGImages/000751.jpg,0,"('dog', 'person')","('person', 'dog')","('person', '')","('', 'dog')",hybrid
1179,data/voc2007/VOCdevkit/VOC2007/JPEGImages/001111.jpg,0,"('car', 'person')","('person', 'car')","('person', '')","('', 'car')",hybrid
1180,data/voc2007/VOCdevkit/VOC2007/JPEGImages/001428.jpg,0,"('', 'bus')","('bus', 'car')","('bus', '')","('', 'car')",negative
1181,data/voc2007/VOCdevkit/VOC2007/JPEGImages/005944.jpg,0,"('person and horse', '')","('chair', 'person')","('chair', '')","('', 'person')",positive
1182,data/voc2007/VOCdevkit/VOC2007/JPEGImages/005291.jpg,0,"('person and chair', '')","('diningtable', 'person')","('diningtable', '')","('', 'person')",positive
1183,data/voc2007/VOCdevkit/VOC2007/JPEGImages/006423.jpg,0,"('', 'bus')","('bus', 'car')","('bus', '')","('', 'car')",negative
1184,data/voc2007/VOCdevkit/VOC2007/JPEGImages/006851.jpg,0,"('bird', 'boat')","('boat', 'bird')","('boat', '')","('', 'bird')",hybrid
1185,data/voc2007/VOCdevkit/VOC2007/JPEGImages/006384.jpg,0,"('person and tvmonitor', '')","('chair', 'person')","('chair', '')","('', 'person')",positive
1186,data/voc2007/VOCdevkit/VOC2007/JPEGImages/009130.jpg,0,"('horse and person', '')","('chair', 'horse')","('chair', '')","('', 'horse')",positive
1187,data/voc2007/VOCdevkit/VOC2007/JPEGImages/005157.jpg,0,"('', 'bus')","('bus', 'car')","('bus', '')","('', 'car')",negative
1188,data/voc2007/VOCdevkit/VOC2007/JPEGImages/009697.jpg,0,"('tvmonitor', 'chair')","('chair', 'tvmonitor')","('chair', '')","('', 'tvmonitor')",hybrid
1189,data/voc2007/VOCdevkit/VOC2007/JPEGImages/001049.jpg,0,"('boat', 'car')","('car', 'boat')","('car', '')","('', 'boat')",hybrid
1190,data/voc2007/VOCdevkit/VOC2007/JPEGImages/004717.jpg,0,"('chair', 'person')","('person', 'chair')","('person', '')","('', 'chair')",hybrid
1191,data/voc2007/VOCdevkit/VOC2007/JPEGImages/007602.jpg,0,"('cow', 'car')","('car', 'cow')","('car', '')","('', 'cow')",hybrid
1192,data/voc2007/VOCdevkit/VOC2007/JPEGImages/006093.jpg,0,"('bottle', 'sofa')","('sofa', 'bottle')","('sofa', '')","('', 'bottle')",hybrid
1193,data/voc2007/VOCdevkit/VOC2007/JPEGImages/006093.jpg,0,"('person and bottle', '')","('sofa', 'person')","('sofa', '')","('', 'person')",positive
1194,data/voc2007/VOCdevkit/VOC2007/JPEGImages/001098.jpg,0,"('', 'tvmonitor')","('tvmonitor', 'cat')","('tvmonitor', '')","('', 'cat')",negative
1195,data/voc2007/VOCdevkit/VOC2007/JPEGImages/008006.jpg,0,"('car', 'bus')","('bus', 'car')","('bus', '')","('', 'car')",hybrid
1196,data/voc2007/VOCdevkit/VOC2007/JPEGImages/004061.jpg,0,"('chair and cat', '')","('person', 'chair')","('person', '')","('', 'chair')",positive
1197,data/voc2007/VOCdevkit/VOC2007/JPEGImages/005621.jpg,0,"('cat', 'tvmonitor')","('tvmonitor', 'cat')","('tvmonitor', '')","('', 'cat')",hybrid
1198,data/voc2007/VOCdevkit/VOC2007/JPEGImages/009646.jpg,0,"('', 'diningtable')","('diningtable', 'chair')","('diningtable', '')","('', 'chair')",negative
1199,data/voc2007/VOCdevkit/VOC2007/JPEGImages/007515.jpg,0,"('dog', 'sofa')","('sofa', 'dog')","('sofa', '')","('', 'dog')",hybrid
1200,data/voc2007/VOCdevkit/VOC2007/JPEGImages/007967.jpg,0,"('car and person', '')","('horse', 'car')","('horse', '')","('', 'car')",positive
1201,data/voc2007/VOCdevkit/VOC2007/JPEGImages/005240.jpg,0,"('person', 'chair')","('chair', 'person')","('chair', '')","('', 'person')",hybrid
1202,data/voc2007/VOCdevkit/VOC2007/JPEGImages/004400.jpg,0,"('', 'person')","('person', 'bird')","('person', '')","('', 'bird')",negative
1203,data/voc2007/VOCdevkit/VOC2007/JPEGImages/008685.jpg,0,"('sheep', 'dog')","('dog', 'sheep')","('dog', '')","('', 'sheep')",hybrid
1204,data/voc2007/VOCdevkit/VOC2007/JPEGImages/006271.jpg,0,"('', 'sofa')","('sofa', 'chair')","('sofa', '')","('', 'chair')",negative
1205,data/voc2007/VOCdevkit/VOC2007/JPEGImages/003288.jpg,0,"('', 'car')","('car', 'cow')","('car', '')","('', 'cow')",negative
1206,data/voc2007/VOCdevkit/VOC2007/JPEGImages/005364.jpg,0,"('bird', 'boat')","('boat', 'bird')","('boat', '')","('', 'bird')",hybrid
1207,data/voc2007/VOCdevkit/VOC2007/JPEGImages/008543.jpg,0,"('', 'diningtable')","('diningtable', 'sofa')","('diningtable', '')","('', 'sofa')",negative
1208,data/voc2007/VOCdevkit/VOC2007/JPEGImages/004252.jpg,0,"('tvmonitor', 'person')","('person', 'tvmonitor')","('person', '')","('', 'tvmonitor')",hybrid
1209,data/voc2007/VOCdevkit/VOC2007/JPEGImages/009475.jpg,0,"('', 'horse')","('horse', 'car')","('horse', '')","('', 'car')",negative
1210,data/voc2007/VOCdevkit/VOC2007/JPEGImages/005412.jpg,0,"('chair and person', '')","('car', 'chair')","('car', '')","('', 'chair')",positive
1211,data/voc2007/VOCdevkit/VOC2007/JPEGImages/006975.jpg,0,"('bicycle', 'car')","('car', 'bicycle')","('car', '')","('', 'bicycle')",hybrid
1212,data/voc2007/VOCdevkit/VOC2007/JPEGImages/007892.jpg,0,"('', 'chair')","('chair', 'person')","('chair', '')","('', 'person')",negative
1213,data/voc2007/VOCdevkit/VOC2007/JPEGImages/007347.jpg,0,"('car and person', '')","('horse', 'car')","('horse', '')","('', 'car')",positive
1214,data/voc2007/VOCdevkit/VOC2007/JPEGImages/009014.jpg,0,"('person', 'car')","('car', 'person')","('car', '')","('', 'person')",hybrid
1215,data/voc2007/VOCdevkit/VOC2007/JPEGImages/004633.jpg,0,"('', 'car')","('car', 'aeroplane')","('car', '')","('', 'aeroplane')",negative
1216,data/voc2007/VOCdevkit/VOC2007/JPEGImages/007081.jpg,0,"('', 'chair')","('chair', 'dog')","('chair', '')","('', 'dog')",negative
1217,data/voc2007/VOCdevkit/VOC2007/JPEGImages/007726.jpg,0,"('', 'chair')","('chair', 'train')","('chair', '')","('', 'train')",negative
1218,data/voc2007/VOCdevkit/VOC2007/JPEGImages/002078.jpg,0,"('bicycle', 'car')","('car', 'bicycle')","('car', '')","('', 'bicycle')",hybrid
1219,data/voc2007/VOCdevkit/VOC2007/JPEGImages/002541.jpg,0,"('dog and sofa', '')","('person', 'dog')","('person', '')","('', 'dog')",positive
1220,data/voc2007/VOCdevkit/VOC2007/JPEGImages/001454.jpg,0,"('', 'chair')","('chair', 'person')","('chair', '')","('', 'person')",negative
1221,data/voc2007/VOCdevkit/VOC2007/JPEGImages/001826.jpg,0,"('', 'diningtable')","('diningtable', 'sofa')","('diningtable', '')","('', 'sofa')",negative
1222,data/voc2007/VOCdevkit/VOC2007/JPEGImages/002687.jpg,0,"('person', 'car')","('car', 'person')","('car', '')","('', 'person')",hybrid
1223,data/voc2007/VOCdevkit/VOC2007/JPEGImages/001792.jpg,0,"('', 'car')","('car', 'person')","('car', '')","('', 'person')",negative
1224,data/voc2007/VOCdevkit/VOC2007/JPEGImages/001035.jpg,0,"('', 'car')","('car', 'bottle')","('car', '')","('', 'bottle')",negative
1225,data/voc2007/VOCdevkit/VOC2007/JPEGImages/001035.jpg,0,"('person', 'chair')","('chair', 'person')","('chair', '')","('', 'person')",hybrid
1226,data/voc2007/VOCdevkit/VOC2007/JPEGImages/001743.jpg,0,"('', 'car')","('car', 'person')","('car', '')","('', 'person')",negative
1227,data/voc2007/VOCdevkit/VOC2007/JPEGImages/000103.jpg,0,"('car', 'person')","('person', 'car')","('person', '')","('', 'car')",hybrid
1228,data/voc2007/VOCdevkit/VOC2007/JPEGImages/003016.jpg,0,"('', 'chair')","('chair', 'person')","('chair', '')","('', 'person')",negative
1229,data/voc2007/VOCdevkit/VOC2007/JPEGImages/002656.jpg,0,"('person', 'car')","('car', 'person')","('car', '')","('', 'person')",hybrid
1230,data/voc2007/VOCdevkit/VOC2007/JPEGImages/000562.jpg,0,"('person and bicycle', '')","('chair', 'person')","('chair', '')","('', 'person')",positive
1231,data/voc2007/VOCdevkit/VOC2007/JPEGImages/000910.jpg,0,"('chair and person', '')","('car', 'chair')","('car', '')","('', 'chair')",positive
1232,data/voc2007/VOCdevkit/VOC2007/JPEGImages/008869.jpg,0,"('boat', 'car')","('car', 'boat')","('car', '')","('', 'boat')",hybrid
1233,data/voc2007/VOCdevkit/VOC2007/JPEGImages/001322.jpg,0,"('', 'person')","('person', 'dog')","('person', '')","('', 'dog')",negative
1234,data/voc2007/VOCdevkit/VOC2007/JPEGImages/007569.jpg,0,"('bottle', 'person')","('person', 'bottle')","('person', '')","('', 'bottle')",hybrid
1235,data/voc2007/VOCdevkit/VOC2007/JPEGImages/003805.jpg,0,"('dog', 'sofa')","('sofa', 'dog')","('sofa', '')","('', 'dog')",hybrid
1236,data/voc2007/VOCdevkit/VOC2007/JPEGImages/009115.jpg,0,"('bicycle and person', '')","('car', 'bicycle')","('car', '')","('', 'bicycle')",positive
1237,data/voc2007/VOCdevkit/VOC2007/JPEGImages/005172.jpg,0,"('train', 'person')","('person', 'train')","('person', '')","('', 'train')",hybrid
1238,data/voc2007/VOCdevkit/VOC2007/JPEGImages/007627.jpg,0,"('bicycle', 'car')","('car', 'bicycle')","('car', '')","('', 'bicycle')",hybrid
1239,data/voc2007/VOCdevkit/VOC2007/JPEGImages/003739.jpg,0,"('person', 'car')","('car', 'person')","('car', '')","('', 'person')",hybrid
1240,data/voc2007/VOCdevkit/VOC2007/JPEGImages/008493.jpg,0,"('chair', 'diningtable')","('diningtable', 'chair')","('diningtable', '')","('', 'chair')",hybrid
1241,data/voc2007/VOCdevkit/VOC2007/JPEGImages/004353.jpg,0,"('', 'tvmonitor')","('tvmonitor', 'cat')","('tvmonitor', '')","('', 'cat')",negative
1242,data/voc2007/VOCdevkit/VOC2007/JPEGImages/008334.jpg,0,"('', 'dog')","('dog', 'sheep')","('dog', '')","('', 'sheep')",negative
1243,data/voc2007/VOCdevkit/VOC2007/JPEGImages/000998.jpg,0,"('', 'person')","('person', 'cat')","('person', '')","('', 'cat')",negative
1244,data/voc2007/VOCdevkit/VOC2007/JPEGImages/009906.jpg,0,"('tvmonitor', 'person')","('person', 'tvmonitor')","('person', '')","('', 'tvmonitor')",hybrid
1245,data/voc2007/VOCdevkit/VOC2007/JPEGImages/009574.jpg,0,"('', 'car')","('car', 'person')","('car', '')","('', 'person')",negative
1246,data/voc2007/VOCdevkit/VOC2007/JPEGImages/005513.jpg,0,"('', 'car')","('car', 'person')","('car', '')","('', 'person')",negative
1247,data/voc2007/VOCdevkit/VOC2007/JPEGImages/003358.jpg,0,"('', 'person')","('person', 'bus')","('person', '')","('', 'bus')",negative
1248,data/voc2007/VOCdevkit/VOC2007/JPEGImages/006406.jpg,0,"('', 'car')","('car', 'aeroplane')","('car', '')","('', 'aeroplane')",negative
1249,data/voc2007/VOCdevkit/VOC2007/JPEGImages/007993.jpg,0,"('aeroplane', 'car')","('car', 'aeroplane')","('car', '')","('', 'aeroplane')",hybrid
1250,data/voc2007/VOCdevkit/VOC2007/JPEGImages/007246.jpg,0,"('car', 'person')","('person', 'car')","('person', '')","('', 'car')",hybrid
1251,data/voc2007/VOCdevkit/VOC2007/JPEGImages/007942.jpg,0,"('horse and person', '')","('car', 'horse')","('car', '')","('', 'horse')",positive
1252,data/voc2007/VOCdevkit/VOC2007/JPEGImages/006370.jpg,0,"('', 'chair')","('chair', 'person')","('chair', '')","('', 'person')",negative
1253,data/voc2007/VOCdevkit/VOC2007/JPEGImages/003389.jpg,0,"('', 'person')","('person', 'tvmonitor')","('person', '')","('', 'tvmonitor')",negative
1254,data/voc2007/VOCdevkit/VOC2007/JPEGImages/005265.jpg,0,"('bus', 'person')","('person', 'bus')","('person', '')","('', 'bus')",hybrid
1255,data/voc2007/VOCdevkit/VOC2007/JPEGImages/008830.jpg,0,"('cat', 'tvmonitor')","('tvmonitor', 'cat')","('tvmonitor', '')","('', 'cat')",hybrid
1256,data/voc2007/VOCdevkit/VOC2007/JPEGImages/004425.jpg,0,"('bird', 'person')","('person', 'bird')","('person', '')","('', 'bird')",hybrid
1257,data/voc2007/VOCdevkit/VOC2007/JPEGImages/004382.jpg,0,"('', 'car')","('car', 'boat')","('car', '')","('', 'boat')",negative
1258,data/voc2007/VOCdevkit/VOC2007/JPEGImages/006711.jpg,0,"('cow', 'person')","('person', 'cow')","('person', '')","('', 'cow')",hybrid
1259,data/voc2007/VOCdevkit/VOC2007/JPEGImages/007151.jpg,0,"('', 'chair')","('chair', 'person')","('chair', '')","('', 'person')",negative
1260,data/voc2007/VOCdevkit/VOC2007/JPEGImages/004044.jpg,0,"('cat', 'tvmonitor')","('tvmonitor', 'cat')","('tvmonitor', '')","('', 'cat')",hybrid
1261,data/voc2007/VOCdevkit/VOC2007/JPEGImages/005604.jpg,0,"('', 'person')","('person', 'boat')","('person', '')","('', 'boat')",negative
1262,data/voc2007/VOCdevkit/VOC2007/JPEGImages/009663.jpg,0,"('chair and sofa', '')","('person', 'chair')","('person', '')","('', 'chair')",positive
1263,data/voc2007/VOCdevkit/VOC2007/JPEGImages/000811.jpg,0,"('', 'car')","('car', 'boat')","('car', '')","('', 'boat')",negative
1264,data/voc2007/VOCdevkit/VOC2007/JPEGImages/001223.jpg,0,"('', 'person')","('person', 'aeroplane')","('person', '')","('', 'aeroplane')",negative
1265,data/voc2007/VOCdevkit/VOC2007/JPEGImages/001584.jpg,0,"('', 'person')","('person', 'horse')","('person', '')","('', 'horse')",negative
1266,data/voc2007/VOCdevkit/VOC2007/JPEGImages/002336.jpg,0,"('bird', 'person')","('person', 'bird')","('person', '')","('', 'bird')",hybrid
1267,data/voc2007/VOCdevkit/VOC2007/JPEGImages/006228.jpg,0,"('car', 'person')","('person', 'car')","('person', '')","('', 'car')",hybrid
1268,data/voc2007/VOCdevkit/VOC2007/JPEGImages/003904.jpg,0,"('car', 'person')","('person', 'car')","('person', '')","('', 'car')",hybrid
1269,data/voc2007/VOCdevkit/VOC2007/JPEGImages/000002.jpg,0,"('', 'person')","('person', 'train')","('person', '')","('', 'train')",negative
1270,data/voc2007/VOCdevkit/VOC2007/JPEGImages/006649.jpg,0,"('', 'car')","('car', 'horse')","('car', '')","('', 'horse')",negative
1271,data/voc2007/VOCdevkit/VOC2007/JPEGImages/003661.jpg,0,"('car', 'person')","('person', 'car')","('person', '')","('', 'car')",hybrid
1272,data/voc2007/VOCdevkit/VOC2007/JPEGImages/001134.jpg,0,"('car and motorbike', '')","('person', 'car')","('person', '')","('', 'car')",positive
1273,data/voc2007/VOCdevkit/VOC2007/JPEGImages/002832.jpg,0,"('', 'car')","('car', 'train')","('car', '')","('', 'train')",negative
1274,data/voc2007/VOCdevkit/VOC2007/JPEGImages/002440.jpg,0,"('cat', 'tvmonitor')","('tvmonitor', 'cat')","('tvmonitor', '')","('', 'cat')",hybrid
1275,data/voc2007/VOCdevkit/VOC2007/JPEGImages/000315.jpg,0,"('person', 'chair')","('chair', 'person')","('chair', '')","('', 'person')",hybrid
1276,data/voc2007/VOCdevkit/VOC2007/JPEGImages/002105.jpg,0,"('motorbike', 'chair')","('chair', 'motorbike')","('chair', '')","('', 'motorbike')",hybrid
1277,data/voc2007/VOCdevkit/VOC2007/JPEGImages/003745.jpg,0,"('', 'chair')","('chair', 'person')","('chair', '')","('', 'person')",negative
1278,data/voc2007/VOCdevkit/VOC2007/JPEGImages/009169.jpg,0,"('sheep', 'dog')","('dog', 'sheep')","('dog', '')","('', 'sheep')",hybrid
1279,data/voc2007/VOCdevkit/VOC2007/JPEGImages/000650.jpg,0,"('', 'person')","('person', 'pottedplant')","('person', '')","('', 'pottedplant')",negative
1280,data/voc2007/VOCdevkit/VOC2007/JPEGImages/008729.jpg,0,"('chair', 'person')","('person', 'chair')","('person', '')","('', 'chair')",hybrid
1281,data/voc2007/VOCdevkit/VOC2007/JPEGImages/003324.jpg,0,"('person', 'car')","('car', 'person')","('car', '')","('', 'person')",hybrid
1282,data/voc2007/VOCdevkit/VOC2007/JPEGImages/003483.jpg,0,"('', 'horse')","('horse', 'person')","('horse', '')","('', 'person')",negative
1283,data/voc2007/VOCdevkit/VOC2007/JPEGImages/001803.jpg,0,"('', 'car')","('car', 'train')","('car', '')","('', 'train')",negative
1284,data/voc2007/VOCdevkit/VOC2007/JPEGImages/001471.jpg,0,"('cow', 'car')","('car', 'cow')","('car', '')","('', 'cow')",hybrid
1285,data/voc2007/VOCdevkit/VOC2007/JPEGImages/008348.jpg,0,"('bird', 'person')","('person', 'bird')","('person', '')","('', 'bird')",hybrid
1286,data/voc2007/VOCdevkit/VOC2007/JPEGImages/000231.jpg,0,"('person and bus', '')","('chair', 'person')","('chair', '')","('', 'person')",positive
1287,data/voc2007/VOCdevkit/VOC2007/JPEGImages/000596.jpg,0,"('sheep', 'person')","('person', 'sheep')","('person', '')","('', 'sheep')",hybrid
1288,data/voc2007/VOCdevkit/VOC2007/JPEGImages/000547.jpg,0,"('chair', 'car')","('car', 'chair')","('car', '')","('', 'chair')",hybrid
1289,data/voc2007/VOCdevkit/VOC2007/JPEGImages/008399.jpg,0,"('horse', 'car')","('car', 'horse')","('car', '')","('', 'horse')",hybrid
1290,data/voc2007/VOCdevkit/VOC2007/JPEGImages/001307.jpg,0,"('', 'car')","('car', 'bicycle')","('car', '')","('', 'bicycle')",negative
1291,data/voc2007/VOCdevkit/VOC2007/JPEGImages/004038.jpg,0,"('pottedplant', 'chair')","('chair', 'pottedplant')","('chair', '')","('', 'pottedplant')",hybrid
1292,data/voc2007/VOCdevkit/VOC2007/JPEGImages/000681.jpg,0,"('', 'person')","('person', 'bird')","('person', '')","('', 'bird')",negative
1293,data/voc2007/VOCdevkit/VOC2007/JPEGImages/005678.jpg,0,"('motorbike and car', '')","('bus', 'motorbike')","('bus', '')","('', 'motorbike')",positive
1294,data/voc2007/VOCdevkit/VOC2007/JPEGImages/000126.jpg,0,"('diningtable', 'sofa')","('sofa', 'diningtable')","('sofa', '')","('', 'diningtable')",hybrid
1295,data/voc2007/VOCdevkit/VOC2007/JPEGImages/003794.jpg,0,"('dog', 'chair')","('chair', 'dog')","('chair', '')","('', 'dog')",hybrid
1296,data/voc2007/VOCdevkit/VOC2007/JPEGImages/003033.jpg,0,"('car', 'person')","('person', 'car')","('person', '')","('', 'car')",hybrid
1297,data/voc2007/VOCdevkit/VOC2007/JPEGImages/002673.jpg,0,"('', 'chair')","('chair', 'person')","('chair', '')","('', 'person')",negative
1298,data/voc2007/VOCdevkit/VOC2007/JPEGImages/007866.jpg,0,"('car', 'bus')","('bus', 'car')","('bus', '')","('', 'car')",hybrid
1299,data/voc2007/VOCdevkit/VOC2007/JPEGImages/003978.jpg,0,"('person and horse', '')","('car', 'person')","('car', '')","('', 'person')",positive
1300,data/voc2007/VOCdevkit/VOC2007/JPEGImages/005341.jpg,0,"('', 'chair')","('chair', 'person')","('chair', '')","('', 'person')",negative
1301,data/voc2007/VOCdevkit/VOC2007/JPEGImages/008566.jpg,0,"('person and bicycle', '')","('car', 'person')","('car', '')","('', 'person')",positive
1302,data/voc2007/VOCdevkit/VOC2007/JPEGImages/004501.jpg,0,"('sofa', 'person')","('person', 'sofa')","('person', '')","('', 'sofa')",hybrid
1303,data/voc2007/VOCdevkit/VOC2007/JPEGImages/006192.jpg,0,"('bicycle and person', '')","('chair', 'bicycle')","('chair', '')","('', 'bicycle')",positive
1304,data/voc2007/VOCdevkit/VOC2007/JPEGImages/004160.jpg,0,"('', 'car')","('car', 'boat')","('car', '')","('', 'boat')",negative
1305,data/voc2007/VOCdevkit/VOC2007/JPEGImages/005087.jpg,0,"('person', 'car')","('car', 'person')","('car', '')","('', 'person')",hybrid
1306,data/voc2007/VOCdevkit/VOC2007/JPEGImages/005720.jpg,0,"('boat and person', '')","('car', 'boat')","('car', '')","('', 'boat')",positive
1307,data/voc2007/VOCdevkit/VOC2007/JPEGImages/009031.jpg,0,"('sheep', 'person')","('person', 'sheep')","('person', '')","('', 'sheep')",hybrid
1308,data/voc2007/VOCdevkit/VOC2007/JPEGImages/000708.jpg,0,"('bird', 'boat')","('boat', 'bird')","('boat', '')","('', 'bird')",hybrid
1309,data/voc2007/VOCdevkit/VOC2007/JPEGImages/004616.jpg,0,"('motorbike', 'car')","('car', 'motorbike')","('car', '')","('', 'motorbike')",hybrid
1310,data/voc2007/VOCdevkit/VOC2007/JPEGImages/008671.jpg,0,"('', 'person')","('person', 'sofa')","('person', '')","('', 'sofa')",negative
1311,data/voc2007/VOCdevkit/VOC2007/JPEGImages/007703.jpg,0,"('', 'sofa')","('sofa', 'dog')","('sofa', '')","('', 'dog')",negative
1312,data/voc2007/VOCdevkit/VOC2007/JPEGImages/006143.jpg,0,"('', 'car')","('car', 'horse')","('car', '')","('', 'horse')",negative
1313,data/voc2007/VOCdevkit/VOC2007/JPEGImages/004277.jpg,0,"('dog', 'person')","('person', 'dog')","('person', '')","('', 'dog')",hybrid
1314,data/voc2007/VOCdevkit/VOC2007/JPEGImages/008210.jpg,0,"('chair', 'sofa')","('sofa', 'chair')","('sofa', '')","('', 'chair')",hybrid
1315,data/voc2007/VOCdevkit/VOC2007/JPEGImages/009450.jpg,0,"('cow', 'person')","('person', 'cow')","('person', '')","('', 'cow')",hybrid
1316,data/voc2007/VOCdevkit/VOC2007/JPEGImages/005437.jpg,0,"('', 'bus')","('bus', 'car')","('bus', '')","('', 'car')",negative
1317,data/voc2007/VOCdevkit/VOC2007/JPEGImages/000369.jpg,0,"('diningtable', 'chair')","('chair', 'diningtable')","('chair', '')","('', 'diningtable')",hybrid
1318,data/voc2007/VOCdevkit/VOC2007/JPEGImages/005390.jpg,0,"('train', 'car')","('car', 'train')","('car', '')","('', 'train')",hybrid
1319,data/voc2007/VOCdevkit/VOC2007/JPEGImages/006522.jpg,0,"('horse', 'person')","('person', 'horse')","('person', '')","('', 'horse')",hybrid
1320,data/voc2007/VOCdevkit/VOC2007/JPEGImages/007362.jpg,0,"('car', 'bus')","('bus', 'car')","('bus', '')","('', 'car')",hybrid
1321,data/voc2007/VOCdevkit/VOC2007/JPEGImages/003742.jpg,0,"('', 'chair')","('chair', 'person')","('chair', '')","('', 'person')",negative
1322,data/voc2007/VOCdevkit/VOC2007/JPEGImages/008089.jpg,0,"('cat', 'person')","('person', 'cat')","('person', '')","('', 'cat')",hybrid
1323,data/voc2007/VOCdevkit/VOC2007/JPEGImages/004749.jpg,0,"('', 'car')","('car', 'person')","('car', '')","('', 'person')",negative
1324,data/voc2007/VOCdevkit/VOC2007/JPEGImages/005109.jpg,0,"('', 'person')","('person', 'cat')","('person', '')","('', 'cat')",negative
1325,data/voc2007/VOCdevkit/VOC2007/JPEGImages/002911.jpg,0,"('person', 'chair')","('chair', 'person')","('chair', '')","('', 'person')",hybrid
1326,data/voc2007/VOCdevkit/VOC2007/JPEGImages/003323.jpg,0,"('diningtable', 'car')","('car', 'diningtable')","('car', '')","('', 'diningtable')",hybrid
1327,data/voc2007/VOCdevkit/VOC2007/JPEGImages/003323.jpg,0,"('person', 'car')","('car', 'person')","('car', '')","('', 'person')",hybrid
1328,data/voc2007/VOCdevkit/VOC2007/JPEGImages/001476.jpg,0,"('car and person', '')","('horse', 'car')","('horse', '')","('', 'car')",positive
1329,data/voc2007/VOCdevkit/VOC2007/JPEGImages/001804.jpg,0,"('car', 'bus')","('bus', 'car')","('bus', '')","('', 'car')",hybrid
1330,data/voc2007/VOCdevkit/VOC2007/JPEGImages/004328.jpg,0,"('', 'car')","('car', 'person')","('car', '')","('', 'person')",negative
1331,data/voc2007/VOCdevkit/VOC2007/JPEGImages/008439.jpg,0,"('', 'car')","('car', 'person')","('car', '')","('', 'person')",negative
1332,data/voc2007/VOCdevkit/VOC2007/JPEGImages/001300.jpg,0,"('horse', 'person')","('person', 'horse')","('person', '')","('', 'horse')",hybrid
1333,data/voc2007/VOCdevkit/VOC2007/JPEGImages/000932.jpg,0,"('', 'person')","('person', 'car')","('person', '')","('', 'car')",negative
1334,data/voc2007/VOCdevkit/VOC2007/JPEGImages/008058.jpg,0,"('', 'car')","('car', 'person')","('car', '')","('', 'person')",negative
1335,data/voc2007/VOCdevkit/VOC2007/JPEGImages/004798.jpg,0,"('bird', 'boat')","('boat', 'bird')","('boat', '')","('', 'bird')",hybrid
1336,data/voc2007/VOCdevkit/VOC2007/JPEGImages/002674.jpg,0,"('chair', 'car')","('car', 'chair')","('car', '')","('', 'chair')",hybrid
1337,data/voc2007/VOCdevkit/VOC2007/JPEGImages/006253.jpg,0,"('cat', 'sofa')","('sofa', 'cat')","('sofa', '')","('', 'cat')",hybrid
1338,data/voc2007/VOCdevkit/VOC2007/JPEGImages/006986.jpg,0,"('bus', 'car')","('car', 'bus')","('car', '')","('', 'bus')",hybrid
1339,data/voc2007/VOCdevkit/VOC2007/JPEGImages/007861.jpg,0,"('car and person', '')","('chair', 'car')","('chair', '')","('', 'car')",positive
1340,data/voc2007/VOCdevkit/VOC2007/JPEGImages/002898.jpg,0,"('train', 'person')","('person', 'train')","('person', '')","('', 'train')",hybrid
1341,data/voc2007/VOCdevkit/VOC2007/JPEGImages/008561.jpg,0,"('tvmonitor', 'person')","('person', 'tvmonitor')","('person', '')","('', 'tvmonitor')",hybrid
1342,data/voc2007/VOCdevkit/VOC2007/JPEGImages/004506.jpg,0,"('chair', 'diningtable')","('diningtable', 'chair')","('diningtable', '')","('', 'chair')",hybrid
1343,data/voc2007/VOCdevkit/VOC2007/JPEGImages/000418.jpg,0,"('', 'person')","('person', 'aeroplane')","('person', '')","('', 'aeroplane')",negative
1344,data/voc2007/VOCdevkit/VOC2007/JPEGImages/009321.jpg,0,"('car', 'person')","('person', 'car')","('person', '')","('', 'car')",hybrid
1345,data/voc2007/VOCdevkit/VOC2007/JPEGImages/009486.jpg,0,"('sofa', 'pottedplant')","('pottedplant', 'sofa')","('pottedplant', '')","('', 'sofa')",hybrid
1346,data/voc2007/VOCdevkit/VOC2007/JPEGImages/009486.jpg,0,"('chair and diningtable', '')","('pottedplant', 'chair')","('pottedplant', '')","('', 'chair')",positive
1347,data/voc2007/VOCdevkit/VOC2007/JPEGImages/006195.jpg,0,"('person and bottle', '')","('chair', 'person')","('chair', '')","('', 'person')",positive
1348,data/voc2007/VOCdevkit/VOC2007/JPEGImages/005727.jpg,0,"('chair and sofa', '')","('person', 'chair')","('person', '')","('', 'chair')",positive
1349,data/voc2007/VOCdevkit/VOC2007/JPEGImages/000079.jpg,0,"('', 'person')","('person', 'dog')","('person', '')","('', 'dog')",negative
1350,data/voc2007/VOCdevkit/VOC2007/JPEGImages/009740.jpg,0,"('car', 'person')","('person', 'car')","('person', '')","('', 'car')",hybrid
1351,data/voc2007/VOCdevkit/VOC2007/JPEGImages/005080.jpg,0,"('', 'person')","('person', 'cow')","('person', '')","('', 'cow')",negative
1352,data/voc2007/VOCdevkit/VOC2007/JPEGImages/001639.jpg,0,"('', 'sofa')","('sofa', 'dog')","('sofa', '')","('', 'dog')",negative
1353,data/voc2007/VOCdevkit/VOC2007/JPEGImages/004167.jpg,0,"('person and bus', '')","('chair', 'person')","('chair', '')","('', 'person')",positive
1354,data/voc2007/VOCdevkit/VOC2007/JPEGImages/009791.jpg,0,"('train', 'car')","('car', 'train')","('car', '')","('', 'train')",hybrid
1355,data/voc2007/VOCdevkit/VOC2007/JPEGImages/005051.jpg,0,"('', 'sofa')","('sofa', 'dog')","('sofa', '')","('', 'dog')",negative
1356,data/voc2007/VOCdevkit/VOC2007/JPEGImages/006144.jpg,0,"('tvmonitor and cat', '')","('chair', 'tvmonitor')","('chair', '')","('', 'tvmonitor')",positive
1357,data/voc2007/VOCdevkit/VOC2007/JPEGImages/005842.jpg,0,"('', 'chair')","('chair', 'car')","('chair', '')","('', 'car')",negative
1358,data/voc2007/VOCdevkit/VOC2007/JPEGImages/008217.jpg,0,"('', 'chair')","('chair', 'person')","('chair', '')","('', 'person')",negative
1359,data/voc2007/VOCdevkit/VOC2007/JPEGImages/002849.jpg,0,"('dog', 'sofa')","('sofa', 'dog')","('sofa', '')","('', 'dog')",hybrid
1360,data/voc2007/VOCdevkit/VOC2007/JPEGImages/006957.jpg,0,"('', 'car')","('car', 'person')","('car', '')","('', 'person')",negative
1361,data/voc2007/VOCdevkit/VOC2007/JPEGImages/006525.jpg,0,"('car', 'person')","('person', 'car')","('person', '')","('', 'car')",hybrid
1362,data/voc2007/VOCdevkit/VOC2007/JPEGImages/006060.jpg,0,"('', 'car')","('car', 'cow')","('car', '')","('', 'cow')",negative
1363,data/voc2007/VOCdevkit/VOC2007/JPEGImages/003099.jpg,0,"('sofa', 'person')","('person', 'sofa')","('person', '')","('', 'sofa')",hybrid
1364,data/voc2007/VOCdevkit/VOC2007/JPEGImages/007620.jpg,0,"('person', 'car')","('car', 'person')","('car', '')","('', 'person')",hybrid
1365,data/voc2007/VOCdevkit/VOC2007/JPEGImages/009901.jpg,0,"('', 'car')","('car', 'chair')","('car', '')","('', 'chair')",negative
1366,data/voc2007/VOCdevkit/VOC2007/JPEGImages/005966.jpg,0,"('person', 'chair')","('chair', 'person')","('chair', '')","('', 'person')",hybrid
1367,data/voc2007/VOCdevkit/VOC2007/JPEGImages/008333.jpg,0,"('sheep', 'dog')","('dog', 'sheep')","('dog', '')","('', 'sheep')",hybrid
1368,data/voc2007/VOCdevkit/VOC2007/JPEGImages/004881.jpg,0,"('chair', 'sofa')","('sofa', 'chair')","('sofa', '')","('', 'chair')",hybrid
1369,data/voc2007/VOCdevkit/VOC2007/JPEGImages/007994.jpg,0,"('', 'chair')","('chair', 'person')","('chair', '')","('', 'person')",negative
1370,data/voc2007/VOCdevkit/VOC2007/JPEGImages/006401.jpg,0,"('horse', 'chair')","('chair', 'horse')","('chair', '')","('', 'horse')",hybrid
1371,data/voc2007/VOCdevkit/VOC2007/JPEGImages/006873.jpg,0,"('horse and person', '')","('chair', 'horse')","('chair', '')","('', 'horse')",positive
1372,data/voc2007/VOCdevkit/VOC2007/JPEGImages/007290.jpg,0,"('aeroplane', 'person')","('person', 'aeroplane')","('person', '')","('', 'aeroplane')",hybrid
1373,data/voc2007/VOCdevkit/VOC2007/JPEGImages/002269.jpg,0,"('person and horse', '')","('car', 'person')","('car', '')","('', 'person')",positive
1374,data/voc2007/VOCdevkit/VOC2007/JPEGImages/007945.jpg,0,"('', 'chair')","('chair', 'train')","('chair', '')","('', 'train')",negative
1375,data/voc2007/VOCdevkit/VOC2007/JPEGImages/004385.jpg,0,"('sofa', 'person')","('person', 'sofa')","('person', '')","('', 'sofa')",hybrid
1376,data/voc2007/VOCdevkit/VOC2007/JPEGImages/004422.jpg,0,"('pottedplant', 'chair')","('chair', 'pottedplant')","('chair', '')","('', 'pottedplant')",hybrid
1377,data/voc2007/VOCdevkit/VOC2007/JPEGImages/007156.jpg,0,"('', 'person')","('person', 'bus')","('person', '')","('', 'bus')",negative
1378,data/voc2007/VOCdevkit/VOC2007/JPEGImages/002608.jpg,0,"('', 'person')","('person', 'tvmonitor')","('person', '')","('', 'tvmonitor')",negative
1379,data/voc2007/VOCdevkit/VOC2007/JPEGImages/003048.jpg,0,"('', 'person')","('person', 'sofa')","('person', '')","('', 'sofa')",negative
1380,data/voc2007/VOCdevkit/VOC2007/JPEGImages/006716.jpg,0,"('bird', 'boat')","('boat', 'bird')","('boat', '')","('', 'bird')",hybrid
1381,data/voc2007/VOCdevkit/VOC2007/JPEGImages/004043.jpg,0,"('person and car', '')","('chair', 'person')","('chair', '')","('', 'person')",positive
1382,data/voc2007/VOCdevkit/VOC2007/JPEGImages/001583.jpg,0,"('', 'car')","('car', 'person')","('car', '')","('', 'person')",negative
1383,data/voc2007/VOCdevkit/VOC2007/JPEGImages/004908.jpg,0,"('person', 'car')","('car', 'person')","('car', '')","('', 'person')",hybrid
1384,data/voc2007/VOCdevkit/VOC2007/JPEGImages/009888.jpg,0,"('tvmonitor', 'chair')","('chair', 'tvmonitor')","('chair', '')","('', 'tvmonitor')",hybrid
1385,data/voc2007/VOCdevkit/VOC2007/JPEGImages/003571.jpg,0,"('', 'car')","('car', 'boat')","('car', '')","('', 'boat')",negative
1386,data/voc2007/VOCdevkit/VOC2007/JPEGImages/003903.jpg,0,"('person', 'car')","('car', 'person')","('car', '')","('', 'person')",hybrid
1387,data/voc2007/VOCdevkit/VOC2007/JPEGImages/002331.jpg,0,"('person and car', '')","('chair', 'person')","('chair', '')","('', 'person')",positive
1388,data/voc2007/VOCdevkit/VOC2007/JPEGImages/001645.jpg,0,"('', 'dog')","('dog', 'sheep')","('dog', '')","('', 'sheep')",negative
1389,data/voc2007/VOCdevkit/VOC2007/JPEGImages/002750.jpg,0,"('car and person', '')","('horse', 'car')","('horse', '')","('', 'car')",positive
1390,data/voc2007/VOCdevkit/VOC2007/JPEGImages/006138.jpg,0,"('', 'car')","('car', 'train')","('car', '')","('', 'train')",negative
1391,data/voc2007/VOCdevkit/VOC2007/JPEGImages/003666.jpg,0,"('car', 'bus')","('bus', 'car')","('bus', '')","('', 'car')",hybrid
1392,data/voc2007/VOCdevkit/VOC2007/JPEGImages/002026.jpg,0,"('sofa', 'car')","('car', 'sofa')","('car', '')","('', 'sofa')",hybrid
1393,data/voc2007/VOCdevkit/VOC2007/JPEGImages/002026.jpg,0,"('pottedplant and bottle', '')","('car', 'pottedplant')","('car', '')","('', 'pottedplant')",positive
1394,data/voc2007/VOCdevkit/VOC2007/JPEGImages/007778.jpg,0,"('bottle', 'car')","('car', 'bottle')","('car', '')","('', 'bottle')",hybrid
1395,data/voc2007/VOCdevkit/VOC2007/JPEGImages/002781.jpg,0,"('person', 'car')","('car', 'person')","('car', '')","('', 'person')",hybrid
1396,data/voc2007/VOCdevkit/VOC2007/JPEGImages/001133.jpg,0,"('', 'car')","('car', 'sofa')","('car', '')","('', 'sofa')",negative
1397,data/voc2007/VOCdevkit/VOC2007/JPEGImages/001694.jpg,0,"('cat', 'person')","('person', 'cat')","('person', '')","('', 'cat')",hybrid
1398,data/voc2007/VOCdevkit/VOC2007/JPEGImages/000773.jpg,0,"('bird', 'boat')","('boat', 'bird')","('boat', '')","('', 'bird')",hybrid
1399,data/voc2007/VOCdevkit/VOC2007/JPEGImages/007319.jpg,0,"('person and sofa', '')","('car', 'person')","('car', '')","('', 'person')",positive
1400,data/voc2007/VOCdevkit/VOC2007/JPEGImages/007319.jpg,0,"('', 'diningtable')","('diningtable', 'pottedplant')","('diningtable', '')","('', 'pottedplant')",negative
1401,data/voc2007/VOCdevkit/VOC2007/JPEGImages/002447.jpg,0,"('', 'sofa')","('sofa', 'dog')","('sofa', '')","('', 'dog')",negative
1402,data/voc2007/VOCdevkit/VOC2007/JPEGImages/006559.jpg,0,"('person', 'chair')","('chair', 'person')","('chair', '')","('', 'person')",hybrid
1403,data/voc2007/VOCdevkit/VOC2007/JPEGImages/001552.jpg,0,"('', 'person')","('person', 'car')","('person', '')","('', 'car')",negative
1404,data/voc2007/VOCdevkit/VOC2007/JPEGImages/000659.jpg,0,"('chair', 'person')","('person', 'chair')","('person', '')","('', 'chair')",hybrid
1405,data/voc2007/VOCdevkit/VOC2007/JPEGImages/001019.jpg,0,"('cat', 'person')","('person', 'cat')","('person', '')","('', 'cat')",hybrid
1406,data/voc2007/VOCdevkit/VOC2007/JPEGImages/007652.jpg,0,"('person', 'car')","('car', 'person')","('car', '')","('', 'person')",hybrid
1407,data/voc2007/VOCdevkit/VOC2007/JPEGImages/008894.jpg,0,"('person and bottle', '')","('chair', 'person')","('chair', '')","('', 'person')",positive
1408,data/voc2007/VOCdevkit/VOC2007/JPEGImages/001478.jpg,0,"('', 'person')","('person', 'pottedplant')","('person', '')","('', 'pottedplant')",negative
1409,data/voc2007/VOCdevkit/VOC2007/JPEGImages/000238.jpg,0,"('person', 'car')","('car', 'person')","('car', '')","('', 'person')",hybrid
1410,data/voc2007/VOCdevkit/VOC2007/JPEGImages/009501.jpg,0,"('train', 'person')","('person', 'train')","('person', '')","('', 'train')",hybrid
1411,data/voc2007/VOCdevkit/VOC2007/JPEGImages/006801.jpg,0,"('', 'tvmonitor')","('tvmonitor', 'cat')","('tvmonitor', '')","('', 'cat')",negative
1412,data/voc2007/VOCdevkit/VOC2007/JPEGImages/007233.jpg,0,"('boat', 'car')","('car', 'boat')","('car', '')","('', 'boat')",hybrid
1413,data/voc2007/VOCdevkit/VOC2007/JPEGImages/007545.jpg,0,"('bird', 'person')","('person', 'bird')","('person', '')","('', 'bird')",hybrid
1414,data/voc2007/VOCdevkit/VOC2007/JPEGImages/007937.jpg,0,"('', 'chair')","('chair', 'bottle')","('chair', '')","('', 'bottle')",negative
1415,data/voc2007/VOCdevkit/VOC2007/JPEGImages/003829.jpg,0,"('person and train', '')","('chair', 'person')","('chair', '')","('', 'person')",positive
1416,data/voc2007/VOCdevkit/VOC2007/JPEGImages/009277.jpg,0,"('motorbike', 'car')","('car', 'motorbike')","('car', '')","('', 'motorbike')",hybrid
1417,data/voc2007/VOCdevkit/VOC2007/JPEGImages/004822.jpg,0,"('person', 'chair')","('chair', 'person')","('chair', '')","('', 'person')",hybrid
1418,data/voc2007/VOCdevkit/VOC2007/JPEGImages/008845.jpg,0,"('person', 'car')","('car', 'person')","('car', '')","('', 'person')",hybrid
1419,data/voc2007/VOCdevkit/VOC2007/JPEGImages/006764.jpg,0,"('sofa and person', '')","('car', 'sofa')","('car', '')","('', 'sofa')",positive
1420,data/voc2007/VOCdevkit/VOC2007/JPEGImages/007124.jpg,0,"('person and bicycle', '')","('car', 'person')","('car', '')","('', 'person')",positive
1421,data/voc2007/VOCdevkit/VOC2007/JPEGImages/008056.jpg,0,"('', 'diningtable')","('diningtable', 'chair')","('diningtable', '')","('', 'chair')",negative
1422,data/voc2007/VOCdevkit/VOC2007/JPEGImages/009616.jpg,0,"('bird', 'boat')","('boat', 'bird')","('boat', '')","('', 'bird')",hybrid
1423,data/voc2007/VOCdevkit/VOC2007/JPEGImages/005671.jpg,0,"('dog', 'person')","('person', 'dog')","('person', '')","('', 'dog')",hybrid
1424,data/voc2007/VOCdevkit/VOC2007/JPEGImages/000864.jpg,0,"('bus', 'person')","('person', 'bus')","('person', '')","('', 'bus')",hybrid
1425,data/voc2007/VOCdevkit/VOC2007/JPEGImages/001256.jpg,0,"('', 'chair')","('chair', 'bicycle')","('chair', '')","('', 'bicycle')",negative
1426,data/voc2007/VOCdevkit/VOC2007/JPEGImages/001983.jpg,0,"('bus', 'car')","('car', 'bus')","('car', '')","('', 'bus')",hybrid
1427,data/voc2007/VOCdevkit/VOC2007/JPEGImages/003503.jpg,0,"('bus and person', '')","('chair', 'bus')","('chair', '')","('', 'bus')",positive
1428,data/voc2007/VOCdevkit/VOC2007/JPEGImages/001637.jpg,0,"('', 'boat')","('boat', 'bird')","('boat', '')","('', 'bird')",negative
1429,data/voc2007/VOCdevkit/VOC2007/JPEGImages/001190.jpg,0,"('dog', 'person')","('person', 'dog')","('person', '')","('', 'dog')",hybrid
1430,data/voc2007/VOCdevkit/VOC2007/JPEGImages/002085.jpg,0,"('boat', 'person')","('person', 'boat')","('person', '')","('', 'boat')",hybrid
1431,data/voc2007/VOCdevkit/VOC2007/JPEGImages/000701.jpg,0,"('', 'car')","('car', 'person')","('car', '')","('', 'person')",negative
1432,data/voc2007/VOCdevkit/VOC2007/JPEGImages/009038.jpg,0,"('bus', 'car')","('car', 'bus')","('car', '')","('', 'bus')",hybrid
1433,data/voc2007/VOCdevkit/VOC2007/JPEGImages/008678.jpg,0,"('sofa', 'diningtable')","('diningtable', 'sofa')","('diningtable', '')","('', 'sofa')",hybrid
1434,data/voc2007/VOCdevkit/VOC2007/JPEGImages/001141.jpg,0,"('pottedplant', 'chair')","('chair', 'pottedplant')","('chair', '')","('', 'pottedplant')",hybrid
1435,data/voc2007/VOCdevkit/VOC2007/JPEGImages/003275.jpg,0,"('bicycle', 'person')","('person', 'bicycle')","('person', '')","('', 'bicycle')",hybrid
1436,data/voc2007/VOCdevkit/VOC2007/JPEGImages/008219.jpg,0,"('person', 'chair')","('chair', 'person')","('chair', '')","('', 'person')",hybrid
1437,data/voc2007/VOCdevkit/VOC2007/JPEGImages/001520.jpg,0,"('', 'person')","('person', 'cat')","('person', '')","('', 'cat')",negative
1438,data/voc2007/VOCdevkit/VOC2007/JPEGImages/005399.jpg,0,"('', 'car')","('car', 'person')","('car', '')","('', 'person')",negative
1439,data/voc2007/VOCdevkit/VOC2007/JPEGImages/000360.jpg,0,"('', 'car')","('car', 'cow')","('car', '')","('', 'cow')",negative
1440,data/voc2007/VOCdevkit/VOC2007/JPEGImages/003730.jpg,0,"('motorbike', 'person')","('person', 'motorbike')","('person', '')","('', 'motorbike')",hybrid
1441,data/voc2007/VOCdevkit/VOC2007/JPEGImages/003097.jpg,0,"('train', 'person')","('person', 'train')","('person', '')","('', 'train')",hybrid
1442,data/voc2007/VOCdevkit/VOC2007/JPEGImages/000182.jpg,0,"('person and sofa', '')","('chair', 'person')","('chair', '')","('', 'person')",positive
1443,data/voc2007/VOCdevkit/VOC2007/JPEGImages/001065.jpg,0,"('', 'chair')","('chair', 'person')","('chair', '')","('', 'person')",negative
1444,data/voc2007/VOCdevkit/VOC2007/JPEGImages/003884.jpg,0,"('', 'chair')","('chair', 'person')","('chair', '')","('', 'person')",negative
1445,data/voc2007/VOCdevkit/VOC2007/JPEGImages/002511.jpg,0,"('horse and person', '')","('car', 'horse')","('car', '')","('', 'horse')",positive
1446,data/voc2007/VOCdevkit/VOC2007/JPEGImages/001876.jpg,0,"('', 'car')","('car', 'train')","('car', '')","('', 'train')",negative
1447,data/voc2007/VOCdevkit/VOC2007/JPEGImages/000295.jpg,0,"('', 'car')","('car', 'boat')","('car', '')","('', 'boat')",negative
1448,data/voc2007/VOCdevkit/VOC2007/JPEGImages/000532.jpg,0,"('person', 'chair')","('chair', 'person')","('chair', '')","('', 'person')",hybrid
1449,data/voc2007/VOCdevkit/VOC2007/JPEGImages/000940.jpg,0,"('', 'diningtable')","('diningtable', 'chair')","('diningtable', '')","('', 'chair')",negative
1450,data/voc2007/VOCdevkit/VOC2007/JPEGImages/001372.jpg,0,"('person', 'chair')","('chair', 'person')","('chair', '')","('', 'person')",hybrid
1451,data/voc2007/VOCdevkit/VOC2007/JPEGImages/008839.jpg,0,"('bicycle', 'car')","('car', 'bicycle')","('car', '')","('', 'bicycle')",hybrid
1452,data/voc2007/VOCdevkit/VOC2007/JPEGImages/007539.jpg,0,"('', 'boat')","('boat', 'bird')","('boat', '')","('', 'bird')",negative
1453,data/voc2007/VOCdevkit/VOC2007/JPEGImages/006379.jpg,0,"('', 'person')","('person', 'bird')","('person', '')","('', 'bird')",negative
1454,data/voc2007/VOCdevkit/VOC2007/JPEGImages/003427.jpg,0,"('person and cat', '')","('car', 'person')","('car', '')","('', 'person')",positive
1455,data/voc2007/VOCdevkit/VOC2007/JPEGImages/003046.jpg,0,"('', 'person')","('person', 'car')","('person', '')","('', 'car')",negative
1456,data/voc2007/VOCdevkit/VOC2007/JPEGImages/007158.jpg,0,"('cow', 'car')","('car', 'cow')","('car', '')","('', 'cow')",hybrid
1457,data/voc2007/VOCdevkit/VOC2007/JPEGImages/002498.jpg,0,"('person', 'chair')","('chair', 'person')","('chair', '')","('', 'person')",hybrid
1458,data/voc2007/VOCdevkit/VOC2007/JPEGImages/006586.jpg,0,"('', 'car')","('car', 'person')","('car', '')","('', 'person')",negative
1459,data/voc2007/VOCdevkit/VOC2007/JPEGImages/005493.jpg,0,"('', 'bus')","('bus', 'car')","('bus', '')","('', 'car')",negative
1460,data/voc2007/VOCdevkit/VOC2007/JPEGImages/009353.jpg,0,"('sofa', 'person')","('person', 'sofa')","('person', '')","('', 'sofa')",hybrid
1461,data/voc2007/VOCdevkit/VOC2007/JPEGImages/005334.jpg,0,"('horse', 'person')","('person', 'horse')","('person', '')","('', 'horse')",hybrid
1462,data/voc2007/VOCdevkit/VOC2007/JPEGImages/004906.jpg,0,"('', 'person')","('person', 'aeroplane')","('person', '')","('', 'aeroplane')",negative
1463,data/voc2007/VOCdevkit/VOC2007/JPEGImages/006640.jpg,0,"('bird', 'person')","('person', 'bird')","('person', '')","('', 'bird')",hybrid
1464,data/voc2007/VOCdevkit/VOC2007/JPEGImages/007000.jpg,0,"('', 'chair')","('chair', 'person')","('chair', '')","('', 'person')",negative
1465,data/voc2007/VOCdevkit/VOC2007/JPEGImages/004115.jpg,0,"('car', 'bus')","('bus', 'car')","('bus', '')","('', 'car')",hybrid
1466,data/voc2007/VOCdevkit/VOC2007/JPEGImages/008172.jpg,0,"('', 'chair')","('chair', 'dog')","('chair', '')","('', 'dog')",negative
1467,data/voc2007/VOCdevkit/VOC2007/JPEGImages/009095.jpg,0,"('diningtable and chair', '')","('person', 'diningtable')","('person', '')","('', 'diningtable')",positive
1468,data/voc2007/VOCdevkit/VOC2007/JPEGImages/009044.jpg,0,"('motorbike', 'chair')","('chair', 'motorbike')","('chair', '')","('', 'motorbike')",hybrid
1469,data/voc2007/VOCdevkit/VOC2007/JPEGImages/004663.jpg,0,"('train', 'car')","('car', 'train')","('car', '')","('', 'train')",hybrid
1470,data/voc2007/VOCdevkit/VOC2007/JPEGImages/002028.jpg,0,"('', 'boat')","('boat', 'bird')","('boat', '')","('', 'bird')",negative
1471,data/voc2007/VOCdevkit/VOC2007/JPEGImages/003668.jpg,0,"('diningtable', 'person')","('person', 'diningtable')","('person', '')","('', 'diningtable')",hybrid
1472,data/voc2007/VOCdevkit/VOC2007/JPEGImages/006691.jpg,0,"('', 'chair')","('chair', 'pottedplant')","('chair', '')","('', 'pottedplant')",negative
1473,data/voc2007/VOCdevkit/VOC2007/JPEGImages/008265.jpg,0,"('', 'chair')","('chair', 'person')","('chair', '')","('', 'person')",negative
1474,data/voc2007/VOCdevkit/VOC2007/JPEGImages/004202.jpg,0,"('dog', 'person')","('person', 'dog')","('person', '')","('', 'dog')",hybrid
1475,data/voc2007/VOCdevkit/VOC2007/JPEGImages/005442.jpg,0,"('bottle and person', '')","('car', 'bottle')","('car', '')","('', 'bottle')",positive
1476,data/voc2007/VOCdevkit/VOC2007/JPEGImages/009857.jpg,0,"('', 'car')","('car', 'motorbike')","('car', '')","('', 'motorbike')",negative
1477,data/voc2007/VOCdevkit/VOC2007/JPEGImages/009425.jpg,0,"('person', 'chair')","('chair', 'person')","('chair', '')","('', 'person')",hybrid
1478,data/voc2007/VOCdevkit/VOC2007/JPEGImages/003209.jpg,0,"('', 'car')","('car', 'aeroplane')","('car', '')","('', 'aeroplane')",negative
1479,data/voc2007/VOCdevkit/VOC2007/JPEGImages/006925.jpg,0,"('car', 'person')","('person', 'car')","('person', '')","('', 'car')",hybrid
1480,data/voc2007/VOCdevkit/VOC2007/JPEGImages/006557.jpg,0,"('sheep', 'person')","('person', 'sheep')","('person', '')","('', 'sheep')",hybrid
1481,data/voc2007/VOCdevkit/VOC2007/JPEGImages/007317.jpg,0,"('bird and person', '')","('chair', 'bird')","('chair', '')","('', 'bird')",positive
1482,data/voc2007/VOCdevkit/VOC2007/JPEGImages/002449.jpg,0,"('diningtable', 'sofa')","('sofa', 'diningtable')","('sofa', '')","('', 'diningtable')",hybrid
1483,data/voc2007/VOCdevkit/VOC2007/JPEGImages/003737.jpg,0,"('person and dog', '')","('car', 'person')","('car', '')","('', 'person')",positive
1484,data/voc2007/VOCdevkit/VOC2007/JPEGImages/002177.jpg,0,"('car and bus', '')","('motorbike', 'car')","('motorbike', '')","('', 'car')",positive
1485,data/voc2007/VOCdevkit/VOC2007/JPEGImages/000185.jpg,0,"('chair', 'diningtable')","('diningtable', 'chair')","('diningtable', '')","('', 'chair')",hybrid
1486,data/voc2007/VOCdevkit/VOC2007/JPEGImages/007248.jpg,0,"('pottedplant', 'person')","('person', 'pottedplant')","('person', '')","('', 'pottedplant')",hybrid
1487,data/voc2007/VOCdevkit/VOC2007/JPEGImages/002516.jpg,0,"('person', 'car')","('car', 'person')","('car', '')","('', 'person')",hybrid
1488,data/voc2007/VOCdevkit/VOC2007/JPEGImages/002964.jpg,0,"('', 'chair')","('chair', 'dog')","('chair', '')","('', 'dog')",negative
1489,data/voc2007/VOCdevkit/VOC2007/JPEGImages/003883.jpg,0,"('train', 'car')","('car', 'train')","('car', '')","('', 'train')",hybrid
1490,data/voc2007/VOCdevkit/VOC2007/JPEGImages/006408.jpg,0,"('', 'car')","('car', 'boat')","('car', '')","('', 'boat')",negative
1491,data/voc2007/VOCdevkit/VOC2007/JPEGImages/000243.jpg,0,"('aeroplane', 'person')","('person', 'aeroplane')","('person', '')","('', 'aeroplane')",hybrid
1492,data/voc2007/VOCdevkit/VOC2007/JPEGImages/004888.jpg,0,"('cat', 'person')","('person', 'cat')","('person', '')","('', 'cat')",hybrid
1493,data/voc2007/VOCdevkit/VOC2007/JPEGImages/001871.jpg,0,"('tvmonitor', 'chair')","('chair', 'tvmonitor')","('chair', '')","('', 'tvmonitor')",hybrid
1494,data/voc2007/VOCdevkit/VOC2007/JPEGImages/001403.jpg,0,"('car', 'chair')","('chair', 'car')","('chair', '')","('', 'car')",hybrid
1495,data/voc2007/VOCdevkit/VOC2007/JPEGImages/000292.jpg,0,"('', 'person')","('person', 'cat')","('person', '')","('', 'cat')",negative
1496,data/voc2007/VOCdevkit/VOC2007/JPEGImages/003852.jpg,0,"('horse', 'car')","('car', 'horse')","('car', '')","('', 'horse')",hybrid
1497,data/voc2007/VOCdevkit/VOC2007/JPEGImages/003387.jpg,0,"('car', 'person')","('person', 'car')","('person', '')","('', 'car')",hybrid
1498,data/voc2007/VOCdevkit/VOC2007/JPEGImages/002601.jpg,0,"('', 'person')","('person', 'tvmonitor')","('person', '')","('', 'tvmonitor')",negative
1499,data/voc2007/VOCdevkit/VOC2007/JPEGImages/003041.jpg,0,"('', 'chair')","('chair', 'person')","('chair', '')","('', 'person')",negative
1500,data/voc2007/VOCdevkit/VOC2007/JPEGImages/006226.jpg,0,"('chair', 'car')","('car', 'chair')","('car', '')","('', 'chair')",hybrid
1501,data/voc2007/VOCdevkit/VOC2007/JPEGImages/003578.jpg,0,"('', 'horse')","('horse', 'person')","('horse', '')","('', 'person')",negative
1502,data/voc2007/VOCdevkit/VOC2007/JPEGImages/006581.jpg,0,"('', 'person')","('person', 'bicycle')","('person', '')","('', 'bicycle')",negative
1503,data/voc2007/VOCdevkit/VOC2007/JPEGImages/002338.jpg,0,"('sheep', 'dog')","('dog', 'sheep')","('dog', '')","('', 'sheep')",hybrid
1504,data/voc2007/VOCdevkit/VOC2007/JPEGImages/004901.jpg,0,"('', 'person')","('person', 'cow')","('person', '')","('', 'cow')",negative
1505,data/voc2007/VOCdevkit/VOC2007/JPEGImages/004573.jpg,0,"('', 'chair')","('chair', 'boat')","('chair', '')","('', 'boat')",negative
1506,data/voc2007/VOCdevkit/VOC2007/JPEGImages/005333.jpg,0,"('car', 'horse')","('horse', 'car')","('horse', '')","('', 'car')",hybrid
1507,data/voc2007/VOCdevkit/VOC2007/JPEGImages/005494.jpg,0,"('pottedplant', 'chair')","('chair', 'pottedplant')","('chair', '')","('', 'pottedplant')",hybrid
1508,data/voc2007/VOCdevkit/VOC2007/JPEGImages/003119.jpg,0,"('cat', 'person')","('person', 'cat')","('person', '')","('', 'cat')",hybrid
1509,data/voc2007/VOCdevkit/VOC2007/JPEGImages/009092.jpg,0,"('person', 'horse')","('horse', 'person')","('horse', '')","('', 'person')",hybrid
1510,data/voc2007/VOCdevkit/VOC2007/JPEGImages/004112.jpg,0,"('person and dog', '')","('chair', 'person')","('chair', '')","('', 'person')",positive
1511,data/voc2007/VOCdevkit/VOC2007/JPEGImages/008603.jpg,0,"('person', 'car')","('car', 'person')","('car', '')","('', 'person')",hybrid
1512,data/voc2007/VOCdevkit/VOC2007/JPEGImages/004664.jpg,0,"('', 'chair')","('chair', 'tvmonitor')","('chair', '')","('', 'tvmonitor')",negative
1513,data/voc2007/VOCdevkit/VOC2007/JPEGImages/009043.jpg,0,"('', 'car')","('car', 'person')","('car', '')","('', 'person')",negative
1514,data/voc2007/VOCdevkit/VOC2007/JPEGImages/002788.jpg,0,"('', 'car')","('car', 'diningtable')","('car', '')","('', 'diningtable')",negative
1515,data/voc2007/VOCdevkit/VOC2007/JPEGImages/007771.jpg,0,"('train', 'car')","('car', 'train')","('car', '')","('', 'train')",hybrid
1516,data/voc2007/VOCdevkit/VOC2007/JPEGImages/009385.jpg,0,"('diningtable', 'person')","('person', 'diningtable')","('person', '')","('', 'diningtable')",hybrid
1517,data/voc2007/VOCdevkit/VOC2007/JPEGImages/005837.jpg,0,"('', 'car')","('car', 'train')","('car', '')","('', 'train')",negative
1518,data/voc2007/VOCdevkit/VOC2007/JPEGImages/009850.jpg,0,"('person', 'chair')","('chair', 'person')","('chair', '')","('', 'person')",hybrid
1519,data/voc2007/VOCdevkit/VOC2007/JPEGImages/001929.jpg,0,"('', 'car')","('car', 'aeroplane')","('car', '')","('', 'aeroplane')",negative
1520,data/voc2007/VOCdevkit/VOC2007/JPEGImages/007310.jpg,0,"('person', 'chair')","('chair', 'person')","('chair', '')","('', 'person')",hybrid
1521,data/voc2007/VOCdevkit/VOC2007/JPEGImages/004740.jpg,0,"('', 'chair')","('chair', 'person')","('chair', '')","('', 'person')",negative
1522,data/voc2007/VOCdevkit/VOC2007/JPEGImages/008080.jpg,0,"('person and dog', '')","('chair', 'person')","('chair', '')","('', 'person')",positive
1523,data/voc2007/VOCdevkit/VOC2007/JPEGImages/005100.jpg,0,"('', 'car')","('car', 'dog')","('car', '')","('', 'dog')",negative
1524,data/voc2007/VOCdevkit/VOC2007/JPEGImages/009167.jpg,0,"('', 'car')","('car', 'aeroplane')","('car', '')","('', 'aeroplane')",negative
1525,data/voc2007/VOCdevkit/VOC2007/JPEGImages/006015.jpg,0,"('bicycle and person', '')","('chair', 'bicycle')","('chair', '')","('', 'bicycle')",positive
1526,data/voc2007/VOCdevkit/VOC2007/JPEGImages/005561.jpg,0,"('train and person', '')","('car', 'train')","('car', '')","('', 'train')",positive
1527,data/voc2007/VOCdevkit/VOC2007/JPEGImages/005913.jpg,0,"('', 'person')","('person', 'dog')","('person', '')","('', 'dog')",negative
1528,data/voc2007/VOCdevkit/VOC2007/JPEGImages/009506.jpg,0,"('train', 'person')","('person', 'train')","('person', '')","('', 'train')",hybrid
1529,data/voc2007/VOCdevkit/VOC2007/JPEGImages/008893.jpg,0,"('train', 'car')","('car', 'train')","('car', '')","('', 'train')",hybrid
1530,data/voc2007/VOCdevkit/VOC2007/JPEGImages/004486.jpg,0,"('pottedplant and chair', '')","('diningtable', 'pottedplant')","('diningtable', '')","('', 'pottedplant')",positive
1531,data/voc2007/VOCdevkit/VOC2007/JPEGImages/002918.jpg,0,"('', 'car')","('car', 'person')","('car', '')","('', 'person')",negative
1532,data/voc2007/VOCdevkit/VOC2007/JPEGImages/007593.jpg,0,"('', 'chair')","('chair', 'person')","('chair', '')","('', 'person')",negative
1533,data/voc2007/VOCdevkit/VOC2007/JPEGImages/006302.jpg,0,"('boat', 'person')","('person', 'boat')","('person', '')","('', 'boat')",hybrid
1534,data/voc2007/VOCdevkit/VOC2007/JPEGImages/007930.jpg,0,"('dog', 'person')","('person', 'dog')","('person', '')","('', 'dog')",hybrid
1535,data/voc2007/VOCdevkit/VOC2007/JPEGImages/007542.jpg,0,"('', 'person')","('person', 'cat')","('person', '')","('', 'cat')",negative
1536,data/voc2007/VOCdevkit/VOC2007/JPEGImages/008842.jpg,0,"('', 'person')","('person', 'bird')","('person', '')","('', 'bird')",negative
1537,data/voc2007/VOCdevkit/VOC2007/JPEGImages/007684.jpg,0,"('chair and diningtable', '')","('sofa', 'chair')","('sofa', '')","('', 'chair')",positive
1538,data/voc2007/VOCdevkit/VOC2007/JPEGImages/006763.jpg,0,"('train', 'car')","('car', 'train')","('car', '')","('', 'train')",hybrid
1539,data/voc2007/VOCdevkit/VOC2007/JPEGImages/000128.jpg,0,"('aeroplane', 'chair')","('chair', 'aeroplane')","('chair', '')","('', 'aeroplane')",hybrid
1540,data/voc2007/VOCdevkit/VOC2007/JPEGImages/004791.jpg,0,"('chair', 'diningtable')","('diningtable', 'chair')","('diningtable', '')","('', 'chair')",hybrid
1541,data/voc2007/VOCdevkit/VOC2007/JPEGImages/004036.jpg,0,"('bird', 'person')","('person', 'bird')","('person', '')","('', 'bird')",hybrid
1542,data/voc2007/VOCdevkit/VOC2007/JPEGImages/001984.jpg,0,"('dog', 'sofa')","('sofa', 'dog')","('sofa', '')","('', 'dog')",hybrid
1543,data/voc2007/VOCdevkit/VOC2007/JPEGImages/001251.jpg,0,"('', 'car')","('car', 'person')","('car', '')","('', 'person')",negative
1544,data/voc2007/VOCdevkit/VOC2007/JPEGImages/009328.jpg,0,"('person', 'car')","('car', 'person')","('car', '')","('', 'person')",hybrid
1545,data/voc2007/VOCdevkit/VOC2007/JPEGImages/003976.jpg,0,"('', 'car')","('car', 'bicycle')","('car', '')","('', 'bicycle')",negative
1546,data/voc2007/VOCdevkit/VOC2007/JPEGImages/003504.jpg,0,"('', 'person')","('person', 'cat')","('person', '')","('', 'cat')",negative
1547,data/voc2007/VOCdevkit/VOC2007/JPEGImages/002344.jpg,0,"('person', 'chair')","('chair', 'person')","('chair', '')","('', 'person')",hybrid
1548,data/voc2007/VOCdevkit/VOC2007/JPEGImages/005089.jpg,0,"('', 'tvmonitor')","('tvmonitor', 'cat')","('tvmonitor', '')","('', 'cat')",negative
1549,data/voc2007/VOCdevkit/VOC2007/JPEGImages/000070.jpg,0,"('pottedplant', 'chair')","('chair', 'pottedplant')","('chair', '')","('', 'pottedplant')",hybrid
1550,data/voc2007/VOCdevkit/VOC2007/JPEGImages/001197.jpg,0,"('', 'person')","('person', 'sofa')","('person', '')","('', 'sofa')",negative
1551,data/voc2007/VOCdevkit/VOC2007/JPEGImages/008109.jpg,0,"('', 'car')","('car', 'horse')","('car', '')","('', 'horse')",negative
1552,data/voc2007/VOCdevkit/VOC2007/JPEGImages/002725.jpg,0,"('', 'person')","('person', 'dog')","('person', '')","('', 'dog')",negative
1553,data/voc2007/VOCdevkit/VOC2007/JPEGImages/003613.jpg,0,"('', 'car')","('car', 'train')","('car', '')","('', 'train')",negative
1554,data/voc2007/VOCdevkit/VOC2007/JPEGImages/002053.jpg,0,"('train', 'person')","('person', 'train')","('person', '')","('', 'train')",hybrid
1555,data/voc2007/VOCdevkit/VOC2007/JPEGImages/001146.jpg,0,"('', 'person')","('person', 'dog')","('person', '')","('', 'dog')",negative
1556,data/voc2007/VOCdevkit/VOC2007/JPEGImages/000706.jpg,0,"('aeroplane', 'person')","('person', 'aeroplane')","('person', '')","('', 'aeroplane')",hybrid
1557,data/voc2007/VOCdevkit/VOC2007/JPEGImages/009798.jpg,0,"('bottle and person', '')","('sofa', 'bottle')","('sofa', '')","('', 'bottle')",positive
1558,data/voc2007/VOCdevkit/VOC2007/JPEGImages/009798.jpg,0,"('diningtable', 'car')","('car', 'diningtable')","('car', '')","('', 'diningtable')",hybrid
1559,data/voc2007/VOCdevkit/VOC2007/JPEGImages/002840.jpg,0,"('car', 'bus')","('bus', 'car')","('bus', '')","('', 'car')",hybrid
1560,data/voc2007/VOCdevkit/VOC2007/JPEGImages/002432.jpg,0,"('', 'person')","('person', 'bird')","('person', '')","('', 'bird')",negative
1561,data/voc2007/VOCdevkit/VOC2007/JPEGImages/002395.jpg,0,"('', 'person')","('person', 'boat')","('person', '')","('', 'boat')",negative
1562,data/voc2007/VOCdevkit/VOC2007/JPEGImages/001527.jpg,0,"('boat', 'person')","('person', 'boat')","('person', '')","('', 'boat')",hybrid
1563,data/voc2007/VOCdevkit/VOC2007/JPEGImages/001955.jpg,0,"('horse', 'person')","('person', 'horse')","('person', '')","('', 'horse')",hybrid
1564,data/voc2007/VOCdevkit/VOC2007/JPEGImages/001280.jpg,0,"('car', 'person')","('person', 'car')","('person', '')","('', 'car')",hybrid
1565,data/voc2007/VOCdevkit/VOC2007/JPEGImages/005198.jpg,0,"('', 'car')","('car', 'horse')","('car', '')","('', 'horse')",negative
1566,data/voc2007/VOCdevkit/VOC2007/JPEGImages/001086.jpg,0,"('person', 'car')","('car', 'person')","('car', '')","('', 'person')",hybrid
1567,data/voc2007/VOCdevkit/VOC2007/JPEGImages/008018.jpg,0,"('person and sofa', '')","('chair', 'person')","('chair', '')","('', 'person')",positive
1568,data/voc2007/VOCdevkit/VOC2007/JPEGImages/001895.jpg,0,"('boat', 'car')","('car', 'boat')","('car', '')","('', 'boat')",hybrid
1569,data/voc2007/VOCdevkit/VOC2007/JPEGImages/008479.jpg,0,"('car', 'person')","('person', 'car')","('person', '')","('', 'car')",hybrid
1570,data/voc2007/VOCdevkit/VOC2007/JPEGImages/001340.jpg,0,"('', 'car')","('car', 'chair')","('car', '')","('', 'chair')",negative
1571,data/voc2007/VOCdevkit/VOC2007/JPEGImages/003867.jpg,0,"('bottle', 'car')","('car', 'bottle')","('car', '')","('', 'bottle')",hybrid
1572,data/voc2007/VOCdevkit/VOC2007/JPEGImages/002980.jpg,0,"('bird', 'person')","('person', 'bird')","('person', '')","('', 'bird')",hybrid
1573,data/voc2007/VOCdevkit/VOC2007/JPEGImages/002951.jpg,0,"('tvmonitor and bottle', '')","('car', 'tvmonitor')","('car', '')","('', 'tvmonitor')",positive
1574,data/voc2007/VOCdevkit/VOC2007/JPEGImages/005528.jpg,0,"('dog', 'person')","('person', 'dog')","('person', '')","('', 'dog')",hybrid
1575,data/voc2007/VOCdevkit/VOC2007/JPEGImages/001844.jpg,0,"('bus', 'person')","('person', 'bus')","('person', '')","('', 'bus')",hybrid
1576,data/voc2007/VOCdevkit/VOC2007/JPEGImages/001391.jpg,0,"('', 'chair')","('chair', 'sofa')","('chair', '')","('', 'sofa')",negative
1577,data/voc2007/VOCdevkit/VOC2007/JPEGImages/003702.jpg,0,"('', 'person')","('person', 'sofa')","('person', '')","('', 'sofa')",negative
1578,data/voc2007/VOCdevkit/VOC2007/JPEGImages/004709.jpg,0,"('person', 'chair')","('chair', 'person')","('chair', '')","('', 'person')",hybrid
1579,data/voc2007/VOCdevkit/VOC2007/JPEGImages/005149.jpg,0,"('dog', 'person')","('person', 'dog')","('person', '')","('', 'dog')",hybrid
1580,data/voc2007/VOCdevkit/VOC2007/JPEGImages/000617.jpg,0,"('diningtable', 'car')","('car', 'diningtable')","('car', '')","('', 'diningtable')",hybrid
1581,data/voc2007/VOCdevkit/VOC2007/JPEGImages/009689.jpg,0,"('tvmonitor and chair', '')","('diningtable', 'tvmonitor')","('diningtable', '')","('', 'tvmonitor')",positive
1582,data/voc2007/VOCdevkit/VOC2007/JPEGImages/005802.jpg,0,"('', 'person')","('person', 'bird')","('person', '')","('', 'bird')",negative
1583,data/voc2007/VOCdevkit/VOC2007/JPEGImages/008257.jpg,0,"('diningtable', 'person')","('person', 'diningtable')","('person', '')","('', 'diningtable')",hybrid
1584,data/voc2007/VOCdevkit/VOC2007/JPEGImages/002809.jpg,0,"('chair', 'pottedplant')","('pottedplant', 'chair')","('pottedplant', '')","('', 'chair')",hybrid
1585,data/voc2007/VOCdevkit/VOC2007/JPEGImages/002809.jpg,0,"('', 'pottedplant')","('pottedplant', 'chair')","('pottedplant', '')","('', 'chair')",negative
1586,data/voc2007/VOCdevkit/VOC2007/JPEGImages/009076.jpg,0,"('aeroplane', 'car')","('car', 'aeroplane')","('car', '')","('', 'aeroplane')",hybrid
1587,data/voc2007/VOCdevkit/VOC2007/JPEGImages/005011.jpg,0,"('train', 'car')","('car', 'train')","('car', '')","('', 'train')",hybrid
1588,data/voc2007/VOCdevkit/VOC2007/JPEGImages/007744.jpg,0,"('', 'car')","('car', 'bottle')","('car', '')","('', 'bottle')",negative
1589,data/voc2007/VOCdevkit/VOC2007/JPEGImages/007032.jpg,0,"('sofa and person', '')","('chair', 'sofa')","('chair', '')","('', 'sofa')",positive
1590,data/voc2007/VOCdevkit/VOC2007/JPEGImages/006672.jpg,0,"('', 'chair')","('chair', 'person')","('chair', '')","('', 'person')",negative
1591,data/voc2007/VOCdevkit/VOC2007/JPEGImages/005767.jpg,0,"('sofa', 'person')","('person', 'sofa')","('person', '')","('', 'sofa')",hybrid
1592,data/voc2007/VOCdevkit/VOC2007/JPEGImages/004680.jpg,0,"('', 'person')","('person', 'aeroplane')","('person', '')","('', 'aeroplane')",negative
1593,data/voc2007/VOCdevkit/VOC2007/JPEGImages/004127.jpg,0,"('person', 'car')","('car', 'person')","('car', '')","('', 'person')",hybrid
1594,data/voc2007/VOCdevkit/VOC2007/JPEGImages/001679.jpg,0,"('', 'person')","('person', 'motorbike')","('person', '')","('', 'motorbike')",negative
1595,data/voc2007/VOCdevkit/VOC2007/JPEGImages/006213.jpg,0,"('person', 'horse')","('horse', 'person')","('horse', '')","('', 'person')",hybrid
1596,data/voc2007/VOCdevkit/VOC2007/JPEGImages/007453.jpg,0,"('dog and cat', '')","('person', 'dog')","('person', '')","('', 'dog')",positive
1597,data/voc2007/VOCdevkit/VOC2007/JPEGImages/008286.jpg,0,"('', 'person')","('person', 'sofa')","('person', '')","('', 'sofa')",negative
1598,data/voc2007/VOCdevkit/VOC2007/JPEGImages/001218.jpg,0,"('', 'car')","('car', 'bus')","('car', '')","('', 'bus')",negative
1599,data/voc2007/VOCdevkit/VOC2007/JPEGImages/004934.jpg,0,"('', 'chair')","('chair', 'person')","('chair', '')","('', 'person')",negative
1600,data/voc2007/VOCdevkit/VOC2007/JPEGImages/004546.jpg,0,"('', 'diningtable')","('diningtable', 'bottle')","('diningtable', '')","('', 'bottle')",negative
1601,data/voc2007/VOCdevkit/VOC2007/JPEGImages/000458.jpg,0,"('person', 'car')","('car', 'person')","('car', '')","('', 'person')",hybrid
1602,data/voc2007/VOCdevkit/VOC2007/JPEGImages/009361.jpg,0,"('motorbike', 'chair')","('chair', 'motorbike')","('chair', '')","('', 'motorbike')",hybrid
1603,data/voc2007/VOCdevkit/VOC2007/JPEGImages/007116.jpg,0,"('', 'chair')","('chair', 'sofa')","('chair', '')","('', 'sofa')",negative
1604,data/voc2007/VOCdevkit/VOC2007/JPEGImages/006756.jpg,0,"('horse', 'person')","('person', 'horse')","('person', '')","('', 'horse')",hybrid
1605,data/voc2007/VOCdevkit/VOC2007/JPEGImages/005643.jpg,0,"('train', 'car')","('car', 'train')","('car', '')","('', 'train')",hybrid
1606,data/voc2007/VOCdevkit/VOC2007/JPEGImages/009624.jpg,0,"('dog', 'sofa')","('sofa', 'dog')","('sofa', '')","('', 'dog')",hybrid
1607,data/voc2007/VOCdevkit/VOC2007/JPEGImages/009183.jpg,0,"('cat', 'person')","('person', 'cat')","('person', '')","('', 'cat')",hybrid
1608,data/voc2007/VOCdevkit/VOC2007/JPEGImages/006490.jpg,0,"('person', 'car')","('car', 'person')","('car', '')","('', 'person')",hybrid
1609,data/voc2007/VOCdevkit/VOC2007/JPEGImages/007577.jpg,0,"('diningtable', 'car')","('car', 'diningtable')","('car', '')","('', 'diningtable')",hybrid
1610,data/voc2007/VOCdevkit/VOC2007/JPEGImages/002229.jpg,0,"('', 'chair')","('chair', 'bus')","('chair', '')","('', 'bus')",negative
1611,data/voc2007/VOCdevkit/VOC2007/JPEGImages/008877.jpg,0,"('', 'car')","('car', 'motorbike')","('car', '')","('', 'motorbike')",negative
1612,data/voc2007/VOCdevkit/VOC2007/JPEGImages/008405.jpg,0,"('bottle', 'person')","('person', 'bottle')","('person', '')","('', 'bottle')",hybrid
1613,data/voc2007/VOCdevkit/VOC2007/JPEGImages/004462.jpg,0,"('bird', 'boat')","('boat', 'bird')","('boat', '')","('', 'bird')",hybrid
1614,data/voc2007/VOCdevkit/VOC2007/JPEGImages/004810.jpg,0,"('', 'chair')","('chair', 'car')","('chair', '')","('', 'car')",negative
1615,data/voc2007/VOCdevkit/VOC2007/JPEGImages/009294.jpg,0,"('', 'diningtable')","('diningtable', 'chair')","('diningtable', '')","('', 'chair')",negative
1616,data/voc2007/VOCdevkit/VOC2007/JPEGImages/009941.jpg,0,"('', 'car')","('car', 'person')","('car', '')","('', 'person')",negative
1617,data/voc2007/VOCdevkit/VOC2007/JPEGImages/005926.jpg,0,"('', 'chair')","('chair', 'person')","('chair', '')","('', 'person')",negative
1618,data/voc2007/VOCdevkit/VOC2007/JPEGImages/004314.jpg,0,"('aeroplane', 'car')","('car', 'aeroplane')","('car', '')","('', 'aeroplane')",hybrid
1619,data/voc2007/VOCdevkit/VOC2007/JPEGImages/001838.jpg,0,"('car', 'bus')","('bus', 'car')","('bus', '')","('', 'car')",hybrid
1620,data/voc2007/VOCdevkit/VOC2007/JPEGImages/008373.jpg,0,"('', 'car')","('car', 'boat')","('car', '')","('', 'boat')",negative
1621,data/voc2007/VOCdevkit/VOC2007/JPEGImages/007201.jpg,0,"('', 'boat')","('boat', 'bird')","('boat', '')","('', 'bird')",negative
1622,data/voc2007/VOCdevkit/VOC2007/JPEGImages/006441.jpg,0,"('car', 'person')","('person', 'car')","('person', '')","('', 'car')",hybrid
1623,data/voc2007/VOCdevkit/VOC2007/JPEGImages/004775.jpg,0,"('', 'person')","('person', 'cow')","('person', '')","('', 'cow')",negative
1624,data/voc2007/VOCdevkit/VOC2007/JPEGImages/008712.jpg,0,"('train', 'car')","('car', 'train')","('car', '')","('', 'train')",hybrid
1625,data/voc2007/VOCdevkit/VOC2007/JPEGImages/005692.jpg,0,"('dog', 'person')","('person', 'dog')","('person', '')","('', 'dog')",hybrid
1626,data/voc2007/VOCdevkit/VOC2007/JPEGImages/009152.jpg,0,"('person and motorbike', '')","('car', 'person')","('car', '')","('', 'person')",positive
1627,data/voc2007/VOCdevkit/VOC2007/JPEGImages/006787.jpg,0,"('person', 'chair')","('chair', 'person')","('chair', '')","('', 'person')",hybrid
1628,data/voc2007/VOCdevkit/VOC2007/JPEGImages/007660.jpg,0,"('boat', 'car')","('car', 'boat')","('car', '')","('', 'boat')",hybrid
1629,data/voc2007/VOCdevkit/VOC2007/JPEGImages/003626.jpg,0,"('', 'person')","('person', 'pottedplant')","('person', '')","('', 'pottedplant')",negative
1630,data/voc2007/VOCdevkit/VOC2007/JPEGImages/006178.jpg,0,"('person', 'car')","('car', 'person')","('car', '')","('', 'person')",hybrid
1631,data/voc2007/VOCdevkit/VOC2007/JPEGImages/007738.jpg,0,"('chair', 'person')","('person', 'chair')","('person', '')","('', 'chair')",hybrid
1632,data/voc2007/VOCdevkit/VOC2007/JPEGImages/002066.jpg,0,"('train', 'car')","('car', 'train')","('car', '')","('', 'train')",hybrid
1633,data/voc2007/VOCdevkit/VOC2007/JPEGImages/001173.jpg,0,"('cat and person', '')","('chair', 'cat')","('chair', '')","('', 'cat')",positive
1634,data/voc2007/VOCdevkit/VOC2007/JPEGImages/000094.jpg,0,"('', 'person')","('person', 'motorbike')","('person', '')","('', 'motorbike')",negative
1635,data/voc2007/VOCdevkit/VOC2007/JPEGImages/000045.jpg,0,"('tvmonitor', 'chair')","('chair', 'tvmonitor')","('chair', '')","('', 'tvmonitor')",hybrid
1636,data/voc2007/VOCdevkit/VOC2007/JPEGImages/001605.jpg,0,"('', 'bus')","('bus', 'car')","('bus', '')","('', 'car')",negative
1637,data/voc2007/VOCdevkit/VOC2007/JPEGImages/001264.jpg,0,"('', 'person')","('person', 'motorbike')","('person', '')","('', 'motorbike')",negative
1638,data/voc2007/VOCdevkit/VOC2007/JPEGImages/000856.jpg,0,"('', 'car')","('car', 'diningtable')","('car', '')","('', 'diningtable')",negative
1639,data/voc2007/VOCdevkit/VOC2007/JPEGImages/000383.jpg,0,"('', 'person')","('person', 'bird')","('person', '')","('', 'bird')",negative
1640,data/voc2007/VOCdevkit/VOC2007/JPEGImages/003943.jpg,0,"('pottedplant', 'car')","('car', 'pottedplant')","('car', '')","('', 'pottedplant')",hybrid
1641,data/voc2007/VOCdevkit/VOC2007/JPEGImages/003531.jpg,0,"('', 'car')","('car', 'horse')","('car', '')","('', 'horse')",negative
1642,data/voc2007/VOCdevkit/VOC2007/JPEGImages/007111.jpg,0,"('bus', 'car')","('car', 'bus')","('car', '')","('', 'bus')",hybrid
1643,data/voc2007/VOCdevkit/VOC2007/JPEGImages/004004.jpg,0,"('dog', 'chair')","('chair', 'dog')","('chair', '')","('', 'dog')",hybrid
1644,data/voc2007/VOCdevkit/VOC2007/JPEGImages/005225.jpg,0,"('person', 'car')","('car', 'person')","('car', '')","('', 'person')",hybrid
1645,data/voc2007/VOCdevkit/VOC2007/JPEGImages/000909.jpg,0,"('', 'car')","('car', 'person')","('car', '')","('', 'person')",negative
1646,data/voc2007/VOCdevkit/VOC2007/JPEGImages/008402.jpg,0,"('person', 'car')","('car', 'person')","('car', '')","('', 'person')",hybrid
1647,data/voc2007/VOCdevkit/VOC2007/JPEGImages/008870.jpg,0,"('', 'person')","('person', 'bird')","('person', '')","('', 'bird')",negative
1648,data/voc2007/VOCdevkit/VOC2007/JPEGImages/004817.jpg,0,"('', 'person')","('person', 'train')","('person', '')","('', 'train')",negative
1649,data/voc2007/VOCdevkit/VOC2007/JPEGImages/004465.jpg,0,"('dog and sofa', '')","('chair', 'dog')","('chair', '')","('', 'dog')",positive
1650,data/voc2007/VOCdevkit/VOC2007/JPEGImages/004313.jpg,0,"('', 'person')","('person', 'car')","('person', '')","('', 'car')",negative
1651,data/voc2007/VOCdevkit/VOC2007/JPEGImages/009534.jpg,0,"('person and bicycle', '')","('chair', 'person')","('chair', '')","('', 'person')",positive
1652,data/voc2007/VOCdevkit/VOC2007/JPEGImages/005921.jpg,0,"('person', 'chair')","('chair', 'person')","('chair', '')","('', 'person')",hybrid
1653,data/voc2007/VOCdevkit/VOC2007/JPEGImages/005553.jpg,0,"('person and motorbike', '')","('car', 'person')","('car', '')","('', 'person')",positive
1654,data/voc2007/VOCdevkit/VOC2007/JPEGImages/009293.jpg,0,"('', 'car')","('car', 'motorbike')","('car', '')","('', 'motorbike')",negative
1655,data/voc2007/VOCdevkit/VOC2007/JPEGImages/006446.jpg,0,"('', 'chair')","('chair', 'person')","('chair', '')","('', 'person')",negative
1656,data/voc2007/VOCdevkit/VOC2007/JPEGImages/006834.jpg,0,"('', 'boat')","('boat', 'bird')","('boat', '')","('', 'bird')",negative
1657,data/voc2007/VOCdevkit/VOC2007/JPEGImages/003318.jpg,0,"('sheep', 'person')","('person', 'sheep')","('person', '')","('', 'sheep')",hybrid
1658,data/voc2007/VOCdevkit/VOC2007/JPEGImages/007206.jpg,0,"('person', 'chair')","('chair', 'person')","('chair', '')","('', 'person')",hybrid
1659,data/voc2007/VOCdevkit/VOC2007/JPEGImages/005132.jpg,0,"('horse', 'chair')","('chair', 'horse')","('chair', '')","('', 'horse')",hybrid
1660,data/voc2007/VOCdevkit/VOC2007/JPEGImages/004772.jpg,0,"('cow', 'person')","('person', 'cow')","('person', '')","('', 'cow')",hybrid
1661,data/voc2007/VOCdevkit/VOC2007/JPEGImages/008715.jpg,0,"('car', 'person')","('person', 'car')","('person', '')","('', 'car')",hybrid
1662,data/voc2007/VOCdevkit/VOC2007/JPEGImages/006780.jpg,0,"('', 'diningtable')","('diningtable', 'chair')","('diningtable', '')","('', 'chair')",negative
1663,data/voc2007/VOCdevkit/VOC2007/JPEGImages/003995.jpg,0,"('person', 'chair')","('chair', 'person')","('chair', '')","('', 'person')",hybrid
1664,data/voc2007/VOCdevkit/VOC2007/JPEGImages/002400.jpg,0,"('', 'person')","('person', 'bird')","('person', '')","('', 'bird')",negative
1665,data/voc2007/VOCdevkit/VOC2007/JPEGImages/002872.jpg,0,"('', 'car')","('car', 'person')","('car', '')","('', 'person')",negative
1666,data/voc2007/VOCdevkit/VOC2007/JPEGImages/001967.jpg,0,"('', 'person')","('person', 'bird')","('person', '')","('', 'bird')",negative
1667,data/voc2007/VOCdevkit/VOC2007/JPEGImages/007098.jpg,0,"('cat', 'tvmonitor')","('tvmonitor', 'cat')","('tvmonitor', '')","('', 'cat')",hybrid
1668,data/voc2007/VOCdevkit/VOC2007/JPEGImages/000734.jpg,0,"('dog and person', '')","('chair', 'dog')","('chair', '')","('', 'dog')",positive
1669,data/voc2007/VOCdevkit/VOC2007/JPEGImages/001602.jpg,0,"('', 'diningtable')","('diningtable', 'bottle')","('diningtable', '')","('', 'bottle')",negative
1670,data/voc2007/VOCdevkit/VOC2007/JPEGImages/000384.jpg,0,"('', 'person')","('person', 'sofa')","('person', '')","('', 'sofa')",negative
1671,data/voc2007/VOCdevkit/VOC2007/JPEGImages/000423.jpg,0,"('', 'chair')","('chair', 'person')","('chair', '')","('', 'person')",negative
1672,data/voc2007/VOCdevkit/VOC2007/JPEGImages/008928.jpg,0,"('person', 'car')","('car', 'person')","('car', '')","('', 'person')",hybrid
1673,data/voc2007/VOCdevkit/VOC2007/JPEGImages/007428.jpg,0,"('person and boat', '')","('car', 'person')","('car', '')","('', 'person')",positive
1674,data/voc2007/VOCdevkit/VOC2007/JPEGImages/003291.jpg,0,"('tvmonitor', 'chair')","('chair', 'tvmonitor')","('chair', '')","('', 'tvmonitor')",hybrid
1675,data/voc2007/VOCdevkit/VOC2007/JPEGImages/003944.jpg,0,"('bottle', 'car')","('car', 'bottle')","('car', '')","('', 'bottle')",hybrid
1676,data/voc2007/VOCdevkit/VOC2007/JPEGImages/006268.jpg,0,"('', 'boat')","('boat', 'bird')","('boat', '')","('', 'bird')",negative
1677,data/voc2007/VOCdevkit/VOC2007/JPEGImages/004078.jpg,0,"('', 'person')","('person', 'aeroplane')","('person', '')","('', 'aeroplane')",negative
1678,data/voc2007/VOCdevkit/VOC2007/JPEGImages/001081.jpg,0,"('chair', 'person')","('person', 'chair')","('person', '')","('', 'chair')",hybrid
1679,data/voc2007/VOCdevkit/VOC2007/JPEGImages/000166.jpg,0,"('horse and person', '')","('chair', 'horse')","('chair', '')","('', 'horse')",positive
1680,data/voc2007/VOCdevkit/VOC2007/JPEGImages/005638.jpg,0,"('', 'chair')","('chair', 'person')","('chair', '')","('', 'person')",negative
1681,data/voc2007/VOCdevkit/VOC2007/JPEGImages/003073.jpg,0,"('', 'person')","('person', 'boat')","('person', '')","('', 'boat')",negative
1682,data/voc2007/VOCdevkit/VOC2007/JPEGImages/000507.jpg,0,"('', 'horse')","('horse', 'car')","('horse', '')","('', 'car')",negative
1683,data/voc2007/VOCdevkit/VOC2007/JPEGImages/000975.jpg,0,"('person and dog', '')","('chair', 'person')","('chair', '')","('', 'person')",positive
1684,data/voc2007/VOCdevkit/VOC2007/JPEGImages/009599.jpg,0,"('', 'horse')","('horse', 'car')","('horse', '')","('', 'car')",negative
1685,data/voc2007/VOCdevkit/VOC2007/JPEGImages/001347.jpg,0,"('', 'car')","('car', 'sofa')","('car', '')","('', 'sofa')",negative
1686,data/voc2007/VOCdevkit/VOC2007/JPEGImages/004419.jpg,0,"('dog', 'person')","('person', 'dog')","('person', '')","('', 'dog')",hybrid
1687,data/voc2007/VOCdevkit/VOC2007/JPEGImages/002252.jpg,0,"('person and tvmonitor', '')","('chair', 'person')","('chair', '')","('', 'person')",positive
1688,data/voc2007/VOCdevkit/VOC2007/JPEGImages/003364.jpg,0,"('car', 'person')","('person', 'car')","('person', '')","('', 'car')",hybrid
1689,data/voc2007/VOCdevkit/VOC2007/JPEGImages/002283.jpg,0,"('', 'chair')","('chair', 'horse')","('chair', '')","('', 'horse')",negative
1690,data/voc2007/VOCdevkit/VOC2007/JPEGImages/001396.jpg,0,"('person and bicycle', '')","('chair', 'person')","('chair', '')","('', 'person')",positive
1691,data/voc2007/VOCdevkit/VOC2007/JPEGImages/001431.jpg,0,"('', 'car')","('car', 'person')","('car', '')","('', 'person')",negative
1692,data/voc2007/VOCdevkit/VOC2007/JPEGImages/008308.jpg,0,"('', 'car')","('car', 'train')","('car', '')","('', 'train')",negative
1693,data/voc2007/VOCdevkit/VOC2007/JPEGImages/009548.jpg,0,"('train', 'chair')","('chair', 'train')","('chair', '')","('', 'train')",hybrid
1694,data/voc2007/VOCdevkit/VOC2007/JPEGImages/000271.jpg,0,"('car and person', '')","('chair', 'car')","('chair', '')","('', 'car')",positive
1695,data/voc2007/VOCdevkit/VOC2007/JPEGImages/004590.jpg,0,"('', 'chair')","('chair', 'diningtable')","('chair', '')","('', 'diningtable')",negative
1696,data/voc2007/VOCdevkit/VOC2007/JPEGImages/001569.jpg,0,"('car and bottle', '')","('chair', 'car')","('chair', '')","('', 'car')",positive
1697,data/voc2007/VOCdevkit/VOC2007/JPEGImages/001569.jpg,0,"('', 'horse')","('horse', 'person')","('horse', '')","('', 'person')",negative
1698,data/voc2007/VOCdevkit/VOC2007/JPEGImages/005477.jpg,0,"('person', 'chair')","('chair', 'person')","('chair', '')","('', 'person')",hybrid
1699,data/voc2007/VOCdevkit/VOC2007/JPEGImages/007485.jpg,0,"('', 'person')","('person', 'sofa')","('person', '')","('', 'sofa')",negative
1700,data/voc2007/VOCdevkit/VOC2007/JPEGImages/009071.jpg,0,"('', 'person')","('person', 'car')","('person', '')","('', 'car')",negative
1701,data/voc2007/VOCdevkit/VOC2007/JPEGImages/008196.jpg,0,"('person', 'sofa')","('sofa', 'person')","('sofa', '')","('', 'person')",hybrid
1702,data/voc2007/VOCdevkit/VOC2007/JPEGImages/001108.jpg,0,"('', 'chair')","('chair', 'person')","('chair', '')","('', 'person')",negative
1703,data/voc2007/VOCdevkit/VOC2007/JPEGImages/008631.jpg,0,"('bird', 'person')","('person', 'bird')","('person', '')","('', 'bird')",hybrid
1704,data/voc2007/VOCdevkit/VOC2007/JPEGImages/006675.jpg,0,"('', 'tvmonitor')","('tvmonitor', 'cat')","('tvmonitor', '')","('', 'cat')",negative
1705,data/voc2007/VOCdevkit/VOC2007/JPEGImages/007792.jpg,0,"('', 'car')","('car', 'motorbike')","('car', '')","('', 'motorbike')",negative
1706,data/voc2007/VOCdevkit/VOC2007/JPEGImages/008147.jpg,0,"('person', 'chair')","('chair', 'person')","('chair', '')","('', 'person')",hybrid
1707,data/voc2007/VOCdevkit/VOC2007/JPEGImages/003938.jpg,0,"('', 'chair')","('chair', 'person')","('chair', '')","('', 'person')",negative
1708,data/voc2007/VOCdevkit/VOC2007/JPEGImages/005301.jpg,0,"('person', 'chair')","('chair', 'person')","('chair', '')","('', 'person')",hybrid
1709,data/voc2007/VOCdevkit/VOC2007/JPEGImages/009366.jpg,0,"('', 'person')","('person', 'bottle')","('person', '')","('', 'bottle')",negative
1710,data/voc2007/VOCdevkit/VOC2007/JPEGImages/008954.jpg,0,"('chair', 'person')","('person', 'chair')","('person', '')","('', 'chair')",hybrid
1711,data/voc2007/VOCdevkit/VOC2007/JPEGImages/004541.jpg,0,"('bus', 'car')","('car', 'bus')","('car', '')","('', 'bus')",hybrid
1712,data/voc2007/VOCdevkit/VOC2007/JPEGImages/004933.jpg,0,"('car', 'person')","('person', 'car')","('person', '')","('', 'car')",hybrid
1713,data/voc2007/VOCdevkit/VOC2007/JPEGImages/000114.jpg,0,"('cat', 'tvmonitor')","('tvmonitor', 'cat')","('tvmonitor', '')","('', 'cat')",hybrid
1714,data/voc2007/VOCdevkit/VOC2007/JPEGImages/003001.jpg,0,"('', 'car')","('car', 'bus')","('car', '')","('', 'bus')",negative
1715,data/voc2007/VOCdevkit/VOC2007/JPEGImages/001335.jpg,0,"('', 'bus')","('bus', 'car')","('bus', '')","('', 'car')",negative
1716,data/voc2007/VOCdevkit/VOC2007/JPEGImages/004819.jpg,0,"('diningtable and person', '')","('car', 'diningtable')","('car', '')","('', 'diningtable')",positive
1717,data/voc2007/VOCdevkit/VOC2007/JPEGImages/000575.jpg,0,"('pottedplant and sofa', '')","('chair', 'pottedplant')","('chair', '')","('', 'pottedplant')",positive
1718,data/voc2007/VOCdevkit/VOC2007/JPEGImages/000907.jpg,0,"('person and boat', '')","('car', 'person')","('car', '')","('', 'person')",positive
1719,data/voc2007/VOCdevkit/VOC2007/JPEGImages/003812.jpg,0,"('cat', 'person')","('person', 'cat')","('person', '')","('', 'cat')",hybrid
1720,data/voc2007/VOCdevkit/VOC2007/JPEGImages/003460.jpg,0,"('', 'bus')","('bus', 'car')","('bus', '')","('', 'car')",negative
1721,data/voc2007/VOCdevkit/VOC2007/JPEGImages/002587.jpg,0,"('person', 'car')","('car', 'person')","('car', '')","('', 'person')",hybrid
1722,data/voc2007/VOCdevkit/VOC2007/JPEGImages/002556.jpg,0,"('car', 'bus')","('bus', 'car')","('bus', '')","('', 'car')",hybrid
1723,data/voc2007/VOCdevkit/VOC2007/JPEGImages/009948.jpg,0,"('', 'chair')","('chair', 'bicycle')","('chair', '')","('', 'bicycle')",negative
1724,data/voc2007/VOCdevkit/VOC2007/JPEGImages/001831.jpg,0,"('person and sofa', '')","('chair', 'person')","('chair', '')","('', 'person')",positive
1725,data/voc2007/VOCdevkit/VOC2007/JPEGImages/003777.jpg,0,"('train', 'person')","('person', 'train')","('person', '')","('', 'train')",hybrid
1726,data/voc2007/VOCdevkit/VOC2007/JPEGImages/007669.jpg,0,"('', 'chair')","('chair', 'person')","('chair', '')","('', 'person')",negative
1727,data/voc2007/VOCdevkit/VOC2007/JPEGImages/002137.jpg,0,"('', 'chair')","('chair', 'sheep')","('chair', '')","('', 'sheep')",negative
1728,data/voc2007/VOCdevkit/VOC2007/JPEGImages/001022.jpg,0,"('', 'bus')","('bus', 'car')","('bus', '')","('', 'car')",negative
1729,data/voc2007/VOCdevkit/VOC2007/JPEGImages/000662.jpg,0,"('person', 'chair')","('chair', 'person')","('chair', '')","('', 'person')",hybrid
1730,data/voc2007/VOCdevkit/VOC2007/JPEGImages/009462.jpg,0,"('', 'person')","('person', 'pottedplant')","('person', '')","('', 'pottedplant')",negative
1731,data/voc2007/VOCdevkit/VOC2007/JPEGImages/004245.jpg,0,"('person and car', '')","('chair', 'person')","('chair', '')","('', 'person')",positive
1732,data/voc2007/VOCdevkit/VOC2007/JPEGImages/001969.jpg,0,"('person', 'chair')","('chair', 'person')","('chair', '')","('', 'person')",hybrid
1733,data/voc2007/VOCdevkit/VOC2007/JPEGImages/006510.jpg,0,"('car', 'person')","('person', 'car')","('person', '')","('', 'car')",hybrid
1734,data/voc2007/VOCdevkit/VOC2007/JPEGImages/008643.jpg,0,"('boat', 'car')","('car', 'boat')","('car', '')","('', 'boat')",hybrid
1735,data/voc2007/VOCdevkit/VOC2007/JPEGImages/004624.jpg,0,"('', 'person')","('person', 'train')","('person', '')","('', 'train')",negative
1736,data/voc2007/VOCdevkit/VOC2007/JPEGImages/004183.jpg,0,"('person', 'horse')","('horse', 'person')","('horse', '')","('', 'person')",hybrid
1737,data/voc2007/VOCdevkit/VOC2007/JPEGImages/009003.jpg,0,"('', 'chair')","('chair', 'person')","('chair', '')","('', 'person')",negative
1738,data/voc2007/VOCdevkit/VOC2007/JPEGImages/007096.jpg,0,"('aeroplane', 'person')","('person', 'aeroplane')","('person', '')","('', 'aeroplane')",hybrid
1739,data/voc2007/VOCdevkit/VOC2007/JPEGImages/002719.jpg,0,"('', 'car')","('car', 'boat')","('car', '')","('', 'boat')",negative
1740,data/voc2007/VOCdevkit/VOC2007/JPEGImages/007047.jpg,0,"('', 'boat')","('boat', 'bird')","('boat', '')","('', 'bird')",negative
1741,data/voc2007/VOCdevkit/VOC2007/JPEGImages/006607.jpg,0,"('dog', 'car')","('car', 'dog')","('car', '')","('', 'dog')",hybrid
1742,data/voc2007/VOCdevkit/VOC2007/JPEGImages/009775.jpg,0,"('bird', 'boat')","('boat', 'bird')","('boat', '')","('', 'bird')",hybrid
1743,data/voc2007/VOCdevkit/VOC2007/JPEGImages/005712.jpg,0,"('', 'car')","('car', 'dog')","('car', '')","('', 'dog')",negative
1744,data/voc2007/VOCdevkit/VOC2007/JPEGImages/008135.jpg,0,"('', 'bus')","('bus', 'car')","('bus', '')","('', 'car')",negative
1745,data/voc2007/VOCdevkit/VOC2007/JPEGImages/003538.jpg,0,"('person', 'chair')","('chair', 'person')","('chair', '')","('', 'person')",hybrid
1746,data/voc2007/VOCdevkit/VOC2007/JPEGImages/006266.jpg,0,"('dog and person', '')","('car', 'dog')","('car', '')","('', 'dog')",positive
1747,data/voc2007/VOCdevkit/VOC2007/JPEGImages/007426.jpg,0,"('bird', 'person')","('person', 'bird')","('person', '')","('', 'bird')",hybrid
1748,data/voc2007/VOCdevkit/VOC2007/JPEGImages/004294.jpg,0,"('', 'chair')","('chair', 'person')","('chair', '')","('', 'person')",negative
1749,data/voc2007/VOCdevkit/VOC2007/JPEGImages/004533.jpg,0,"('', 'car')","('car', 'aeroplane')","('car', '')","('', 'aeroplane')",negative
1750,data/voc2007/VOCdevkit/VOC2007/JPEGImages/004941.jpg,0,"('pottedplant', 'car')","('car', 'pottedplant')","('car', '')","('', 'pottedplant')",hybrid
1751,data/voc2007/VOCdevkit/VOC2007/JPEGImages/008554.jpg,0,"('', 'car')","('car', 'aeroplane')","('car', '')","('', 'aeroplane')",negative
1752,data/voc2007/VOCdevkit/VOC2007/JPEGImages/009314.jpg,0,"('bus', 'car')","('car', 'bus')","('car', '')","('', 'bus')",hybrid
1753,data/voc2007/VOCdevkit/VOC2007/JPEGImages/006723.jpg,0,"('', 'person')","('person', 'bus')","('person', '')","('', 'bus')",negative
1754,data/voc2007/VOCdevkit/VOC2007/JPEGImages/009651.jpg,0,"('person and chair', '')","('car', 'person')","('car', '')","('', 'person')",positive
1755,data/voc2007/VOCdevkit/VOC2007/JPEGImages/000168.jpg,0,"('', 'car')","('car', 'person')","('car', '')","('', 'person')",negative
1756,data/voc2007/VOCdevkit/VOC2007/JPEGImages/001728.jpg,0,"('', 'car')","('car', 'person')","('car', '')","('', 'person')",negative
1757,data/voc2007/VOCdevkit/VOC2007/JPEGImages/008011.jpg,0,"('', 'person')","('person', 'cat')","('person', '')","('', 'cat')",negative
1758,data/voc2007/VOCdevkit/VOC2007/JPEGImages/006342.jpg,0,"('bird', 'boat')","('boat', 'bird')","('boat', '')","('', 'bird')",hybrid
1759,data/voc2007/VOCdevkit/VOC2007/JPEGImages/006897.jpg,0,"('horse and person', '')","('chair', 'horse')","('chair', '')","('', 'horse')",positive
1760,data/voc2007/VOCdevkit/VOC2007/JPEGImages/007502.jpg,0,"('aeroplane', 'person')","('person', 'aeroplane')","('person', '')","('', 'aeroplane')",hybrid
1761,data/voc2007/VOCdevkit/VOC2007/JPEGImages/001349.jpg,0,"('bottle', 'diningtable')","('diningtable', 'bottle')","('diningtable', '')","('', 'bottle')",hybrid
1762,data/voc2007/VOCdevkit/VOC2007/JPEGImages/004865.jpg,0,"('', 'car')","('car', 'horse')","('car', '')","('', 'horse')",negative
1763,data/voc2007/VOCdevkit/VOC2007/JPEGImages/004417.jpg,0,"('', 'car')","('car', 'person')","('car', '')","('', 'person')",negative
1764,data/voc2007/VOCdevkit/VOC2007/JPEGImages/008802.jpg,0,"('person', 'car')","('car', 'person')","('car', '')","('', 'person')",hybrid
1765,data/voc2007/VOCdevkit/VOC2007/JPEGImages/005982.jpg,0,"('', 'car')","('car', 'person')","('car', '')","('', 'person')",negative
1766,data/voc2007/VOCdevkit/VOC2007/JPEGImages/005286.jpg,0,"('', 'car')","('car', 'chair')","('car', '')","('', 'chair')",negative
1767,data/voc2007/VOCdevkit/VOC2007/JPEGImages/005953.jpg,0,"('person', 'horse')","('horse', 'person')","('horse', '')","('', 'person')",hybrid
1768,data/voc2007/VOCdevkit/VOC2007/JPEGImages/009934.jpg,0,"('', 'person')","('person', 'bird')","('person', '')","('', 'bird')",negative
1769,data/voc2007/VOCdevkit/VOC2007/JPEGImages/001398.jpg,0,"('', 'car')","('car', 'horse')","('car', '')","('', 'horse')",negative
1770,data/voc2007/VOCdevkit/VOC2007/JPEGImages/006393.jpg,0,"('chair', 'diningtable')","('diningtable', 'chair')","('diningtable', '')","('', 'chair')",hybrid
1771,data/voc2007/VOCdevkit/VOC2007/JPEGImages/006846.jpg,0,"('dog', 'person')","('person', 'dog')","('person', '')","('', 'dog')",hybrid
1772,data/voc2007/VOCdevkit/VOC2007/JPEGImages/008767.jpg,0,"('', 'tvmonitor')","('tvmonitor', 'cat')","('tvmonitor', '')","('', 'cat')",negative
1773,data/voc2007/VOCdevkit/VOC2007/JPEGImages/004700.jpg,0,"('cat', 'person')","('person', 'cat')","('person', '')","('', 'cat')",hybrid
1774,data/voc2007/VOCdevkit/VOC2007/JPEGImages/009680.jpg,0,"('car and person', '')","('chair', 'car')","('chair', '')","('', 'car')",positive
1775,data/voc2007/VOCdevkit/VOC2007/JPEGImages/005140.jpg,0,"('', 'chair')","('chair', 'person')","('chair', '')","('', 'person')",negative
1776,data/voc2007/VOCdevkit/VOC2007/JPEGImages/009127.jpg,0,"('', 'chair')","('chair', 'person')","('chair', '')","('', 'person')",negative
1777,data/voc2007/VOCdevkit/VOC2007/JPEGImages/003595.jpg,0,"('sheep', 'car')","('car', 'sheep')","('car', '')","('', 'sheep')",hybrid
1778,data/voc2007/VOCdevkit/VOC2007/JPEGImages/003232.jpg,0,"('', 'car')","('car', 'horse')","('car', '')","('', 'horse')",negative
1779,data/voc2007/VOCdevkit/VOC2007/JPEGImages/000327.jpg,0,"('bottle', 'person')","('person', 'bottle')","('person', '')","('', 'bottle')",hybrid
1780,data/voc2007/VOCdevkit/VOC2007/JPEGImages/005479.jpg,0,"('motorbike', 'chair')","('chair', 'motorbike')","('chair', '')","('', 'motorbike')",hybrid
1781,data/voc2007/VOCdevkit/VOC2007/JPEGImages/001567.jpg,0,"('', 'car')","('car', 'train')","('car', '')","('', 'train')",negative
1782,data/voc2007/VOCdevkit/VOC2007/JPEGImages/003653.jpg,0,"('horse', 'car')","('car', 'horse')","('car', '')","('', 'horse')",hybrid
1783,data/voc2007/VOCdevkit/VOC2007/JPEGImages/002013.jpg,0,"('', 'person')","('person', 'sofa')","('person', '')","('', 'sofa')",negative
1784,data/voc2007/VOCdevkit/VOC2007/JPEGImages/008198.jpg,0,"('diningtable and chair', '')","('sofa', 'diningtable')","('sofa', '')","('', 'diningtable')",positive
1785,data/voc2007/VOCdevkit/VOC2007/JPEGImages/004658.jpg,0,"('', 'person')","('person', 'cat')","('person', '')","('', 'cat')",negative
1786,data/voc2007/VOCdevkit/VOC2007/JPEGImages/001670.jpg,0,"('chair', 'person')","('person', 'chair')","('person', '')","('', 'chair')",hybrid
1787,data/voc2007/VOCdevkit/VOC2007/JPEGImages/008149.jpg,0,"('dog', 'person')","('person', 'dog')","('person', '')","('', 'dog')",hybrid
1788,data/voc2007/VOCdevkit/VOC2007/JPEGImages/003125.jpg,0,"('', 'sofa')","('sofa', 'dog')","('sofa', '')","('', 'dog')",negative
1789,data/voc2007/VOCdevkit/VOC2007/JPEGImages/003682.jpg,0,"('bird', 'boat')","('boat', 'bird')","('boat', '')","('', 'bird')",hybrid
1790,data/voc2007/VOCdevkit/VOC2007/JPEGImages/008528.jpg,0,"('', 'car')","('car', 'diningtable')","('car', '')","('', 'diningtable')",negative
1791,data/voc2007/VOCdevkit/VOC2007/JPEGImages/000451.jpg,0,"('sheep', 'dog')","('dog', 'sheep')","('dog', '')","('', 'sheep')",hybrid
1792,data/voc2007/VOCdevkit/VOC2007/JPEGImages/003544.jpg,0,"('sofa and bottle', '')","('person', 'sofa')","('person', '')","('', 'sofa')",positive
1793,data/voc2007/VOCdevkit/VOC2007/JPEGImages/007828.jpg,0,"('dog and chair', '')","('person', 'dog')","('person', '')","('', 'dog')",positive
1794,data/voc2007/VOCdevkit/VOC2007/JPEGImages/002304.jpg,0,"('', 'tvmonitor')","('tvmonitor', 'cat')","('tvmonitor', '')","('', 'cat')",negative
1795,data/voc2007/VOCdevkit/VOC2007/JPEGImages/006083.jpg,0,"('', 'person')","('person', 'pottedplant')","('person', '')","('', 'pottedplant')",negative
1796,data/voc2007/VOCdevkit/VOC2007/JPEGImages/006724.jpg,0,"('car', 'bus')","('bus', 'car')","('bus', '')","('', 'car')",hybrid
1797,data/voc2007/VOCdevkit/VOC2007/JPEGImages/007164.jpg,0,"('aeroplane and car', '')","('chair', 'aeroplane')","('chair', '')","('', 'aeroplane')",positive
1798,data/voc2007/VOCdevkit/VOC2007/JPEGImages/007164.jpg,0,"('', 'chair')","('chair', 'aeroplane')","('chair', '')","('', 'aeroplane')",negative
1799,data/voc2007/VOCdevkit/VOC2007/JPEGImages/001088.jpg,0,"('', 'sofa')","('sofa', 'dog')","('sofa', '')","('', 'dog')",negative
1800,data/voc2007/VOCdevkit/VOC2007/JPEGImages/004071.jpg,0,"('car', 'person')","('person', 'car')","('person', '')","('', 'car')",hybrid
1801,data/voc2007/VOCdevkit/VOC2007/JPEGImages/008016.jpg,0,"('aeroplane', 'person')","('person', 'aeroplane')","('person', '')","('', 'aeroplane')",hybrid
1802,data/voc2007/VOCdevkit/VOC2007/JPEGImages/005196.jpg,0,"('', 'car')","('car', 'person')","('car', '')","('', 'person')",negative
1803,data/voc2007/VOCdevkit/VOC2007/JPEGImages/007977.jpg,0,"('person', 'car')","('car', 'person')","('car', '')","('', 'person')",hybrid
1804,data/voc2007/VOCdevkit/VOC2007/JPEGImages/007505.jpg,0,"('', 'person')","('person', 'bird')","('person', '')","('', 'bird')",negative
1805,data/voc2007/VOCdevkit/VOC2007/JPEGImages/006890.jpg,0,"('', 'person')","('person', 'car')","('person', '')","('', 'car')",negative
1806,data/voc2007/VOCdevkit/VOC2007/JPEGImages/006345.jpg,0,"('tvmonitor', 'person')","('person', 'tvmonitor')","('person', '')","('', 'tvmonitor')",hybrid
1807,data/voc2007/VOCdevkit/VOC2007/JPEGImages/009590.jpg,0,"('car and person', '')","('chair', 'car')","('chair', '')","('', 'car')",positive
1808,data/voc2007/VOCdevkit/VOC2007/JPEGImages/009237.jpg,0,"('', 'chair')","('chair', 'person')","('chair', '')","('', 'person')",negative
1809,data/voc2007/VOCdevkit/VOC2007/JPEGImages/005250.jpg,0,"('tvmonitor and sofa', '')","('person', 'tvmonitor')","('person', '')","('', 'tvmonitor')",positive
1810,data/voc2007/VOCdevkit/VOC2007/JPEGImages/004410.jpg,0,"('person and tvmonitor', '')","('chair', 'person')","('chair', '')","('', 'person')",positive
1811,data/voc2007/VOCdevkit/VOC2007/JPEGImages/004862.jpg,0,"('pottedplant', 'diningtable')","('diningtable', 'pottedplant')","('diningtable', '')","('', 'pottedplant')",hybrid
1812,data/voc2007/VOCdevkit/VOC2007/JPEGImages/004366.jpg,0,"('chair and person', '')","('car', 'chair')","('car', '')","('', 'chair')",positive
1813,data/voc2007/VOCdevkit/VOC2007/JPEGImages/001438.jpg,0,"('diningtable', 'car')","('car', 'diningtable')","('car', '')","('', 'diningtable')",hybrid
1814,data/voc2007/VOCdevkit/VOC2007/JPEGImages/009933.jpg,0,"('', 'person')","('person', 'horse')","('person', '')","('', 'horse')",negative
1815,data/voc2007/VOCdevkit/VOC2007/JPEGImages/006394.jpg,0,"('cat', 'person')","('person', 'cat')","('person', '')","('', 'cat')",hybrid
1816,data/voc2007/VOCdevkit/VOC2007/JPEGImages/007273.jpg,0,"('', 'person')","('person', 'car')","('person', '')","('', 'car')",negative
1817,data/voc2007/VOCdevkit/VOC2007/JPEGImages/005147.jpg,0,"('', 'person')","('person', 'sheep')","('person', '')","('', 'sheep')",negative
1818,data/voc2007/VOCdevkit/VOC2007/JPEGImages/009120.jpg,0,"('', 'car')","('car', 'boat')","('car', '')","('', 'boat')",negative
1819,data/voc2007/VOCdevkit/VOC2007/JPEGImages/001059.jpg,0,"('boat', 'car')","('car', 'boat')","('car', '')","('', 'boat')",hybrid
1820,data/voc2007/VOCdevkit/VOC2007/JPEGImages/006052.jpg,0,"('', 'person')","('person', 'cat')","('person', '')","('', 'cat')",negative
1821,data/voc2007/VOCdevkit/VOC2007/JPEGImages/003235.jpg,0,"('', 'chair')","('chair', 'person')","('chair', '')","('', 'person')",negative
1822,data/voc2007/VOCdevkit/VOC2007/JPEGImages/003592.jpg,0,"('person', 'chair')","('chair', 'person')","('chair', '')","('', 'person')",hybrid
1823,data/voc2007/VOCdevkit/VOC2007/JPEGImages/002475.jpg,0,"('bicycle and person', '')","('car', 'bicycle')","('car', '')","('', 'bicycle')",positive
1824,data/voc2007/VOCdevkit/VOC2007/JPEGImages/008259.jpg,0,"('', 'chair')","('chair', 'horse')","('chair', '')","('', 'horse')",negative
1825,data/voc2007/VOCdevkit/VOC2007/JPEGImages/008259.jpg,0,"('person and car', '')","('sofa', 'person')","('sofa', '')","('', 'person')",positive
1826,data/voc2007/VOCdevkit/VOC2007/JPEGImages/001560.jpg,0,"('car', 'bus')","('bus', 'car')","('bus', '')","('', 'car')",hybrid
1827,data/voc2007/VOCdevkit/VOC2007/JPEGImages/001912.jpg,0,"('', 'car')","('car', 'aeroplane')","('car', '')","('', 'aeroplane')",negative
1828,data/voc2007/VOCdevkit/VOC2007/JPEGImages/004599.jpg,0,"('', 'car')","('car', 'person')","('car', '')","('', 'person')",negative
1829,data/voc2007/VOCdevkit/VOC2007/JPEGImages/000487.jpg,0,"('chair', 'diningtable')","('diningtable', 'chair')","('diningtable', '')","('', 'chair')",hybrid
1830,data/voc2007/VOCdevkit/VOC2007/JPEGImages/002014.jpg,0,"('', 'car')","('car', 'aeroplane')","('car', '')","('', 'aeroplane')",negative
1831,data/voc2007/VOCdevkit/VOC2007/JPEGImages/000741.jpg,0,"('cat', 'tvmonitor')","('tvmonitor', 'cat')","('tvmonitor', '')","('', 'cat')",hybrid
1832,data/voc2007/VOCdevkit/VOC2007/JPEGImages/000790.jpg,0,"('tvmonitor', 'person')","('person', 'tvmonitor')","('person', '')","('', 'tvmonitor')",hybrid
1833,data/voc2007/VOCdevkit/VOC2007/JPEGImages/000037.jpg,0,"('dog', 'sofa')","('sofa', 'dog')","('sofa', '')","('', 'dog')",hybrid
1834,data/voc2007/VOCdevkit/VOC2007/JPEGImages/005308.jpg,0,"('person', 'car')","('car', 'person')","('car', '')","('', 'person')",hybrid
1835,data/voc2007/VOCdevkit/VOC2007/JPEGImages/000456.jpg,0,"('person and bus', '')","('chair', 'person')","('chair', '')","('', 'person')",positive
1836,data/voc2007/VOCdevkit/VOC2007/JPEGImages/000824.jpg,0,"('train', 'car')","('car', 'train')","('car', '')","('', 'train')",hybrid
1837,data/voc2007/VOCdevkit/VOC2007/JPEGImages/008288.jpg,0,"('tvmonitor', 'car')","('car', 'tvmonitor')","('car', '')","('', 'tvmonitor')",hybrid
1838,data/voc2007/VOCdevkit/VOC2007/JPEGImages/001216.jpg,0,"('cat', 'person')","('person', 'cat')","('person', '')","('', 'cat')",hybrid
1839,data/voc2007/VOCdevkit/VOC2007/JPEGImages/002303.jpg,0,"('', 'tvmonitor')","('tvmonitor', 'cat')","('tvmonitor', '')","('', 'cat')",negative
1840,data/voc2007/VOCdevkit/VOC2007/JPEGImages/003931.jpg,0,"('', 'person')","('person', 'aeroplane')","('person', '')","('', 'aeroplane')",negative
1841,data/voc2007/VOCdevkit/VOC2007/JPEGImages/003543.jpg,0,"('boat and person', '')","('car', 'boat')","('car', '')","('', 'boat')",positive
1842,data/voc2007/VOCdevkit/VOC2007/JPEGImages/001753.jpg,0,"('train', 'car')","('car', 'train')","('car', '')","('', 'train')",hybrid
1843,data/voc2007/VOCdevkit/VOC2007/JPEGImages/006758.jpg,0,"('aeroplane', 'person')","('person', 'aeroplane')","('person', '')","('', 'aeroplane')",hybrid
1844,data/voc2007/VOCdevkit/VOC2007/JPEGImages/003006.jpg,0,"('bus', 'person')","('person', 'bus')","('person', '')","('', 'bus')",hybrid
1845,data/voc2007/VOCdevkit/VOC2007/JPEGImages/007118.jpg,0,"('car', 'bus')","('bus', 'car')","('bus', '')","('', 'car')",hybrid
1846,data/voc2007/VOCdevkit/VOC2007/JPEGImages/000572.jpg,0,"('bicycle', 'car')","('car', 'bicycle')","('car', '')","('', 'bicycle')",hybrid
1847,data/voc2007/VOCdevkit/VOC2007/JPEGImages/001495.jpg,0,"('', 'car')","('car', 'person')","('car', '')","('', 'person')",negative
1848,data/voc2007/VOCdevkit/VOC2007/JPEGImages/002227.jpg,0,"('', 'chair')","('chair', 'tvmonitor')","('chair', '')","('', 'tvmonitor')",negative
1849,data/voc2007/VOCdevkit/VOC2007/JPEGImages/002580.jpg,0,"('boat', 'person')","('person', 'boat')","('person', '')","('', 'boat')",hybrid
1850,data/voc2007/VOCdevkit/VOC2007/JPEGImages/003467.jpg,0,"('bird', 'boat')","('boat', 'bird')","('boat', '')","('', 'bird')",hybrid
1851,data/voc2007/VOCdevkit/VOC2007/JPEGImages/003815.jpg,0,"('person', 'chair')","('chair', 'person')","('chair', '')","('', 'person')",hybrid
1852,data/voc2007/VOCdevkit/VOC2007/JPEGImages/002551.jpg,0,"('person', 'car')","('car', 'person')","('car', '')","('', 'person')",hybrid
1853,data/voc2007/VOCdevkit/VOC2007/JPEGImages/002923.jpg,0,"('', 'person')","('person', 'dog')","('person', '')","('', 'dog')",negative
1854,data/voc2007/VOCdevkit/VOC2007/JPEGImages/000204.jpg,0,"('', 'chair')","('chair', 'tvmonitor')","('chair', '')","('', 'tvmonitor')",negative
1855,data/voc2007/VOCdevkit/VOC2007/JPEGImages/002130.jpg,0,"('motorbike', 'person')","('person', 'motorbike')","('person', '')","('', 'motorbike')",hybrid
1856,data/voc2007/VOCdevkit/VOC2007/JPEGImages/003770.jpg,0,"('chair and diningtable', '')","('person', 'chair')","('person', '')","('', 'chair')",positive
1857,data/voc2007/VOCdevkit/VOC2007/JPEGImages/000665.jpg,0,"('', 'person')","('person', 'aeroplane')","('person', '')","('', 'aeroplane')",negative
1858,data/voc2007/VOCdevkit/VOC2007/JPEGImages/001025.jpg,0,"('', 'person')","('person', 'chair')","('person', '')","('', 'chair')",negative
1859,data/voc2007/VOCdevkit/VOC2007/JPEGImages/005870.jpg,0,"('bus and car', '')","('horse', 'bus')","('horse', '')","('', 'bus')",positive
1860,data/voc2007/VOCdevkit/VOC2007/JPEGImages/005402.jpg,0,"('', 'car')","('car', 'aeroplane')","('car', '')","('', 'aeroplane')",negative
1861,data/voc2007/VOCdevkit/VOC2007/JPEGImages/009817.jpg,0,"('bird', 'boat')","('boat', 'bird')","('boat', '')","('', 'bird')",hybrid
1862,data/voc2007/VOCdevkit/VOC2007/JPEGImages/006517.jpg,0,"('', 'chair')","('chair', 'person')","('chair', '')","('', 'person')",negative
1863,data/voc2007/VOCdevkit/VOC2007/JPEGImages/003249.jpg,0,"('person', 'chair')","('chair', 'person')","('chair', '')","('', 'person')",hybrid
1864,data/voc2007/VOCdevkit/VOC2007/JPEGImages/007882.jpg,0,"('car and person', '')","('horse', 'car')","('horse', '')","('', 'car')",positive
1865,data/voc2007/VOCdevkit/VOC2007/JPEGImages/002409.jpg,0,"('', 'chair')","('chair', 'person')","('chair', '')","('', 'person')",negative
1866,data/voc2007/VOCdevkit/VOC2007/JPEGImages/007357.jpg,0,"('', 'car')","('car', 'boat')","('car', '')","('', 'boat')",negative
1867,data/voc2007/VOCdevkit/VOC2007/JPEGImages/004184.jpg,0,"('', 'person')","('person', 'boat')","('person', '')","('', 'boat')",negative
1868,data/voc2007/VOCdevkit/VOC2007/JPEGImages/007091.jpg,0,"('', 'person')","('person', 'boat')","('person', '')","('', 'boat')",negative
1869,data/voc2007/VOCdevkit/VOC2007/JPEGImages/006600.jpg,0,"('train', 'person')","('person', 'train')","('person', '')","('', 'train')",hybrid
1870,data/voc2007/VOCdevkit/VOC2007/JPEGImages/004155.jpg,0,"('pottedplant', 'person')","('person', 'pottedplant')","('person', '')","('', 'pottedplant')",hybrid
1871,data/voc2007/VOCdevkit/VOC2007/JPEGImages/007386.jpg,0,"('', 'person')","('person', 'car')","('person', '')","('', 'car')",negative
1872,data/voc2007/VOCdevkit/VOC2007/JPEGImages/003298.jpg,0,"('person', 'chair')","('chair', 'person')","('chair', '')","('', 'person')",hybrid
1873,data/voc2007/VOCdevkit/VOC2007/JPEGImages/009313.jpg,0,"('chair and pottedplant', '')","('diningtable', 'chair')","('diningtable', '')","('', 'chair')",positive
1874,data/voc2007/VOCdevkit/VOC2007/JPEGImages/000858.jpg,0,"('bus', 'chair')","('chair', 'bus')","('chair', '')","('', 'bus')",hybrid
1875,data/voc2007/VOCdevkit/VOC2007/JPEGImages/004534.jpg,0,"('person', 'car')","('car', 'person')","('car', '')","('', 'person')",hybrid
1876,data/voc2007/VOCdevkit/VOC2007/JPEGImages/002773.jpg,0,"('bottle', 'chair')","('chair', 'bottle')","('chair', '')","('', 'bottle')",hybrid
1877,data/voc2007/VOCdevkit/VOC2007/JPEGImages/001666.jpg,0,"('pottedplant', 'person')","('person', 'pottedplant')","('person', '')","('', 'pottedplant')",hybrid
1878,data/voc2007/VOCdevkit/VOC2007/JPEGImages/005778.jpg,0,"('sofa', 'chair')","('chair', 'sofa')","('chair', '')","('', 'sofa')",hybrid
1879,data/voc2007/VOCdevkit/VOC2007/JPEGImages/000781.jpg,0,"('person', 'car')","('car', 'person')","('car', '')","('', 'person')",hybrid
1880,data/voc2007/VOCdevkit/VOC2007/JPEGImages/002312.jpg,0,"('', 'person')","('person', 'cat')","('person', '')","('', 'cat')",negative
1881,data/voc2007/VOCdevkit/VOC2007/JPEGImages/003552.jpg,0,"('', 'bus')","('bus', 'car')","('bus', '')","('', 'car')",negative
1882,data/voc2007/VOCdevkit/VOC2007/JPEGImages/003920.jpg,0,"('dog', 'person')","('person', 'dog')","('person', '')","('', 'dog')",hybrid
1883,data/voc2007/VOCdevkit/VOC2007/JPEGImages/000835.jpg,0,"('', 'person')","('person', 'train')","('person', '')","('', 'train')",negative
1884,data/voc2007/VOCdevkit/VOC2007/JPEGImages/000447.jpg,0,"('', 'chair')","('chair', 'person')","('chair', '')","('', 'person')",negative
1885,data/voc2007/VOCdevkit/VOC2007/JPEGImages/004559.jpg,0,"('diningtable and chair', '')","('person', 'diningtable')","('person', '')","('', 'diningtable')",positive
1886,data/voc2007/VOCdevkit/VOC2007/JPEGImages/003583.jpg,0,"('', 'chair')","('chair', 'person')","('chair', '')","('', 'person')",negative
1887,data/voc2007/VOCdevkit/VOC2007/JPEGImages/003224.jpg,0,"('', 'chair')","('chair', 'dog')","('chair', '')","('', 'dog')",negative
1888,data/voc2007/VOCdevkit/VOC2007/JPEGImages/002464.jpg,0,"('', 'sofa')","('sofa', 'dog')","('sofa', '')","('', 'dog')",negative
1889,data/voc2007/VOCdevkit/VOC2007/JPEGImages/009069.jpg,0,"('', 'car')","('car', 'motorbike')","('car', '')","('', 'motorbike')",negative
1890,data/voc2007/VOCdevkit/VOC2007/JPEGImages/008629.jpg,0,"('', 'car')","('car', 'person')","('car', '')","('', 'person')",negative
1891,data/voc2007/VOCdevkit/VOC2007/JPEGImages/002005.jpg,0,"('', 'car')","('car', 'cow')","('car', '')","('', 'cow')",negative
1892,data/voc2007/VOCdevkit/VOC2007/JPEGImages/006422.jpg,0,"('', 'person')","('person', 'chair')","('person', '')","('', 'chair')",negative
1893,data/voc2007/VOCdevkit/VOC2007/JPEGImages/007262.jpg,0,"('', 'person')","('person', 'aeroplane')","('person', '')","('', 'aeroplane')",negative
1894,data/voc2007/VOCdevkit/VOC2007/JPEGImages/004377.jpg,0,"('', 'person')","('person', 'aeroplane')","('person', '')","('', 'aeroplane')",negative
1895,data/voc2007/VOCdevkit/VOC2007/JPEGImages/001429.jpg,0,"('', 'chair')","('chair', 'person')","('chair', '')","('', 'person')",negative
1896,data/voc2007/VOCdevkit/VOC2007/JPEGImages/005945.jpg,0,"('person', 'chair')","('chair', 'person')","('chair', '')","('', 'person')",hybrid
1897,data/voc2007/VOCdevkit/VOC2007/JPEGImages/005537.jpg,0,"('aeroplane', 'car')","('car', 'aeroplane')","('car', '')","('', 'aeroplane')",hybrid
1898,data/voc2007/VOCdevkit/VOC2007/JPEGImages/009922.jpg,0,"('', 'sofa')","('sofa', 'dog')","('sofa', '')","('', 'dog')",negative
1899,data/voc2007/VOCdevkit/VOC2007/JPEGImages/009696.jpg,0,"('bird', 'car')","('car', 'bird')","('car', '')","('', 'bird')",hybrid
1900,data/voc2007/VOCdevkit/VOC2007/JPEGImages/001048.jpg,0,"('cat', 'person')","('person', 'cat')","('person', '')","('', 'cat')",hybrid
1901,data/voc2007/VOCdevkit/VOC2007/JPEGImages/004716.jpg,0,"('', 'diningtable')","('diningtable', 'tvmonitor')","('diningtable', '')","('', 'tvmonitor')",negative
1902,data/voc2007/VOCdevkit/VOC2007/JPEGImages/008007.jpg,0,"('bicycle', 'car')","('car', 'bicycle')","('car', '')","('', 'bicycle')",hybrid
1903,data/voc2007/VOCdevkit/VOC2007/JPEGImages/001099.jpg,0,"('aeroplane and person', '')","('car', 'aeroplane')","('car', '')","('', 'aeroplane')",positive
1904,data/voc2007/VOCdevkit/VOC2007/JPEGImages/005187.jpg,0,"('sofa', 'car')","('car', 'sofa')","('car', '')","('', 'sofa')",hybrid
1905,data/voc2007/VOCdevkit/VOC2007/JPEGImages/006092.jpg,0,"('person', 'car')","('car', 'person')","('car', '')","('', 'person')",hybrid
1906,data/voc2007/VOCdevkit/VOC2007/JPEGImages/007175.jpg,0,"('person', 'car')","('car', 'person')","('car', '')","('', 'person')",hybrid
1907,data/voc2007/VOCdevkit/VOC2007/JPEGImages/009226.jpg,0,"('', 'chair')","('chair', 'tvmonitor')","('chair', '')","('', 'tvmonitor')",negative
1908,data/voc2007/VOCdevkit/VOC2007/JPEGImages/005241.jpg,0,"('', 'person')","('person', 'dog')","('person', '')","('', 'dog')",negative
1909,data/voc2007/VOCdevkit/VOC2007/JPEGImages/009581.jpg,0,"('', 'person')","('person', 'pottedplant')","('person', '')","('', 'pottedplant')",negative
1910,data/voc2007/VOCdevkit/VOC2007/JPEGImages/005994.jpg,0,"('chair', 'sofa')","('sofa', 'chair')","('sofa', '')","('', 'chair')",hybrid
1911,data/voc2007/VOCdevkit/VOC2007/JPEGImages/004401.jpg,0,"('', 'person')","('person', 'dog')","('person', '')","('', 'dog')",negative
1912,data/voc2007/VOCdevkit/VOC2007/JPEGImages/007514.jpg,0,"('', 'chair')","('chair', 'person')","('chair', '')","('', 'person')",negative
1913,data/voc2007/VOCdevkit/VOC2007/JPEGImages/007966.jpg,0,"('person', 'chair')","('chair', 'person')","('chair', '')","('', 'person')",hybrid
1914,data/voc2007/VOCdevkit/VOC2007/JPEGImages/003878.jpg,0,"('', 'person')","('person', 'car')","('person', '')","('', 'car')",negative
1915,data/voc2007/VOCdevkit/VOC2007/JPEGImages/006354.jpg,0,"('sofa', 'chair')","('chair', 'sofa')","('chair', '')","('', 'sofa')",hybrid
1916,data/voc2007/VOCdevkit/VOC2007/JPEGImages/006881.jpg,0,"('cow', 'car')","('car', 'cow')","('car', '')","('', 'cow')",hybrid
1917,data/voc2007/VOCdevkit/VOC2007/JPEGImages/008684.jpg,0,"('', 'person')","('person', 'car')","('person', '')","('', 'car')",negative
1918,data/voc2007/VOCdevkit/VOC2007/JPEGImages/004144.jpg,0,"('person and bus', '')","('chair', 'person')","('chair', '')","('', 'person')",positive
1919,data/voc2007/VOCdevkit/VOC2007/JPEGImages/008123.jpg,0,"('', 'person')","('person', 'bird')","('person', '')","('', 'bird')",negative
1920,data/voc2007/VOCdevkit/VOC2007/JPEGImages/007051.jpg,0,"('person and bird', '')","('chair', 'person')","('chair', '')","('', 'person')",positive
1921,data/voc2007/VOCdevkit/VOC2007/JPEGImages/009302.jpg,0,"('car', 'bus')","('bus', 'car')","('bus', '')","('', 'car')",hybrid
1922,data/voc2007/VOCdevkit/VOC2007/JPEGImages/004282.jpg,0,"('bird', 'person')","('person', 'bird')","('person', '')","('', 'bird')",hybrid
1923,data/voc2007/VOCdevkit/VOC2007/JPEGImages/004525.jpg,0,"('', 'sofa')","('sofa', 'diningtable')","('sofa', '')","('', 'diningtable')",negative
1924,data/voc2007/VOCdevkit/VOC2007/JPEGImages/004957.jpg,0,"('horse', 'car')","('car', 'horse')","('car', '')","('', 'horse')",hybrid
1925,data/voc2007/VOCdevkit/VOC2007/JPEGImages/007397.jpg,0,"('bird', 'boat')","('boat', 'bird')","('boat', '')","('', 'bird')",hybrid
1926,data/voc2007/VOCdevkit/VOC2007/JPEGImages/007842.jpg,0,"('', 'person')","('person', 'tvmonitor')","('person', '')","('', 'tvmonitor')",negative
1927,data/voc2007/VOCdevkit/VOC2007/JPEGImages/007430.jpg,0,"('train', 'car')","('car', 'train')","('car', '')","('', 'train')",hybrid
1928,data/voc2007/VOCdevkit/VOC2007/JPEGImages/003289.jpg,0,"('bus', 'horse')","('horse', 'bus')","('horse', '')","('', 'bus')",hybrid
1929,data/voc2007/VOCdevkit/VOC2007/JPEGImages/006974.jpg,0,"('car', 'person')","('person', 'car')","('person', '')","('', 'car')",hybrid
1930,data/voc2007/VOCdevkit/VOC2007/JPEGImages/002418.jpg,0,"('train and car', '')","('person', 'train')","('person', '')","('', 'train')",positive
1931,data/voc2007/VOCdevkit/VOC2007/JPEGImages/007893.jpg,0,"('', 'person')","('person', 'bird')","('person', '')","('', 'bird')",negative
1932,data/voc2007/VOCdevkit/VOC2007/JPEGImages/008234.jpg,0,"('', 'chair')","('chair', 'person')","('chair', '')","('', 'person')",negative
1933,data/voc2007/VOCdevkit/VOC2007/JPEGImages/008593.jpg,0,"('', 'motorbike')","('motorbike', 'car')","('motorbike', '')","('', 'car')",negative
1934,data/voc2007/VOCdevkit/VOC2007/JPEGImages/009806.jpg,0,"('', 'chair')","('chair', 'car')","('chair', '')","('', 'car')",negative
1935,data/voc2007/VOCdevkit/VOC2007/JPEGImages/009474.jpg,0,"('', 'person')","('person', 'tvmonitor')","('person', '')","('', 'tvmonitor')",negative
1936,data/voc2007/VOCdevkit/VOC2007/JPEGImages/002079.jpg,0,"('person', 'chair')","('chair', 'person')","('chair', '')","('', 'person')",hybrid
1937,data/voc2007/VOCdevkit/VOC2007/JPEGImages/006167.jpg,0,"('person', 'car')","('car', 'person')","('car', '')","('', 'person')",hybrid
1938,data/voc2007/VOCdevkit/VOC2007/JPEGImages/005939.jpg,0,"('', 'person')","('person', 'sofa')","('person', '')","('', 'sofa')",negative
1939,data/voc2007/VOCdevkit/VOC2007/JPEGImages/000674.jpg,0,"('train', 'car')","('car', 'train')","('car', '')","('', 'train')",hybrid
1940,data/voc2007/VOCdevkit/VOC2007/JPEGImages/001034.jpg,0,"('', 'person')","('person', 'car')","('person', '')","('', 'car')",negative
1941,data/voc2007/VOCdevkit/VOC2007/JPEGImages/002121.jpg,0,"('person', 'chair')","('chair', 'person')","('chair', '')","('', 'person')",hybrid
1942,data/voc2007/VOCdevkit/VOC2007/JPEGImages/002686.jpg,0,"('', 'car')","('car', 'motorbike')","('car', '')","('', 'motorbike')",negative
1943,data/voc2007/VOCdevkit/VOC2007/JPEGImages/003761.jpg,0,"('chair', 'person')","('person', 'chair')","('person', '')","('', 'chair')",hybrid
1944,data/voc2007/VOCdevkit/VOC2007/JPEGImages/006798.jpg,0,"('pottedplant', 'chair')","('chair', 'pottedplant')","('chair', '')","('', 'pottedplant')",hybrid
1945,data/voc2007/VOCdevkit/VOC2007/JPEGImages/006749.jpg,0,"('car', 'person')","('person', 'car')","('person', '')","('', 'car')",hybrid
1946,data/voc2007/VOCdevkit/VOC2007/JPEGImages/001742.jpg,0,"('', 'diningtable')","('diningtable', 'chair')","('diningtable', '')","('', 'chair')",negative
1947,data/voc2007/VOCdevkit/VOC2007/JPEGImages/002591.jpg,0,"('', 'car')","('car', 'person')","('car', '')","('', 'person')",negative
1948,data/voc2007/VOCdevkit/VOC2007/JPEGImages/002236.jpg,0,"('', 'person')","('person', 'train')","('person', '')","('', 'train')",negative
1949,data/voc2007/VOCdevkit/VOC2007/JPEGImages/003804.jpg,0,"('cat', 'tvmonitor')","('tvmonitor', 'cat')","('tvmonitor', '')","('', 'cat')",hybrid
1950,data/voc2007/VOCdevkit/VOC2007/JPEGImages/003476.jpg,0,"('', 'person')","('person', 'car')","('person', '')","('', 'car')",negative
1951,data/voc2007/VOCdevkit/VOC2007/JPEGImages/006328.jpg,0,"('', 'person')","('person', 'dog')","('person', '')","('', 'dog')",negative
1952,data/voc2007/VOCdevkit/VOC2007/JPEGImages/008868.jpg,0,"('motorbike and person', '')","('chair', 'motorbike')","('chair', '')","('', 'motorbike')",positive
1953,data/voc2007/VOCdevkit/VOC2007/JPEGImages/005703.jpg,0,"('', 'sofa')","('sofa', 'pottedplant')","('sofa', '')","('', 'pottedplant')",negative
1954,data/voc2007/VOCdevkit/VOC2007/JPEGImages/005703.jpg,0,"('pottedplant', 'diningtable')","('diningtable', 'pottedplant')","('diningtable', '')","('', 'pottedplant')",hybrid
1955,data/voc2007/VOCdevkit/VOC2007/JPEGImages/008124.jpg,0,"('person', 'car')","('car', 'person')","('car', '')","('', 'person')",hybrid
1956,data/voc2007/VOCdevkit/VOC2007/JPEGImages/002708.jpg,0,"('dog and pottedplant', '')","('person', 'dog')","('person', '')","('', 'dog')",positive
1957,data/voc2007/VOCdevkit/VOC2007/JPEGImages/006616.jpg,0,"('', 'chair')","('chair', 'person')","('chair', '')","('', 'person')",negative
1958,data/voc2007/VOCdevkit/VOC2007/JPEGImages/003148.jpg,0,"('bird', 'boat')","('boat', 'bird')","('boat', '')","('', 'bird')",hybrid
1959,data/voc2007/VOCdevkit/VOC2007/JPEGImages/004522.jpg,0,"('', 'car')","('car', 'horse')","('car', '')","('', 'horse')",negative
1960,data/voc2007/VOCdevkit/VOC2007/JPEGImages/008545.jpg,0,"('boat', 'person')","('person', 'boat')","('person', '')","('', 'boat')",hybrid
1961,data/voc2007/VOCdevkit/VOC2007/JPEGImages/008937.jpg,0,"('bird and pottedplant', '')","('person', 'bird')","('person', '')","('', 'bird')",positive
1962,data/voc2007/VOCdevkit/VOC2007/JPEGImages/004285.jpg,0,"('', 'car')","('car', 'person')","('car', '')","('', 'person')",negative
1963,data/voc2007/VOCdevkit/VOC2007/JPEGImages/009305.jpg,0,"('', 'person')","('person', 'bicycle')","('person', '')","('', 'bicycle')",negative
1964,data/voc2007/VOCdevkit/VOC2007/JPEGImages/005362.jpg,0,"('', 'pottedplant')","('pottedplant', 'chair')","('pottedplant', '')","('', 'chair')",negative
1965,data/voc2007/VOCdevkit/VOC2007/JPEGImages/007894.jpg,0,"('', 'dog')","('dog', 'sheep')","('dog', '')","('', 'sheep')",negative
1966,data/voc2007/VOCdevkit/VOC2007/JPEGImages/007341.jpg,0,"('', 'chair')","('chair', 'aeroplane')","('chair', '')","('', 'aeroplane')",negative
1967,data/voc2007/VOCdevkit/VOC2007/JPEGImages/006973.jpg,0,"('cow', 'person')","('person', 'cow')","('person', '')","('', 'cow')",hybrid
1968,data/voc2007/VOCdevkit/VOC2007/JPEGImages/005866.jpg,0,"('pottedplant', 'person')","('person', 'pottedplant')","('person', '')","('', 'pottedplant')",hybrid
1969,data/voc2007/VOCdevkit/VOC2007/JPEGImages/009473.jpg,0,"('', 'chair')","('chair', 'person')","('chair', '')","('', 'person')",negative
1970,data/voc2007/VOCdevkit/VOC2007/JPEGImages/008594.jpg,0,"('cat and dog', '')","('person', 'cat')","('person', '')","('', 'cat')",positive
1971,data/voc2007/VOCdevkit/VOC2007/JPEGImages/004981.jpg,0,"('', 'bus')","('bus', 'car')","('bus', '')","('', 'car')",negative
1972,data/voc2007/VOCdevkit/VOC2007/JPEGImages/008233.jpg,0,"('person and chair', '')","('diningtable', 'person')","('diningtable', '')","('', 'person')",positive
1973,data/voc2007/VOCdevkit/VOC2007/JPEGImages/004254.jpg,0,"('car', 'bus')","('bus', 'car')","('bus', '')","('', 'car')",hybrid
1974,data/voc2007/VOCdevkit/VOC2007/JPEGImages/006160.jpg,0,"('', 'person')","('person', 'boat')","('person', '')","('', 'boat')",negative
1975,data/voc2007/VOCdevkit/VOC2007/JPEGImages/007087.jpg,0,"('', 'person')","('person', 'bird')","('person', '')","('', 'bird')",negative
1976,data/voc2007/VOCdevkit/VOC2007/JPEGImages/008652.jpg,0,"('person', 'car')","('car', 'person')","('car', '')","('', 'person')",hybrid
1977,data/voc2007/VOCdevkit/VOC2007/JPEGImages/004635.jpg,0,"('bird', 'boat')","('boat', 'bird')","('boat', '')","('', 'bird')",hybrid
1978,data/voc2007/VOCdevkit/VOC2007/JPEGImages/005075.jpg,0,"('', 'person')","('person', 'bird')","('person', '')","('', 'bird')",negative
1979,data/voc2007/VOCdevkit/VOC2007/JPEGImages/009012.jpg,0,"('diningtable', 'car')","('car', 'diningtable')","('car', '')","('', 'diningtable')",hybrid
1980,data/voc2007/VOCdevkit/VOC2007/JPEGImages/000212.jpg,0,"('person', 'chair')","('chair', 'person')","('chair', '')","('', 'person')",hybrid
1981,data/voc2007/VOCdevkit/VOC2007/JPEGImages/001820.jpg,0,"('car', 'person')","('person', 'car')","('person', '')","('', 'car')",hybrid
1982,data/voc2007/VOCdevkit/VOC2007/JPEGImages/001452.jpg,0,"('person', 'car')","('car', 'person')","('car', '')","('', 'person')",hybrid
1983,data/voc2007/VOCdevkit/VOC2007/JPEGImages/001794.jpg,0,"('horse', 'chair')","('chair', 'horse')","('chair', '')","('', 'horse')",hybrid
1984,data/voc2007/VOCdevkit/VOC2007/JPEGImages/001033.jpg,0,"('person and bicycle', '')","('chair', 'person')","('chair', '')","('', 'person')",positive
1985,data/voc2007/VOCdevkit/VOC2007/JPEGImages/000673.jpg,0,"('', 'tvmonitor')","('tvmonitor', 'cat')","('tvmonitor', '')","('', 'cat')",negative
1986,data/voc2007/VOCdevkit/VOC2007/JPEGImages/003766.jpg,0,"('bicycle', 'person')","('person', 'bicycle')","('person', '')","('', 'bicycle')",hybrid
1987,data/voc2007/VOCdevkit/VOC2007/JPEGImages/002681.jpg,0,"('', 'person')","('person', 'car')","('person', '')","('', 'car')",negative
1988,data/voc2007/VOCdevkit/VOC2007/JPEGImages/002650.jpg,0,"('chair', 'person')","('person', 'chair')","('person', '')","('', 'chair')",hybrid
1989,data/voc2007/VOCdevkit/VOC2007/JPEGImages/003010.jpg,0,"('', 'diningtable')","('diningtable', 'bottle')","('diningtable', '')","('', 'bottle')",negative
1990,data/voc2007/VOCdevkit/VOC2007/JPEGImages/000105.jpg,0,"('', 'car')","('car', 'boat')","('car', '')","('', 'boat')",negative
1991,data/voc2007/VOCdevkit/VOC2007/JPEGImages/001745.jpg,0,"('', 'boat')","('boat', 'bird')","('boat', '')","('', 'bird')",negative
1992,data/voc2007/VOCdevkit/VOC2007/JPEGImages/003471.jpg,0,"('sheep', 'person')","('person', 'sheep')","('person', '')","('', 'sheep')",hybrid
1993,data/voc2007/VOCdevkit/VOC2007/JPEGImages/002231.jpg,0,"('', 'diningtable')","('diningtable', 'bottle')","('diningtable', '')","('', 'bottle')",negative
1994,data/voc2007/VOCdevkit/VOC2007/JPEGImages/002596.jpg,0,"('horse', 'car')","('car', 'horse')","('car', '')","('', 'horse')",hybrid
1995,data/voc2007/VOCdevkit/VOC2007/JPEGImages/000916.jpg,0,"('person and bus', '')","('chair', 'person')","('chair', '')","('', 'person')",positive
1996,data/voc2007/VOCdevkit/VOC2007/JPEGImages/003693.jpg,0,"('dog', 'person')","('person', 'dog')","('person', '')","('', 'dog')",hybrid
1997,data/voc2007/VOCdevkit/VOC2007/JPEGImages/004698.jpg,0,"('person', 'car')","('car', 'person')","('car', '')","('', 'person')",hybrid
1998,data/voc2007/VOCdevkit/VOC2007/JPEGImages/008158.jpg,0,"('bus', 'person')","('person', 'bus')","('person', '')","('', 'bus')",hybrid
1999,data/voc2007/VOCdevkit/VOC2007/JPEGImages/003927.jpg,0,"('person', 'chair')","('chair', 'person')","('chair', '')","('', 'person')",hybrid
2000,data/voc2007/VOCdevkit/VOC2007/JPEGImages/007839.jpg,0,"('pottedplant and car', '')","('chair', 'pottedplant')","('chair', '')","('', 'pottedplant')",positive
2001,data/voc2007/VOCdevkit/VOC2007/JPEGImages/008539.jpg,0,"('', 'tvmonitor')","('tvmonitor', 'cat')","('tvmonitor', '')","('', 'cat')",negative
2002,data/voc2007/VOCdevkit/VOC2007/JPEGImages/009379.jpg,0,"('tvmonitor', 'person')","('person', 'tvmonitor')","('person', '')","('', 'tvmonitor')",hybrid
2003,data/voc2007/VOCdevkit/VOC2007/JPEGImages/000440.jpg,0,"('', 'bus')","('bus', 'car')","('bus', '')","('', 'car')",negative
2004,data/voc2007/VOCdevkit/VOC2007/JPEGImages/005468.jpg,0,"('person and motorbike', '')","('horse', 'person')","('horse', '')","('', 'person')",positive
2005,data/voc2007/VOCdevkit/VOC2007/JPEGImages/002811.jpg,0,"('boat', 'person')","('person', 'boat')","('person', '')","('', 'boat')",hybrid
2006,data/voc2007/VOCdevkit/VOC2007/JPEGImages/002463.jpg,0,"('person and chair', '')","('car', 'person')","('car', '')","('', 'person')",positive
2007,data/voc2007/VOCdevkit/VOC2007/JPEGImages/003584.jpg,0,"('horse and person', '')","('chair', 'horse')","('chair', '')","('', 'horse')",positive
2008,data/voc2007/VOCdevkit/VOC2007/JPEGImages/001117.jpg,0,"('sofa', 'chair')","('chair', 'sofa')","('chair', '')","('', 'sofa')",hybrid
2009,data/voc2007/VOCdevkit/VOC2007/JPEGImages/005009.jpg,0,"('', 'chair')","('chair', 'person')","('chair', '')","('', 'person')",negative
2010,data/voc2007/VOCdevkit/VOC2007/JPEGImages/000757.jpg,0,"('', 'bus')","('bus', 'car')","('bus', '')","('', 'car')",negative
2011,data/voc2007/VOCdevkit/VOC2007/JPEGImages/002949.jpg,0,"('', 'car')","('car', 'aeroplane')","('car', '')","('', 'aeroplane')",negative
2012,data/voc2007/VOCdevkit/VOC2007/JPEGImages/007265.jpg,0,"('', 'person')","('person', 'horse')","('person', '')","('', 'horse')",negative
2013,data/voc2007/VOCdevkit/VOC2007/JPEGImages/006857.jpg,0,"('', 'chair')","('chair', 'person')","('chair', '')","('', 'person')",negative
2014,data/voc2007/VOCdevkit/VOC2007/JPEGImages/005942.jpg,0,"('bottle', 'car')","('car', 'bottle')","('car', '')","('', 'bottle')",hybrid
2015,data/voc2007/VOCdevkit/VOC2007/JPEGImages/009925.jpg,0,"('', 'chair')","('chair', 'pottedplant')","('chair', '')","('', 'pottedplant')",negative
2016,data/voc2007/VOCdevkit/VOC2007/JPEGImages/001389.jpg,0,"('', 'tvmonitor')","('tvmonitor', 'cat')","('tvmonitor', '')","('', 'cat')",negative
2017,data/voc2007/VOCdevkit/VOC2007/JPEGImages/006044.jpg,0,"('dog', 'person')","('person', 'dog')","('person', '')","('', 'dog')",hybrid
2018,data/voc2007/VOCdevkit/VOC2007/JPEGImages/007604.jpg,0,"('', 'boat')","('boat', 'bird')","('boat', '')","('', 'bird')",negative
2019,data/voc2007/VOCdevkit/VOC2007/JPEGImages/004711.jpg,0,"('train', 'person')","('person', 'train')","('person', '')","('', 'train')",hybrid
2020,data/voc2007/VOCdevkit/VOC2007/JPEGImages/005151.jpg,0,"('', 'car')","('car', 'diningtable')","('car', '')","('', 'diningtable')",negative
2021,data/voc2007/VOCdevkit/VOC2007/JPEGImages/005180.jpg,0,"('pottedplant', 'diningtable')","('diningtable', 'pottedplant')","('diningtable', '')","('', 'pottedplant')",hybrid
2022,data/voc2007/VOCdevkit/VOC2007/JPEGImages/009640.jpg,0,"('cat', 'person')","('person', 'cat')","('person', '')","('', 'cat')",hybrid
2023,data/voc2007/VOCdevkit/VOC2007/JPEGImages/000179.jpg,0,"('boat', 'person')","('person', 'boat')","('person', '')","('', 'boat')",hybrid
2024,data/voc2007/VOCdevkit/VOC2007/JPEGImages/005627.jpg,0,"('', 'diningtable')","('diningtable', 'car')","('diningtable', '')","('', 'car')",negative
2025,data/voc2007/VOCdevkit/VOC2007/JPEGImages/008000.jpg,0,"('', 'boat')","('boat', 'bird')","('boat', '')","('', 'bird')",negative
2026,data/voc2007/VOCdevkit/VOC2007/JPEGImages/006732.jpg,0,"('bottle and person', '')","('chair', 'bottle')","('chair', '')","('', 'bottle')",positive
2027,data/voc2007/VOCdevkit/VOC2007/JPEGImages/001358.jpg,0,"('person and car', '')","('horse', 'person')","('horse', '')","('', 'person')",positive
2028,data/voc2007/VOCdevkit/VOC2007/JPEGImages/004406.jpg,0,"('', 'boat')","('boat', 'bird')","('boat', '')","('', 'bird')",negative
2029,data/voc2007/VOCdevkit/VOC2007/JPEGImages/004874.jpg,0,"('person', 'chair')","('chair', 'person')","('chair', '')","('', 'person')",hybrid
2030,data/voc2007/VOCdevkit/VOC2007/JPEGImages/005993.jpg,0,"('', 'car')","('car', 'person')","('car', '')","('', 'person')",negative
2031,data/voc2007/VOCdevkit/VOC2007/JPEGImages/002998.jpg,0,"('', 'car')","('car', 'train')","('car', '')","('', 'train')",negative
2032,data/voc2007/VOCdevkit/VOC2007/JPEGImages/007961.jpg,0,"('', 'horse')","('horse', 'person')","('horse', '')","('', 'person')",negative
2033,data/voc2007/VOCdevkit/VOC2007/JPEGImages/001613.jpg,0,"('', 'person')","('person', 'car')","('person', '')","('', 'car')",negative
2034,data/voc2007/VOCdevkit/VOC2007/JPEGImages/000053.jpg,0,"('cat', 'person')","('person', 'cat')","('person', '')","('', 'cat')",hybrid
2035,data/voc2007/VOCdevkit/VOC2007/JPEGImages/003955.jpg,0,"('horse and person', '')","('car', 'horse')","('car', '')","('', 'horse')",positive
2036,data/voc2007/VOCdevkit/VOC2007/JPEGImages/003527.jpg,0,"('person and car', '')","('horse', 'person')","('horse', '')","('', 'person')",positive
2037,data/voc2007/VOCdevkit/VOC2007/JPEGImages/000432.jpg,0,"('', 'person')","('person', 'cow')","('person', '')","('', 'cow')",negative
2038,data/voc2007/VOCdevkit/VOC2007/JPEGImages/000840.jpg,0,"('sofa and pottedplant', '')","('chair', 'sofa')","('chair', '')","('', 'sofa')",positive
2039,data/voc2007/VOCdevkit/VOC2007/JPEGImages/000891.jpg,0,"('person', 'chair')","('chair', 'person')","('chair', '')","('', 'person')",hybrid
2040,data/voc2007/VOCdevkit/VOC2007/JPEGImages/003251.jpg,0,"('diningtable', 'sofa')","('sofa', 'diningtable')","('sofa', '')","('', 'diningtable')",hybrid
2041,data/voc2007/VOCdevkit/VOC2007/JPEGImages/002863.jpg,0,"('person', 'car')","('car', 'person')","('car', '')","('', 'person')",hybrid
2042,data/voc2007/VOCdevkit/VOC2007/JPEGImages/000082.jpg,0,"('car', 'bus')","('bus', 'car')","('bus', '')","('', 'car')",hybrid
2043,data/voc2007/VOCdevkit/VOC2007/JPEGImages/000725.jpg,0,"('', 'car')","('car', 'cow')","('car', '')","('', 'cow')",negative
2044,data/voc2007/VOCdevkit/VOC2007/JPEGImages/001165.jpg,0,"('', 'chair')","('chair', 'bicycle')","('chair', '')","('', 'bicycle')",negative
2045,data/voc2007/VOCdevkit/VOC2007/JPEGImages/003197.jpg,0,"('sofa and person', '')","('chair', 'sofa')","('chair', '')","('', 'sofa')",positive
2046,data/voc2007/VOCdevkit/VOC2007/JPEGImages/003630.jpg,0,"('', 'person')","('person', 'car')","('person', '')","('', 'car')",negative
2047,data/voc2007/VOCdevkit/VOC2007/JPEGImages/006457.jpg,0,"('', 'person')","('person', 'dog')","('person', '')","('', 'dog')",negative
2048,data/voc2007/VOCdevkit/VOC2007/JPEGImages/003309.jpg,0,"('', 'car')","('car', 'person')","('car', '')","('', 'person')",negative
2049,data/voc2007/VOCdevkit/VOC2007/JPEGImages/004302.jpg,0,"('', 'person')","('person', 'bus')","('person', '')","('', 'bus')",negative
2050,data/voc2007/VOCdevkit/VOC2007/JPEGImages/009957.jpg,0,"('horse', 'car')","('car', 'horse')","('car', '')","('', 'horse')",hybrid
2051,data/voc2007/VOCdevkit/VOC2007/JPEGImages/009525.jpg,0,"('person and horse', '')","('car', 'person')","('car', '')","('', 'person')",positive
2052,data/voc2007/VOCdevkit/VOC2007/JPEGImages/007676.jpg,0,"('', 'horse')","('horse', 'aeroplane')","('horse', '')","('', 'aeroplane')",negative
2053,data/voc2007/VOCdevkit/VOC2007/JPEGImages/002128.jpg,0,"('', 'person')","('person', 'bicycle')","('person', '')","('', 'bicycle')",negative
2054,data/voc2007/VOCdevkit/VOC2007/JPEGImages/006791.jpg,0,"('', 'person')","('person', 'dog')","('person', '')","('', 'dog')",negative
2055,data/voc2007/VOCdevkit/VOC2007/JPEGImages/003768.jpg,0,"('bicycle and person', '')","('chair', 'bicycle')","('chair', '')","('', 'bicycle')",positive
2056,data/voc2007/VOCdevkit/VOC2007/JPEGImages/006036.jpg,0,"('', 'car')","('car', 'person')","('car', '')","('', 'person')",negative
2057,data/voc2007/VOCdevkit/VOC2007/JPEGImages/005684.jpg,0,"('', 'sofa')","('sofa', 'dog')","('sofa', '')","('', 'dog')",negative
2058,data/voc2007/VOCdevkit/VOC2007/JPEGImages/005123.jpg,0,"('train', 'person')","('person', 'train')","('person', '')","('', 'train')",hybrid
2059,data/voc2007/VOCdevkit/VOC2007/JPEGImages/004763.jpg,0,"('bicycle and car', '')","('person', 'bicycle')","('person', '')","('', 'bicycle')",positive
2060,data/voc2007/VOCdevkit/VOC2007/JPEGImages/008704.jpg,0,"('', 'car')","('car', 'person')","('car', '')","('', 'person')",negative
2061,data/voc2007/VOCdevkit/VOC2007/JPEGImages/009632.jpg,0,"('', 'diningtable')","('diningtable', 'chair')","('diningtable', '')","('', 'chair')",negative
2062,data/voc2007/VOCdevkit/VOC2007/JPEGImages/005234.jpg,0,"('aeroplane', 'person')","('person', 'aeroplane')","('person', '')","('', 'aeroplane')",hybrid
2063,data/voc2007/VOCdevkit/VOC2007/JPEGImages/009253.jpg,0,"('', 'car')","('car', 'person')","('car', '')","('', 'person')",negative
2064,data/voc2007/VOCdevkit/VOC2007/JPEGImages/008861.jpg,0,"('', 'person')","('person', 'aeroplane')","('person', '')","('', 'aeroplane')",negative
2065,data/voc2007/VOCdevkit/VOC2007/JPEGImages/004806.jpg,0,"('', 'bus')","('bus', 'car')","('bus', '')","('', 'car')",negative
2066,data/voc2007/VOCdevkit/VOC2007/JPEGImages/007913.jpg,0,"('pottedplant', 'chair')","('chair', 'pottedplant')","('chair', '')","('', 'pottedplant')",hybrid
2067,data/voc2007/VOCdevkit/VOC2007/JPEGImages/007561.jpg,0,"('', 'chair')","('chair', 'sofa')","('chair', '')","('', 'sofa')",negative
2068,data/voc2007/VOCdevkit/VOC2007/JPEGImages/004696.jpg,0,"('', 'person')","('person', 'dog')","('person', '')","('', 'dog')",negative
2069,data/voc2007/VOCdevkit/VOC2007/JPEGImages/008156.jpg,0,"('', 'diningtable')","('diningtable', 'chair')","('diningtable', '')","('', 'chair')",negative
2070,data/voc2007/VOCdevkit/VOC2007/JPEGImages/000788.jpg,0,"('pottedplant and car', '')","('chair', 'pottedplant')","('chair', '')","('', 'pottedplant')",positive
2071,data/voc2007/VOCdevkit/VOC2007/JPEGImages/005771.jpg,0,"('', 'person')","('person', 'boat')","('person', '')","('', 'boat')",negative
2072,data/voc2007/VOCdevkit/VOC2007/JPEGImages/009716.jpg,0,"('', 'boat')","('boat', 'bird')","('boat', '')","('', 'bird')",negative
2073,data/voc2007/VOCdevkit/VOC2007/JPEGImages/007783.jpg,0,"('bottle and person', '')","('chair', 'bottle')","('chair', '')","('', 'bottle')",positive
2074,data/voc2007/VOCdevkit/VOC2007/JPEGImages/007024.jpg,0,"('dog', 'person')","('person', 'dog')","('person', '')","('', 'dog')",hybrid
2075,data/voc2007/VOCdevkit/VOC2007/JPEGImages/008290.jpg,0,"('car', 'person')","('person', 'car')","('person', '')","('', 'car')",hybrid
2076,data/voc2007/VOCdevkit/VOC2007/JPEGImages/008537.jpg,0,"('person', 'chair')","('chair', 'person')","('chair', '')","('', 'person')",hybrid
2077,data/voc2007/VOCdevkit/VOC2007/JPEGImages/008945.jpg,0,"('', 'chair')","('chair', 'diningtable')","('chair', '')","('', 'diningtable')",negative
2078,data/voc2007/VOCdevkit/VOC2007/JPEGImages/004922.jpg,0,"('bottle', 'car')","('car', 'bottle')","('car', '')","('', 'bottle')",hybrid
2079,data/voc2007/VOCdevkit/VOC2007/JPEGImages/004550.jpg,0,"('', 'person')","('person', 'bird')","('person', '')","('', 'bird')",negative
2080,data/voc2007/VOCdevkit/VOC2007/JPEGImages/007837.jpg,0,"('aeroplane', 'car')","('car', 'aeroplane')","('car', '')","('', 'aeroplane')",hybrid
2081,data/voc2007/VOCdevkit/VOC2007/JPEGImages/003929.jpg,0,"('boat', 'chair')","('chair', 'boat')","('chair', '')","('', 'boat')",hybrid
2082,data/voc2007/VOCdevkit/VOC2007/JPEGImages/006205.jpg,0,"('', 'car')","('car', 'boat')","('car', '')","('', 'boat')",negative
2083,data/voc2007/VOCdevkit/VOC2007/JPEGImages/006573.jpg,0,"('', 'car')","('car', 'cow')","('car', '')","('', 'cow')",negative
2084,data/voc2007/VOCdevkit/VOC2007/JPEGImages/006901.jpg,0,"('person', 'chair')","('chair', 'person')","('chair', '')","('', 'person')",hybrid
2085,data/voc2007/VOCdevkit/VOC2007/JPEGImages/007333.jpg,0,"('', 'chair')","('chair', 'tvmonitor')","('chair', '')","('', 'tvmonitor')",negative
2086,data/voc2007/VOCdevkit/VOC2007/JPEGImages/007494.jpg,0,"('bottle', 'sofa')","('sofa', 'bottle')","('sofa', '')","('', 'bottle')",hybrid
2087,data/voc2007/VOCdevkit/VOC2007/JPEGImages/004226.jpg,0,"('dog', 'sofa')","('sofa', 'dog')","('sofa', '')","('', 'dog')",hybrid
2088,data/voc2007/VOCdevkit/VOC2007/JPEGImages/001578.jpg,0,"('train', 'person')","('person', 'train')","('person', '')","('', 'train')",hybrid
2089,data/voc2007/VOCdevkit/VOC2007/JPEGImages/008994.jpg,0,"('motorbike', 'car')","('car', 'motorbike')","('car', '')","('', 'motorbike')",hybrid
2090,data/voc2007/VOCdevkit/VOC2007/JPEGImages/009873.jpg,0,"('car', 'bus')","('bus', 'car')","('bus', '')","('', 'car')",hybrid
2091,data/voc2007/VOCdevkit/VOC2007/JPEGImages/005466.jpg,0,"('', 'chair')","('chair', 'person')","('chair', '')","('', 'person')",negative
2092,data/voc2007/VOCdevkit/VOC2007/JPEGImages/007752.jpg,0,"('pottedplant', 'sofa')","('sofa', 'pottedplant')","('sofa', '')","('', 'pottedplant')",hybrid
2093,data/voc2007/VOCdevkit/VOC2007/JPEGImages/006112.jpg,0,"('dog', 'sofa')","('sofa', 'dog')","('sofa', '')","('', 'dog')",hybrid
2094,data/voc2007/VOCdevkit/VOC2007/JPEGImages/000759.jpg,0,"('dog', 'person')","('person', 'dog')","('person', '')","('', 'dog')",hybrid
2095,data/voc2007/VOCdevkit/VOC2007/JPEGImages/008187.jpg,0,"('sheep', 'person')","('person', 'sheep')","('person', '')","('', 'sheep')",hybrid
2096,data/voc2007/VOCdevkit/VOC2007/JPEGImages/001852.jpg,0,"('sheep', 'person')","('person', 'sheep')","('person', '')","('', 'sheep')",hybrid
2097,data/voc2007/VOCdevkit/VOC2007/JPEGImages/009559.jpg,0,"('', 'car')","('car', 'bicycle')","('car', '')","('', 'bicycle')",negative
2098,data/voc2007/VOCdevkit/VOC2007/JPEGImages/000260.jpg,0,"('aeroplane', 'car')","('car', 'aeroplane')","('car', '')","('', 'aeroplane')",hybrid
2099,data/voc2007/VOCdevkit/VOC2007/JPEGImages/005299.jpg,0,"('person', 'car')","('car', 'person')","('car', '')","('', 'person')",hybrid
2100,data/voc2007/VOCdevkit/VOC2007/JPEGImages/003375.jpg,0,"('car', 'bus')","('bus', 'car')","('bus', '')","('', 'car')",hybrid
2101,data/voc2007/VOCdevkit/VOC2007/JPEGImages/002535.jpg,0,"('sofa', 'chair')","('chair', 'sofa')","('chair', '')","('', 'sofa')",hybrid
2102,data/voc2007/VOCdevkit/VOC2007/JPEGImages/002292.jpg,0,"('bicycle', 'car')","('car', 'bicycle')","('car', '')","('', 'bicycle')",hybrid
2103,data/voc2007/VOCdevkit/VOC2007/JPEGImages/008778.jpg,0,"('bottle and person', '')","('car', 'bottle')","('car', '')","('', 'bottle')",positive
2104,data/voc2007/VOCdevkit/VOC2007/JPEGImages/002154.jpg,0,"('car', 'person')","('person', 'car')","('person', '')","('', 'car')",hybrid
2105,data/voc2007/VOCdevkit/VOC2007/JPEGImages/003062.jpg,0,"('', 'chair')","('chair', 'pottedplant')","('chair', '')","('', 'pottedplant')",negative
2106,data/voc2007/VOCdevkit/VOC2007/JPEGImages/002185.jpg,0,"('motorbike', 'horse')","('horse', 'motorbike')","('horse', '')","('', 'motorbike')",hybrid
2107,data/voc2007/VOCdevkit/VOC2007/JPEGImages/002622.jpg,0,"('car', 'person')","('person', 'car')","('person', '')","('', 'car')",hybrid
2108,data/voc2007/VOCdevkit/VOC2007/JPEGImages/001090.jpg,0,"('car', 'bus')","('bus', 'car')","('bus', '')","('', 'car')",hybrid
2109,data/voc2007/VOCdevkit/VOC2007/JPEGImages/001737.jpg,0,"('motorbike', 'person')","('person', 'motorbike')","('person', '')","('', 'motorbike')",hybrid
2110,data/voc2007/VOCdevkit/VOC2007/JPEGImages/002996.jpg,0,"('', 'boat')","('boat', 'bird')","('boat', '')","('', 'bird')",negative
2111,data/voc2007/VOCdevkit/VOC2007/JPEGImages/002243.jpg,0,"('dog', 'person')","('person', 'dog')","('person', '')","('', 'dog')",hybrid
2112,data/voc2007/VOCdevkit/VOC2007/JPEGImages/006888.jpg,0,"('', 'person')","('person', 'aeroplane')","('person', '')","('', 'aeroplane')",negative
2113,data/voc2007/VOCdevkit/VOC2007/JPEGImages/001883.jpg,0,"('', 'chair')","('chair', 'car')","('chair', '')","('', 'car')",negative
2114,data/voc2007/VOCdevkit/VOC2007/JPEGImages/001356.jpg,0,"('', 'bus')","('bus', 'car')","('bus', '')","('', 'car')",negative
2115,data/voc2007/VOCdevkit/VOC2007/JPEGImages/004408.jpg,0,"('person', 'car')","('car', 'person')","('car', '')","('', 'person')",hybrid
2116,data/voc2007/VOCdevkit/VOC2007/JPEGImages/000028.jpg,0,"('cat', 'person')","('person', 'cat')","('person', '')","('', 'cat')",hybrid
2117,data/voc2007/VOCdevkit/VOC2007/JPEGImages/005776.jpg,0,"('dog', 'sofa')","('sofa', 'dog')","('sofa', '')","('', 'dog')",hybrid
2118,data/voc2007/VOCdevkit/VOC2007/JPEGImages/001668.jpg,0,"('', 'chair')","('chair', 'person')","('chair', '')","('', 'person')",negative
2119,data/voc2007/VOCdevkit/VOC2007/JPEGImages/007784.jpg,0,"('train', 'car')","('car', 'train')","('car', '')","('', 'train')",hybrid
2120,data/voc2007/VOCdevkit/VOC2007/JPEGImages/006663.jpg,0,"('chair and person', '')","('car', 'chair')","('car', '')","('', 'chair')",positive
2121,data/voc2007/VOCdevkit/VOC2007/JPEGImages/004557.jpg,0,"('person', 'car')","('car', 'person')","('car', '')","('', 'person')",hybrid
2122,data/voc2007/VOCdevkit/VOC2007/JPEGImages/004925.jpg,0,"('person and dog', '')","('car', 'person')","('car', '')","('', 'person')",positive
2123,data/voc2007/VOCdevkit/VOC2007/JPEGImages/005317.jpg,0,"('', 'tvmonitor')","('tvmonitor', 'cat')","('tvmonitor', '')","('', 'cat')",negative
2124,data/voc2007/VOCdevkit/VOC2007/JPEGImages/000449.jpg,0,"('', 'chair')","('chair', 'boat')","('chair', '')","('', 'boat')",negative
2125,data/voc2007/VOCdevkit/VOC2007/JPEGImages/009370.jpg,0,"('', 'car')","('car', 'person')","('car', '')","('', 'person')",negative
2126,data/voc2007/VOCdevkit/VOC2007/JPEGImages/007830.jpg,0,"('person', 'chair')","('chair', 'person')","('chair', '')","('', 'person')",hybrid
2127,data/voc2007/VOCdevkit/VOC2007/JPEGImages/007442.jpg,0,"('', 'car')","('car', 'chair')","('car', '')","('', 'chair')",negative
2128,data/voc2007/VOCdevkit/VOC2007/JPEGImages/002818.jpg,0,"('', 'person')","('person', 'cow')","('person', '')","('', 'cow')",negative
2129,data/voc2007/VOCdevkit/VOC2007/JPEGImages/006906.jpg,0,"('person', 'chair')","('chair', 'person')","('chair', '')","('', 'person')",hybrid
2130,data/voc2007/VOCdevkit/VOC2007/JPEGImages/006574.jpg,0,"('', 'chair')","('chair', 'person')","('chair', '')","('', 'person')",negative
2131,data/voc2007/VOCdevkit/VOC2007/JPEGImages/004586.jpg,0,"('car', 'person')","('person', 'car')","('person', '')","('', 'car')",hybrid
2132,data/voc2007/VOCdevkit/VOC2007/JPEGImages/008993.jpg,0,"('', 'chair')","('chair', 'person')","('chair', '')","('', 'person')",negative
2133,data/voc2007/VOCdevkit/VOC2007/JPEGImages/008246.jpg,0,"('bus', 'motorbike')","('motorbike', 'bus')","('motorbike', '')","('', 'bus')",hybrid
2134,data/voc2007/VOCdevkit/VOC2007/JPEGImages/006115.jpg,0,"('', 'chair')","('chair', 'pottedplant')","('chair', '')","('', 'pottedplant')",negative
2135,data/voc2007/VOCdevkit/VOC2007/JPEGImages/007755.jpg,0,"('', 'car')","('car', 'person')","('car', '')","('', 'person')",negative
2136,data/voc2007/VOCdevkit/VOC2007/JPEGImages/004640.jpg,0,"('person and chair', '')","('sofa', 'person')","('sofa', '')","('', 'person')",positive
2137,data/voc2007/VOCdevkit/VOC2007/JPEGImages/004640.jpg,0,"('bottle and chair', '')","('car', 'bottle')","('car', '')","('', 'bottle')",positive
2138,data/voc2007/VOCdevkit/VOC2007/JPEGImages/008627.jpg,0,"('', 'person')","('person', 'bottle')","('person', '')","('', 'bottle')",negative
2139,data/voc2007/VOCdevkit/VOC2007/JPEGImages/009067.jpg,0,"('horse', 'chair')","('chair', 'horse')","('chair', '')","('', 'horse')",hybrid
2140,data/voc2007/VOCdevkit/VOC2007/JPEGImages/005000.jpg,0,"('bicycle', 'car')","('car', 'bicycle')","('car', '')","('', 'bicycle')",hybrid
2141,data/voc2007/VOCdevkit/VOC2007/JPEGImages/000267.jpg,0,"('', 'person')","('person', 'horse')","('person', '')","('', 'horse')",negative
2142,data/voc2007/VOCdevkit/VOC2007/JPEGImages/001380.jpg,0,"('pottedplant', 'chair')","('chair', 'pottedplant')","('chair', '')","('', 'pottedplant')",hybrid
2143,data/voc2007/VOCdevkit/VOC2007/JPEGImages/002295.jpg,0,"('person', 'car')","('car', 'person')","('car', '')","('', 'person')",hybrid
2144,data/voc2007/VOCdevkit/VOC2007/JPEGImages/002532.jpg,0,"('', 'person')","('person', 'car')","('person', '')","('', 'car')",negative
2145,data/voc2007/VOCdevkit/VOC2007/JPEGImages/003372.jpg,0,"('', 'car')","('car', 'aeroplane')","('car', '')","('', 'aeroplane')",negative
2146,data/voc2007/VOCdevkit/VOC2007/JPEGImages/001046.jpg,0,"('aeroplane', 'car')","('car', 'aeroplane')","('car', '')","('', 'aeroplane')",hybrid
2147,data/voc2007/VOCdevkit/VOC2007/JPEGImages/005158.jpg,0,"('car', 'bus')","('bus', 'car')","('bus', '')","('', 'car')",hybrid
2148,data/voc2007/VOCdevkit/VOC2007/JPEGImages/000606.jpg,0,"('person', 'chair')","('chair', 'person')","('chair', '')","('', 'person')",hybrid
2149,data/voc2007/VOCdevkit/VOC2007/JPEGImages/000606.jpg,0,"('', 'car')","('car', 'person')","('car', '')","('', 'person')",negative
2150,data/voc2007/VOCdevkit/VOC2007/JPEGImages/002991.jpg,0,"('cow', 'person')","('person', 'cow')","('person', '')","('', 'cow')",hybrid
2151,data/voc2007/VOCdevkit/VOC2007/JPEGImages/001351.jpg,0,"('person', 'diningtable')","('diningtable', 'person')","('diningtable', '')","('', 'person')",hybrid
2152,data/voc2007/VOCdevkit/VOC2007/JPEGImages/001884.jpg,0,"('', 'car')","('car', 'aeroplane')","('car', '')","('', 'aeroplane')",negative
2153,data/voc2007/VOCdevkit/VOC2007/JPEGImages/000511.jpg,0,"('train', 'car')","('car', 'train')","('car', '')","('', 'train')",hybrid
2154,data/voc2007/VOCdevkit/VOC2007/JPEGImages/000963.jpg,0,"('dog', 'person')","('person', 'dog')","('person', '')","('', 'dog')",hybrid
2155,data/voc2007/VOCdevkit/VOC2007/JPEGImages/009228.jpg,0,"('bicycle and person', '')","('car', 'bicycle')","('car', '')","('', 'bicycle')",positive
2156,data/voc2007/VOCdevkit/VOC2007/JPEGImages/002701.jpg,0,"('car and person', '')","('horse', 'car')","('horse', '')","('', 'car')",positive
2157,data/voc2007/VOCdevkit/VOC2007/JPEGImages/003141.jpg,0,"('diningtable and chair', '')","('sofa', 'diningtable')","('sofa', '')","('', 'diningtable')",positive
2158,data/voc2007/VOCdevkit/VOC2007/JPEGImages/000054.jpg,0,"('bus', 'car')","('car', 'bus')","('car', '')","('', 'bus')",hybrid
2159,data/voc2007/VOCdevkit/VOC2007/JPEGImages/003287.jpg,0,"('cat', 'person')","('person', 'cat')","('person', '')","('', 'cat')",hybrid
2160,data/voc2007/VOCdevkit/VOC2007/JPEGImages/003520.jpg,0,"('', 'car')","('car', 'person')","('car', '')","('', 'person')",negative
2161,data/voc2007/VOCdevkit/VOC2007/JPEGImages/003952.jpg,0,"('person', 'chair')","('chair', 'person')","('chair', '')","('', 'person')",hybrid
2162,data/voc2007/VOCdevkit/VOC2007/JPEGImages/007399.jpg,0,"('car', 'person')","('person', 'car')","('person', '')","('', 'car')",hybrid
2163,data/voc2007/VOCdevkit/VOC2007/JPEGImages/002360.jpg,0,"('', 'chair')","('chair', 'person')","('chair', '')","('', 'person')",negative
2164,data/voc2007/VOCdevkit/VOC2007/JPEGImages/001275.jpg,0,"('bird', 'person')","('person', 'bird')","('person', '')","('', 'bird')",hybrid
2165,data/voc2007/VOCdevkit/VOC2007/JPEGImages/004959.jpg,0,"('person and car', '')","('chair', 'person')","('chair', '')","('', 'person')",positive
2166,data/voc2007/VOCdevkit/VOC2007/JPEGImages/000392.jpg,0,"('person', 'chair')","('chair', 'person')","('chair', '')","('', 'person')",hybrid
2167,data/voc2007/VOCdevkit/VOC2007/JPEGImages/001503.jpg,0,"('person', 'car')","('car', 'person')","('car', '')","('', 'person')",hybrid
2168,data/voc2007/VOCdevkit/VOC2007/JPEGImages/004988.jpg,0,"('', 'person')","('person', 'aeroplane')","('person', '')","('', 'aeroplane')",negative
2169,data/voc2007/VOCdevkit/VOC2007/JPEGImages/002416.jpg,0,"('', 'chair')","('chair', 'car')","('chair', '')","('', 'car')",negative
2170,data/voc2007/VOCdevkit/VOC2007/JPEGImages/007348.jpg,0,"('chair and tvmonitor', '')","('person', 'chair')","('person', '')","('', 'chair')",positive
2171,data/voc2007/VOCdevkit/VOC2007/JPEGImages/006508.jpg,0,"('bird and person', '')","('chair', 'bird')","('chair', '')","('', 'bird')",positive
2172,data/voc2007/VOCdevkit/VOC2007/JPEGImages/001162.jpg,0,"('', 'chair')","('chair', 'sofa')","('chair', '')","('', 'sofa')",negative
2173,data/voc2007/VOCdevkit/VOC2007/JPEGImages/000722.jpg,0,"('', 'sofa')","('sofa', 'dog')","('sofa', '')","('', 'dog')",negative
2174,data/voc2007/VOCdevkit/VOC2007/JPEGImages/000085.jpg,0,"('person', 'car')","('car', 'person')","('car', '')","('', 'person')",hybrid
2175,data/voc2007/VOCdevkit/VOC2007/JPEGImages/003637.jpg,0,"('', 'person')","('person', 'train')","('person', '')","('', 'train')",negative
2176,data/voc2007/VOCdevkit/VOC2007/JPEGImages/006169.jpg,0,"('', 'diningtable')","('diningtable', 'sofa')","('diningtable', '')","('', 'sofa')",negative
2177,data/voc2007/VOCdevkit/VOC2007/JPEGImages/003190.jpg,0,"('', 'person')","('person', 'sheep')","('person', '')","('', 'sheep')",negative
2178,data/voc2007/VOCdevkit/VOC2007/JPEGImages/002077.jpg,0,"('', 'chair')","('chair', 'sofa')","('chair', '')","('', 'sofa')",negative
2179,data/voc2007/VOCdevkit/VOC2007/JPEGImages/009522.jpg,0,"('', 'person')","('person', 'cat')","('person', '')","('', 'cat')",negative
2180,data/voc2007/VOCdevkit/VOC2007/JPEGImages/005937.jpg,0,"('', 'car')","('car', 'person')","('car', '')","('', 'person')",negative
2181,data/voc2007/VOCdevkit/VOC2007/JPEGImages/005545.jpg,0,"('chair and tvmonitor', '')","('diningtable', 'chair')","('diningtable', '')","('', 'chair')",positive
2182,data/voc2007/VOCdevkit/VOC2007/JPEGImages/004305.jpg,0,"('', 'horse')","('horse', 'bus')","('horse', '')","('', 'bus')",negative
2183,data/voc2007/VOCdevkit/VOC2007/JPEGImages/004305.jpg,0,"('motorbike', 'horse')","('horse', 'motorbike')","('horse', '')","('', 'motorbike')",hybrid
2184,data/voc2007/VOCdevkit/VOC2007/JPEGImages/001829.jpg,0,"('bottle', 'diningtable')","('diningtable', 'bottle')","('diningtable', '')","('', 'bottle')",hybrid
2185,data/voc2007/VOCdevkit/VOC2007/JPEGImages/008362.jpg,0,"('', 'car')","('car', 'person')","('car', '')","('', 'person')",negative
2186,data/voc2007/VOCdevkit/VOC2007/JPEGImages/006031.jpg,0,"('', 'chair')","('chair', 'sofa')","('chair', '')","('', 'sofa')",negative
2187,data/voc2007/VOCdevkit/VOC2007/JPEGImages/006796.jpg,0,"('motorbike', 'chair')","('chair', 'motorbike')","('chair', '')","('', 'motorbike')",hybrid
2188,data/voc2007/VOCdevkit/VOC2007/JPEGImages/002688.jpg,0,"('train', 'person')","('person', 'train')","('person', '')","('', 'train')",hybrid
2189,data/voc2007/VOCdevkit/VOC2007/JPEGImages/004764.jpg,0,"('', 'person')","('person', 'car')","('person', '')","('', 'car')",negative
2190,data/voc2007/VOCdevkit/VOC2007/JPEGImages/008703.jpg,0,"('', 'tvmonitor')","('tvmonitor', 'cat')","('tvmonitor', '')","('', 'cat')",negative
2191,data/voc2007/VOCdevkit/VOC2007/JPEGImages/009143.jpg,0,"('person and tvmonitor', '')","('chair', 'person')","('chair', '')","('', 'person')",positive
2192,data/voc2007/VOCdevkit/VOC2007/JPEGImages/005683.jpg,0,"('bicycle', 'person')","('person', 'bicycle')","('person', '')","('', 'bicycle')",hybrid
2193,data/voc2007/VOCdevkit/VOC2007/JPEGImages/009635.jpg,0,"('sofa and chair', '')","('diningtable', 'sofa')","('diningtable', '')","('', 'sofa')",positive
2194,data/voc2007/VOCdevkit/VOC2007/JPEGImages/007107.jpg,0,"('', 'person')","('person', 'train')","('person', '')","('', 'train')",negative
2195,data/voc2007/VOCdevkit/VOC2007/JPEGImages/003019.jpg,0,"('cat', 'tvmonitor')","('tvmonitor', 'cat')","('tvmonitor', '')","('', 'cat')",hybrid
2196,data/voc2007/VOCdevkit/VOC2007/JPEGImages/008414.jpg,0,"('bottle and car', '')","('person', 'bottle')","('person', '')","('', 'bottle')",positive
2197,data/voc2007/VOCdevkit/VOC2007/JPEGImages/008866.jpg,0,"('', 'person')","('person', 'bus')","('person', '')","('', 'bus')",negative
2198,data/voc2007/VOCdevkit/VOC2007/JPEGImages/004473.jpg,0,"('train', 'car')","('car', 'train')","('car', '')","('', 'train')",hybrid
2199,data/voc2007/VOCdevkit/VOC2007/JPEGImages/005594.jpg,0,"('person', 'chair')","('chair', 'person')","('chair', '')","('', 'person')",hybrid
2200,data/voc2007/VOCdevkit/VOC2007/JPEGImages/005233.jpg,0,"('diningtable', 'sofa')","('sofa', 'diningtable')","('sofa', '')","('', 'diningtable')",hybrid
2201,data/voc2007/VOCdevkit/VOC2007/JPEGImages/005233.jpg,0,"('bottle', 'sofa')","('sofa', 'bottle')","('sofa', '')","('', 'bottle')",hybrid
2202,data/voc2007/VOCdevkit/VOC2007/JPEGImages/006481.jpg,0,"('car', 'chair')","('chair', 'car')","('chair', '')","('', 'car')",hybrid
2203,data/voc2007/VOCdevkit/VOC2007/JPEGImages/003478.jpg,0,"('aeroplane', 'car')","('car', 'aeroplane')","('car', '')","('', 'aeroplane')",hybrid
2204,data/voc2007/VOCdevkit/VOC2007/JPEGImages/006326.jpg,0,"('', 'person')","('person', 'car')","('person', '')","('', 'car')",negative
2205,data/voc2007/VOCdevkit/VOC2007/JPEGImages/002799.jpg,0,"('diningtable', 'chair')","('chair', 'diningtable')","('chair', '')","('', 'diningtable')",hybrid
2206,data/voc2007/VOCdevkit/VOC2007/JPEGImages/005035.jpg,0,"('car', 'horse')","('horse', 'car')","('horse', '')","('', 'car')",hybrid
2207,data/voc2007/VOCdevkit/VOC2007/JPEGImages/009052.jpg,0,"('car and person', '')","('horse', 'car')","('horse', '')","('', 'car')",positive
2208,data/voc2007/VOCdevkit/VOC2007/JPEGImages/005792.jpg,0,"('person', 'chair')","('chair', 'person')","('chair', '')","('', 'person')",hybrid
2209,data/voc2007/VOCdevkit/VOC2007/JPEGImages/007301.jpg,0,"('sofa', 'diningtable')","('diningtable', 'sofa')","('diningtable', '')","('', 'sofa')",hybrid
2210,data/voc2007/VOCdevkit/VOC2007/JPEGImages/006541.jpg,0,"('chair', 'person')","('person', 'chair')","('person', '')","('', 'chair')",hybrid
2211,data/voc2007/VOCdevkit/VOC2007/JPEGImages/008273.jpg,0,"('', 'person')","('person', 'motorbike')","('person', '')","('', 'motorbike')",negative
2212,data/voc2007/VOCdevkit/VOC2007/JPEGImages/004214.jpg,0,"('person', 'chair')","('chair', 'person')","('chair', '')","('', 'person')",hybrid
2213,data/voc2007/VOCdevkit/VOC2007/JPEGImages/008977.jpg,0,"('', 'sofa')","('sofa', 'dog')","('sofa', '')","('', 'dog')",negative
2214,data/voc2007/VOCdevkit/VOC2007/JPEGImages/008505.jpg,0,"('person', 'car')","('car', 'person')","('car', '')","('', 'person')",hybrid
2215,data/voc2007/VOCdevkit/VOC2007/JPEGImages/009890.jpg,0,"('person', 'car')","('car', 'person')","('car', '')","('', 'person')",hybrid
2216,data/voc2007/VOCdevkit/VOC2007/JPEGImages/009345.jpg,0,"('', 'chair')","('chair', 'sofa')","('chair', '')","('', 'sofa')",negative
2217,data/voc2007/VOCdevkit/VOC2007/JPEGImages/005322.jpg,0,"('', 'chair')","('chair', 'person')","('chair', '')","('', 'person')",negative
2218,data/voc2007/VOCdevkit/VOC2007/JPEGImages/006590.jpg,0,"('car', 'person')","('person', 'car')","('person', '')","('', 'car')",hybrid
2219,data/voc2007/VOCdevkit/VOC2007/JPEGImages/006237.jpg,0,"('person and horse', '')","('chair', 'person')","('chair', '')","('', 'person')",positive
2220,data/voc2007/VOCdevkit/VOC2007/JPEGImages/003569.jpg,0,"('car and sofa', '')","('person', 'car')","('person', '')","('', 'car')",positive
2221,data/voc2007/VOCdevkit/VOC2007/JPEGImages/007805.jpg,0,"('horse', 'car')","('car', 'horse')","('car', '')","('', 'horse')",hybrid
2222,data/voc2007/VOCdevkit/VOC2007/JPEGImages/009083.jpg,0,"('', 'person')","('person', 'aeroplane')","('person', '')","('', 'aeroplane')",negative
2223,data/voc2007/VOCdevkit/VOC2007/JPEGImages/004103.jpg,0,"('person and horse', '')","('car', 'person')","('car', '')","('', 'person')",positive
2224,data/voc2007/VOCdevkit/VOC2007/JPEGImages/002748.jpg,0,"('bus', 'car')","('car', 'bus')","('car', '')","('', 'bus')",hybrid
2225,data/voc2007/VOCdevkit/VOC2007/JPEGImages/006656.jpg,0,"('person', 'car')","('car', 'person')","('car', '')","('', 'person')",hybrid
2226,data/voc2007/VOCdevkit/VOC2007/JPEGImages/003843.jpg,0,"('train', 'person')","('person', 'train')","('person', '')","('', 'train')",hybrid
2227,data/voc2007/VOCdevkit/VOC2007/JPEGImages/003431.jpg,0,"('person and bottle', '')","('chair', 'person')","('chair', '')","('', 'person')",positive
2228,data/voc2007/VOCdevkit/VOC2007/JPEGImages/007288.jpg,0,"('', 'bus')","('bus', 'car')","('bus', '')","('', 'car')",negative
2229,data/voc2007/VOCdevkit/VOC2007/JPEGImages/002271.jpg,0,"('car', 'person')","('person', 'car')","('person', '')","('', 'car')",hybrid
2230,data/voc2007/VOCdevkit/VOC2007/JPEGImages/000283.jpg,0,"('bicycle and person', '')","('chair', 'bicycle')","('chair', '')","('', 'bicycle')",positive
2231,data/voc2007/VOCdevkit/VOC2007/JPEGImages/000956.jpg,0,"('tvmonitor', 'car')","('car', 'tvmonitor')","('car', '')","('', 'tvmonitor')",hybrid
2232,data/voc2007/VOCdevkit/VOC2007/JPEGImages/002610.jpg,0,"('car and chair', '')","('person', 'car')","('person', '')","('', 'car')",positive
2233,data/voc2007/VOCdevkit/VOC2007/JPEGImages/003050.jpg,0,"('sheep', 'boat')","('boat', 'sheep')","('boat', '')","('', 'sheep')",hybrid
2234,data/voc2007/VOCdevkit/VOC2007/JPEGImages/000145.jpg,0,"('train', 'person')","('person', 'train')","('person', '')","('', 'train')",hybrid
2235,data/voc2007/VOCdevkit/VOC2007/JPEGImages/001705.jpg,0,"('boat', 'car')","('car', 'boat')","('car', '')","('', 'boat')",hybrid
2236,data/voc2007/VOCdevkit/VOC2007/JPEGImages/003726.jpg,0,"('bicycle', 'car')","('car', 'bicycle')","('car', '')","('', 'bicycle')",hybrid
2237,data/voc2007/VOCdevkit/VOC2007/JPEGImages/003081.jpg,0,"('', 'car')","('car', 'bicycle')","('car', '')","('', 'bicycle')",negative
2238,data/voc2007/VOCdevkit/VOC2007/JPEGImages/007638.jpg,0,"('cat', 'person')","('person', 'cat')","('person', '')","('', 'cat')",hybrid
2239,data/voc2007/VOCdevkit/VOC2007/JPEGImages/000252.jpg,0,"('', 'horse')","('horse', 'car')","('horse', '')","('', 'car')",negative
2240,data/voc2007/VOCdevkit/VOC2007/JPEGImages/009919.jpg,0,"('aeroplane', 'car')","('car', 'aeroplane')","('car', '')","('', 'aeroplane')",hybrid
2241,data/voc2007/VOCdevkit/VOC2007/JPEGImages/001412.jpg,0,"('', 'car')","('car', 'person')","('car', '')","('', 'person')",negative
2242,data/voc2007/VOCdevkit/VOC2007/JPEGImages/004899.jpg,0,"('boat', 'car')","('car', 'boat')","('car', '')","('', 'boat')",hybrid
2243,data/voc2007/VOCdevkit/VOC2007/JPEGImages/002507.jpg,0,"('', 'car')","('car', 'motorbike')","('car', '')","('', 'motorbike')",negative
2244,data/voc2007/VOCdevkit/VOC2007/JPEGImages/003347.jpg,0,"('aeroplane', 'person')","('person', 'aeroplane')","('person', '')","('', 'aeroplane')",hybrid
2245,data/voc2007/VOCdevkit/VOC2007/JPEGImages/003892.jpg,0,"('boat', 'car')","('car', 'boat')","('car', '')","('', 'boat')",hybrid
2246,data/voc2007/VOCdevkit/VOC2007/JPEGImages/001157.jpg,0,"('', 'car')","('car', 'motorbike')","('car', '')","('', 'motorbike')",negative
2247,data/voc2007/VOCdevkit/VOC2007/JPEGImages/005049.jpg,0,"('', 'chair')","('chair', 'diningtable')","('chair', '')","('', 'diningtable')",negative
2248,data/voc2007/VOCdevkit/VOC2007/JPEGImages/003602.jpg,0,"('person', 'chair')","('chair', 'person')","('chair', '')","('', 'person')",hybrid
2249,data/voc2007/VOCdevkit/VOC2007/JPEGImages/005428.jpg,0,"('', 'person')","('person', 'bottle')","('person', '')","('', 'bottle')",negative
2250,data/voc2007/VOCdevkit/VOC2007/JPEGImages/000376.jpg,0,"('sheep', 'person')","('person', 'sheep')","('person', '')","('', 'sheep')",hybrid
2251,data/voc2007/VOCdevkit/VOC2007/JPEGImages/001291.jpg,0,"('car', 'person')","('person', 'car')","('person', '')","('', 'car')",hybrid
2252,data/voc2007/VOCdevkit/VOC2007/JPEGImages/004268.jpg,0,"('', 'chair')","('chair', 'bottle')","('chair', '')","('', 'bottle')",negative
2253,data/voc2007/VOCdevkit/VOC2007/JPEGImages/002851.jpg,0,"('aeroplane', 'person')","('person', 'aeroplane')","('person', '')","('', 'aeroplane')",hybrid
2254,data/voc2007/VOCdevkit/VOC2007/JPEGImages/003263.jpg,0,"('person', 'car')","('car', 'person')","('car', '')","('', 'person')",hybrid
2255,data/voc2007/VOCdevkit/VOC2007/JPEGImages/003515.jpg,0,"('', 'chair')","('chair', 'car')","('chair', '')","('', 'car')",negative
2256,data/voc2007/VOCdevkit/VOC2007/JPEGImages/003967.jpg,0,"('', 'person')","('person', 'car')","('person', '')","('', 'car')",negative
2257,data/voc2007/VOCdevkit/VOC2007/JPEGImages/007879.jpg,0,"('dog', 'sofa')","('sofa', 'dog')","('sofa', '')","('', 'dog')",hybrid
2258,data/voc2007/VOCdevkit/VOC2007/JPEGImages/008579.jpg,0,"('person', 'chair')","('chair', 'person')","('chair', '')","('', 'person')",hybrid
2259,data/voc2007/VOCdevkit/VOC2007/JPEGImages/002093.jpg,0,"('', 'chair')","('chair', 'tvmonitor')","('chair', '')","('', 'tvmonitor')",negative
2260,data/voc2007/VOCdevkit/VOC2007/JPEGImages/003174.jpg,0,"('dog', 'sofa')","('sofa', 'dog')","('sofa', '')","('', 'dog')",hybrid
2261,data/voc2007/VOCdevkit/VOC2007/JPEGImages/005098.jpg,0,"('boat', 'car')","('car', 'boat')","('car', '')","('', 'boat')",hybrid
2262,data/voc2007/VOCdevkit/VOC2007/JPEGImages/001621.jpg,0,"('', 'car')","('car', 'aeroplane')","('car', '')","('', 'aeroplane')",negative
2263,data/voc2007/VOCdevkit/VOC2007/JPEGImages/008118.jpg,0,"('bird', 'boat')","('boat', 'bird')","('boat', '')","('', 'bird')",hybrid
2264,data/voc2007/VOCdevkit/VOC2007/JPEGImages/001318.jpg,0,"('', 'person')","('person', 'car')","('person', '')","('', 'car')",negative
2265,data/voc2007/VOCdevkit/VOC2007/JPEGImages/008421.jpg,0,"('car', 'bus')","('bus', 'car')","('bus', '')","('', 'car')",hybrid
2266,data/voc2007/VOCdevkit/VOC2007/JPEGImages/008853.jpg,0,"('', 'person')","('person', 'cow')","('person', '')","('', 'cow')",negative
2267,data/voc2007/VOCdevkit/VOC2007/JPEGImages/009261.jpg,0,"('bus and car', '')","('person', 'bus')","('person', '')","('', 'bus')",positive
2268,data/voc2007/VOCdevkit/VOC2007/JPEGImages/000558.jpg,0,"('boat', 'car')","('car', 'boat')","('car', '')","('', 'boat')",hybrid
2269,data/voc2007/VOCdevkit/VOC2007/JPEGImages/005206.jpg,0,"('', 'car')","('car', 'person')","('car', '')","('', 'person')",negative
2270,data/voc2007/VOCdevkit/VOC2007/JPEGImages/006313.jpg,0,"('', 'car')","('car', 'tvmonitor')","('car', '')","('', 'tvmonitor')",negative
2271,data/voc2007/VOCdevkit/VOC2007/JPEGImages/007553.jpg,0,"('motorbike and person', '')","('car', 'motorbike')","('car', '')","('', 'motorbike')",positive
2272,data/voc2007/VOCdevkit/VOC2007/JPEGImages/005667.jpg,0,"('bird', 'boat')","('boat', 'bird')","('boat', '')","('', 'bird')",hybrid
2273,data/voc2007/VOCdevkit/VOC2007/JPEGImages/000139.jpg,0,"('', 'car')","('car', 'person')","('car', '')","('', 'person')",negative
2274,data/voc2007/VOCdevkit/VOC2007/JPEGImages/001779.jpg,0,"('sofa', 'chair')","('chair', 'sofa')","('chair', '')","('', 'sofa')",hybrid
2275,data/voc2007/VOCdevkit/VOC2007/JPEGImages/004027.jpg,0,"('', 'chair')","('chair', 'pottedplant')","('chair', '')","('', 'pottedplant')",negative
2276,data/voc2007/VOCdevkit/VOC2007/JPEGImages/004780.jpg,0,"('', 'person')","('person', 'pottedplant')","('person', '')","('', 'pottedplant')",negative
2277,data/voc2007/VOCdevkit/VOC2007/JPEGImages/004780.jpg,0,"('chair', 'person')","('person', 'chair')","('person', '')","('', 'chair')",hybrid
2278,data/voc2007/VOCdevkit/VOC2007/JPEGImages/007695.jpg,0,"('person', 'chair')","('chair', 'person')","('chair', '')","('', 'person')",hybrid
2279,data/voc2007/VOCdevkit/VOC2007/JPEGImages/007644.jpg,0,"('pottedplant', 'sofa')","('sofa', 'pottedplant')","('sofa', '')","('', 'pottedplant')",hybrid
2280,data/voc2007/VOCdevkit/VOC2007/JPEGImages/008736.jpg,0,"('', 'car')","('car', 'bus')","('car', '')","('', 'bus')",negative
2281,data/voc2007/VOCdevkit/VOC2007/JPEGImages/004751.jpg,0,"('', 'car')","('car', 'train')","('car', '')","('', 'train')",negative
2282,data/voc2007/VOCdevkit/VOC2007/JPEGImages/009176.jpg,0,"('dog', 'sofa')","('sofa', 'dog')","('sofa', '')","('', 'dog')",hybrid
2283,data/voc2007/VOCdevkit/VOC2007/JPEGImages/007582.jpg,0,"('person', 'car')","('car', 'person')","('car', '')","('', 'person')",hybrid
2284,data/voc2007/VOCdevkit/VOC2007/JPEGImages/007225.jpg,0,"('', 'diningtable')","('diningtable', 'bottle')","('diningtable', '')","('', 'bottle')",negative
2285,data/voc2007/VOCdevkit/VOC2007/JPEGImages/002909.jpg,0,"('', 'car')","('car', 'person')","('car', '')","('', 'person')",negative
2286,data/voc2007/VOCdevkit/VOC2007/JPEGImages/006817.jpg,0,"('', 'person')","('person', 'car')","('person', '')","('', 'car')",negative
2287,data/voc2007/VOCdevkit/VOC2007/JPEGImages/005902.jpg,0,"('', 'person')","('person', 'tvmonitor')","('person', '')","('', 'tvmonitor')",negative
2288,data/voc2007/VOCdevkit/VOC2007/JPEGImages/005570.jpg,0,"('', 'car')","('car', 'person')","('car', '')","('', 'person')",negative
2289,data/voc2007/VOCdevkit/VOC2007/JPEGImages/008882.jpg,0,"('horse and person', '')","('car', 'horse')","('car', '')","('', 'horse')",positive
2290,data/voc2007/VOCdevkit/VOC2007/JPEGImages/004497.jpg,0,"('', 'chair')","('chair', 'person')","('chair', '')","('', 'person')",negative
2291,data/voc2007/VOCdevkit/VOC2007/JPEGImages/008357.jpg,0,"('', 'person')","('person', 'car')","('person', '')","('', 'car')",negative
2292,data/voc2007/VOCdevkit/VOC2007/JPEGImages/004330.jpg,0,"('person', 'chair')","('chair', 'person')","('chair', '')","('', 'person')",hybrid
2293,data/voc2007/VOCdevkit/VOC2007/JPEGImages/008669.jpg,0,"('person and aeroplane', '')","('chair', 'person')","('chair', '')","('', 'person')",positive
2294,data/voc2007/VOCdevkit/VOC2007/JPEGImages/001150.jpg,0,"('dog and sofa', '')","('chair', 'dog')","('chair', '')","('', 'dog')",positive
2295,data/voc2007/VOCdevkit/VOC2007/JPEGImages/001943.jpg,0,"('', 'chair')","('chair', 'person')","('chair', '')","('', 'person')",negative
2296,data/voc2007/VOCdevkit/VOC2007/JPEGImages/001296.jpg,0,"('motorbike', 'car')","('car', 'motorbike')","('car', '')","('', 'motorbike')",hybrid
2297,data/voc2007/VOCdevkit/VOC2007/JPEGImages/000371.jpg,0,"('', 'person')","('person', 'boat')","('person', '')","('', 'boat')",negative
2298,data/voc2007/VOCdevkit/VOC2007/JPEGImages/003264.jpg,0,"('sofa and dog', '')","('person', 'sofa')","('person', '')","('', 'sofa')",positive
2299,data/voc2007/VOCdevkit/VOC2007/JPEGImages/002856.jpg,0,"('diningtable and person', '')","('chair', 'diningtable')","('chair', '')","('', 'diningtable')",positive
2300,data/voc2007/VOCdevkit/VOC2007/JPEGImages/002424.jpg,0,"('', 'person')","('person', 'car')","('person', '')","('', 'car')",negative
2301,data/voc2007/VOCdevkit/VOC2007/JPEGImages/002383.jpg,0,"('', 'motorbike')","('motorbike', 'bus')","('motorbike', '')","('', 'bus')",negative
2302,data/voc2007/VOCdevkit/VOC2007/JPEGImages/002887.jpg,0,"('pottedplant', 'person')","('person', 'pottedplant')","('person', '')","('', 'pottedplant')",hybrid
2303,data/voc2007/VOCdevkit/VOC2007/JPEGImages/006999.jpg,0,"('', 'person')","('person', 'cat')","('person', '')","('', 'cat')",negative
2304,data/voc2007/VOCdevkit/VOC2007/JPEGImages/003512.jpg,0,"('person', 'horse')","('horse', 'person')","('horse', '')","('', 'person')",hybrid
2305,data/voc2007/VOCdevkit/VOC2007/JPEGImages/000875.jpg,0,"('sheep', 'person')","('person', 'sheep')","('person', '')","('', 'sheep')",hybrid
2306,data/voc2007/VOCdevkit/VOC2007/JPEGImages/005359.jpg,0,"('', 'chair')","('chair', 'train')","('chair', '')","('', 'train')",negative
2307,data/voc2007/VOCdevkit/VOC2007/JPEGImages/001992.jpg,0,"('bottle and person', '')","('car', 'bottle')","('car', '')","('', 'bottle')",positive
2308,data/voc2007/VOCdevkit/VOC2007/JPEGImages/003173.jpg,0,"('person', 'chair')","('chair', 'person')","('chair', '')","('', 'person')",hybrid
2309,data/voc2007/VOCdevkit/VOC2007/JPEGImages/002733.jpg,0,"('car', 'bus')","('bus', 'car')","('bus', '')","('', 'car')",hybrid
2310,data/voc2007/VOCdevkit/VOC2007/JPEGImages/001181.jpg,0,"('bird', 'person')","('person', 'bird')","('person', '')","('', 'bird')",hybrid
2311,data/voc2007/VOCdevkit/VOC2007/JPEGImages/001626.jpg,0,"('bus', 'chair')","('chair', 'bus')","('chair', '')","('', 'bus')",hybrid
2312,data/voc2007/VOCdevkit/VOC2007/JPEGImages/009266.jpg,0,"('', 'person')","('person', 'bird')","('person', '')","('', 'bird')",negative
2313,data/voc2007/VOCdevkit/VOC2007/JPEGImages/005201.jpg,0,"('', 'tvmonitor')","('tvmonitor', 'cat')","('tvmonitor', '')","('', 'cat')",negative
2314,data/voc2007/VOCdevkit/VOC2007/JPEGImages/004833.jpg,0,"('motorbike', 'person')","('person', 'motorbike')","('person', '')","('', 'motorbike')",hybrid
2315,data/voc2007/VOCdevkit/VOC2007/JPEGImages/007554.jpg,0,"('', 'chair')","('chair', 'cow')","('chair', '')","('', 'cow')",negative
2316,data/voc2007/VOCdevkit/VOC2007/JPEGImages/004787.jpg,0,"('dog', 'person')","('person', 'dog')","('person', '')","('', 'dog')",hybrid
2317,data/voc2007/VOCdevkit/VOC2007/JPEGImages/008047.jpg,0,"('tvmonitor', 'person')","('person', 'tvmonitor')","('person', '')","('', 'tvmonitor')",hybrid
2318,data/voc2007/VOCdevkit/VOC2007/JPEGImages/009607.jpg,0,"('bird', 'boat')","('boat', 'bird')","('boat', '')","('', 'bird')",hybrid
2319,data/voc2007/VOCdevkit/VOC2007/JPEGImages/006775.jpg,0,"('bicycle', 'car')","('car', 'bicycle')","('car', '')","('', 'bicycle')",hybrid
2320,data/voc2007/VOCdevkit/VOC2007/JPEGImages/007135.jpg,0,"('aeroplane', 'person')","('person', 'aeroplane')","('person', '')","('', 'aeroplane')",hybrid
2321,data/voc2007/VOCdevkit/VOC2007/JPEGImages/007643.jpg,0,"('', 'chair')","('chair', 'pottedplant')","('chair', '')","('', 'pottedplant')",negative
2322,data/voc2007/VOCdevkit/VOC2007/JPEGImages/006003.jpg,0,"('bottle', 'person')","('person', 'bottle')","('person', '')","('', 'bottle')",hybrid
2323,data/voc2007/VOCdevkit/VOC2007/JPEGImages/009171.jpg,0,"('', 'chair')","('chair', 'diningtable')","('chair', '')","('', 'diningtable')",negative
2324,data/voc2007/VOCdevkit/VOC2007/JPEGImages/004756.jpg,0,"('', 'car')","('car', 'horse')","('car', '')","('', 'horse')",negative
2325,data/voc2007/VOCdevkit/VOC2007/JPEGImages/008350.jpg,0,"('person', 'chair')","('chair', 'person')","('chair', '')","('', 'person')",hybrid
2326,data/voc2007/VOCdevkit/VOC2007/JPEGImages/001469.jpg,0,"('', 'chair')","('chair', 'person')","('chair', '')","('', 'person')",negative
2327,data/voc2007/VOCdevkit/VOC2007/JPEGImages/004337.jpg,0,"('', 'bus')","('bus', 'car')","('bus', '')","('', 'car')",negative
2328,data/voc2007/VOCdevkit/VOC2007/JPEGImages/009962.jpg,0,"('person', 'car')","('car', 'person')","('car', '')","('', 'person')",hybrid
2329,data/voc2007/VOCdevkit/VOC2007/JPEGImages/009510.jpg,0,"('bus', 'person')","('person', 'bus')","('person', '')","('', 'bus')",hybrid
2330,data/voc2007/VOCdevkit/VOC2007/JPEGImages/006680.jpg,0,"('', 'car')","('car', 'train')","('car', '')","('', 'train')",negative
2331,data/voc2007/VOCdevkit/VOC2007/JPEGImages/006127.jpg,0,"('train', 'person')","('person', 'train')","('person', '')","('', 'train')",hybrid
2332,data/voc2007/VOCdevkit/VOC2007/JPEGImages/005795.jpg,0,"('', 'person')","('person', 'sheep')","('person', '')","('', 'sheep')",negative
2333,data/voc2007/VOCdevkit/VOC2007/JPEGImages/009055.jpg,0,"('', 'person')","('person', 'chair')","('person', '')","('', 'chair')",negative
2334,data/voc2007/VOCdevkit/VOC2007/JPEGImages/006546.jpg,0,"('', 'sofa')","('sofa', 'chair')","('sofa', '')","('', 'chair')",negative
2335,data/voc2007/VOCdevkit/VOC2007/JPEGImages/007306.jpg,0,"('', 'car')","('car', 'person')","('car', '')","('', 'person')",negative
2336,data/voc2007/VOCdevkit/VOC2007/JPEGImages/008274.jpg,0,"('tvmonitor', 'chair')","('chair', 'tvmonitor')","('chair', '')","('', 'tvmonitor')",hybrid
2337,data/voc2007/VOCdevkit/VOC2007/JPEGImages/004213.jpg,0,"('', 'chair')","('chair', 'person')","('chair', '')","('', 'person')",negative
2338,data/voc2007/VOCdevkit/VOC2007/JPEGImages/009846.jpg,0,"('sofa', 'diningtable')","('diningtable', 'sofa')","('diningtable', '')","('', 'sofa')",hybrid
2339,data/voc2007/VOCdevkit/VOC2007/JPEGImages/000809.jpg,0,"('car', 'bus')","('bus', 'car')","('bus', '')","('', 'car')",hybrid
2340,data/voc2007/VOCdevkit/VOC2007/JPEGImages/005482.jpg,0,"('person', 'chair')","('chair', 'person')","('chair', '')","('', 'person')",hybrid
2341,data/voc2007/VOCdevkit/VOC2007/JPEGImages/004917.jpg,0,"('motorbike and person', '')","('chair', 'motorbike')","('chair', '')","('', 'motorbike')",positive
2342,data/voc2007/VOCdevkit/VOC2007/JPEGImages/007802.jpg,0,"('', 'person')","('person', 'dog')","('person', '')","('', 'dog')",negative
2343,data/voc2007/VOCdevkit/VOC2007/JPEGImages/002489.jpg,0,"('', 'person')","('person', 'sofa')","('person', '')","('', 'sofa')",negative
2344,data/voc2007/VOCdevkit/VOC2007/JPEGImages/004104.jpg,0,"('bus', 'motorbike')","('motorbike', 'bus')","('motorbike', '')","('', 'bus')",hybrid
2345,data/voc2007/VOCdevkit/VOC2007/JPEGImages/009723.jpg,0,"('', 'bus')","('bus', 'car')","('bus', '')","('', 'car')",negative
2346,data/voc2007/VOCdevkit/VOC2007/JPEGImages/005744.jpg,0,"('', 'person')","('person', 'dog')","('person', '')","('', 'dog')",negative
2347,data/voc2007/VOCdevkit/VOC2007/JPEGImages/009084.jpg,0,"('chair and motorbike', '')","('sofa', 'chair')","('sofa', '')","('', 'chair')",positive
2348,data/voc2007/VOCdevkit/VOC2007/JPEGImages/009084.jpg,0,"('dog and chair', '')","('car', 'dog')","('car', '')","('', 'dog')",positive
2349,data/voc2007/VOCdevkit/VOC2007/JPEGImages/006651.jpg,0,"('aeroplane', 'car')","('car', 'aeroplane')","('car', '')","('', 'aeroplane')",hybrid
2350,data/voc2007/VOCdevkit/VOC2007/JPEGImages/006368.jpg,0,"('horse', 'car')","('car', 'horse')","('car', '')","('', 'horse')",hybrid
2351,data/voc2007/VOCdevkit/VOC2007/JPEGImages/000284.jpg,0,"('', 'bus')","('bus', 'car')","('bus', '')","('', 'car')",negative
2352,data/voc2007/VOCdevkit/VOC2007/JPEGImages/001363.jpg,0,"('', 'chair')","('chair', 'tvmonitor')","('chair', '')","('', 'tvmonitor')",negative
2353,data/voc2007/VOCdevkit/VOC2007/JPEGImages/008828.jpg,0,"('car', 'horse')","('horse', 'car')","('horse', '')","('', 'car')",hybrid
2354,data/voc2007/VOCdevkit/VOC2007/JPEGImages/002617.jpg,0,"('chair and tvmonitor', '')","('diningtable', 'chair')","('diningtable', '')","('', 'chair')",positive
2355,data/voc2007/VOCdevkit/VOC2007/JPEGImages/001702.jpg,0,"('', 'tvmonitor')","('tvmonitor', 'cat')","('tvmonitor', '')","('', 'cat')",negative
2356,data/voc2007/VOCdevkit/VOC2007/JPEGImages/000634.jpg,0,"('car and person', '')","('chair', 'car')","('chair', '')","('', 'car')",positive
2357,data/voc2007/VOCdevkit/VOC2007/JPEGImages/007198.jpg,0,"('bird', 'boat')","('boat', 'bird')","('boat', '')","('', 'bird')",hybrid
2358,data/voc2007/VOCdevkit/VOC2007/JPEGImages/002161.jpg,0,"('pottedplant and chair', '')","('person', 'pottedplant')","('person', '')","('', 'pottedplant')",positive
2359,data/voc2007/VOCdevkit/VOC2007/JPEGImages/001867.jpg,0,"('pottedplant', 'person')","('person', 'pottedplant')","('person', '')","('', 'pottedplant')",hybrid
2360,data/voc2007/VOCdevkit/VOC2007/JPEGImages/001415.jpg,0,"('bird', 'person')","('person', 'bird')","('person', '')","('', 'bird')",hybrid
2361,data/voc2007/VOCdevkit/VOC2007/JPEGImages/000255.jpg,0,"('dog', 'sofa')","('sofa', 'dog')","('sofa', '')","('', 'dog')",hybrid
2362,data/voc2007/VOCdevkit/VOC2007/JPEGImages/003340.jpg,0,"('', 'chair')","('chair', 'person')","('chair', '')","('', 'person')",negative
2363,data/voc2007/VOCdevkit/VOC2007/JPEGImages/002972.jpg,0,"('person', 'car')","('car', 'person')","('car', '')","('', 'person')",hybrid
2364,data/voc2007/VOCdevkit/VOC2007/JPEGImages/006155.jpg,0,"('car', 'person')","('person', 'car')","('person', '')","('', 'car')",hybrid
2365,data/voc2007/VOCdevkit/VOC2007/JPEGImages/005040.jpg,0,"('chair', 'diningtable')","('diningtable', 'chair')","('diningtable', '')","('', 'chair')",hybrid
2366,data/voc2007/VOCdevkit/VOC2007/JPEGImages/006946.jpg,0,"('', 'person')","('person', 'aeroplane')","('person', '')","('', 'aeroplane')",negative
2367,data/voc2007/VOCdevkit/VOC2007/JPEGImages/006293.jpg,0,"('chair', 'diningtable')","('diningtable', 'chair')","('diningtable', '')","('', 'chair')",hybrid
2368,data/voc2007/VOCdevkit/VOC2007/JPEGImages/005386.jpg,0,"('person', 'car')","('car', 'person')","('car', '')","('', 'person')",hybrid
2369,data/voc2007/VOCdevkit/VOC2007/JPEGImages/004261.jpg,0,"('', 'car')","('car', 'train')","('car', '')","('', 'train')",negative
2370,data/voc2007/VOCdevkit/VOC2007/JPEGImages/008206.jpg,0,"('', 'chair')","('chair', 'pottedplant')","('chair', '')","('', 'pottedplant')",negative
2371,data/voc2007/VOCdevkit/VOC2007/JPEGImages/008570.jpg,0,"('', 'chair')","('chair', 'pottedplant')","('chair', '')","('', 'pottedplant')",negative
2372,data/voc2007/VOCdevkit/VOC2007/JPEGImages/008902.jpg,0,"('bottle and person', '')","('chair', 'bottle')","('chair', '')","('', 'bottle')",positive
2373,data/voc2007/VOCdevkit/VOC2007/JPEGImages/004965.jpg,0,"('', 'bus')","('bus', 'car')","('bus', '')","('', 'car')",negative
2374,data/voc2007/VOCdevkit/VOC2007/JPEGImages/001249.jpg,0,"('cat', 'person')","('person', 'cat')","('person', '')","('', 'cat')",hybrid
2375,data/voc2007/VOCdevkit/VOC2007/JPEGImages/005882.jpg,0,"('', 'chair')","('chair', 'person')","('chair', '')","('', 'person')",negative
2376,data/voc2007/VOCdevkit/VOC2007/JPEGImages/000409.jpg,0,"('', 'chair')","('chair', 'person')","('chair', '')","('', 'person')",negative
2377,data/voc2007/VOCdevkit/VOC2007/JPEGImages/005357.jpg,0,"('', 'chair')","('chair', 'person')","('chair', '')","('', 'person')",negative
2378,data/voc2007/VOCdevkit/VOC2007/JPEGImages/006997.jpg,0,"('boat', 'person')","('person', 'boat')","('person', '')","('', 'boat')",hybrid
2379,data/voc2007/VOCdevkit/VOC2007/JPEGImages/006242.jpg,0,"('', 'bus')","('bus', 'car')","('bus', '')","('', 'car')",negative
2380,data/voc2007/VOCdevkit/VOC2007/JPEGImages/007402.jpg,0,"('sheep', 'person')","('person', 'sheep')","('person', '')","('', 'sheep')",hybrid
2381,data/voc2007/VOCdevkit/VOC2007/JPEGImages/007870.jpg,0,"('aeroplane', 'car')","('car', 'aeroplane')","('car', '')","('', 'aeroplane')",hybrid
2382,data/voc2007/VOCdevkit/VOC2007/JPEGImages/005091.jpg,0,"('car', 'bus')","('bus', 'car')","('bus', '')","('', 'car')",hybrid
2383,data/voc2007/VOCdevkit/VOC2007/JPEGImages/000068.jpg,0,"('bird', 'boat')","('boat', 'bird')","('boat', '')","('', 'bird')",hybrid
2384,data/voc2007/VOCdevkit/VOC2007/JPEGImages/009751.jpg,0,"('train', 'car')","('car', 'train')","('car', '')","('', 'train')",hybrid
2385,data/voc2007/VOCdevkit/VOC2007/JPEGImages/008111.jpg,0,"('person', 'chair')","('chair', 'person')","('chair', '')","('', 'person')",hybrid
2386,data/voc2007/VOCdevkit/VOC2007/JPEGImages/004176.jpg,0,"('', 'boat')","('boat', 'bird')","('boat', '')","('', 'bird')",negative
2387,data/voc2007/VOCdevkit/VOC2007/JPEGImages/007063.jpg,0,"('', 'tvmonitor')","('tvmonitor', 'cat')","('tvmonitor', '')","('', 'cat')",negative
2388,data/voc2007/VOCdevkit/VOC2007/JPEGImages/006623.jpg,0,"('horse and person', '')","('car', 'horse')","('car', '')","('', 'horse')",positive
2389,data/voc2007/VOCdevkit/VOC2007/JPEGImages/003836.jpg,0,"('', 'car')","('car', 'boat')","('car', '')","('', 'boat')",negative
2390,data/voc2007/VOCdevkit/VOC2007/JPEGImages/002204.jpg,0,"('', 'car')","('car', 'person')","('car', '')","('', 'person')",negative
2391,data/voc2007/VOCdevkit/VOC2007/JPEGImages/008428.jpg,0,"('tvmonitor', 'person')","('person', 'tvmonitor')","('person', '')","('', 'tvmonitor')",hybrid
2392,data/voc2007/VOCdevkit/VOC2007/JPEGImages/000551.jpg,0,"('dog', 'sofa')","('sofa', 'dog')","('sofa', '')","('', 'dog')",hybrid
2393,data/voc2007/VOCdevkit/VOC2007/JPEGImages/002665.jpg,0,"('', 'car')","('car', 'aeroplane')","('car', '')","('', 'aeroplane')",negative
2394,data/voc2007/VOCdevkit/VOC2007/JPEGImages/003782.jpg,0,"('', 'person')","('person', 'cat')","('person', '')","('', 'cat')",negative
2395,data/voc2007/VOCdevkit/VOC2007/JPEGImages/003025.jpg,0,"('person and sheep', '')","('chair', 'person')","('chair', '')","('', 'person')",positive
2396,data/voc2007/VOCdevkit/VOC2007/JPEGImages/000697.jpg,0,"('bicycle and person', '')","('chair', 'bicycle')","('chair', '')","('', 'bicycle')",positive
2397,data/voc2007/VOCdevkit/VOC2007/JPEGImages/001770.jpg,0,"('boat', 'person')","('person', 'boat')","('person', '')","('', 'boat')",hybrid
2398,data/voc2007/VOCdevkit/VOC2007/JPEGImages/004758.jpg,0,"('', 'sofa')","('sofa', 'dog')","('sofa', '')","('', 'dog')",negative
2399,data/voc2007/VOCdevkit/VOC2007/JPEGImages/001006.jpg,0,"('', 'chair')","('chair', 'person')","('chair', '')","('', 'person')",negative
2400,data/voc2007/VOCdevkit/VOC2007/JPEGImages/000646.jpg,0,"('', 'person')","('person', 'car')","('person', '')","('', 'car')",negative
2401,data/voc2007/VOCdevkit/VOC2007/JPEGImages/005118.jpg,0,"('person and cat', '')","('car', 'person')","('car', '')","('', 'person')",positive
2402,data/voc2007/VOCdevkit/VOC2007/JPEGImages/002113.jpg,0,"('cat', 'tvmonitor')","('tvmonitor', 'cat')","('tvmonitor', '')","('', 'cat')",hybrid
2403,data/voc2007/VOCdevkit/VOC2007/JPEGImages/000227.jpg,0,"('tvmonitor', 'person')","('person', 'tvmonitor')","('person', '')","('', 'tvmonitor')",hybrid
2404,data/voc2007/VOCdevkit/VOC2007/JPEGImages/000580.jpg,0,"('car', 'person')","('person', 'car')","('person', '')","('', 'car')",hybrid
2405,data/voc2007/VOCdevkit/VOC2007/JPEGImages/001815.jpg,0,"('', 'car')","('car', 'boat')","('car', '')","('', 'boat')",negative
2406,data/voc2007/VOCdevkit/VOC2007/JPEGImages/002900.jpg,0,"('', 'bus')","('bus', 'car')","('bus', '')","('', 'car')",negative
2407,data/voc2007/VOCdevkit/VOC2007/JPEGImages/003332.jpg,0,"('', 'sofa')","('sofa', 'dog')","('sofa', '')","('', 'dog')",negative
2408,data/voc2007/VOCdevkit/VOC2007/JPEGImages/003495.jpg,0,"('motorbike', 'person')","('person', 'motorbike')","('person', '')","('', 'motorbike')",hybrid
2409,data/voc2007/VOCdevkit/VOC2007/JPEGImages/001122.jpg,0,"('bird', 'person')","('person', 'bird')","('person', '')","('', 'bird')",hybrid
2410,data/voc2007/VOCdevkit/VOC2007/JPEGImages/000762.jpg,0,"('', 'car')","('car', 'diningtable')","('car', '')","('', 'diningtable')",negative
2411,data/voc2007/VOCdevkit/VOC2007/JPEGImages/003677.jpg,0,"('person', 'chair')","('chair', 'person')","('chair', '')","('', 'person')",hybrid
2412,data/voc2007/VOCdevkit/VOC2007/JPEGImages/002790.jpg,0,"('', 'chair')","('chair', 'person')","('chair', '')","('', 'person')",negative
2413,data/voc2007/VOCdevkit/VOC2007/JPEGImages/007769.jpg,0,"('', 'chair')","('chair', 'person')","('chair', '')","('', 'person')",negative
2414,data/voc2007/VOCdevkit/VOC2007/JPEGImages/002824.jpg,0,"('person', 'chair')","('chair', 'person')","('chair', '')","('', 'person')",hybrid
2415,data/voc2007/VOCdevkit/VOC2007/JPEGImages/003560.jpg,0,"('cat', 'person')","('person', 'cat')","('person', '')","('', 'cat')",hybrid
2416,data/voc2007/VOCdevkit/VOC2007/JPEGImages/002487.jpg,0,"('train', 'person')","('person', 'train')","('person', '')","('', 'train')",hybrid
2417,data/voc2007/VOCdevkit/VOC2007/JPEGImages/004919.jpg,0,"('bottle', 'person')","('person', 'bottle')","('person', '')","('', 'bottle')",hybrid
2418,data/voc2007/VOCdevkit/VOC2007/JPEGImages/001235.jpg,0,"('', 'person')","('person', 'bird')","('person', '')","('', 'bird')",negative
2419,data/voc2007/VOCdevkit/VOC2007/JPEGImages/001592.jpg,0,"('', 'person')","('person', 'cat')","('person', '')","('', 'cat')",negative
2420,data/voc2007/VOCdevkit/VOC2007/JPEGImages/000475.jpg,0,"('horse', 'car')","('car', 'horse')","('car', '')","('', 'horse')",hybrid
2421,data/voc2007/VOCdevkit/VOC2007/JPEGImages/000807.jpg,0,"('', 'car')","('car', 'person')","('car', '')","('', 'person')",negative
2422,data/voc2007/VOCdevkit/VOC2007/JPEGImages/009899.jpg,0,"('dog', 'person')","('person', 'dog')","('person', '')","('', 'dog')",hybrid
2423,data/voc2007/VOCdevkit/VOC2007/JPEGImages/003101.jpg,0,"('', 'person')","('person', 'bus')","('person', '')","('', 'bus')",negative
2424,data/voc2007/VOCdevkit/VOC2007/JPEGImages/000014.jpg,0,"('', 'horse')","('horse', 'bus')","('horse', '')","('', 'bus')",negative
2425,data/voc2007/VOCdevkit/VOC2007/JPEGImages/004394.jpg,0,"('', 'boat')","('boat', 'bird')","('boat', '')","('', 'bird')",negative
2426,data/voc2007/VOCdevkit/VOC2007/JPEGImages/003438.jpg,0,"('', 'diningtable')","('diningtable', 'chair')","('diningtable', '')","('', 'chair')",negative
2427,data/voc2007/VOCdevkit/VOC2007/JPEGImages/007281.jpg,0,"('person and car', '')","('horse', 'person')","('horse', '')","('', 'person')",positive
2428,data/voc2007/VOCdevkit/VOC2007/JPEGImages/005612.jpg,0,"('person and diningtable', '')","('chair', 'person')","('chair', '')","('', 'person')",positive
2429,data/voc2007/VOCdevkit/VOC2007/JPEGImages/009675.jpg,0,"('', 'bus')","('bus', 'car')","('bus', '')","('', 'car')",negative
2430,data/voc2007/VOCdevkit/VOC2007/JPEGImages/008035.jpg,0,"('person and car', '')","('chair', 'person')","('chair', '')","('', 'person')",positive
2431,data/voc2007/VOCdevkit/VOC2007/JPEGImages/008792.jpg,0,"('', 'person')","('person', 'dog')","('person', '')","('', 'dog')",negative
2432,data/voc2007/VOCdevkit/VOC2007/JPEGImages/002619.jpg,0,"('aeroplane', 'person')","('person', 'aeroplane')","('person', '')","('', 'aeroplane')",hybrid
2433,data/voc2007/VOCdevkit/VOC2007/JPEGImages/003059.jpg,0,"('train', 'car')","('car', 'train')","('car', '')","('', 'train')",hybrid
2434,data/voc2007/VOCdevkit/VOC2007/JPEGImages/007196.jpg,0,"('', 'person')","('person', 'tvmonitor')","('person', '')","('', 'tvmonitor')",negative
2435,data/voc2007/VOCdevkit/VOC2007/JPEGImages/004083.jpg,0,"('bird', 'boat')","('boat', 'bird')","('boat', '')","('', 'bird')",hybrid
2436,data/voc2007/VOCdevkit/VOC2007/JPEGImages/004724.jpg,0,"('bus', 'car')","('car', 'bus')","('car', '')","('', 'bus')",hybrid
2437,data/voc2007/VOCdevkit/VOC2007/JPEGImages/008743.jpg,0,"('train', 'person')","('person', 'train')","('person', '')","('', 'train')",hybrid
2438,data/voc2007/VOCdevkit/VOC2007/JPEGImages/009103.jpg,0,"('', 'sofa')","('sofa', 'dog')","('sofa', '')","('', 'dog')",negative
2439,data/voc2007/VOCdevkit/VOC2007/JPEGImages/005164.jpg,0,"('', 'dog')","('dog', 'sheep')","('dog', '')","('', 'sheep')",negative
2440,data/voc2007/VOCdevkit/VOC2007/JPEGImages/007985.jpg,0,"('', 'car')","('car', 'aeroplane')","('car', '')","('', 'aeroplane')",negative
2441,data/voc2007/VOCdevkit/VOC2007/JPEGImages/006410.jpg,0,"('', 'person')","('person', 'train')","('person', '')","('', 'train')",negative
2442,data/voc2007/VOCdevkit/VOC2007/JPEGImages/009910.jpg,0,"('person', 'chair')","('chair', 'person')","('chair', '')","('', 'person')",hybrid
2443,data/voc2007/VOCdevkit/VOC2007/JPEGImages/005505.jpg,0,"('person', 'chair')","('chair', 'person')","('chair', '')","('', 'person')",hybrid
2444,data/voc2007/VOCdevkit/VOC2007/JPEGImages/005977.jpg,0,"('', 'person')","('person', 'cat')","('person', '')","('', 'cat')",negative
2445,data/voc2007/VOCdevkit/VOC2007/JPEGImages/001869.jpg,0,"('pottedplant', 'chair')","('chair', 'pottedplant')","('chair', '')","('', 'pottedplant')",hybrid
2446,data/voc2007/VOCdevkit/VOC2007/JPEGImages/000765.jpg,0,"('person', 'chair')","('chair', 'person')","('chair', '')","('', 'person')",hybrid
2447,data/voc2007/VOCdevkit/VOC2007/JPEGImages/002797.jpg,0,"('motorbike', 'car')","('car', 'motorbike')","('car', '')","('', 'motorbike')",hybrid
2448,data/voc2007/VOCdevkit/VOC2007/JPEGImages/003670.jpg,0,"('person', 'car')","('car', 'person')","('car', '')","('', 'person')",hybrid
2449,data/voc2007/VOCdevkit/VOC2007/JPEGImages/002451.jpg,0,"('', 'chair')","('chair', 'pottedplant')","('chair', '')","('', 'pottedplant')",negative
2450,data/voc2007/VOCdevkit/VOC2007/JPEGImages/002823.jpg,0,"('motorbike and person', '')","('car', 'motorbike')","('car', '')","('', 'motorbike')",positive
2451,data/voc2007/VOCdevkit/VOC2007/JPEGImages/002327.jpg,0,"('dog', 'sofa')","('sofa', 'dog')","('sofa', '')","('', 'dog')",hybrid
2452,data/voc2007/VOCdevkit/VOC2007/JPEGImages/006239.jpg,0,"('', 'car')","('car', 'person')","('car', '')","('', 'person')",negative
2453,data/voc2007/VOCdevkit/VOC2007/JPEGImages/000472.jpg,0,"('', 'person')","('person', 'bird')","('person', '')","('', 'bird')",negative
2454,data/voc2007/VOCdevkit/VOC2007/JPEGImages/001232.jpg,0,"('', 'sofa')","('sofa', 'dog')","('sofa', '')","('', 'dog')",negative
2455,data/voc2007/VOCdevkit/VOC2007/JPEGImages/002746.jpg,0,"('car', 'chair')","('chair', 'car')","('chair', '')","('', 'car')",hybrid
2456,data/voc2007/VOCdevkit/VOC2007/JPEGImages/000013.jpg,0,"('cow', 'car')","('car', 'cow')","('car', '')","('', 'cow')",hybrid
2457,data/voc2007/VOCdevkit/VOC2007/JPEGImages/004393.jpg,0,"('', 'chair')","('chair', 'train')","('chair', '')","('', 'train')",negative
2458,data/voc2007/VOCdevkit/VOC2007/JPEGImages/008821.jpg,0,"('pottedplant and sofa', '')","('diningtable', 'pottedplant')","('diningtable', '')","('', 'pottedplant')",positive
2459,data/voc2007/VOCdevkit/VOC2007/JPEGImages/007286.jpg,0,"('aeroplane', 'car')","('car', 'aeroplane')","('car', '')","('', 'aeroplane')",hybrid
2460,data/voc2007/VOCdevkit/VOC2007/JPEGImages/006361.jpg,0,"('horse and person', '')","('car', 'horse')","('car', '')","('', 'horse')",positive
2461,data/voc2007/VOCdevkit/VOC2007/JPEGImages/008795.jpg,0,"('', 'chair')","('chair', 'person')","('chair', '')","('', 'person')",negative
2462,data/voc2007/VOCdevkit/VOC2007/JPEGImages/004055.jpg,0,"('', 'diningtable')","('diningtable', 'bottle')","('diningtable', '')","('', 'bottle')",negative
2463,data/voc2007/VOCdevkit/VOC2007/JPEGImages/009672.jpg,0,"('cat', 'person')","('person', 'cat')","('person', '')","('', 'cat')",hybrid
2464,data/voc2007/VOCdevkit/VOC2007/JPEGImages/006700.jpg,0,"('', 'chair')","('chair', 'pottedplant')","('chair', '')","('', 'pottedplant')",negative
2465,data/voc2007/VOCdevkit/VOC2007/JPEGImages/002168.jpg,0,"('', 'car')","('car', 'person')","('car', '')","('', 'person')",negative
2466,data/voc2007/VOCdevkit/VOC2007/JPEGImages/007636.jpg,0,"('', 'car')","('car', 'horse')","('car', '')","('', 'horse')",negative
2467,data/voc2007/VOCdevkit/VOC2007/JPEGImages/006076.jpg,0,"('person and bird', '')","('car', 'person')","('car', '')","('', 'person')",positive
2468,data/voc2007/VOCdevkit/VOC2007/JPEGImages/003728.jpg,0,"('', 'person')","('person', 'sofa')","('person', '')","('', 'sofa')",negative
2469,data/voc2007/VOCdevkit/VOC2007/JPEGImages/009104.jpg,0,"('', 'person')","('person', 'bird')","('person', '')","('', 'bird')",negative
2470,data/voc2007/VOCdevkit/VOC2007/JPEGImages/005163.jpg,0,"('', 'chair')","('chair', 'car')","('chair', '')","('', 'car')",negative
2471,data/voc2007/VOCdevkit/VOC2007/JPEGImages/004084.jpg,0,"('horse and person', '')","('car', 'horse')","('car', '')","('', 'horse')",positive
2472,data/voc2007/VOCdevkit/VOC2007/JPEGImages/007257.jpg,0,"('aeroplane', 'car')","('car', 'aeroplane')","('car', '')","('', 'aeroplane')",hybrid
2473,data/voc2007/VOCdevkit/VOC2007/JPEGImages/002509.jpg,0,"('person', 'chair')","('chair', 'person')","('chair', '')","('', 'person')",hybrid
2474,data/voc2007/VOCdevkit/VOC2007/JPEGImages/007982.jpg,0,"('tvmonitor', 'person')","('person', 'tvmonitor')","('person', '')","('', 'tvmonitor')",hybrid
2475,data/voc2007/VOCdevkit/VOC2007/JPEGImages/004342.jpg,0,"('tvmonitor and person', '')","('chair', 'tvmonitor')","('chair', '')","('', 'tvmonitor')",positive
2476,data/voc2007/VOCdevkit/VOC2007/JPEGImages/008325.jpg,0,"('person and sofa', '')","('chair', 'person')","('chair', '')","('', 'person')",positive
2477,data/voc2007/VOCdevkit/VOC2007/JPEGImages/005502.jpg,0,"('bird', 'boat')","('boat', 'bird')","('boat', '')","('', 'bird')",hybrid
2478,data/voc2007/VOCdevkit/VOC2007/JPEGImages/006152.jpg,0,"('', 'chair')","('chair', 'person')","('chair', '')","('', 'person')",negative
2479,data/voc2007/VOCdevkit/VOC2007/JPEGImages/009787.jpg,0,"('pottedplant and dog', '')","('person', 'pottedplant')","('person', '')","('', 'pottedplant')",positive
2480,data/voc2007/VOCdevkit/VOC2007/JPEGImages/000719.jpg,0,"('car and bus', '')","('horse', 'car')","('horse', '')","('', 'car')",positive
2481,data/voc2007/VOCdevkit/VOC2007/JPEGImages/001159.jpg,0,"('sofa and person', '')","('car', 'sofa')","('car', '')","('', 'sofa')",positive
2482,data/voc2007/VOCdevkit/VOC2007/JPEGImages/008660.jpg,0,"('tvmonitor', 'chair')","('chair', 'tvmonitor')","('chair', '')","('', 'tvmonitor')",hybrid
2483,data/voc2007/VOCdevkit/VOC2007/JPEGImages/006294.jpg,0,"('aeroplane', 'person')","('person', 'aeroplane')","('person', '')","('', 'aeroplane')",hybrid
2484,data/voc2007/VOCdevkit/VOC2007/JPEGImages/006941.jpg,0,"('person', 'chair')","('chair', 'person')","('chair', '')","('', 'person')",hybrid
2485,data/voc2007/VOCdevkit/VOC2007/JPEGImages/006533.jpg,0,"('', 'car')","('car', 'aeroplane')","('car', '')","('', 'aeroplane')",negative
2486,data/voc2007/VOCdevkit/VOC2007/JPEGImages/001538.jpg,0,"('person', 'chair')","('chair', 'person')","('chair', '')","('', 'person')",hybrid
2487,data/voc2007/VOCdevkit/VOC2007/JPEGImages/004266.jpg,0,"('person and horse', '')","('chair', 'person')","('chair', '')","('', 'person')",positive
2488,data/voc2007/VOCdevkit/VOC2007/JPEGImages/008201.jpg,0,"('dog', 'chair')","('chair', 'dog')","('chair', '')","('', 'dog')",hybrid
2489,data/voc2007/VOCdevkit/VOC2007/JPEGImages/005381.jpg,0,"('bus', 'motorbike')","('motorbike', 'bus')","('motorbike', '')","('', 'bus')",hybrid
2490,data/voc2007/VOCdevkit/VOC2007/JPEGImages/009441.jpg,0,"('motorbike and person', '')","('car', 'motorbike')","('car', '')","('', 'motorbike')",positive
2491,data/voc2007/VOCdevkit/VOC2007/JPEGImages/005426.jpg,0,"('', 'person')","('person', 'dog')","('person', '')","('', 'dog')",negative
2492,data/voc2007/VOCdevkit/VOC2007/JPEGImages/000378.jpg,0,"('', 'chair')","('chair', 'horse')","('chair', '')","('', 'horse')",negative
2493,data/voc2007/VOCdevkit/VOC2007/JPEGImages/008577.jpg,0,"('person', 'car')","('car', 'person')","('car', '')","('', 'person')",hybrid
2494,data/voc2007/VOCdevkit/VOC2007/JPEGImages/007405.jpg,0,"('bus', 'horse')","('horse', 'bus')","('horse', '')","('', 'bus')",hybrid
2495,data/voc2007/VOCdevkit/VOC2007/JPEGImages/006245.jpg,0,"('dog', 'sofa')","('sofa', 'dog')","('sofa', '')","('', 'dog')",hybrid
2496,data/voc2007/VOCdevkit/VOC2007/JPEGImages/001188.jpg,0,"('', 'person')","('person', 'boat')","('person', '')","('', 'boat')",negative
2497,data/voc2007/VOCdevkit/VOC2007/JPEGImages/005096.jpg,0,"('', 'diningtable')","('diningtable', 'bottle')","('diningtable', '')","('', 'bottle')",negative
2498,data/voc2007/VOCdevkit/VOC2007/JPEGImages/006624.jpg,0,"('person', 'sofa')","('sofa', 'person')","('sofa', '')","('', 'person')",hybrid
2499,data/voc2007/VOCdevkit/VOC2007/JPEGImages/006624.jpg,0,"('tvmonitor', 'sofa')","('sofa', 'tvmonitor')","('sofa', '')","('', 'tvmonitor')",hybrid
2500,data/voc2007/VOCdevkit/VOC2007/JPEGImages/002203.jpg,0,"('person', 'car')","('car', 'person')","('car', '')","('', 'person')",hybrid
2501,data/voc2007/VOCdevkit/VOC2007/JPEGImages/003831.jpg,0,"('person', 'chair')","('chair', 'person')","('chair', '')","('', 'person')",hybrid
2502,data/voc2007/VOCdevkit/VOC2007/JPEGImages/000556.jpg,0,"('', 'car')","('car', 'train')","('car', '')","('', 'train')",negative
2503,data/voc2007/VOCdevkit/VOC2007/JPEGImages/000924.jpg,0,"('', 'chair')","('chair', 'bus')","('chair', '')","('', 'bus')",negative
2504,data/voc2007/VOCdevkit/VOC2007/JPEGImages/004448.jpg,0,"('', 'person')","('person', 'motorbike')","('person', '')","('', 'motorbike')",negative
2505,data/voc2007/VOCdevkit/VOC2007/JPEGImages/003022.jpg,0,"('horse and person', '')","('car', 'horse')","('car', '')","('', 'horse')",positive
2506,data/voc2007/VOCdevkit/VOC2007/JPEGImages/003785.jpg,0,"('', 'sofa')","('sofa', 'dog')","('sofa', '')","('', 'dog')",negative
2507,data/voc2007/VOCdevkit/VOC2007/JPEGImages/004029.jpg,0,"('sofa', 'chair')","('chair', 'sofa')","('chair', '')","('', 'sofa')",hybrid
2508,data/voc2007/VOCdevkit/VOC2007/JPEGImages/000137.jpg,0,"('person', 'chair')","('chair', 'person')","('chair', '')","('', 'person')",hybrid
2509,data/voc2007/VOCdevkit/VOC2007/JPEGImages/000641.jpg,0,"('person', 'diningtable')","('diningtable', 'person')","('diningtable', '')","('', 'person')",hybrid
2510,data/voc2007/VOCdevkit/VOC2007/JPEGImages/001812.jpg,0,"('person', 'chair')","('chair', 'person')","('chair', '')","('', 'person')",hybrid
2511,data/voc2007/VOCdevkit/VOC2007/JPEGImages/000587.jpg,0,"('bottle and diningtable', '')","('chair', 'bottle')","('chair', '')","('', 'bottle')",positive
2512,data/voc2007/VOCdevkit/VOC2007/JPEGImages/002907.jpg,0,"('chair', 'person')","('person', 'chair')","('person', '')","('', 'chair')",hybrid
2513,data/voc2007/VOCdevkit/VOC2007/JPEGImages/002575.jpg,0,"('', 'diningtable')","('diningtable', 'chair')","('diningtable', '')","('', 'chair')",negative
2514,data/voc2007/VOCdevkit/VOC2007/JPEGImages/007846.jpg,0,"('person', 'chair')","('chair', 'person')","('chair', '')","('', 'person')",hybrid
2515,data/voc2007/VOCdevkit/VOC2007/JPEGImages/007434.jpg,0,"('', 'person')","('person', 'dog')","('person', '')","('', 'dog')",negative
2516,data/voc2007/VOCdevkit/VOC2007/JPEGImages/007393.jpg,0,"('person and chair', '')","('car', 'person')","('car', '')","('', 'person')",positive
2517,data/voc2007/VOCdevkit/VOC2007/JPEGImages/006274.jpg,0,"('person and chair', '')","('car', 'person')","('car', '')","('', 'person')",positive
2518,data/voc2007/VOCdevkit/VOC2007/JPEGImages/003958.jpg,0,"('', 'person')","('person', 'cat')","('person', '')","('', 'cat')",negative
2519,data/voc2007/VOCdevkit/VOC2007/JPEGImages/005361.jpg,0,"('dog', 'person')","('person', 'dog')","('person', '')","('', 'dog')",hybrid
2520,data/voc2007/VOCdevkit/VOC2007/JPEGImages/000398.jpg,0,"('train', 'car')","('car', 'train')","('car', '')","('', 'train')",hybrid
2521,data/voc2007/VOCdevkit/VOC2007/JPEGImages/008934.jpg,0,"('', 'boat')","('boat', 'bird')","('boat', '')","('', 'bird')",negative
2522,data/voc2007/VOCdevkit/VOC2007/JPEGImages/008546.jpg,0,"('bus', 'car')","('car', 'bus')","('car', '')","('', 'bus')",hybrid
2523,data/voc2007/VOCdevkit/VOC2007/JPEGImages/004521.jpg,0,"('car', 'person')","('person', 'car')","('person', '')","('', 'car')",hybrid
2524,data/voc2007/VOCdevkit/VOC2007/JPEGImages/006615.jpg,0,"('person', 'car')","('car', 'person')","('car', '')","('', 'person')",hybrid
2525,data/voc2007/VOCdevkit/VOC2007/JPEGImages/007055.jpg,0,"('horse', 'person')","('person', 'horse')","('person', '')","('', 'horse')",hybrid
2526,data/voc2007/VOCdevkit/VOC2007/JPEGImages/009011.jpg,0,"('train', 'car')","('car', 'train')","('car', '')","('', 'train')",hybrid
2527,data/voc2007/VOCdevkit/VOC2007/JPEGImages/005076.jpg,0,"('aeroplane', 'car')","('car', 'aeroplane')","('car', '')","('', 'aeroplane')",hybrid
2528,data/voc2007/VOCdevkit/VOC2007/JPEGImages/008651.jpg,0,"('', 'person')","('person', 'dog')","('person', '')","('', 'dog')",negative
2529,data/voc2007/VOCdevkit/VOC2007/JPEGImages/008597.jpg,0,"('', 'car')","('car', 'person')","('car', '')","('', 'person')",negative
2530,data/voc2007/VOCdevkit/VOC2007/JPEGImages/008230.jpg,0,"('', 'chair')","('chair', 'motorbike')","('chair', '')","('', 'motorbike')",negative
2531,data/voc2007/VOCdevkit/VOC2007/JPEGImages/009802.jpg,0,"('person and dog', '')","('sofa', 'person')","('sofa', '')","('', 'person')",positive
2532,data/voc2007/VOCdevkit/VOC2007/JPEGImages/005865.jpg,0,"('', 'chair')","('chair', 'person')","('chair', '')","('', 'person')",negative
2533,data/voc2007/VOCdevkit/VOC2007/JPEGImages/003989.jpg,0,"('', 'chair')","('chair', 'person')","('chair', '')","('', 'person')",negative
2534,data/voc2007/VOCdevkit/VOC2007/JPEGImages/006970.jpg,0,"('', 'bus')","('bus', 'car')","('bus', '')","('', 'car')",negative
2535,data/voc2007/VOCdevkit/VOC2007/JPEGImages/006502.jpg,0,"('', 'person')","('person', 'car')","('person', '')","('', 'car')",negative
2536,data/voc2007/VOCdevkit/VOC2007/JPEGImages/007342.jpg,0,"('person', 'car')","('car', 'person')","('car', '')","('', 'person')",hybrid
2537,data/voc2007/VOCdevkit/VOC2007/JPEGImages/003765.jpg,0,"('person', 'car')","('car', 'person')","('car', '')","('', 'person')",hybrid
2538,data/voc2007/VOCdevkit/VOC2007/JPEGImages/005689.jpg,0,"('', 'person')","('person', 'train')","('person', '')","('', 'train')",negative
2539,data/voc2007/VOCdevkit/VOC2007/JPEGImages/009149.jpg,0,"('person and car', '')","('chair', 'person')","('chair', '')","('', 'person')",positive
2540,data/voc2007/VOCdevkit/VOC2007/JPEGImages/000670.jpg,0,"('', 'car')","('car', 'person')","('car', '')","('', 'person')",negative
2541,data/voc2007/VOCdevkit/VOC2007/JPEGImages/001030.jpg,0,"('train', 'person')","('person', 'train')","('person', '')","('', 'train')",hybrid
2542,data/voc2007/VOCdevkit/VOC2007/JPEGImages/003304.jpg,0,"('', 'car')","('car', 'horse')","('car', '')","('', 'horse')",negative
2543,data/voc2007/VOCdevkit/VOC2007/JPEGImages/002936.jpg,0,"('cat', 'tvmonitor')","('tvmonitor', 'cat')","('tvmonitor', '')","('', 'cat')",hybrid
2544,data/voc2007/VOCdevkit/VOC2007/JPEGImages/001823.jpg,0,"('horse and person', '')","('car', 'horse')","('car', '')","('', 'horse')",positive
2545,data/voc2007/VOCdevkit/VOC2007/JPEGImages/000567.jpg,0,"('bicycle and person', '')","('chair', 'bicycle')","('chair', '')","('', 'bicycle')",positive
2546,data/voc2007/VOCdevkit/VOC2007/JPEGImages/002232.jpg,0,"('car', 'bus')","('bus', 'car')","('bus', '')","('', 'car')",hybrid
2547,data/voc2007/VOCdevkit/VOC2007/JPEGImages/003800.jpg,0,"('', 'person')","('person', 'diningtable')","('person', '')","('', 'diningtable')",negative
2548,data/voc2007/VOCdevkit/VOC2007/JPEGImages/003472.jpg,0,"('dog', 'person')","('person', 'dog')","('person', '')","('', 'dog')",hybrid
2549,data/voc2007/VOCdevkit/VOC2007/JPEGImages/004018.jpg,0,"('bird', 'boat')","('boat', 'bird')","('boat', '')","('', 'bird')",hybrid
2550,data/voc2007/VOCdevkit/VOC2007/JPEGImages/000106.jpg,0,"('', 'boat')","('boat', 'bird')","('boat', '')","('', 'bird')",negative
2551,data/voc2007/VOCdevkit/VOC2007/JPEGImages/009198.jpg,0,"('bicycle', 'person')","('person', 'bicycle')","('person', '')","('', 'bicycle')",hybrid
2552,data/voc2007/VOCdevkit/VOC2007/JPEGImages/002316.jpg,0,"('', 'person')","('person', 'bird')","('person', '')","('', 'bird')",negative
2553,data/voc2007/VOCdevkit/VOC2007/JPEGImages/000785.jpg,0,"('dog', 'person')","('person', 'dog')","('person', '')","('', 'dog')",hybrid
2554,data/voc2007/VOCdevkit/VOC2007/JPEGImages/000022.jpg,0,"('person', 'car')","('car', 'person')","('car', '')","('', 'person')",hybrid
2555,data/voc2007/VOCdevkit/VOC2007/JPEGImages/006669.jpg,0,"('', 'chair')","('chair', 'train')","('chair', '')","('', 'train')",negative
2556,data/voc2007/VOCdevkit/VOC2007/JPEGImages/002777.jpg,0,"('', 'person')","('person', 'chair')","('person', '')","('', 'chair')",negative
2557,data/voc2007/VOCdevkit/VOC2007/JPEGImages/003641.jpg,0,"('sofa', 'chair')","('chair', 'sofa')","('chair', '')","('', 'sofa')",hybrid
2558,data/voc2007/VOCdevkit/VOC2007/JPEGImages/001114.jpg,0,"('horse', 'car')","('car', 'horse')","('car', '')","('', 'horse')",hybrid
2559,data/voc2007/VOCdevkit/VOC2007/JPEGImages/003220.jpg,0,"('car', 'chair')","('chair', 'car')","('chair', '')","('', 'car')",hybrid
2560,data/voc2007/VOCdevkit/VOC2007/JPEGImages/007499.jpg,0,"('pottedplant', 'person')","('person', 'pottedplant')","('person', '')","('', 'pottedplant')",hybrid
2561,data/voc2007/VOCdevkit/VOC2007/JPEGImages/001575.jpg,0,"('', 'car')","('car', 'person')","('car', '')","('', 'person')",negative
2562,data/voc2007/VOCdevkit/VOC2007/JPEGImages/000335.jpg,0,"('', 'diningtable')","('diningtable', 'bottle')","('diningtable', '')","('', 'bottle')",negative
2563,data/voc2007/VOCdevkit/VOC2007/JPEGImages/009135.jpg,0,"('bicycle', 'person')","('person', 'bicycle')","('person', '')","('', 'bicycle')",hybrid
2564,data/voc2007/VOCdevkit/VOC2007/JPEGImages/005152.jpg,0,"('dog', 'chair')","('chair', 'dog')","('chair', '')","('', 'dog')",hybrid
2565,data/voc2007/VOCdevkit/VOC2007/JPEGImages/004712.jpg,0,"('diningtable', 'car')","('car', 'diningtable')","('car', '')","('', 'diningtable')",hybrid
2566,data/voc2007/VOCdevkit/VOC2007/JPEGImages/004712.jpg,0,"('diningtable and bottle', '')","('sofa', 'diningtable')","('sofa', '')","('', 'diningtable')",positive
2567,data/voc2007/VOCdevkit/VOC2007/JPEGImages/002159.jpg,0,"('', 'car')","('car', 'person')","('car', '')","('', 'person')",negative
2568,data/voc2007/VOCdevkit/VOC2007/JPEGImages/007607.jpg,0,"('', 'person')","('person', 'bicycle')","('person', '')","('', 'bicycle')",negative
2569,data/voc2007/VOCdevkit/VOC2007/JPEGImages/006047.jpg,0,"('car', 'person')","('person', 'car')","('person', '')","('', 'car')",hybrid
2570,data/voc2007/VOCdevkit/VOC2007/JPEGImages/003719.jpg,0,"('', 'bus')","('bus', 'car')","('bus', '')","('', 'car')",negative
2571,data/voc2007/VOCdevkit/VOC2007/JPEGImages/004373.jpg,0,"('', 'boat')","('boat', 'bird')","('boat', '')","('', 'bird')",negative
2572,data/voc2007/VOCdevkit/VOC2007/JPEGImages/008314.jpg,0,"('person', 'car')","('car', 'person')","('car', '')","('', 'person')",hybrid
2573,data/voc2007/VOCdevkit/VOC2007/JPEGImages/009554.jpg,0,"('sofa', 'chair')","('chair', 'sofa')","('chair', '')","('', 'sofa')",hybrid
2574,data/voc2007/VOCdevkit/VOC2007/JPEGImages/005941.jpg,0,"('chair', 'person')","('person', 'chair')","('person', '')","('', 'chair')",hybrid
2575,data/voc2007/VOCdevkit/VOC2007/JPEGImages/005533.jpg,0,"('person', 'car')","('car', 'person')","('car', '')","('', 'person')",hybrid
2576,data/voc2007/VOCdevkit/VOC2007/JPEGImages/005294.jpg,0,"('', 'diningtable')","('diningtable', 'bottle')","('diningtable', '')","('', 'bottle')",negative
2577,data/voc2007/VOCdevkit/VOC2007/JPEGImages/003378.jpg,0,"('', 'chair')","('chair', 'person')","('chair', '')","('', 'person')",negative
2578,data/voc2007/VOCdevkit/VOC2007/JPEGImages/006426.jpg,0,"('person', 'chair')","('chair', 'person')","('chair', '')","('', 'person')",hybrid
2579,data/voc2007/VOCdevkit/VOC2007/JPEGImages/006854.jpg,0,"('car', 'horse')","('horse', 'car')","('horse', '')","('', 'car')",hybrid
2580,data/voc2007/VOCdevkit/VOC2007/JPEGImages/002538.jpg,0,"('person', 'chair')","('chair', 'person')","('chair', '')","('', 'person')",hybrid
2581,data/voc2007/VOCdevkit/VOC2007/JPEGImages/007510.jpg,0,"('', 'motorbike')","('motorbike', 'car')","('motorbike', '')","('', 'car')",negative
2582,data/voc2007/VOCdevkit/VOC2007/JPEGImages/007962.jpg,0,"('', 'car')","('car', 'sofa')","('car', '')","('', 'sofa')",negative
2583,data/voc2007/VOCdevkit/VOC2007/JPEGImages/006885.jpg,0,"('', 'chair')","('chair', 'bicycle')","('chair', '')","('', 'bicycle')",negative
2584,data/voc2007/VOCdevkit/VOC2007/JPEGImages/000969.jpg,0,"('person', 'car')","('car', 'person')","('car', '')","('', 'person')",hybrid
2585,data/voc2007/VOCdevkit/VOC2007/JPEGImages/009222.jpg,0,"('sofa and chair', '')","('diningtable', 'sofa')","('diningtable', '')","('', 'sofa')",positive
2586,data/voc2007/VOCdevkit/VOC2007/JPEGImages/004877.jpg,0,"('', 'chair')","('chair', 'person')","('chair', '')","('', 'person')",negative
2587,data/voc2007/VOCdevkit/VOC2007/JPEGImages/002188.jpg,0,"('diningtable', 'person')","('person', 'diningtable')","('person', '')","('', 'diningtable')",hybrid
2588,data/voc2007/VOCdevkit/VOC2007/JPEGImages/007171.jpg,0,"('', 'car')","('car', 'bicycle')","('car', '')","('', 'bicycle')",negative
2589,data/voc2007/VOCdevkit/VOC2007/JPEGImages/008003.jpg,0,"('motorbike and person', '')","('chair', 'motorbike')","('chair', '')","('', 'motorbike')",positive
2590,data/voc2007/VOCdevkit/VOC2007/JPEGImages/004064.jpg,0,"('', 'sofa')","('sofa', 'person')","('sofa', '')","('', 'person')",negative
2591,data/voc2007/VOCdevkit/VOC2007/JPEGImages/009643.jpg,0,"('car', 'person')","('person', 'car')","('person', '')","('', 'car')",hybrid
2592,data/voc2007/VOCdevkit/VOC2007/JPEGImages/000444.jpg,0,"('boat', 'chair')","('chair', 'boat')","('chair', '')","('', 'boat')",hybrid
2593,data/voc2007/VOCdevkit/VOC2007/JPEGImages/000836.jpg,0,"('horse', 'chair')","('chair', 'horse')","('chair', '')","('', 'horse')",hybrid
2594,data/voc2007/VOCdevkit/VOC2007/JPEGImages/000025.jpg,0,"('person', 'chair')","('chair', 'person')","('chair', '')","('', 'person')",hybrid
2595,data/voc2007/VOCdevkit/VOC2007/JPEGImages/001665.jpg,0,"('pottedplant and dog', '')","('person', 'pottedplant')","('person', '')","('', 'pottedplant')",positive
2596,data/voc2007/VOCdevkit/VOC2007/JPEGImages/002770.jpg,0,"('cow', 'person')","('person', 'cow')","('person', '')","('', 'cow')",hybrid
2597,data/voc2007/VOCdevkit/VOC2007/JPEGImages/007789.jpg,0,"('', 'chair')","('chair', 'person')","('chair', '')","('', 'person')",negative
2598,data/voc2007/VOCdevkit/VOC2007/JPEGImages/003130.jpg,0,"('', 'person')","('person', 'bicycle')","('person', '')","('', 'bicycle')",negative
2599,data/voc2007/VOCdevkit/VOC2007/JPEGImages/003697.jpg,0,"('', 'diningtable')","('diningtable', 'bottle')","('diningtable', '')","('', 'bottle')",negative
2600,data/voc2007/VOCdevkit/VOC2007/JPEGImages/006118.jpg,0,"('bicycle and person', '')","('chair', 'bicycle')","('chair', '')","('', 'bicycle')",positive
2601,data/voc2007/VOCdevkit/VOC2007/JPEGImages/007339.jpg,0,"('', 'horse')","('horse', 'car')","('horse', '')","('', 'car')",negative
2602,data/voc2007/VOCdevkit/VOC2007/JPEGImages/002467.jpg,0,"('aeroplane', 'car')","('car', 'aeroplane')","('car', '')","('', 'aeroplane')",hybrid
2603,data/voc2007/VOCdevkit/VOC2007/JPEGImages/003227.jpg,0,"('', 'tvmonitor')","('tvmonitor', 'cat')","('tvmonitor', '')","('', 'cat')",negative
2604,data/voc2007/VOCdevkit/VOC2007/JPEGImages/006579.jpg,0,"('', 'person')","('person', 'cow')","('person', '')","('', 'cow')",negative
2605,data/voc2007/VOCdevkit/VOC2007/JPEGImages/000495.jpg,0,"('', 'person')","('person', 'bird')","('person', '')","('', 'bird')",negative
2606,data/voc2007/VOCdevkit/VOC2007/JPEGImages/001572.jpg,0,"('', 'chair')","('chair', 'person')","('chair', '')","('', 'person')",negative
2607,data/voc2007/VOCdevkit/VOC2007/JPEGImages/001900.jpg,0,"('horse', 'car')","('car', 'horse')","('car', '')","('', 'horse')",hybrid
2608,data/voc2007/VOCdevkit/VOC2007/JPEGImages/009132.jpg,0,"('', 'person')","('person', 'cat')","('person', '')","('', 'cat')",negative
2609,data/voc2007/VOCdevkit/VOC2007/JPEGImages/005155.jpg,0,"('', 'person')","('person', 'cat')","('person', '')","('', 'cat')",negative
2610,data/voc2007/VOCdevkit/VOC2007/JPEGImages/006040.jpg,0,"('person and tvmonitor', '')","('car', 'person')","('car', '')","('', 'person')",positive
2611,data/voc2007/VOCdevkit/VOC2007/JPEGImages/009921.jpg,0,"('train', 'person')","('person', 'train')","('person', '')","('', 'train')",hybrid
2612,data/voc2007/VOCdevkit/VOC2007/JPEGImages/009553.jpg,0,"('aeroplane', 'person')","('person', 'aeroplane')","('person', '')","('', 'aeroplane')",hybrid
2613,data/voc2007/VOCdevkit/VOC2007/JPEGImages/005534.jpg,0,"('', 'person')","('person', 'motorbike')","('person', '')","('', 'motorbike')",negative
2614,data/voc2007/VOCdevkit/VOC2007/JPEGImages/005946.jpg,0,"('', 'person')","('person', 'tvmonitor')","('person', '')","('', 'tvmonitor')",negative
2615,data/voc2007/VOCdevkit/VOC2007/JPEGImages/004374.jpg,0,"('', 'car')","('car', 'boat')","('car', '')","('', 'boat')",negative
2616,data/voc2007/VOCdevkit/VOC2007/JPEGImages/002298.jpg,0,"('', 'car')","('car', 'diningtable')","('car', '')","('', 'diningtable')",negative
2617,data/voc2007/VOCdevkit/VOC2007/JPEGImages/006386.jpg,0,"('car', 'person')","('person', 'car')","('person', '')","('', 'car')",hybrid
2618,data/voc2007/VOCdevkit/VOC2007/JPEGImages/006853.jpg,0,"('car', 'person')","('person', 'car')","('person', '')","('', 'car')",hybrid
2619,data/voc2007/VOCdevkit/VOC2007/JPEGImages/003409.jpg,0,"('', 'person')","('person', 'boat')","('person', '')","('', 'boat')",negative
2620,data/voc2007/VOCdevkit/VOC2007/JPEGImages/006882.jpg,0,"('car and person', '')","('chair', 'car')","('chair', '')","('', 'car')",positive
2621,data/voc2007/VOCdevkit/VOC2007/JPEGImages/007965.jpg,0,"('person', 'chair')","('chair', 'person')","('chair', '')","('', 'person')",hybrid
2622,data/voc2007/VOCdevkit/VOC2007/JPEGImages/004402.jpg,0,"('bus', 'chair')","('chair', 'bus')","('chair', '')","('', 'bus')",hybrid
2623,data/voc2007/VOCdevkit/VOC2007/JPEGImages/004870.jpg,0,"('car', 'chair')","('chair', 'car')","('chair', '')","('', 'car')",hybrid
2624,data/voc2007/VOCdevkit/VOC2007/JPEGImages/001889.jpg,0,"('person and motorbike', '')","('chair', 'person')","('chair', '')","('', 'person')",positive
2625,data/voc2007/VOCdevkit/VOC2007/JPEGImages/009225.jpg,0,"('diningtable', 'sofa')","('sofa', 'diningtable')","('sofa', '')","('', 'diningtable')",hybrid
2626,data/voc2007/VOCdevkit/VOC2007/JPEGImages/005997.jpg,0,"('tvmonitor and dog', '')","('person', 'tvmonitor')","('person', '')","('', 'tvmonitor')",positive
2627,data/voc2007/VOCdevkit/VOC2007/JPEGImages/009582.jpg,0,"('', 'sofa')","('sofa', 'diningtable')","('sofa', '')","('', 'diningtable')",negative
2628,data/voc2007/VOCdevkit/VOC2007/JPEGImages/007176.jpg,0,"('', 'horse')","('horse', 'person')","('horse', '')","('', 'person')",negative
2629,data/voc2007/VOCdevkit/VOC2007/JPEGImages/002628.jpg,0,"('', 'car')","('car', 'boat')","('car', '')","('', 'boat')",negative
2630,data/voc2007/VOCdevkit/VOC2007/JPEGImages/003068.jpg,0,"('', 'car')","('car', 'cow')","('car', '')","('', 'cow')",negative
2631,data/voc2007/VOCdevkit/VOC2007/JPEGImages/005623.jpg,0,"('', 'diningtable')","('diningtable', 'chair')","('diningtable', '')","('', 'chair')",negative
2632,data/voc2007/VOCdevkit/VOC2007/JPEGImages/005184.jpg,0,"('chair and person', '')","('diningtable', 'chair')","('diningtable', '')","('', 'chair')",positive
2633,data/voc2007/VOCdevkit/VOC2007/JPEGImages/004063.jpg,0,"('', 'chair')","('chair', 'sofa')","('chair', '')","('', 'sofa')",negative
2634,data/voc2007/VOCdevkit/VOC2007/JPEGImages/006273.jpg,0,"('person', 'chair')","('chair', 'person')","('chair', '')","('', 'person')",hybrid
2635,data/voc2007/VOCdevkit/VOC2007/JPEGImages/001278.jpg,0,"('train', 'person')","('person', 'train')","('person', '')","('', 'train')",hybrid
2636,data/voc2007/VOCdevkit/VOC2007/JPEGImages/005366.jpg,0,"('person', 'chair')","('chair', 'person')","('chair', '')","('', 'person')",hybrid
2637,data/voc2007/VOCdevkit/VOC2007/JPEGImages/009301.jpg,0,"('cow', 'car')","('car', 'cow')","('car', '')","('', 'cow')",hybrid
2638,data/voc2007/VOCdevkit/VOC2007/JPEGImages/005707.jpg,0,"('motorbike', 'car')","('car', 'motorbike')","('car', '')","('', 'motorbike')",hybrid
2639,data/voc2007/VOCdevkit/VOC2007/JPEGImages/000059.jpg,0,"('', 'sofa')","('sofa', 'person')","('sofa', '')","('', 'person')",negative
2640,data/voc2007/VOCdevkit/VOC2007/JPEGImages/009760.jpg,0,"('cow', 'person')","('person', 'cow')","('person', '')","('', 'cow')",hybrid
2641,data/voc2007/VOCdevkit/VOC2007/JPEGImages/008120.jpg,0,"('', 'chair')","('chair', 'car')","('chair', '')","('', 'car')",negative
2642,data/voc2007/VOCdevkit/VOC2007/JPEGImages/001619.jpg,0,"('motorbike', 'chair')","('chair', 'motorbike')","('chair', '')","('', 'motorbike')",hybrid
2643,data/voc2007/VOCdevkit/VOC2007/JPEGImages/004147.jpg,0,"('car', 'person')","('person', 'car')","('person', '')","('', 'car')",hybrid
2644,data/voc2007/VOCdevkit/VOC2007/JPEGImages/008656.jpg,0,"('dog', 'person')","('person', 'dog')","('person', '')","('', 'dog')",hybrid
2645,data/voc2007/VOCdevkit/VOC2007/JPEGImages/000088.jpg,0,"('', 'car')","('car', 'train')","('car', '')","('', 'train')",negative
2646,data/voc2007/VOCdevkit/VOC2007/JPEGImages/006164.jpg,0,"('boat', 'car')","('car', 'boat')","('car', '')","('', 'boat')",hybrid
2647,data/voc2007/VOCdevkit/VOC2007/JPEGImages/007083.jpg,0,"('', 'chair')","('chair', 'person')","('chair', '')","('', 'person')",negative
2648,data/voc2007/VOCdevkit/VOC2007/JPEGImages/005862.jpg,0,"('', 'person')","('person', 'car')","('person', '')","('', 'car')",negative
2649,data/voc2007/VOCdevkit/VOC2007/JPEGImages/004250.jpg,0,"('diningtable', 'sofa')","('sofa', 'diningtable')","('sofa', '')","('', 'diningtable')",hybrid
2650,data/voc2007/VOCdevkit/VOC2007/JPEGImages/008237.jpg,0,"('train and person', '')","('chair', 'train')","('chair', '')","('', 'train')",positive
2651,data/voc2007/VOCdevkit/VOC2007/JPEGImages/008590.jpg,0,"('', 'car')","('car', 'boat')","('car', '')","('', 'boat')",negative
2652,data/voc2007/VOCdevkit/VOC2007/JPEGImages/007345.jpg,0,"('bicycle and person', '')","('car', 'bicycle')","('car', '')","('', 'bicycle')",positive
2653,data/voc2007/VOCdevkit/VOC2007/JPEGImages/006505.jpg,0,"('', 'car')","('car', 'person')","('car', '')","('', 'person')",negative
2654,data/voc2007/VOCdevkit/VOC2007/JPEGImages/006977.jpg,0,"('boat', 'person')","('person', 'boat')","('person', '')","('', 'boat')",hybrid
2655,data/voc2007/VOCdevkit/VOC2007/JPEGImages/003762.jpg,0,"('', 'car')","('car', 'person')","('car', '')","('', 'person')",negative
2656,data/voc2007/VOCdevkit/VOC2007/JPEGImages/002122.jpg,0,"('', 'person')","('person', 'sofa')","('person', '')","('', 'sofa')",negative
2657,data/voc2007/VOCdevkit/VOC2007/JPEGImages/002685.jpg,0,"('', 'person')","('person', 'bird')","('person', '')","('', 'bird')",negative
2658,data/voc2007/VOCdevkit/VOC2007/JPEGImages/004769.jpg,0,"('', 'car')","('car', 'person')","('car', '')","('', 'person')",negative
2659,data/voc2007/VOCdevkit/VOC2007/JPEGImages/001037.jpg,0,"('', 'car')","('car', 'dog')","('car', '')","('', 'dog')",negative
2660,data/voc2007/VOCdevkit/VOC2007/JPEGImages/001790.jpg,0,"('', 'person')","('person', 'cat')","('person', '')","('', 'cat')",negative
2661,data/voc2007/VOCdevkit/VOC2007/JPEGImages/002543.jpg,0,"('', 'bus')","('bus', 'car')","('bus', '')","('', 'car')",negative
2662,data/voc2007/VOCdevkit/VOC2007/JPEGImages/005548.jpg,0,"('', 'chair')","('chair', 'person')","('chair', '')","('', 'person')",negative
2663,data/voc2007/VOCdevkit/VOC2007/JPEGImages/000216.jpg,0,"('', 'car')","('car', 'aeroplane')","('car', '')","('', 'aeroplane')",negative
2664,data/voc2007/VOCdevkit/VOC2007/JPEGImages/001824.jpg,0,"('dog', 'chair')","('chair', 'dog')","('chair', '')","('', 'dog')",hybrid
2665,data/voc2007/VOCdevkit/VOC2007/JPEGImages/001456.jpg,0,"('bottle', 'car')","('car', 'bottle')","('car', '')","('', 'bottle')",hybrid
2666,data/voc2007/VOCdevkit/VOC2007/JPEGImages/004308.jpg,0,"('cat', 'person')","('person', 'cat')","('person', '')","('', 'cat')",hybrid
2667,data/voc2007/VOCdevkit/VOC2007/JPEGImages/001487.jpg,0,"('boat', 'person')","('person', 'boat')","('person', '')","('', 'boat')",hybrid
2668,data/voc2007/VOCdevkit/VOC2007/JPEGImages/008419.jpg,0,"('dog', 'sofa')","('sofa', 'dog')","('sofa', '')","('', 'dog')",hybrid
2669,data/voc2007/VOCdevkit/VOC2007/JPEGImages/001320.jpg,0,"('person', 'chair')","('chair', 'person')","('chair', '')","('', 'person')",hybrid
2670,data/voc2007/VOCdevkit/VOC2007/JPEGImages/000560.jpg,0,"('aeroplane', 'person')","('person', 'aeroplane')","('person', '')","('', 'aeroplane')",hybrid
2671,data/voc2007/VOCdevkit/VOC2007/JPEGImages/003475.jpg,0,"('bus and person', '')","('chair', 'bus')","('chair', '')","('', 'bus')",positive
2672,data/voc2007/VOCdevkit/VOC2007/JPEGImages/002592.jpg,0,"('', 'car')","('car', 'motorbike')","('car', '')","('', 'motorbike')",negative
2673,data/voc2007/VOCdevkit/VOC2007/JPEGImages/002235.jpg,0,"('bottle', 'car')","('car', 'bottle')","('car', '')","('', 'bottle')",hybrid
2674,data/voc2007/VOCdevkit/VOC2007/JPEGImages/008078.jpg,0,"('', 'car')","('car', 'cow')","('car', '')","('', 'cow')",negative
2675,data/voc2007/VOCdevkit/VOC2007/JPEGImages/002654.jpg,0,"('', 'person')","('person', 'chair')","('person', '')","('', 'chair')",negative
2676,data/voc2007/VOCdevkit/VOC2007/JPEGImages/003014.jpg,0,"('pottedplant', 'chair')","('chair', 'pottedplant')","('chair', '')","('', 'pottedplant')",hybrid
2677,data/voc2007/VOCdevkit/VOC2007/JPEGImages/007441.jpg,0,"('', 'person')","('person', 'cat')","('person', '')","('', 'cat')",negative
2678,data/voc2007/VOCdevkit/VOC2007/JPEGImages/000838.jpg,0,"('bird', 'boat')","('boat', 'bird')","('boat', '')","('', 'bird')",hybrid
2679,data/voc2007/VOCdevkit/VOC2007/JPEGImages/004554.jpg,0,"('', 'person')","('person', 'car')","('person', '')","('', 'car')",negative
2680,data/voc2007/VOCdevkit/VOC2007/JPEGImages/008941.jpg,0,"('', 'car')","('car', 'chair')","('car', '')","('', 'chair')",negative
2681,data/voc2007/VOCdevkit/VOC2007/JPEGImages/007787.jpg,0,"('', 'person')","('person', 'dog')","('person', '')","('', 'dog')",negative
2682,data/voc2007/VOCdevkit/VOC2007/JPEGImages/008152.jpg,0,"('car', 'horse')","('horse', 'car')","('horse', '')","('', 'car')",hybrid
2683,data/voc2007/VOCdevkit/VOC2007/JPEGImages/005775.jpg,0,"('', 'horse')","('horse', 'person')","('horse', '')","('', 'person')",negative
2684,data/voc2007/VOCdevkit/VOC2007/JPEGImages/008183.jpg,0,"('', 'chair')","('chair', 'horse')","('chair', '')","('', 'horse')",negative
2685,data/voc2007/VOCdevkit/VOC2007/JPEGImages/002008.jpg,0,"('bicycle', 'chair')","('chair', 'bicycle')","('chair', '')","('', 'bicycle')",hybrid
2686,data/voc2007/VOCdevkit/VOC2007/JPEGImages/007756.jpg,0,"('person', 'diningtable')","('diningtable', 'person')","('diningtable', '')","('', 'person')",hybrid
2687,data/voc2007/VOCdevkit/VOC2007/JPEGImages/006116.jpg,0,"('', 'chair')","('chair', 'tvmonitor')","('chair', '')","('', 'tvmonitor')",negative
2688,data/voc2007/VOCdevkit/VOC2007/JPEGImages/008990.jpg,0,"('', 'car')","('car', 'person')","('car', '')","('', 'person')",negative
2689,data/voc2007/VOCdevkit/VOC2007/JPEGImages/008245.jpg,0,"('', 'car')","('car', 'chair')","('car', '')","('', 'chair')",negative
2690,data/voc2007/VOCdevkit/VOC2007/JPEGImages/004222.jpg,0,"('sofa and pottedplant', '')","('chair', 'sofa')","('chair', '')","('', 'sofa')",positive
2691,data/voc2007/VOCdevkit/VOC2007/JPEGImages/005810.jpg,0,"('dog', 'sofa')","('sofa', 'dog')","('sofa', '')","('', 'dog')",hybrid
2692,data/voc2007/VOCdevkit/VOC2007/JPEGImages/005462.jpg,0,"('', 'person')","('person', 'cat')","('person', '')","('', 'cat')",negative
2693,data/voc2007/VOCdevkit/VOC2007/JPEGImages/006577.jpg,0,"('person', 'car')","('car', 'person')","('car', '')","('', 'person')",hybrid
2694,data/voc2007/VOCdevkit/VOC2007/JPEGImages/006905.jpg,0,"('', 'chair')","('chair', 'person')","('chair', '')","('', 'person')",negative
2695,data/voc2007/VOCdevkit/VOC2007/JPEGImages/007337.jpg,0,"('', 'bus')","('bus', 'car')","('bus', '')","('', 'car')",negative
2696,data/voc2007/VOCdevkit/VOC2007/JPEGImages/002469.jpg,0,"('tvmonitor', 'car')","('car', 'tvmonitor')","('car', '')","('', 'tvmonitor')",hybrid
2697,data/voc2007/VOCdevkit/VOC2007/JPEGImages/002150.jpg,0,"('train', 'car')","('car', 'train')","('car', '')","('', 'train')",hybrid
2698,data/voc2007/VOCdevkit/VOC2007/JPEGImages/003710.jpg,0,"('', 'person')","('person', 'train')","('person', '')","('', 'train')",negative
2699,data/voc2007/VOCdevkit/VOC2007/JPEGImages/006388.jpg,0,"('', 'car')","('car', 'bus')","('car', '')","('', 'bus')",negative
2700,data/voc2007/VOCdevkit/VOC2007/JPEGImages/003371.jpg,0,"('', 'tvmonitor')","('tvmonitor', 'cat')","('tvmonitor', '')","('', 'cat')",negative
2701,data/voc2007/VOCdevkit/VOC2007/JPEGImages/002296.jpg,0,"('person', 'chair')","('chair', 'person')","('chair', '')","('', 'person')",hybrid
2702,data/voc2007/VOCdevkit/VOC2007/JPEGImages/002531.jpg,0,"('person and car', '')","('chair', 'person')","('chair', '')","('', 'person')",positive
2703,data/voc2007/VOCdevkit/VOC2007/JPEGImages/001856.jpg,0,"('chair and person', '')","('car', 'chair')","('car', '')","('', 'chair')",positive
2704,data/voc2007/VOCdevkit/VOC2007/JPEGImages/001424.jpg,0,"('', 'car')","('car', 'bus')","('car', '')","('', 'bus')",negative
2705,data/voc2007/VOCdevkit/VOC2007/JPEGImages/000264.jpg,0,"('person', 'car')","('car', 'person')","('car', '')","('', 'person')",hybrid
2706,data/voc2007/VOCdevkit/VOC2007/JPEGImages/000960.jpg,0,"('bird', 'person')","('person', 'bird')","('person', '')","('', 'bird')",hybrid
2707,data/voc2007/VOCdevkit/VOC2007/JPEGImages/000512.jpg,0,"('', 'car')","('car', 'bus')","('car', '')","('', 'bus')",negative
2708,data/voc2007/VOCdevkit/VOC2007/JPEGImages/005999.jpg,0,"('train', 'car')","('car', 'train')","('car', '')","('', 'train')",hybrid
2709,data/voc2007/VOCdevkit/VOC2007/JPEGImages/006359.jpg,0,"('bottle', 'person')","('person', 'bottle')","('person', '')","('', 'bottle')",hybrid
2710,data/voc2007/VOCdevkit/VOC2007/JPEGImages/003875.jpg,0,"('person', 'car')","('car', 'person')","('car', '')","('', 'person')",hybrid
2711,data/voc2007/VOCdevkit/VOC2007/JPEGImages/001094.jpg,0,"('', 'person')","('person', 'train')","('person', '')","('', 'train')",negative
2712,data/voc2007/VOCdevkit/VOC2007/JPEGImages/007178.jpg,0,"('tvmonitor and person', '')","('diningtable', 'tvmonitor')","('diningtable', '')","('', 'tvmonitor')",positive
2713,data/voc2007/VOCdevkit/VOC2007/JPEGImages/002626.jpg,0,"('person and bicycle', '')","('chair', 'person')","('chair', '')","('', 'person')",positive
2714,data/voc2007/VOCdevkit/VOC2007/JPEGImages/000436.jpg,0,"('', 'person')","('person', 'bird')","('person', '')","('', 'bird')",negative
2715,data/voc2007/VOCdevkit/VOC2007/JPEGImages/000844.jpg,0,"('', 'person')","('person', 'car')","('person', '')","('', 'car')",negative
2716,data/voc2007/VOCdevkit/VOC2007/JPEGImages/001276.jpg,0,"('chair', 'person')","('person', 'chair')","('person', '')","('', 'chair')",hybrid
2717,data/voc2007/VOCdevkit/VOC2007/JPEGImages/002363.jpg,0,"('', 'car')","('car', 'person')","('car', '')","('', 'person')",negative
2718,data/voc2007/VOCdevkit/VOC2007/JPEGImages/003951.jpg,0,"('horse and person', '')","('car', 'horse')","('car', '')","('', 'horse')",positive
2719,data/voc2007/VOCdevkit/VOC2007/JPEGImages/003523.jpg,0,"('', 'person')","('person', 'car')","('person', '')","('', 'car')",negative
2720,data/voc2007/VOCdevkit/VOC2007/JPEGImages/008689.jpg,0,"('person and motorbike', '')","('chair', 'person')","('chair', '')","('', 'person')",positive
2721,data/voc2007/VOCdevkit/VOC2007/JPEGImages/005709.jpg,0,"('bicycle and person', '')","('car', 'bicycle')","('car', '')","('', 'bicycle')",positive
2722,data/voc2007/VOCdevkit/VOC2007/JPEGImages/000057.jpg,0,"('bird', 'boat')","('boat', 'bird')","('boat', '')","('', 'bird')",hybrid
2723,data/voc2007/VOCdevkit/VOC2007/JPEGImages/002074.jpg,0,"('pottedplant', 'chair')","('chair', 'pottedplant')","('chair', '')","('', 'pottedplant')",hybrid
2724,data/voc2007/VOCdevkit/VOC2007/JPEGImages/003193.jpg,0,"('horse and person', '')","('chair', 'horse')","('chair', '')","('', 'horse')",positive
2725,data/voc2007/VOCdevkit/VOC2007/JPEGImages/000721.jpg,0,"('', 'bus')","('bus', 'car')","('bus', '')","('', 'car')",negative
2726,data/voc2007/VOCdevkit/VOC2007/JPEGImages/000086.jpg,0,"('dog', 'sofa')","('sofa', 'dog')","('sofa', '')","('', 'dog')",hybrid
2727,data/voc2007/VOCdevkit/VOC2007/JPEGImages/008658.jpg,0,"('', 'person')","('person', 'car')","('person', '')","('', 'car')",negative
2728,data/voc2007/VOCdevkit/VOC2007/JPEGImages/004198.jpg,0,"('', 'car')","('car', 'motorbike')","('car', '')","('', 'motorbike')",negative
2729,data/voc2007/VOCdevkit/VOC2007/JPEGImages/006979.jpg,0,"('cat', 'person')","('person', 'cat')","('person', '')","('', 'cat')",hybrid
2730,data/voc2007/VOCdevkit/VOC2007/JPEGImages/003980.jpg,0,"('', 'sofa')","('sofa', 'dog')","('sofa', '')","('', 'dog')",negative
2731,data/voc2007/VOCdevkit/VOC2007/JPEGImages/008239.jpg,0,"('pottedplant', 'chair')","('chair', 'pottedplant')","('chair', '')","('', 'pottedplant')",hybrid
2732,data/voc2007/VOCdevkit/VOC2007/JPEGImages/001500.jpg,0,"('', 'person')","('person', 'tvmonitor')","('person', '')","('', 'tvmonitor')",negative
2733,data/voc2007/VOCdevkit/VOC2007/JPEGImages/000679.jpg,0,"('', 'person')","('person', 'car')","('person', '')","('', 'car')",negative
2734,data/voc2007/VOCdevkit/VOC2007/JPEGImages/005127.jpg,0,"('dog', 'sofa')","('sofa', 'dog')","('sofa', '')","('', 'dog')",hybrid
2735,data/voc2007/VOCdevkit/VOC2007/JPEGImages/009140.jpg,0,"('', 'bus')","('bus', 'car')","('bus', '')","('', 'car')",negative
2736,data/voc2007/VOCdevkit/VOC2007/JPEGImages/008700.jpg,0,"('', 'chair')","('chair', 'person')","('chair', '')","('', 'person')",negative
2737,data/voc2007/VOCdevkit/VOC2007/JPEGImages/004767.jpg,0,"('dog', 'person')","('person', 'dog')","('person', '')","('', 'dog')",hybrid
2738,data/voc2007/VOCdevkit/VOC2007/JPEGImages/001039.jpg,0,"('', 'diningtable')","('diningtable', 'tvmonitor')","('diningtable', '')","('', 'tvmonitor')",negative
2739,data/voc2007/VOCdevkit/VOC2007/JPEGImages/006032.jpg,0,"('bicycle and person', '')","('chair', 'bicycle')","('chair', '')","('', 'bicycle')",positive
2740,data/voc2007/VOCdevkit/VOC2007/JPEGImages/006795.jpg,0,"('pottedplant', 'diningtable')","('diningtable', 'pottedplant')","('diningtable', '')","('', 'pottedplant')",hybrid
2741,data/voc2007/VOCdevkit/VOC2007/JPEGImages/008361.jpg,0,"('cat', 'person')","('person', 'cat')","('person', '')","('', 'cat')",hybrid
2742,data/voc2007/VOCdevkit/VOC2007/JPEGImages/001458.jpg,0,"('sofa', 'person')","('person', 'sofa')","('person', '')","('', 'sofa')",hybrid
2743,data/voc2007/VOCdevkit/VOC2007/JPEGImages/004306.jpg,0,"('dog', 'sofa')","('sofa', 'dog')","('sofa', '')","('', 'dog')",hybrid
2744,data/voc2007/VOCdevkit/VOC2007/JPEGImages/005546.jpg,0,"('person', 'horse')","('horse', 'person')","('horse', '')","('', 'person')",hybrid
2745,data/voc2007/VOCdevkit/VOC2007/JPEGImages/005934.jpg,0,"('chair', 'person')","('person', 'chair')","('person', '')","('', 'chair')",hybrid
2746,data/voc2007/VOCdevkit/VOC2007/JPEGImages/009953.jpg,0,"('', 'person')","('person', 'bicycle')","('person', '')","('', 'bicycle')",negative
2747,data/voc2007/VOCdevkit/VOC2007/JPEGImages/009521.jpg,0,"('tvmonitor', 'person')","('person', 'tvmonitor')","('person', '')","('', 'tvmonitor')",hybrid
2748,data/voc2007/VOCdevkit/VOC2007/JPEGImages/009521.jpg,0,"('diningtable', 'person')","('person', 'diningtable')","('person', '')","('', 'diningtable')",hybrid
2749,data/voc2007/VOCdevkit/VOC2007/JPEGImages/006453.jpg,0,"('chair and person', '')","('diningtable', 'chair')","('diningtable', '')","('', 'chair')",positive
2750,data/voc2007/VOCdevkit/VOC2007/JPEGImages/007917.jpg,0,"('', 'chair')","('chair', 'person')","('chair', '')","('', 'person')",negative
2751,data/voc2007/VOCdevkit/VOC2007/JPEGImages/005597.jpg,0,"('', 'sofa')","('sofa', 'chair')","('sofa', '')","('', 'chair')",negative
2752,data/voc2007/VOCdevkit/VOC2007/JPEGImages/009257.jpg,0,"('bottle', 'person')","('person', 'bottle')","('person', '')","('', 'bottle')",hybrid
2753,data/voc2007/VOCdevkit/VOC2007/JPEGImages/001489.jpg,0,"('', 'person')","('person', 'diningtable')","('person', '')","('', 'diningtable')",negative
2754,data/voc2007/VOCdevkit/VOC2007/JPEGImages/004802.jpg,0,"('bus', 'person')","('person', 'bus')","('person', '')","('', 'bus')",hybrid
2755,data/voc2007/VOCdevkit/VOC2007/JPEGImages/008417.jpg,0,"('sofa', 'person')","('person', 'sofa')","('person', '')","('', 'sofa')",hybrid
2756,data/voc2007/VOCdevkit/VOC2007/JPEGImages/006744.jpg,0,"('', 'chair')","('chair', 'person')","('chair', '')","('', 'person')",negative
2757,data/voc2007/VOCdevkit/VOC2007/JPEGImages/005651.jpg,0,"('dog', 'person')","('person', 'dog')","('person', '')","('', 'dog')",hybrid
2758,data/voc2007/VOCdevkit/VOC2007/JPEGImages/001271.jpg,0,"('', 'chair')","('chair', 'sheep')","('chair', '')","('', 'sheep')",negative
2759,data/voc2007/VOCdevkit/VOC2007/JPEGImages/008548.jpg,0,"('', 'horse')","('horse', 'car')","('horse', '')","('', 'car')",negative
2760,data/voc2007/VOCdevkit/VOC2007/JPEGImages/004288.jpg,0,"('dog and sofa', '')","('car', 'dog')","('car', '')","('', 'dog')",positive
2761,data/voc2007/VOCdevkit/VOC2007/JPEGImages/003283.jpg,0,"('', 'sofa')","('sofa', 'dog')","('sofa', '')","('', 'dog')",negative
2762,data/voc2007/VOCdevkit/VOC2007/JPEGImages/007848.jpg,0,"('motorbike', 'person')","('person', 'motorbike')","('person', '')","('', 'motorbike')",hybrid
2763,data/voc2007/VOCdevkit/VOC2007/JPEGImages/009769.jpg,0,"('', 'chair')","('chair', 'sofa')","('chair', '')","('', 'sofa')",negative
2764,data/voc2007/VOCdevkit/VOC2007/JPEGImages/008129.jpg,0,"('car', 'person')","('person', 'car')","('person', '')","('', 'car')",hybrid
2765,data/voc2007/VOCdevkit/VOC2007/JPEGImages/002705.jpg,0,"('bottle', 'car')","('car', 'bottle')","('car', '')","('', 'bottle')",hybrid
2766,data/voc2007/VOCdevkit/VOC2007/JPEGImages/002705.jpg,0,"('person', 'sofa')","('sofa', 'person')","('sofa', '')","('', 'person')",hybrid
2767,data/voc2007/VOCdevkit/VOC2007/JPEGImages/003633.jpg,0,"('', 'car')","('car', 'person')","('car', '')","('', 'person')",negative
2768,data/voc2007/VOCdevkit/VOC2007/JPEGImages/002073.jpg,0,"('tvmonitor', 'chair')","('chair', 'tvmonitor')","('chair', '')","('', 'tvmonitor')",hybrid
2769,data/voc2007/VOCdevkit/VOC2007/JPEGImages/004638.jpg,0,"('', 'person')","('person', 'train')","('person', '')","('', 'train')",negative
2770,data/voc2007/VOCdevkit/VOC2007/JPEGImages/002412.jpg,0,"('bird', 'boat')","('boat', 'bird')","('boat', '')","('', 'bird')",hybrid
2771,data/voc2007/VOCdevkit/VOC2007/JPEGImages/002860.jpg,0,"('dog', 'car')","('car', 'dog')","('car', '')","('', 'dog')",hybrid
2772,data/voc2007/VOCdevkit/VOC2007/JPEGImages/003252.jpg,0,"('sofa', 'car')","('car', 'sofa')","('car', '')","('', 'sofa')",hybrid
2773,data/voc2007/VOCdevkit/VOC2007/JPEGImages/008599.jpg,0,"('pottedplant and dog', '')","('person', 'pottedplant')","('person', '')","('', 'pottedplant')",positive
2774,data/voc2007/VOCdevkit/VOC2007/JPEGImages/001975.jpg,0,"('', 'chair')","('chair', 'bottle')","('chair', '')","('', 'bottle')",negative
2775,data/voc2007/VOCdevkit/VOC2007/JPEGImages/001507.jpg,0,"('dog', 'sofa')","('sofa', 'dog')","('sofa', '')","('', 'dog')",hybrid
2776,data/voc2007/VOCdevkit/VOC2007/JPEGImages/008707.jpg,0,"('tvmonitor', 'chair')","('chair', 'tvmonitor')","('chair', '')","('', 'tvmonitor')",hybrid
2777,data/voc2007/VOCdevkit/VOC2007/JPEGImages/005120.jpg,0,"('person', 'chair')","('chair', 'person')","('chair', '')","('', 'person')",hybrid
2778,data/voc2007/VOCdevkit/VOC2007/JPEGImages/006792.jpg,0,"('chair', 'diningtable')","('diningtable', 'chair')","('diningtable', '')","('', 'chair')",hybrid
2779,data/voc2007/VOCdevkit/VOC2007/JPEGImages/005933.jpg,0,"('train', 'person')","('person', 'train')","('person', '')","('', 'train')",hybrid
2780,data/voc2007/VOCdevkit/VOC2007/JPEGImages/008366.jpg,0,"('bus', 'person')","('person', 'bus')","('person', '')","('', 'bus')",hybrid
2781,data/voc2007/VOCdevkit/VOC2007/JPEGImages/004301.jpg,0,"('', 'car')","('car', 'person')","('car', '')","('', 'person')",negative
2782,data/voc2007/VOCdevkit/VOC2007/JPEGImages/006454.jpg,0,"('car', 'person')","('person', 'car')","('person', '')","('', 'car')",hybrid
2783,data/voc2007/VOCdevkit/VOC2007/JPEGImages/006826.jpg,0,"('diningtable', 'person')","('person', 'diningtable')","('person', '')","('', 'diningtable')",hybrid
2784,data/voc2007/VOCdevkit/VOC2007/JPEGImages/006322.jpg,0,"('person', 'car')","('car', 'person')","('car', '')","('', 'person')",hybrid
2785,data/voc2007/VOCdevkit/VOC2007/JPEGImages/006485.jpg,0,"('', 'person')","('person', 'train')","('person', '')","('', 'train')",negative
2786,data/voc2007/VOCdevkit/VOC2007/JPEGImages/007562.jpg,0,"('car', 'person')","('person', 'car')","('person', '')","('', 'car')",hybrid
2787,data/voc2007/VOCdevkit/VOC2007/JPEGImages/004477.jpg,0,"('aeroplane', 'car')","('car', 'aeroplane')","('car', '')","('', 'aeroplane')",hybrid
2788,data/voc2007/VOCdevkit/VOC2007/JPEGImages/001329.jpg,0,"('', 'car')","('car', 'person')","('car', '')","('', 'person')",negative
2789,data/voc2007/VOCdevkit/VOC2007/JPEGImages/000569.jpg,0,"('', 'boat')","('boat', 'bird')","('boat', '')","('', 'bird')",negative
2790,data/voc2007/VOCdevkit/VOC2007/JPEGImages/005237.jpg,0,"('sofa', 'chair')","('chair', 'sofa')","('chair', '')","('', 'sofa')",hybrid
2791,data/voc2007/VOCdevkit/VOC2007/JPEGImages/007103.jpg,0,"('person', 'car')","('car', 'person')","('car', '')","('', 'person')",hybrid
2792,data/voc2007/VOCdevkit/VOC2007/JPEGImages/006743.jpg,0,"('chair', 'person')","('person', 'chair')","('person', '')","('', 'chair')",hybrid
2793,data/voc2007/VOCdevkit/VOC2007/JPEGImages/009631.jpg,0,"('', 'person')","('person', 'tvmonitor')","('person', '')","('', 'tvmonitor')",negative
2794,data/voc2007/VOCdevkit/VOC2007/JPEGImages/005656.jpg,0,"('person', 'car')","('car', 'person')","('car', '')","('', 'person')",hybrid
2795,data/voc2007/VOCdevkit/VOC2007/JPEGImages/000108.jpg,0,"('', 'chair')","('chair', 'sofa')","('chair', '')","('', 'sofa')",negative
2796,data/voc2007/VOCdevkit/VOC2007/JPEGImages/001748.jpg,0,"('person and bicycle', '')","('chair', 'person')","('chair', '')","('', 'person')",positive
2797,data/voc2007/VOCdevkit/VOC2007/JPEGImages/008071.jpg,0,"('dog', 'chair')","('chair', 'dog')","('chair', '')","('', 'dog')",hybrid
2798,data/voc2007/VOCdevkit/VOC2007/JPEGImages/003558.jpg,0,"('', 'car')","('car', 'tvmonitor')","('car', '')","('', 'tvmonitor')",negative
2799,data/voc2007/VOCdevkit/VOC2007/JPEGImages/004921.jpg,0,"('', 'car')","('car', 'train')","('car', '')","('', 'train')",negative
2800,data/voc2007/VOCdevkit/VOC2007/JPEGImages/008946.jpg,0,"('person and tvmonitor', '')","('chair', 'person')","('chair', '')","('', 'person')",positive
2801,data/voc2007/VOCdevkit/VOC2007/JPEGImages/005313.jpg,0,"('', 'diningtable')","('diningtable', 'chair')","('diningtable', '')","('', 'chair')",negative
2802,data/voc2007/VOCdevkit/VOC2007/JPEGImages/007780.jpg,0,"('person', 'car')","('car', 'person')","('car', '')","('', 'person')",hybrid
2803,data/voc2007/VOCdevkit/VOC2007/JPEGImages/007027.jpg,0,"('cat', 'person')","('person', 'cat')","('person', '')","('', 'cat')",hybrid
2804,data/voc2007/VOCdevkit/VOC2007/JPEGImages/003139.jpg,0,"('diningtable', 'car')","('car', 'diningtable')","('car', '')","('', 'diningtable')",hybrid
2805,data/voc2007/VOCdevkit/VOC2007/JPEGImages/009715.jpg,0,"('person', 'car')","('car', 'person')","('car', '')","('', 'person')",hybrid
2806,data/voc2007/VOCdevkit/VOC2007/JPEGImages/005772.jpg,0,"('', 'person')","('person', 'bird')","('person', '')","('', 'bird')",negative
2807,data/voc2007/VOCdevkit/VOC2007/JPEGImages/004695.jpg,0,"('sofa', 'person')","('person', 'sofa')","('person', '')","('', 'sofa')",hybrid
2808,data/voc2007/VOCdevkit/VOC2007/JPEGImages/004132.jpg,0,"('sofa and person', '')","('car', 'sofa')","('car', '')","('', 'sofa')",positive
2809,data/voc2007/VOCdevkit/VOC2007/JPEGImages/008155.jpg,0,"('sofa and pottedplant', '')","('chair', 'sofa')","('chair', '')","('', 'sofa')",positive
2810,data/voc2007/VOCdevkit/VOC2007/JPEGImages/008623.jpg,0,"('person', 'car')","('car', 'person')","('car', '')","('', 'person')",hybrid
2811,data/voc2007/VOCdevkit/VOC2007/JPEGImages/008184.jpg,0,"('chair', 'diningtable')","('diningtable', 'chair')","('diningtable', '')","('', 'chair')",hybrid
2812,data/voc2007/VOCdevkit/VOC2007/JPEGImages/009402.jpg,0,"('person', 'chair')","('chair', 'person')","('chair', '')","('', 'person')",hybrid
2813,data/voc2007/VOCdevkit/VOC2007/JPEGImages/008242.jpg,0,"('', 'car')","('car', 'motorbike')","('car', '')","('', 'motorbike')",negative
2814,data/voc2007/VOCdevkit/VOC2007/JPEGImages/001909.jpg,0,"('', 'tvmonitor')","('tvmonitor', 'cat')","('tvmonitor', '')","('', 'cat')",negative
2815,data/voc2007/VOCdevkit/VOC2007/JPEGImages/004225.jpg,0,"('', 'car')","('car', 'person')","('car', '')","('', 'person')",negative
2816,data/voc2007/VOCdevkit/VOC2007/JPEGImages/004582.jpg,0,"('', 'person')","('person', 'sheep')","('person', '')","('', 'sheep')",negative
2817,data/voc2007/VOCdevkit/VOC2007/JPEGImages/006902.jpg,0,"('', 'chair')","('chair', 'diningtable')","('chair', '')","('', 'diningtable')",negative
2818,data/voc2007/VOCdevkit/VOC2007/JPEGImages/006049.jpg,0,"('pottedplant', 'chair')","('chair', 'pottedplant')","('chair', '')","('', 'pottedplant')",hybrid
2819,data/voc2007/VOCdevkit/VOC2007/JPEGImages/002157.jpg,0,"('', 'person')","('person', 'aeroplane')","('person', '')","('', 'aeroplane')",negative
2820,data/voc2007/VOCdevkit/VOC2007/JPEGImages/007609.jpg,0,"('horse and person', '')","('chair', 'horse')","('chair', '')","('', 'horse')",positive
2821,data/voc2007/VOCdevkit/VOC2007/JPEGImages/000602.jpg,0,"('', 'horse')","('horse', 'person')","('horse', '')","('', 'person')",negative
2822,data/voc2007/VOCdevkit/VOC2007/JPEGImages/007268.jpg,0,"('', 'car')","('car', 'chair')","('car', '')","('', 'chair')",negative
2823,data/voc2007/VOCdevkit/VOC2007/JPEGImages/002536.jpg,0,"('', 'person')","('person', 'diningtable')","('person', '')","('', 'diningtable')",negative
2824,data/voc2007/VOCdevkit/VOC2007/JPEGImages/009928.jpg,0,"('', 'diningtable')","('diningtable', 'chair')","('diningtable', '')","('', 'chair')",negative
2825,data/voc2007/VOCdevkit/VOC2007/JPEGImages/001423.jpg,0,"('', 'car')","('car', 'person')","('car', '')","('', 'person')",negative
2826,data/voc2007/VOCdevkit/VOC2007/JPEGImages/001851.jpg,0,"('car', 'bus')","('bus', 'car')","('bus', '')","('', 'car')",hybrid
2827,data/voc2007/VOCdevkit/VOC2007/JPEGImages/001880.jpg,0,"('pottedplant', 'person')","('person', 'pottedplant')","('person', '')","('', 'pottedplant')",hybrid
2828,data/voc2007/VOCdevkit/VOC2007/JPEGImages/001355.jpg,0,"('boat', 'person')","('person', 'boat')","('person', '')","('', 'boat')",hybrid
2829,data/voc2007/VOCdevkit/VOC2007/JPEGImages/003400.jpg,0,"('bicycle', 'person')","('person', 'bicycle')","('person', '')","('', 'bicycle')",hybrid
2830,data/voc2007/VOCdevkit/VOC2007/JPEGImages/002240.jpg,0,"('', 'person')","('person', 'chair')","('person', '')","('', 'chair')",negative
2831,data/voc2007/VOCdevkit/VOC2007/JPEGImages/007379.jpg,0,"('person', 'car')","('car', 'person')","('car', '')","('', 'person')",hybrid
2832,data/voc2007/VOCdevkit/VOC2007/JPEGImages/002380.jpg,0,"('', 'boat')","('boat', 'bird')","('boat', '')","('', 'bird')",negative
2833,data/voc2007/VOCdevkit/VOC2007/JPEGImages/006539.jpg,0,"('', 'car')","('car', 'person')","('car', '')","('', 'person')",negative
2834,data/voc2007/VOCdevkit/VOC2007/JPEGImages/003267.jpg,0,"('', 'boat')","('boat', 'bird')","('boat', '')","('', 'bird')",negative
2835,data/voc2007/VOCdevkit/VOC2007/JPEGImages/001295.jpg,0,"('bottle', 'person')","('person', 'bottle')","('person', '')","('', 'bottle')",hybrid
2836,data/voc2007/VOCdevkit/VOC2007/JPEGImages/002046.jpg,0,"('horse', 'person')","('person', 'horse')","('person', '')","('', 'horse')",hybrid
2837,data/voc2007/VOCdevkit/VOC2007/JPEGImages/001153.jpg,0,"('', 'car')","('car', 'aeroplane')","('car', '')","('', 'aeroplane')",negative
2838,data/voc2007/VOCdevkit/VOC2007/JPEGImages/001625.jpg,0,"('', 'car')","('car', 'sheep')","('car', '')","('', 'sheep')",negative
2839,data/voc2007/VOCdevkit/VOC2007/JPEGImages/002097.jpg,0,"('', 'car')","('car', 'person')","('car', '')","('', 'person')",negative
2840,data/voc2007/VOCdevkit/VOC2007/JPEGImages/001991.jpg,0,"('car', 'person')","('person', 'car')","('person', '')","('', 'car')",hybrid
2841,data/voc2007/VOCdevkit/VOC2007/JPEGImages/001244.jpg,0,"('chair and person', '')","('diningtable', 'chair')","('diningtable', '')","('', 'chair')",positive
2842,data/voc2007/VOCdevkit/VOC2007/JPEGImages/002351.jpg,0,"('', 'person')","('person', 'train')","('person', '')","('', 'train')",negative
2843,data/voc2007/VOCdevkit/VOC2007/JPEGImages/007136.jpg,0,"('person', 'car')","('car', 'person')","('car', '')","('', 'person')",hybrid
2844,data/voc2007/VOCdevkit/VOC2007/JPEGImages/006776.jpg,0,"('', 'person')","('person', 'pottedplant')","('person', '')","('', 'pottedplant')",negative
2845,data/voc2007/VOCdevkit/VOC2007/JPEGImages/005663.jpg,0,"('bus and car', '')","('person', 'bus')","('person', '')","('', 'bus')",positive
2846,data/voc2007/VOCdevkit/VOC2007/JPEGImages/009604.jpg,0,"('', 'sofa')","('sofa', 'dog')","('sofa', '')","('', 'dog')",negative
2847,data/voc2007/VOCdevkit/VOC2007/JPEGImages/004784.jpg,0,"('aeroplane', 'person')","('person', 'aeroplane')","('person', '')","('', 'aeroplane')",hybrid
2848,data/voc2007/VOCdevkit/VOC2007/JPEGImages/006317.jpg,0,"('bus', 'car')","('car', 'bus')","('car', '')","('', 'bus')",hybrid
2849,data/voc2007/VOCdevkit/VOC2007/JPEGImages/007557.jpg,0,"('', 'boat')","('boat', 'bird')","('boat', '')","('', 'bird')",negative
2850,data/voc2007/VOCdevkit/VOC2007/JPEGImages/008382.jpg,0,"('', 'sofa')","('sofa', 'chair')","('sofa', '')","('', 'chair')",negative
2851,data/voc2007/VOCdevkit/VOC2007/JPEGImages/008382.jpg,0,"('pottedplant and chair', '')","('car', 'pottedplant')","('car', '')","('', 'pottedplant')",positive
2852,data/voc2007/VOCdevkit/VOC2007/JPEGImages/008857.jpg,0,"('person', 'chair')","('chair', 'person')","('chair', '')","('', 'person')",hybrid
2853,data/voc2007/VOCdevkit/VOC2007/JPEGImages/004442.jpg,0,"('', 'bus')","('bus', 'car')","('bus', '')","('', 'car')",negative
2854,data/voc2007/VOCdevkit/VOC2007/JPEGImages/009265.jpg,0,"('bus', 'person')","('person', 'bus')","('person', '')","('', 'bus')",hybrid
2855,data/voc2007/VOCdevkit/VOC2007/JPEGImages/009513.jpg,0,"('chair and dog', '')","('person', 'chair')","('person', '')","('', 'chair')",positive
2856,data/voc2007/VOCdevkit/VOC2007/JPEGImages/004334.jpg,0,"('person', 'car')","('car', 'person')","('car', '')","('', 'person')",hybrid
2857,data/voc2007/VOCdevkit/VOC2007/JPEGImages/008353.jpg,0,"('car', 'bus')","('bus', 'car')","('bus', '')","('', 'car')",hybrid
2858,data/voc2007/VOCdevkit/VOC2007/JPEGImages/007221.jpg,0,"('', 'tvmonitor')","('tvmonitor', 'cat')","('tvmonitor', '')","('', 'cat')",negative
2859,data/voc2007/VOCdevkit/VOC2007/JPEGImages/006461.jpg,0,"('diningtable and sofa', '')","('pottedplant', 'diningtable')","('pottedplant', '')","('', 'diningtable')",positive
2860,data/voc2007/VOCdevkit/VOC2007/JPEGImages/003498.jpg,0,"('', 'car')","('car', 'boat')","('car', '')","('', 'boat')",negative
2861,data/voc2007/VOCdevkit/VOC2007/JPEGImages/004755.jpg,0,"('', 'bus')","('bus', 'car')","('bus', '')","('', 'car')",negative
2862,data/voc2007/VOCdevkit/VOC2007/JPEGImages/009172.jpg,0,"('', 'chair')","('chair', 'pottedplant')","('chair', '')","('', 'pottedplant')",negative
2863,data/voc2007/VOCdevkit/VOC2007/JPEGImages/005115.jpg,0,"('bird', 'boat')","('boat', 'bird')","('boat', '')","('', 'bird')",hybrid
2864,data/voc2007/VOCdevkit/VOC2007/JPEGImages/009390.jpg,0,"('bird', 'person')","('person', 'bird')","('person', '')","('', 'bird')",hybrid
2865,data/voc2007/VOCdevkit/VOC2007/JPEGImages/005822.jpg,0,"('person', 'chair')","('chair', 'person')","('chair', '')","('', 'person')",hybrid
2866,data/voc2007/VOCdevkit/VOC2007/JPEGImages/004210.jpg,0,"('person and sofa', '')","('chair', 'person')","('chair', '')","('', 'person')",positive
2867,data/voc2007/VOCdevkit/VOC2007/JPEGImages/008277.jpg,0,"('person and tvmonitor', '')","('car', 'person')","('car', '')","('', 'person')",positive
2868,data/voc2007/VOCdevkit/VOC2007/JPEGImages/002829.jpg,0,"('car', 'bus')","('bus', 'car')","('bus', '')","('', 'car')",hybrid
2869,data/voc2007/VOCdevkit/VOC2007/JPEGImages/006937.jpg,0,"('sofa and pottedplant', '')","('person', 'sofa')","('person', '')","('', 'sofa')",positive
2870,data/voc2007/VOCdevkit/VOC2007/JPEGImages/006545.jpg,0,"('cat', 'chair')","('chair', 'cat')","('chair', '')","('', 'cat')",hybrid
2871,data/voc2007/VOCdevkit/VOC2007/JPEGImages/008616.jpg,0,"('person', 'chair')","('chair', 'person')","('chair', '')","('', 'person')",hybrid
2872,data/voc2007/VOCdevkit/VOC2007/JPEGImages/009056.jpg,0,"('chair', 'person')","('person', 'chair')","('person', '')","('', 'chair')",hybrid
2873,data/voc2007/VOCdevkit/VOC2007/JPEGImages/005031.jpg,0,"('person and bicycle', '')","('car', 'person')","('car', '')","('', 'person')",positive
2874,data/voc2007/VOCdevkit/VOC2007/JPEGImages/006683.jpg,0,"('bird', 'boat')","('boat', 'bird')","('boat', '')","('', 'bird')",hybrid
2875,data/voc2007/VOCdevkit/VOC2007/JPEGImages/007764.jpg,0,"('', 'car')","('car', 'train')","('car', '')","('', 'train')",negative
2876,data/voc2007/VOCdevkit/VOC2007/JPEGImages/007012.jpg,0,"('', 'person')","('person', 'chair')","('person', '')","('', 'chair')",negative
2877,data/voc2007/VOCdevkit/VOC2007/JPEGImages/009720.jpg,0,"('', 'tvmonitor')","('tvmonitor', 'cat')","('tvmonitor', '')","('', 'cat')",negative
2878,data/voc2007/VOCdevkit/VOC2007/JPEGImages/004107.jpg,0,"('', 'person')","('person', 'car')","('person', '')","('', 'car')",negative
2879,data/voc2007/VOCdevkit/VOC2007/JPEGImages/001659.jpg,0,"('bus', 'car')","('car', 'bus')","('car', '')","('', 'bus')",hybrid
2880,data/voc2007/VOCdevkit/VOC2007/JPEGImages/006594.jpg,0,"('', 'chair')","('chair', 'person')","('chair', '')","('', 'person')",negative
2881,data/voc2007/VOCdevkit/VOC2007/JPEGImages/007801.jpg,0,"('', 'chair')","('chair', 'person')","('chair', '')","('', 'person')",negative
2882,data/voc2007/VOCdevkit/VOC2007/JPEGImages/007473.jpg,0,"('', 'person')","('person', 'pottedplant')","('person', '')","('', 'pottedplant')",negative
2883,data/voc2007/VOCdevkit/VOC2007/JPEGImages/008501.jpg,0,"('', 'chair')","('chair', 'person')","('chair', '')","('', 'person')",negative
2884,data/voc2007/VOCdevkit/VOC2007/JPEGImages/001238.jpg,0,"('bicycle and person', '')","('chair', 'bicycle')","('chair', '')","('', 'bicycle')",positive
2885,data/voc2007/VOCdevkit/VOC2007/JPEGImages/004914.jpg,0,"('boat', 'car')","('car', 'boat')","('car', '')","('', 'boat')",hybrid
2886,data/voc2007/VOCdevkit/VOC2007/JPEGImages/000478.jpg,0,"('', 'person')","('person', 'dog')","('person', '')","('', 'dog')",negative
2887,data/voc2007/VOCdevkit/VOC2007/JPEGImages/009341.jpg,0,"('', 'bus')","('bus', 'car')","('bus', '')","('', 'car')",negative
2888,data/voc2007/VOCdevkit/VOC2007/JPEGImages/008038.jpg,0,"('', 'car')","('car', 'person')","('car', '')","('', 'person')",negative
2889,data/voc2007/VOCdevkit/VOC2007/JPEGImages/001701.jpg,0,"('', 'bus')","('bus', 'car')","('bus', '')","('', 'car')",negative
2890,data/voc2007/VOCdevkit/VOC2007/JPEGImages/002614.jpg,0,"('person and bottle', '')","('chair', 'person')","('chair', '')","('', 'person')",positive
2891,data/voc2007/VOCdevkit/VOC2007/JPEGImages/008459.jpg,0,"('', 'person')","('person', 'aeroplane')","('person', '')","('', 'aeroplane')",negative
2892,data/voc2007/VOCdevkit/VOC2007/JPEGImages/004399.jpg,0,"('cow', 'car')","('car', 'cow')","('car', '')","('', 'cow')",hybrid
2893,data/voc2007/VOCdevkit/VOC2007/JPEGImages/000952.jpg,0,"('person', 'chair')","('chair', 'person')","('chair', '')","('', 'person')",hybrid
2894,data/voc2007/VOCdevkit/VOC2007/JPEGImages/009219.jpg,0,"('', 'car')","('car', 'person')","('car', '')","('', 'person')",negative
2895,data/voc2007/VOCdevkit/VOC2007/JPEGImages/000287.jpg,0,"('person', 'chair')","('chair', 'person')","('chair', '')","('', 'person')",hybrid
2896,data/voc2007/VOCdevkit/VOC2007/JPEGImages/002275.jpg,0,"('', 'person')","('person', 'cat')","('person', '')","('', 'cat')",negative
2897,data/voc2007/VOCdevkit/VOC2007/JPEGImages/007988.jpg,0,"('', 'chair')","('chair', 'person')","('chair', '')","('', 'person')",negative
2898,data/voc2007/VOCdevkit/VOC2007/JPEGImages/002971.jpg,0,"('', 'car')","('car', 'aeroplane')","('car', '')","('', 'aeroplane')",negative
2899,data/voc2007/VOCdevkit/VOC2007/JPEGImages/002503.jpg,0,"('person and tvmonitor', '')","('diningtable', 'person')","('diningtable', '')","('', 'person')",positive
2900,data/voc2007/VOCdevkit/VOC2007/JPEGImages/003896.jpg,0,"('', 'chair')","('chair', 'person')","('chair', '')","('', 'person')",negative
2901,data/voc2007/VOCdevkit/VOC2007/JPEGImages/000983.jpg,0,"('pottedplant', 'person')","('person', 'pottedplant')","('person', '')","('', 'pottedplant')",hybrid
2902,data/voc2007/VOCdevkit/VOC2007/JPEGImages/008488.jpg,0,"('car', 'person')","('person', 'car')","('person', '')","('', 'car')",hybrid
2903,data/voc2007/VOCdevkit/VOC2007/JPEGImages/004348.jpg,0,"('diningtable', 'person')","('person', 'diningtable')","('person', '')","('', 'diningtable')",hybrid
2904,data/voc2007/VOCdevkit/VOC2007/JPEGImages/001416.jpg,0,"('', 'person')","('person', 'sheep')","('person', '')","('', 'sheep')",negative
2905,data/voc2007/VOCdevkit/VOC2007/JPEGImages/002162.jpg,0,"('cat', 'tvmonitor')","('tvmonitor', 'cat')","('tvmonitor', '')","('', 'cat')",hybrid
2906,data/voc2007/VOCdevkit/VOC2007/JPEGImages/004729.jpg,0,"('motorbike', 'person')","('person', 'motorbike')","('person', '')","('', 'motorbike')",hybrid
2907,data/voc2007/VOCdevkit/VOC2007/JPEGImages/004217.jpg,0,"('car', 'bus')","('bus', 'car')","('bus', '')","('', 'car')",hybrid
2908,data/voc2007/VOCdevkit/VOC2007/JPEGImages/001549.jpg,0,"('', 'person')","('person', 'tvmonitor')","('person', '')","('', 'tvmonitor')",negative
2909,data/voc2007/VOCdevkit/VOC2007/JPEGImages/008270.jpg,0,"('car', 'bus')","('bus', 'car')","('bus', '')","('', 'car')",hybrid
2910,data/voc2007/VOCdevkit/VOC2007/JPEGImages/009430.jpg,0,"('person and car', '')","('horse', 'person')","('horse', '')","('', 'person')",positive
2911,data/voc2007/VOCdevkit/VOC2007/JPEGImages/000309.jpg,0,"('', 'boat')","('boat', 'bird')","('boat', '')","('', 'bird')",negative
2912,data/voc2007/VOCdevkit/VOC2007/JPEGImages/009397.jpg,0,"('chair', 'person')","('person', 'chair')","('person', '')","('', 'chair')",hybrid
2913,data/voc2007/VOCdevkit/VOC2007/JPEGImages/001128.jpg,0,"('', 'person')","('person', 'cat')","('person', '')","('', 'cat')",negative
2914,data/voc2007/VOCdevkit/VOC2007/JPEGImages/008611.jpg,0,"('tvmonitor', 'chair')","('chair', 'tvmonitor')","('chair', '')","('', 'tvmonitor')",hybrid
2915,data/voc2007/VOCdevkit/VOC2007/JPEGImages/006655.jpg,0,"('dog', 'person')","('person', 'dog')","('person', '')","('', 'dog')",hybrid
2916,data/voc2007/VOCdevkit/VOC2007/JPEGImages/007015.jpg,0,"('car', 'person')","('person', 'car')","('person', '')","('', 'car')",hybrid
2917,data/voc2007/VOCdevkit/VOC2007/JPEGImages/008167.jpg,0,"('', 'chair')","('chair', 'dog')","('chair', '')","('', 'dog')",negative
2918,data/voc2007/VOCdevkit/VOC2007/JPEGImages/009727.jpg,0,"('boat', 'car')","('car', 'boat')","('car', '')","('', 'boat')",hybrid
2919,data/voc2007/VOCdevkit/VOC2007/JPEGImages/007806.jpg,0,"('aeroplane', 'person')","('person', 'aeroplane')","('person', '')","('', 'aeroplane')",hybrid
2920,data/voc2007/VOCdevkit/VOC2007/JPEGImages/009893.jpg,0,"('bird', 'person')","('person', 'bird')","('person', '')","('', 'bird')",hybrid
2921,data/voc2007/VOCdevkit/VOC2007/JPEGImages/005321.jpg,0,"('person', 'chair')","('chair', 'person')","('chair', '')","('', 'person')",hybrid
2922,data/voc2007/VOCdevkit/VOC2007/JPEGImages/009346.jpg,0,"('cat', 'tvmonitor')","('tvmonitor', 'cat')","('tvmonitor', '')","('', 'cat')",hybrid
2923,data/voc2007/VOCdevkit/VOC2007/JPEGImages/008974.jpg,0,"('person', 'chair')","('chair', 'person')","('chair', '')","('', 'person')",hybrid
2924,data/voc2007/VOCdevkit/VOC2007/JPEGImages/004561.jpg,0,"('horse', 'car')","('car', 'horse')","('car', '')","('', 'horse')",hybrid
2925,data/voc2007/VOCdevkit/VOC2007/JPEGImages/008798.jpg,0,"('', 'person')","('person', 'bus')","('person', '')","('', 'bus')",negative
2926,data/voc2007/VOCdevkit/VOC2007/JPEGImages/001706.jpg,0,"('', 'car')","('car', 'person')","('car', '')","('', 'person')",negative
2927,data/voc2007/VOCdevkit/VOC2007/JPEGImages/000280.jpg,0,"('', 'chair')","('chair', 'diningtable')","('chair', '')","('', 'diningtable')",negative
2928,data/voc2007/VOCdevkit/VOC2007/JPEGImages/005279.jpg,0,"('', 'person')","('person', 'chair')","('person', '')","('', 'chair')",negative
2929,data/voc2007/VOCdevkit/VOC2007/JPEGImages/000955.jpg,0,"('', 'car')","('car', 'person')","('car', '')","('', 'person')",negative
2930,data/voc2007/VOCdevkit/VOC2007/JPEGImages/000527.jpg,0,"('', 'chair')","('chair', 'bicycle')","('chair', '')","('', 'bicycle')",negative
2931,data/voc2007/VOCdevkit/VOC2007/JPEGImages/001367.jpg,0,"('tvmonitor', 'chair')","('chair', 'tvmonitor')","('chair', '')","('', 'tvmonitor')",hybrid
2932,data/voc2007/VOCdevkit/VOC2007/JPEGImages/003432.jpg,0,"('bird', 'boat')","('boat', 'bird')","('boat', '')","('', 'bird')",hybrid
2933,data/voc2007/VOCdevkit/VOC2007/JPEGImages/003840.jpg,0,"('cow', 'person')","('person', 'cow')","('person', '')","('', 'cow')",hybrid
2934,data/voc2007/VOCdevkit/VOC2007/JPEGImages/001863.jpg,0,"('', 'person')","('person', 'car')","('person', '')","('', 'car')",negative
2935,data/voc2007/VOCdevkit/VOC2007/JPEGImages/001411.jpg,0,"('sofa and person', '')","('car', 'sofa')","('car', '')","('', 'sofa')",positive
2936,data/voc2007/VOCdevkit/VOC2007/JPEGImages/008328.jpg,0,"('', 'sofa')","('sofa', 'dog')","('sofa', '')","('', 'dog')",negative
2937,data/voc2007/VOCdevkit/VOC2007/JPEGImages/000984.jpg,0,"('car and person', '')","('horse', 'car')","('horse', '')","('', 'car')",positive
2938,data/voc2007/VOCdevkit/VOC2007/JPEGImages/003725.jpg,0,"('sofa and bottle', '')","('chair', 'sofa')","('chair', '')","('', 'sofa')",positive
2939,data/voc2007/VOCdevkit/VOC2007/JPEGImages/009109.jpg,0,"('diningtable and chair', '')","('sofa', 'diningtable')","('sofa', '')","('', 'diningtable')",positive
2940,data/voc2007/VOCdevkit/VOC2007/JPEGImages/000630.jpg,0,"('motorbike and person', '')","('car', 'motorbike')","('car', '')","('', 'motorbike')",positive
2941,data/voc2007/VOCdevkit/VOC2007/JPEGImages/000197.jpg,0,"('car', 'person')","('person', 'car')","('person', '')","('', 'car')",hybrid
2942,data/voc2007/VOCdevkit/VOC2007/JPEGImages/001070.jpg,0,"('', 'chair')","('chair', 'pottedplant')","('chair', '')","('', 'pottedplant')",negative
2943,data/voc2007/VOCdevkit/VOC2007/JPEGImages/002852.jpg,0,"('', 'person')","('person', 'dog')","('person', '')","('', 'dog')",negative
2944,data/voc2007/VOCdevkit/VOC2007/JPEGImages/001535.jpg,0,"('', 'bus')","('bus', 'car')","('bus', '')","('', 'car')",negative
2945,data/voc2007/VOCdevkit/VOC2007/JPEGImages/001947.jpg,0,"('', 'car')","('car', 'person')","('car', '')","('', 'person')",negative
2946,data/voc2007/VOCdevkit/VOC2007/JPEGImages/000375.jpg,0,"('', 'car')","('car', 'boat')","('car', '')","('', 'boat')",negative
2947,data/voc2007/VOCdevkit/VOC2007/JPEGImages/002041.jpg,0,"('person and car', '')","('horse', 'person')","('horse', '')","('', 'person')",positive
2948,data/voc2007/VOCdevkit/VOC2007/JPEGImages/003601.jpg,0,"('person and train', '')","('chair', 'person')","('chair', '')","('', 'person')",positive
2949,data/voc2007/VOCdevkit/VOC2007/JPEGImages/000062.jpg,0,"('', 'person')","('person', 'sheep')","('person', '')","('', 'sheep')",negative
2950,data/voc2007/VOCdevkit/VOC2007/JPEGImages/006629.jpg,0,"('', 'chair')","('chair', 'train')","('chair', '')","('', 'train')",negative
2951,data/voc2007/VOCdevkit/VOC2007/JPEGImages/007069.jpg,0,"('', 'person')","('person', 'cow')","('person', '')","('', 'cow')",negative
2952,data/voc2007/VOCdevkit/VOC2007/JPEGImages/008908.jpg,0,"('aeroplane', 'car')","('car', 'aeroplane')","('car', '')","('', 'aeroplane')",hybrid
2953,data/voc2007/VOCdevkit/VOC2007/JPEGImages/001243.jpg,0,"('', 'car')","('car', 'person')","('car', '')","('', 'person')",negative
2954,data/voc2007/VOCdevkit/VOC2007/JPEGImages/001996.jpg,0,"('', 'person')","('person', 'aeroplane')","('person', '')","('', 'aeroplane')",negative
2955,data/voc2007/VOCdevkit/VOC2007/JPEGImages/002356.jpg,0,"('', 'person')","('person', 'tvmonitor')","('person', '')","('', 'tvmonitor')",negative
2956,data/voc2007/VOCdevkit/VOC2007/JPEGImages/002883.jpg,0,"('', 'car')","('car', 'person')","('car', '')","('', 'person')",negative
2957,data/voc2007/VOCdevkit/VOC2007/JPEGImages/003964.jpg,0,"('dog', 'person')","('person', 'dog')","('person', '')","('', 'dog')",hybrid
2958,data/voc2007/VOCdevkit/VOC2007/JPEGImages/006248.jpg,0,"('bottle', 'chair')","('chair', 'bottle')","('chair', '')","('', 'bottle')",hybrid
2959,data/voc2007/VOCdevkit/VOC2007/JPEGImages/006771.jpg,0,"('person and diningtable', '')","('car', 'person')","('car', '')","('', 'person')",positive
2960,data/voc2007/VOCdevkit/VOC2007/JPEGImages/007131.jpg,0,"('bicycle', 'car')","('car', 'bicycle')","('car', '')","('', 'bicycle')",hybrid
2961,data/voc2007/VOCdevkit/VOC2007/JPEGImages/004024.jpg,0,"('tvmonitor', 'chair')","('chair', 'tvmonitor')","('chair', '')","('', 'tvmonitor')",hybrid
2962,data/voc2007/VOCdevkit/VOC2007/JPEGImages/007922.jpg,0,"('bird', 'boat')","('boat', 'bird')","('boat', '')","('', 'bird')",hybrid
2963,data/voc2007/VOCdevkit/VOC2007/JPEGImages/007550.jpg,0,"('', 'person')","('person', 'motorbike')","('person', '')","('', 'motorbike')",negative
2964,data/voc2007/VOCdevkit/VOC2007/JPEGImages/006310.jpg,0,"('', 'chair')","('chair', 'person')","('chair', '')","('', 'person')",negative
2965,data/voc2007/VOCdevkit/VOC2007/JPEGImages/005205.jpg,0,"('person', 'chair')","('chair', 'person')","('chair', '')","('', 'person')",hybrid
2966,data/voc2007/VOCdevkit/VOC2007/JPEGImages/009262.jpg,0,"('', 'person')","('person', 'aeroplane')","('person', '')","('', 'aeroplane')",negative
2967,data/voc2007/VOCdevkit/VOC2007/JPEGImages/008850.jpg,0,"('pottedplant', 'chair')","('chair', 'pottedplant')","('chair', '')","('', 'pottedplant')",hybrid
2968,data/voc2007/VOCdevkit/VOC2007/JPEGImages/004445.jpg,0,"('', 'car')","('car', 'cow')","('car', '')","('', 'cow')",negative
2969,data/voc2007/VOCdevkit/VOC2007/JPEGImages/008881.jpg,0,"('aeroplane', 'person')","('person', 'aeroplane')","('person', '')","('', 'aeroplane')",hybrid
2970,data/voc2007/VOCdevkit/VOC2007/JPEGImages/008354.jpg,0,"('person and horse', '')","('car', 'person')","('car', '')","('', 'person')",positive
2971,data/voc2007/VOCdevkit/VOC2007/JPEGImages/009514.jpg,0,"('', 'car')","('car', 'pottedplant')","('car', '')","('', 'pottedplant')",negative
2972,data/voc2007/VOCdevkit/VOC2007/JPEGImages/009514.jpg,0,"('', 'sofa')","('sofa', 'chair')","('sofa', '')","('', 'chair')",negative
2973,data/voc2007/VOCdevkit/VOC2007/JPEGImages/007581.jpg,0,"('', 'person')","('person', 'train')","('person', '')","('', 'train')",negative
2974,data/voc2007/VOCdevkit/VOC2007/JPEGImages/007226.jpg,0,"('train', 'person')","('person', 'train')","('person', '')","('', 'train')",hybrid
2975,data/voc2007/VOCdevkit/VOC2007/JPEGImages/005112.jpg,0,"('', 'car')","('car', 'boat')","('car', '')","('', 'boat')",negative
2976,data/voc2007/VOCdevkit/VOC2007/JPEGImages/008092.jpg,0,"('', 'person')","('person', 'train')","('person', '')","('', 'train')",negative
2977,data/voc2007/VOCdevkit/VOC2007/JPEGImages/004752.jpg,0,"('', 'car')","('car', 'aeroplane')","('car', '')","('', 'aeroplane')",negative
2978,data/voc2007/VOCdevkit/VOC2007/JPEGImages/008735.jpg,0,"('bicycle', 'car')","('car', 'bicycle')","('car', '')","('', 'bicycle')",hybrid
2979,data/voc2007/VOCdevkit/VOC2007/JPEGImages/002119.jpg,0,"('person and tvmonitor', '')","('car', 'person')","('car', '')","('', 'person')",positive
2980,data/voc2007/VOCdevkit/VOC2007/JPEGImages/006007.jpg,0,"('dog', 'person')","('person', 'dog')","('person', '')","('', 'dog')",hybrid
2981,data/voc2007/VOCdevkit/VOC2007/JPEGImages/003212.jpg,0,"('sofa', 'chair')","('chair', 'sofa')","('chair', '')","('', 'sofa')",hybrid
2982,data/voc2007/VOCdevkit/VOC2007/JPEGImages/005459.jpg,0,"('', 'car')","('car', 'person')","('car', '')","('', 'person')",negative
2983,data/voc2007/VOCdevkit/VOC2007/JPEGImages/009399.jpg,0,"('', 'person')","('person', 'train')","('person', '')","('', 'train')",negative
2984,data/voc2007/VOCdevkit/VOC2007/JPEGImages/004219.jpg,0,"('sofa', 'chair')","('chair', 'sofa')","('chair', '')","('', 'sofa')",hybrid
2985,data/voc2007/VOCdevkit/VOC2007/JPEGImages/001547.jpg,0,"('', 'car')","('car', 'aeroplane')","('car', '')","('', 'aeroplane')",negative
2986,data/voc2007/VOCdevkit/VOC2007/JPEGImages/001935.jpg,0,"('', 'chair')","('chair', 'car')","('chair', '')","('', 'car')",negative
2987,data/voc2007/VOCdevkit/VOC2007/JPEGImages/002033.jpg,0,"('', 'person')","('person', 'sheep')","('person', '')","('', 'sheep')",negative
2988,data/voc2007/VOCdevkit/VOC2007/JPEGImages/001126.jpg,0,"('', 'person')","('person', 'aeroplane')","('person', '')","('', 'aeroplane')",negative
2989,data/voc2007/VOCdevkit/VOC2007/JPEGImages/004678.jpg,0,"('bird', 'boat')","('boat', 'bird')","('boat', '')","('', 'bird')",hybrid
2990,data/voc2007/VOCdevkit/VOC2007/JPEGImages/001681.jpg,0,"('bird', 'boat')","('boat', 'bird')","('boat', '')","('', 'bird')",hybrid
2991,data/voc2007/VOCdevkit/VOC2007/JPEGImages/005038.jpg,0,"('', 'person')","('person', 'cat')","('person', '')","('', 'cat')",negative
2992,data/voc2007/VOCdevkit/VOC2007/JPEGImages/000766.jpg,0,"('person', 'chair')","('chair', 'person')","('chair', '')","('', 'person')",hybrid
2993,data/voc2007/VOCdevkit/VOC2007/JPEGImages/000010.jpg,0,"('', 'chair')","('chair', 'person')","('chair', '')","('', 'person')",negative
2994,data/voc2007/VOCdevkit/VOC2007/JPEGImages/001596.jpg,0,"('', 'car')","('car', 'person')","('car', '')","('', 'person')",negative
2995,data/voc2007/VOCdevkit/VOC2007/JPEGImages/008508.jpg,0,"('', 'boat')","('boat', 'bird')","('boat', '')","('', 'bird')",negative
2996,data/voc2007/VOCdevkit/VOC2007/JPEGImages/005488.jpg,0,"('person', 'chair')","('chair', 'person')","('chair', '')","('', 'person')",hybrid
2997,data/voc2007/VOCdevkit/VOC2007/JPEGImages/000471.jpg,0,"('car', 'person')","('person', 'car')","('person', '')","('', 'car')",hybrid
2998,data/voc2007/VOCdevkit/VOC2007/JPEGImages/000803.jpg,0,"('', 'person')","('person', 'cat')","('person', '')","('', 'cat')",negative
2999,data/voc2007/VOCdevkit/VOC2007/JPEGImages/003916.jpg,0,"('', 'bus')","('bus', 'car')","('bus', '')","('', 'car')",negative
3000,data/voc2007/VOCdevkit/VOC2007/JPEGImages/007808.jpg,0,"('sofa and tvmonitor', '')","('chair', 'sofa')","('chair', '')","('', 'sofa')",positive
3001,data/voc2007/VOCdevkit/VOC2007/JPEGImages/007143.jpg,0,"('car', 'bus')","('bus', 'car')","('bus', '')","('', 'car')",hybrid
3002,data/voc2007/VOCdevkit/VOC2007/JPEGImages/000148.jpg,0,"('', 'person')","('person', 'bird')","('person', '')","('', 'bird')",negative
3003,data/voc2007/VOCdevkit/VOC2007/JPEGImages/005616.jpg,0,"('', 'person')","('person', 'boat')","('person', '')","('', 'boat')",negative
3004,data/voc2007/VOCdevkit/VOC2007/JPEGImages/004056.jpg,0,"('bottle', 'diningtable')","('diningtable', 'bottle')","('diningtable', '')","('', 'bottle')",hybrid
3005,data/voc2007/VOCdevkit/VOC2007/JPEGImages/007522.jpg,0,"('', 'horse')","('horse', 'person')","('horse', '')","('', 'person')",negative
3006,data/voc2007/VOCdevkit/VOC2007/JPEGImages/001369.jpg,0,"('car', 'bus')","('bus', 'car')","('bus', '')","('', 'car')",hybrid
3007,data/voc2007/VOCdevkit/VOC2007/JPEGImages/004845.jpg,0,"('', 'tvmonitor')","('tvmonitor', 'cat')","('tvmonitor', '')","('', 'cat')",negative
3008,data/voc2007/VOCdevkit/VOC2007/JPEGImages/009210.jpg,0,"('', 'person')","('person', 'car')","('person', '')","('', 'car')",negative
3009,data/voc2007/VOCdevkit/VOC2007/JPEGImages/005277.jpg,0,"('dog', 'sofa')","('sofa', 'dog')","('sofa', '')","('', 'dog')",hybrid
3010,data/voc2007/VOCdevkit/VOC2007/JPEGImages/000529.jpg,0,"('', 'bus')","('bus', 'boat')","('bus', '')","('', 'boat')",negative
3011,data/voc2007/VOCdevkit/VOC2007/JPEGImages/005501.jpg,0,"('', 'person')","('person', 'car')","('person', '')","('', 'car')",negative
3012,data/voc2007/VOCdevkit/VOC2007/JPEGImages/005973.jpg,0,"('horse and person', '')","('car', 'horse')","('car', '')","('', 'horse')",positive
3013,data/voc2007/VOCdevkit/VOC2007/JPEGImages/009914.jpg,0,"('chair and tvmonitor', '')","('diningtable', 'chair')","('diningtable', '')","('', 'chair')",positive
3014,data/voc2007/VOCdevkit/VOC2007/JPEGImages/008481.jpg,0,"('car', 'diningtable')","('diningtable', 'car')","('diningtable', '')","('', 'car')",hybrid
3015,data/voc2007/VOCdevkit/VOC2007/JPEGImages/004894.jpg,0,"('', 'chair')","('chair', 'person')","('chair', '')","('', 'person')",negative
3016,data/voc2007/VOCdevkit/VOC2007/JPEGImages/007254.jpg,0,"('', 'sofa')","('sofa', 'dog')","('sofa', '')","('', 'dog')",negative
3017,data/voc2007/VOCdevkit/VOC2007/JPEGImages/007981.jpg,0,"('person', 'car')","('car', 'person')","('car', '')","('', 'person')",hybrid
3018,data/voc2007/VOCdevkit/VOC2007/JPEGImages/006414.jpg,0,"('person and cow', '')","('car', 'person')","('car', '')","('', 'person')",positive
3019,data/voc2007/VOCdevkit/VOC2007/JPEGImages/004720.jpg,0,"('cat', 'diningtable')","('diningtable', 'cat')","('diningtable', '')","('', 'cat')",hybrid
3020,data/voc2007/VOCdevkit/VOC2007/JPEGImages/009107.jpg,0,"('cat', 'tvmonitor')","('tvmonitor', 'cat')","('tvmonitor', '')","('', 'cat')",hybrid
3021,data/voc2007/VOCdevkit/VOC2007/JPEGImages/000199.jpg,0,"('', 'person')","('person', 'bird')","('person', '')","('', 'bird')",negative
3022,data/voc2007/VOCdevkit/VOC2007/JPEGImages/006075.jpg,0,"('tvmonitor', 'person')","('person', 'tvmonitor')","('person', '')","('', 'tvmonitor')",hybrid
3023,data/voc2007/VOCdevkit/VOC2007/JPEGImages/007635.jpg,0,"('boat', 'car')","('car', 'boat')","('car', '')","('', 'boat')",hybrid
3024,data/voc2007/VOCdevkit/VOC2007/JPEGImages/007192.jpg,0,"('', 'chair')","('chair', 'sofa')","('chair', '')","('', 'sofa')",negative
3025,data/voc2007/VOCdevkit/VOC2007/JPEGImages/005382.jpg,0,"('boat', 'car')","('car', 'boat')","('car', '')","('', 'boat')",hybrid
3026,data/voc2007/VOCdevkit/VOC2007/JPEGImages/005857.jpg,0,"('', 'chair')","('chair', 'pottedplant')","('chair', '')","('', 'pottedplant')",negative
3027,data/voc2007/VOCdevkit/VOC2007/JPEGImages/005425.jpg,0,"('person', 'chair')","('chair', 'person')","('chair', '')","('', 'person')",hybrid
3028,data/voc2007/VOCdevkit/VOC2007/JPEGImages/009442.jpg,0,"('dog', 'sofa')","('sofa', 'dog')","('sofa', '')","('', 'dog')",hybrid
3029,data/voc2007/VOCdevkit/VOC2007/JPEGImages/001949.jpg,0,"('chair and diningtable', '')","('sofa', 'chair')","('sofa', '')","('', 'chair')",positive
3030,data/voc2007/VOCdevkit/VOC2007/JPEGImages/002389.jpg,0,"('chair', 'person')","('person', 'chair')","('person', '')","('', 'chair')",hybrid
3031,data/voc2007/VOCdevkit/VOC2007/JPEGImages/006297.jpg,0,"('pottedplant and sofa', '')","('person', 'pottedplant')","('person', '')","('', 'pottedplant')",positive
3032,data/voc2007/VOCdevkit/VOC2007/JPEGImages/006942.jpg,0,"('', 'car')","('car', 'bicycle')","('car', '')","('', 'bicycle')",negative
3033,data/voc2007/VOCdevkit/VOC2007/JPEGImages/009784.jpg,0,"('', 'person')","('person', 'train')","('person', '')","('', 'train')",negative
3034,data/voc2007/VOCdevkit/VOC2007/JPEGImages/005044.jpg,0,"('chair and diningtable', '')","('sofa', 'chair')","('sofa', '')","('', 'chair')",positive
3035,data/voc2007/VOCdevkit/VOC2007/JPEGImages/009023.jpg,0,"('', 'horse')","('horse', 'person')","('horse', '')","('', 'person')",negative
3036,data/voc2007/VOCdevkit/VOC2007/JPEGImages/007711.jpg,0,"('', 'person')","('person', 'aeroplane')","('person', '')","('', 'aeroplane')",negative
3037,data/voc2007/VOCdevkit/VOC2007/JPEGImages/002739.jpg,0,"('motorbike and person', '')","('chair', 'motorbike')","('chair', '')","('', 'motorbike')",positive
3038,data/voc2007/VOCdevkit/VOC2007/JPEGImages/007067.jpg,0,"('sofa', 'person')","('person', 'sofa')","('person', '')","('', 'sofa')",hybrid
3039,data/voc2007/VOCdevkit/VOC2007/JPEGImages/003179.jpg,0,"('car', 'horse')","('horse', 'car')","('horse', '')","('', 'car')",hybrid
3040,data/voc2007/VOCdevkit/VOC2007/JPEGImages/005095.jpg,0,"('person', 'car')","('car', 'person')","('car', '')","('', 'person')",hybrid
3041,data/voc2007/VOCdevkit/VOC2007/JPEGImages/004172.jpg,0,"('', 'person')","('person', 'car')","('person', '')","('', 'car')",negative
3042,data/voc2007/VOCdevkit/VOC2007/JPEGImages/006246.jpg,0,"('', 'person')","('person', 'car')","('person', '')","('', 'car')",negative
3043,data/voc2007/VOCdevkit/VOC2007/JPEGImages/006993.jpg,0,"('bicycle', 'car')","('car', 'bicycle')","('car', '')","('', 'bicycle')",hybrid
3044,data/voc2007/VOCdevkit/VOC2007/JPEGImages/007406.jpg,0,"('pottedplant and chair', '')","('diningtable', 'pottedplant')","('diningtable', '')","('', 'pottedplant')",positive
3045,data/voc2007/VOCdevkit/VOC2007/JPEGImages/007874.jpg,0,"('person and horse', '')","('car', 'person')","('car', '')","('', 'person')",positive
3046,data/voc2007/VOCdevkit/VOC2007/JPEGImages/002358.jpg,0,"('car', 'person')","('person', 'car')","('person', '')","('', 'car')",hybrid
3047,data/voc2007/VOCdevkit/VOC2007/JPEGImages/004513.jpg,0,"('', 'boat')","('boat', 'bird')","('boat', '')","('', 'bird')",negative
3048,data/voc2007/VOCdevkit/VOC2007/JPEGImages/008574.jpg,0,"('', 'car')","('car', 'person')","('car', '')","('', 'person')",negative
3049,data/voc2007/VOCdevkit/VOC2007/JPEGImages/008906.jpg,0,"('', 'person')","('person', 'cat')","('person', '')","('', 'cat')",negative
3050,data/voc2007/VOCdevkit/VOC2007/JPEGImages/001998.jpg,0,"('', 'chair')","('chair', 'person')","('chair', '')","('', 'person')",negative
3051,data/voc2007/VOCdevkit/VOC2007/JPEGImages/005353.jpg,0,"('', 'person')","('person', 'sofa')","('person', '')","('', 'sofa')",negative
3052,data/voc2007/VOCdevkit/VOC2007/JPEGImages/009493.jpg,0,"('', 'car')","('car', 'bicycle')","('car', '')","('', 'bicycle')",negative
3053,data/voc2007/VOCdevkit/VOC2007/JPEGImages/005886.jpg,0,"('sheep', 'dog')","('dog', 'sheep')","('dog', '')","('', 'sheep')",hybrid
3054,data/voc2007/VOCdevkit/VOC2007/JPEGImages/000693.jpg,0,"('car', 'chair')","('chair', 'car')","('chair', '')","('', 'car')",hybrid
3055,data/voc2007/VOCdevkit/VOC2007/JPEGImages/001774.jpg,0,"('', 'tvmonitor')","('tvmonitor', 'cat')","('tvmonitor', '')","('', 'cat')",negative
3056,data/voc2007/VOCdevkit/VOC2007/JPEGImages/002661.jpg,0,"('aeroplane', 'person')","('person', 'aeroplane')","('person', '')","('', 'aeroplane')",hybrid
3057,data/voc2007/VOCdevkit/VOC2007/JPEGImages/007698.jpg,0,"('aeroplane', 'person')","('person', 'aeroplane')","('person', '')","('', 'aeroplane')",hybrid
3058,data/voc2007/VOCdevkit/VOC2007/JPEGImages/000927.jpg,0,"('person', 'chair')","('chair', 'person')","('chair', '')","('', 'person')",hybrid
3059,data/voc2007/VOCdevkit/VOC2007/JPEGImages/003440.jpg,0,"('dog', 'sofa')","('sofa', 'dog')","('sofa', '')","('', 'dog')",hybrid
3060,data/voc2007/VOCdevkit/VOC2007/JPEGImages/003832.jpg,0,"('', 'car')","('car', 'horse')","('car', '')","('', 'horse')",negative
3061,data/voc2007/VOCdevkit/VOC2007/JPEGImages/002200.jpg,0,"('', 'sofa')","('sofa', 'dog')","('sofa', '')","('', 'dog')",negative
3062,data/voc2007/VOCdevkit/VOC2007/JPEGImages/002576.jpg,0,"('', 'car')","('car', 'cow')","('car', '')","('', 'cow')",negative
3063,data/voc2007/VOCdevkit/VOC2007/JPEGImages/002904.jpg,0,"('person', 'car')","('car', 'person')","('car', '')","('', 'person')",hybrid
3064,data/voc2007/VOCdevkit/VOC2007/JPEGImages/007228.jpg,0,"('', 'sofa')","('sofa', 'person')","('sofa', '')","('', 'person')",negative
3065,data/voc2007/VOCdevkit/VOC2007/JPEGImages/000584.jpg,0,"('sofa and bicycle', '')","('chair', 'sofa')","('chair', '')","('', 'sofa')",positive
3066,data/voc2007/VOCdevkit/VOC2007/JPEGImages/000223.jpg,0,"('', 'chair')","('chair', 'train')","('chair', '')","('', 'train')",negative
3067,data/voc2007/VOCdevkit/VOC2007/JPEGImages/001811.jpg,0,"('sofa', 'person')","('person', 'sofa')","('person', '')","('', 'sofa')",hybrid
3068,data/voc2007/VOCdevkit/VOC2007/JPEGImages/001811.jpg,0,"('tvmonitor', 'diningtable')","('diningtable', 'tvmonitor')","('diningtable', '')","('', 'tvmonitor')",hybrid
3069,data/voc2007/VOCdevkit/VOC2007/JPEGImages/003757.jpg,0,"('', 'chair')","('chair', 'tvmonitor')","('chair', '')","('', 'tvmonitor')",negative
3070,data/voc2007/VOCdevkit/VOC2007/JPEGImages/000642.jpg,0,"('chair and person', '')","('diningtable', 'chair')","('diningtable', '')","('', 'chair')",positive
3071,data/voc2007/VOCdevkit/VOC2007/JPEGImages/008205.jpg,0,"('horse and person', '')","('chair', 'horse')","('chair', '')","('', 'horse')",positive
3072,data/voc2007/VOCdevkit/VOC2007/JPEGImages/004262.jpg,0,"('chair', 'person')","('person', 'chair')","('person', '')","('', 'chair')",hybrid
3073,data/voc2007/VOCdevkit/VOC2007/JPEGImages/005422.jpg,0,"('train', 'person')","('person', 'train')","('person', '')","('', 'train')",hybrid
3074,data/voc2007/VOCdevkit/VOC2007/JPEGImages/009837.jpg,0,"('tvmonitor', 'person')","('person', 'tvmonitor')","('person', '')","('', 'tvmonitor')",hybrid
3075,data/voc2007/VOCdevkit/VOC2007/JPEGImages/006537.jpg,0,"('', 'sofa')","('sofa', 'dog')","('sofa', '')","('', 'dog')",negative
3076,data/voc2007/VOCdevkit/VOC2007/JPEGImages/002429.jpg,0,"('', 'chair')","('chair', 'bottle')","('chair', '')","('', 'bottle')",negative
3077,data/voc2007/VOCdevkit/VOC2007/JPEGImages/007377.jpg,0,"('', 'person')","('person', 'boat')","('person', '')","('', 'boat')",negative
3078,data/voc2007/VOCdevkit/VOC2007/JPEGImages/005043.jpg,0,"('', 'person')","('person', 'aeroplane')","('person', '')","('', 'aeroplane')",negative
3079,data/voc2007/VOCdevkit/VOC2007/JPEGImages/009783.jpg,0,"('', 'chair')","('chair', 'person')","('chair', '')","('', 'person')",negative
3080,data/voc2007/VOCdevkit/VOC2007/JPEGImages/008664.jpg,0,"('person', 'chair')","('chair', 'person')","('chair', '')","('', 'person')",hybrid
3081,data/voc2007/VOCdevkit/VOC2007/JPEGImages/004603.jpg,0,"('train', 'person')","('person', 'train')","('person', '')","('', 'train')",hybrid
3082,data/voc2007/VOCdevkit/VOC2007/JPEGImages/007716.jpg,0,"('', 'sofa')","('sofa', 'dog')","('sofa', '')","('', 'dog')",negative
3083,data/voc2007/VOCdevkit/VOC2007/JPEGImages/002048.jpg,0,"('cat', 'person')","('person', 'cat')","('person', '')","('', 'cat')",hybrid
3084,data/voc2007/VOCdevkit/VOC2007/JPEGImages/006620.jpg,0,"('person and bicycle', '')","('chair', 'person')","('chair', '')","('', 'person')",positive
3085,data/voc2007/VOCdevkit/VOC2007/JPEGImages/007060.jpg,0,"('', 'chair')","('chair', 'person')","('chair', '')","('', 'person')",negative
3086,data/voc2007/VOCdevkit/VOC2007/JPEGImages/004175.jpg,0,"('', 'chair')","('chair', 'person')","('chair', '')","('', 'person')",negative
3087,data/voc2007/VOCdevkit/VOC2007/JPEGImages/005092.jpg,0,"('dog', 'chair')","('chair', 'dog')","('chair', '')","('', 'dog')",hybrid
3088,data/voc2007/VOCdevkit/VOC2007/JPEGImages/009752.jpg,0,"('', 'person')","('person', 'bicycle')","('person', '')","('', 'bicycle')",negative
3089,data/voc2007/VOCdevkit/VOC2007/JPEGImages/007401.jpg,0,"('chair and tvmonitor', '')","('person', 'chair')","('person', '')","('', 'chair')",positive
3090,data/voc2007/VOCdevkit/VOC2007/JPEGImages/005354.jpg,0,"('', 'car')","('car', 'motorbike')","('car', '')","('', 'motorbike')",negative
3091,data/voc2007/VOCdevkit/VOC2007/JPEGImages/008901.jpg,0,"('motorbike', 'chair')","('chair', 'motorbike')","('chair', '')","('', 'motorbike')",hybrid
3092,data/voc2007/VOCdevkit/VOC2007/JPEGImages/001773.jpg,0,"('chair', 'diningtable')","('diningtable', 'chair')","('diningtable', '')","('', 'chair')",hybrid
3093,data/voc2007/VOCdevkit/VOC2007/JPEGImages/006778.jpg,0,"('', 'person')","('person', 'bird')","('person', '')","('', 'bird')",negative
3094,data/voc2007/VOCdevkit/VOC2007/JPEGImages/003026.jpg,0,"('', 'car')","('car', 'person')","('car', '')","('', 'person')",negative
3095,data/voc2007/VOCdevkit/VOC2007/JPEGImages/002207.jpg,0,"('bottle and person', '')","('sofa', 'bottle')","('sofa', '')","('', 'bottle')",positive
3096,data/voc2007/VOCdevkit/VOC2007/JPEGImages/002207.jpg,0,"('dog and person', '')","('sofa', 'dog')","('sofa', '')","('', 'dog')",positive
3097,data/voc2007/VOCdevkit/VOC2007/JPEGImages/003447.jpg,0,"('dog', 'person')","('person', 'dog')","('person', '')","('', 'dog')",hybrid
3098,data/voc2007/VOCdevkit/VOC2007/JPEGImages/002903.jpg,0,"('', 'person')","('person', 'cow')","('person', '')","('', 'cow')",negative
3099,data/voc2007/VOCdevkit/VOC2007/JPEGImages/007588.jpg,0,"('', 'sofa')","('sofa', 'dog')","('sofa', '')","('', 'dog')",negative
3100,data/voc2007/VOCdevkit/VOC2007/JPEGImages/002110.jpg,0,"('person and aeroplane', '')","('car', 'person')","('car', '')","('', 'person')",positive
3101,data/voc2007/VOCdevkit/VOC2007/JPEGImages/001005.jpg,0,"('car', 'person')","('person', 'car')","('person', '')","('', 'car')",hybrid
3102,data/voc2007/VOCdevkit/VOC2007/JPEGImages/003215.jpg,0,"('cow', 'person')","('person', 'cow')","('person', '')","('', 'cow')",hybrid
3103,data/voc2007/VOCdevkit/VOC2007/JPEGImages/002455.jpg,0,"('sofa', 'car')","('car', 'sofa')","('car', '')","('', 'sofa')",hybrid
3104,data/voc2007/VOCdevkit/VOC2007/JPEGImages/001540.jpg,0,"('', 'person')","('person', 'sofa')","('person', '')","('', 'sofa')",negative
3105,data/voc2007/VOCdevkit/VOC2007/JPEGImages/000300.jpg,0,"('', 'person')","('person', 'car')","('person', '')","('', 'car')",negative
3106,data/voc2007/VOCdevkit/VOC2007/JPEGImages/002793.jpg,0,"('car', 'bus')","('bus', 'car')","('bus', '')","('', 'car')",hybrid
3107,data/voc2007/VOCdevkit/VOC2007/JPEGImages/005798.jpg,0,"('person and motorbike', '')","('chair', 'person')","('chair', '')","('', 'person')",positive
3108,data/voc2007/VOCdevkit/VOC2007/JPEGImages/004109.jpg,0,"('', 'car')","('car', 'chair')","('car', '')","('', 'chair')",negative
3109,data/voc2007/VOCdevkit/VOC2007/JPEGImages/001657.jpg,0,"('dog', 'sofa')","('sofa', 'dog')","('sofa', '')","('', 'dog')",hybrid
3110,data/voc2007/VOCdevkit/VOC2007/JPEGImages/002742.jpg,0,"('person', 'chair')","('chair', 'person')","('chair', '')","('', 'person')",hybrid
3111,data/voc2007/VOCdevkit/VOC2007/JPEGImages/004568.jpg,0,"('motorbike', 'chair')","('chair', 'motorbike')","('chair', '')","('', 'motorbike')",hybrid
3112,data/voc2007/VOCdevkit/VOC2007/JPEGImages/001591.jpg,0,"('boat', 'person')","('person', 'boat')","('person', '')","('', 'boat')",hybrid
3113,data/voc2007/VOCdevkit/VOC2007/JPEGImages/002484.jpg,0,"('', 'person')","('person', 'car')","('person', '')","('', 'car')",negative
3114,data/voc2007/VOCdevkit/VOC2007/JPEGImages/003563.jpg,0,"('motorbike', 'person')","('person', 'motorbike')","('person', '')","('', 'motorbike')",hybrid
3115,data/voc2007/VOCdevkit/VOC2007/JPEGImages/008791.jpg,0,"('', 'car')","('car', 'aeroplane')","('car', '')","('', 'aeroplane')",negative
3116,data/voc2007/VOCdevkit/VOC2007/JPEGImages/007957.jpg,0,"('', 'chair')","('chair', 'person')","('chair', '')","('', 'person')",negative
3117,data/voc2007/VOCdevkit/VOC2007/JPEGImages/007282.jpg,0,"('car', 'bus')","('bus', 'car')","('bus', '')","('', 'car')",hybrid
3118,data/voc2007/VOCdevkit/VOC2007/JPEGImages/006365.jpg,0,"('person and horse', '')","('car', 'person')","('car', '')","('', 'person')",positive
3119,data/voc2007/VOCdevkit/VOC2007/JPEGImages/009217.jpg,0,"('tvmonitor', 'person')","('person', 'tvmonitor')","('person', '')","('', 'tvmonitor')",hybrid
3120,data/voc2007/VOCdevkit/VOC2007/JPEGImages/008457.jpg,0,"('', 'person')","('person', 'pottedplant')","('person', '')","('', 'pottedplant')",negative
3121,data/voc2007/VOCdevkit/VOC2007/JPEGImages/008825.jpg,0,"('aeroplane', 'car')","('car', 'aeroplane')","('car', '')","('', 'aeroplane')",hybrid
3122,data/voc2007/VOCdevkit/VOC2007/JPEGImages/008486.jpg,0,"('sofa and chair', '')","('person', 'sofa')","('person', '')","('', 'sofa')",positive
3123,data/voc2007/VOCdevkit/VOC2007/JPEGImages/004893.jpg,0,"('pottedplant', 'chair')","('chair', 'pottedplant')","('chair', '')","('', 'pottedplant')",hybrid
3124,data/voc2007/VOCdevkit/VOC2007/JPEGImages/008321.jpg,0,"('', 'car')","('car', 'person')","('car', '')","('', 'person')",negative
3125,data/voc2007/VOCdevkit/VOC2007/JPEGImages/000258.jpg,0,"('dog', 'car')","('car', 'dog')","('car', '')","('', 'dog')",hybrid
3126,data/voc2007/VOCdevkit/VOC2007/JPEGImages/005974.jpg,0,"('car', 'bus')","('bus', 'car')","('bus', '')","('', 'car')",hybrid
3127,data/voc2007/VOCdevkit/VOC2007/JPEGImages/005506.jpg,0,"('person and motorbike', '')","('car', 'person')","('car', '')","('', 'person')",positive
3128,data/voc2007/VOCdevkit/VOC2007/JPEGImages/009561.jpg,0,"('', 'car')","('car', 'tvmonitor')","('car', '')","('', 'tvmonitor')",negative
3129,data/voc2007/VOCdevkit/VOC2007/JPEGImages/006413.jpg,0,"('bicycle and person', '')","('car', 'bicycle')","('car', '')","('', 'bicycle')",positive
3130,data/voc2007/VOCdevkit/VOC2007/JPEGImages/006861.jpg,0,"('bicycle and pottedplant', '')","('chair', 'bicycle')","('chair', '')","('', 'bicycle')",positive
3131,data/voc2007/VOCdevkit/VOC2007/JPEGImages/007986.jpg,0,"('person', 'chair')","('chair', 'person')","('chair', '')","('', 'person')",hybrid
3132,data/voc2007/VOCdevkit/VOC2007/JPEGImages/007253.jpg,0,"('horse and person', '')","('car', 'horse')","('car', '')","('', 'horse')",positive
3133,data/voc2007/VOCdevkit/VOC2007/JPEGImages/005167.jpg,0,"('bird', 'boat')","('boat', 'bird')","('boat', '')","('', 'bird')",hybrid
3134,data/voc2007/VOCdevkit/VOC2007/JPEGImages/000639.jpg,0,"('', 'chair')","('chair', 'person')","('chair', '')","('', 'person')",negative
3135,data/voc2007/VOCdevkit/VOC2007/JPEGImages/004080.jpg,0,"('car', 'bus')","('bus', 'car')","('bus', '')","('', 'car')",hybrid
3136,data/voc2007/VOCdevkit/VOC2007/JPEGImages/008740.jpg,0,"('bottle and person', '')","('car', 'bottle')","('car', '')","('', 'bottle')",positive
3137,data/voc2007/VOCdevkit/VOC2007/JPEGImages/007195.jpg,0,"('', 'car')","('car', 'person')","('car', '')","('', 'person')",negative
3138,data/voc2007/VOCdevkit/VOC2007/JPEGImages/007632.jpg,0,"('aeroplane', 'person')","('person', 'aeroplane')","('person', '')","('', 'aeroplane')",hybrid
3139,data/voc2007/VOCdevkit/VOC2007/JPEGImages/006072.jpg,0,"('', 'diningtable')","('diningtable', 'bottle')","('diningtable', '')","('', 'bottle')",negative
3140,data/voc2007/VOCdevkit/VOC2007/JPEGImages/008899.jpg,0,"('person', 'car')","('car', 'person')","('car', '')","('', 'person')",hybrid
3141,data/voc2007/VOCdevkit/VOC2007/JPEGImages/007599.jpg,0,"('cow', 'person')","('person', 'cow')","('person', '')","('', 'cow')",hybrid
3142,data/voc2007/VOCdevkit/VOC2007/JPEGImages/002560.jpg,0,"('bottle', 'person')","('person', 'bottle')","('person', '')","('', 'bottle')",hybrid
3143,data/voc2007/VOCdevkit/VOC2007/JPEGImages/003741.jpg,0,"('bird', 'boat')","('boat', 'bird')","('boat', '')","('', 'bird')",hybrid
3144,data/voc2007/VOCdevkit/VOC2007/JPEGImages/003037.jpg,0,"('aeroplane', 'person')","('person', 'aeroplane')","('person', '')","('', 'aeroplane')",hybrid
3145,data/voc2007/VOCdevkit/VOC2007/JPEGImages/001762.jpg,0,"('chair and cat', '')","('diningtable', 'chair')","('diningtable', '')","('', 'chair')",positive
3146,data/voc2007/VOCdevkit/VOC2007/JPEGImages/007548.jpg,0,"('', 'person')","('person', 'aeroplane')","('person', '')","('', 'aeroplane')",negative
3147,data/voc2007/VOCdevkit/VOC2007/JPEGImages/002216.jpg,0,"('bus', 'car')","('car', 'bus')","('car', '')","('', 'bus')",hybrid
3148,data/voc2007/VOCdevkit/VOC2007/JPEGImages/003456.jpg,0,"('car', 'person')","('person', 'car')","('person', '')","('', 'car')",hybrid
3149,data/voc2007/VOCdevkit/VOC2007/JPEGImages/006308.jpg,0,"('tvmonitor', 'chair')","('chair', 'tvmonitor')","('chair', '')","('', 'tvmonitor')",hybrid
3150,data/voc2007/VOCdevkit/VOC2007/JPEGImages/001303.jpg,0,"('person', 'car')","('car', 'person')","('car', '')","('', 'person')",hybrid
3151,data/voc2007/VOCdevkit/VOC2007/JPEGImages/005724.jpg,0,"('motorbike', 'chair')","('chair', 'motorbike')","('chair', '')","('', 'motorbike')",hybrid
3152,data/voc2007/VOCdevkit/VOC2007/JPEGImages/005083.jpg,0,"('', 'person')","('person', 'car')","('person', '')","('', 'car')",negative
3153,data/voc2007/VOCdevkit/VOC2007/JPEGImages/009322.jpg,0,"('motorbike', 'horse')","('horse', 'motorbike')","('horse', '')","('', 'motorbike')",hybrid
3154,data/voc2007/VOCdevkit/VOC2007/JPEGImages/009322.jpg,0,"('bus', 'horse')","('horse', 'bus')","('horse', '')","('', 'bus')",hybrid
3155,data/voc2007/VOCdevkit/VOC2007/JPEGImages/000869.jpg,0,"('person', 'chair')","('chair', 'person')","('chair', '')","('', 'person')",hybrid
3156,data/voc2007/VOCdevkit/VOC2007/JPEGImages/009485.jpg,0,"('dog', 'person')","('person', 'dog')","('person', '')","('', 'dog')",hybrid
3157,data/voc2007/VOCdevkit/VOC2007/JPEGImages/005890.jpg,0,"('person and horse', '')","('chair', 'person')","('chair', '')","('', 'person')",positive
3158,data/voc2007/VOCdevkit/VOC2007/JPEGImages/004505.jpg,0,"('train', 'car')","('car', 'train')","('car', '')","('', 'train')",hybrid
3159,data/voc2007/VOCdevkit/VOC2007/JPEGImages/008910.jpg,0,"('', 'bus')","('bus', 'car')","('bus', '')","('', 'car')",negative
3160,data/voc2007/VOCdevkit/VOC2007/JPEGImages/007862.jpg,0,"('sofa', 'car')","('car', 'sofa')","('car', '')","('', 'sofa')",hybrid
3161,data/voc2007/VOCdevkit/VOC2007/JPEGImages/006985.jpg,0,"('cat', 'person')","('person', 'cat')","('person', '')","('', 'cat')",hybrid
3162,data/voc2007/VOCdevkit/VOC2007/JPEGImages/006526.jpg,0,"('', 'car')","('car', 'person')","('car', '')","('', 'person')",negative
3163,data/voc2007/VOCdevkit/VOC2007/JPEGImages/006954.jpg,0,"('chair and person', '')","('diningtable', 'chair')","('diningtable', '')","('', 'chair')",positive
3164,data/voc2007/VOCdevkit/VOC2007/JPEGImages/003278.jpg,0,"('bottle and diningtable', '')","('car', 'bottle')","('car', '')","('', 'bottle')",positive
3165,data/voc2007/VOCdevkit/VOC2007/JPEGImages/002438.jpg,0,"('', 'car')","('car', 'person')","('car', '')","('', 'person')",negative
3166,data/voc2007/VOCdevkit/VOC2007/JPEGImages/007366.jpg,0,"('chair', 'diningtable')","('diningtable', 'chair')","('diningtable', '')","('', 'chair')",hybrid
3167,data/voc2007/VOCdevkit/VOC2007/JPEGImages/008214.jpg,0,"('', 'boat')","('boat', 'bird')","('boat', '')","('', 'bird')",negative
3168,data/voc2007/VOCdevkit/VOC2007/JPEGImages/005394.jpg,0,"('dog', 'sofa')","('sofa', 'dog')","('sofa', '')","('', 'dog')",hybrid
3169,data/voc2007/VOCdevkit/VOC2007/JPEGImages/009826.jpg,0,"('dog', 'sofa')","('sofa', 'dog')","('sofa', '')","('', 'dog')",hybrid
3170,data/voc2007/VOCdevkit/VOC2007/JPEGImages/007707.jpg,0,"('bird', 'boat')","('boat', 'bird')","('boat', '')","('', 'bird')",hybrid
3171,data/voc2007/VOCdevkit/VOC2007/JPEGImages/002059.jpg,0,"('', 'person')","('person', 'cat')","('person', '')","('', 'cat')",negative
3172,data/voc2007/VOCdevkit/VOC2007/JPEGImages/003619.jpg,0,"('bird and person', '')","('chair', 'bird')","('chair', '')","('', 'bird')",positive
3173,data/voc2007/VOCdevkit/VOC2007/JPEGImages/006147.jpg,0,"('', 'car')","('car', 'person')","('car', '')","('', 'person')",negative
3174,data/voc2007/VOCdevkit/VOC2007/JPEGImages/008675.jpg,0,"('tvmonitor', 'person')","('person', 'tvmonitor')","('person', '')","('', 'tvmonitor')",hybrid
3175,data/voc2007/VOCdevkit/VOC2007/JPEGImages/006870.jpg,0,"('dog', 'person')","('person', 'dog')","('person', '')","('', 'dog')",hybrid
3176,data/voc2007/VOCdevkit/VOC2007/JPEGImages/006402.jpg,0,"('bottle', 'person')","('person', 'bottle')","('person', '')","('', 'bottle')",hybrid
3177,data/voc2007/VOCdevkit/VOC2007/JPEGImages/007242.jpg,0,"('car', 'person')","('person', 'car')","('person', '')","('', 'car')",hybrid
3178,data/voc2007/VOCdevkit/VOC2007/JPEGImages/008330.jpg,0,"('bottle', 'person')","('person', 'bottle')","('person', '')","('', 'bottle')",hybrid
3179,data/voc2007/VOCdevkit/VOC2007/JPEGImages/004357.jpg,0,"('person and sheep', '')","('car', 'person')","('car', '')","('', 'person')",positive
3180,data/voc2007/VOCdevkit/VOC2007/JPEGImages/008497.jpg,0,"('cat', 'person')","('person', 'cat')","('person', '')","('', 'cat')",hybrid
3181,data/voc2007/VOCdevkit/VOC2007/JPEGImages/005965.jpg,0,"('', 'car')","('car', 'aeroplane')","('car', '')","('', 'aeroplane')",negative
3182,data/voc2007/VOCdevkit/VOC2007/JPEGImages/009570.jpg,0,"('', 'person')","('person', 'bottle')","('person', '')","('', 'bottle')",negative
3183,data/voc2007/VOCdevkit/VOC2007/JPEGImages/007623.jpg,0,"('horse', 'chair')","('chair', 'horse')","('chair', '')","('', 'horse')",hybrid
3184,data/voc2007/VOCdevkit/VOC2007/JPEGImages/006063.jpg,0,"('', 'person')","('person', 'cat')","('person', '')","('', 'cat')",negative
3185,data/voc2007/VOCdevkit/VOC2007/JPEGImages/009111.jpg,0,"('bus and motorbike', '')","('person', 'bus')","('person', '')","('', 'bus')",positive
3186,data/voc2007/VOCdevkit/VOC2007/JPEGImages/008751.jpg,0,"('diningtable and chair', '')","('sofa', 'diningtable')","('sofa', '')","('', 'diningtable')",positive
3187,data/voc2007/VOCdevkit/VOC2007/JPEGImages/008751.jpg,0,"('tvmonitor and diningtable', '')","('car', 'tvmonitor')","('car', '')","('', 'tvmonitor')",positive
3188,data/voc2007/VOCdevkit/VOC2007/JPEGImages/004736.jpg,0,"('', 'tvmonitor')","('tvmonitor', 'cat')","('tvmonitor', '')","('', 'cat')",negative
3189,data/voc2007/VOCdevkit/VOC2007/JPEGImages/008780.jpg,0,"('bird', 'car')","('car', 'bird')","('car', '')","('', 'bird')",hybrid
3190,data/voc2007/VOCdevkit/VOC2007/JPEGImages/004040.jpg,0,"('', 'person')","('person', 'tvmonitor')","('person', '')","('', 'tvmonitor')",negative
3191,data/voc2007/VOCdevkit/VOC2007/JPEGImages/008027.jpg,0,"('person and horse', '')","('car', 'person')","('car', '')","('', 'person')",positive
3192,data/voc2007/VOCdevkit/VOC2007/JPEGImages/006715.jpg,0,"('', 'person')","('person', 'train')","('person', '')","('', 'train')",negative
3193,data/voc2007/VOCdevkit/VOC2007/JPEGImages/007155.jpg,0,"('aeroplane', 'car')","('car', 'aeroplane')","('car', '')","('', 'aeroplane')",hybrid
3194,data/voc2007/VOCdevkit/VOC2007/JPEGImages/009206.jpg,0,"('', 'bus')","('bus', 'car')","('bus', '')","('', 'car')",negative
3195,data/voc2007/VOCdevkit/VOC2007/JPEGImages/005261.jpg,0,"('sofa and person', '')","('car', 'sofa')","('car', '')","('', 'sofa')",positive
3196,data/voc2007/VOCdevkit/VOC2007/JPEGImages/004853.jpg,0,"('train', 'car')","('car', 'train')","('car', '')","('', 'train')",hybrid
3197,data/voc2007/VOCdevkit/VOC2007/JPEGImages/008834.jpg,0,"('sofa', 'chair')","('chair', 'sofa')","('chair', '')","('', 'sofa')",hybrid
3198,data/voc2007/VOCdevkit/VOC2007/JPEGImages/008446.jpg,0,"('', 'car')","('car', 'person')","('car', '')","('', 'person')",negative
3199,data/voc2007/VOCdevkit/VOC2007/JPEGImages/007293.jpg,0,"('horse and person', '')","('car', 'horse')","('car', '')","('', 'horse')",positive
3200,data/voc2007/VOCdevkit/VOC2007/JPEGImages/007534.jpg,0,"('', 'person')","('person', 'sheep')","('person', '')","('', 'sheep')",negative
3201,data/voc2007/VOCdevkit/VOC2007/JPEGImages/003858.jpg,0,"('', 'chair')","('chair', 'person')","('chair', '')","('', 'person')",negative
3202,data/voc2007/VOCdevkit/VOC2007/JPEGImages/003113.jpg,0,"('pottedplant', 'person')","('person', 'pottedplant')","('person', '')","('', 'pottedplant')",hybrid
3203,data/voc2007/VOCdevkit/VOC2007/JPEGImages/002753.jpg,0,"('', 'person')","('person', 'pottedplant')","('person', '')","('', 'pottedplant')",negative
3204,data/voc2007/VOCdevkit/VOC2007/JPEGImages/004118.jpg,0,"('', 'car')","('car', 'bottle')","('car', '')","('', 'bottle')",negative
3205,data/voc2007/VOCdevkit/VOC2007/JPEGImages/001646.jpg,0,"('', 'chair')","('chair', 'person')","('chair', '')","('', 'person')",negative
3206,data/voc2007/VOCdevkit/VOC2007/JPEGImages/000006.jpg,0,"('', 'sofa')","('sofa', 'pottedplant')","('sofa', '')","('', 'pottedplant')",negative
3207,data/voc2007/VOCdevkit/VOC2007/JPEGImages/005758.jpg,0,"('person', 'car')","('car', 'person')","('car', '')","('', 'person')",hybrid
3208,data/voc2007/VOCdevkit/VOC2007/JPEGImages/002495.jpg,0,"('motorbike', 'person')","('person', 'motorbike')","('person', '')","('', 'motorbike')",hybrid
3209,data/voc2007/VOCdevkit/VOC2007/JPEGImages/003900.jpg,0,"('boat', 'person')","('person', 'boat')","('person', '')","('', 'boat')",hybrid
3210,data/voc2007/VOCdevkit/VOC2007/JPEGImages/003572.jpg,0,"('pottedplant', 'person')","('person', 'pottedplant')","('person', '')","('', 'pottedplant')",hybrid
3211,data/voc2007/VOCdevkit/VOC2007/JPEGImages/005339.jpg,0,"('horse', 'person')","('person', 'horse')","('person', '')","('', 'horse')",hybrid
3212,data/voc2007/VOCdevkit/VOC2007/JPEGImages/000467.jpg,0,"('', 'chair')","('chair', 'person')","('chair', '')","('', 'person')",negative
3213,data/voc2007/VOCdevkit/VOC2007/JPEGImages/001227.jpg,0,"('', 'chair')","('chair', 'person')","('chair', '')","('', 'person')",negative
3214,data/voc2007/VOCdevkit/VOC2007/JPEGImages/001551.jpg,0,"('chair and tvmonitor', '')","('person', 'chair')","('person', '')","('', 'chair')",positive
3215,data/voc2007/VOCdevkit/VOC2007/JPEGImages/001923.jpg,0,"('', 'chair')","('chair', 'car')","('chair', '')","('', 'car')",negative
3216,data/voc2007/VOCdevkit/VOC2007/JPEGImages/009428.jpg,0,"('', 'chair')","('chair', 'person')","('chair', '')","('', 'person')",negative
3217,data/voc2007/VOCdevkit/VOC2007/JPEGImages/006928.jpg,0,"('dog', 'sofa')","('sofa', 'dog')","('sofa', '')","('', 'dog')",hybrid
3218,data/voc2007/VOCdevkit/VOC2007/JPEGImages/008609.jpg,0,"('', 'bus')","('bus', 'car')","('bus', '')","('', 'car')",negative
3219,data/voc2007/VOCdevkit/VOC2007/JPEGImages/001697.jpg,0,"('cow', 'person')","('person', 'cow')","('person', '')","('', 'cow')",hybrid
3220,data/voc2007/VOCdevkit/VOC2007/JPEGImages/003665.jpg,0,"('person and pottedplant', '')","('chair', 'person')","('chair', '')","('', 'person')",positive
3221,data/voc2007/VOCdevkit/VOC2007/JPEGImages/007990.jpg,0,"('boat', 'person')","('person', 'boat')","('person', '')","('', 'boat')",hybrid
3222,data/voc2007/VOCdevkit/VOC2007/JPEGImages/006405.jpg,0,"('car', 'motorbike')","('motorbike', 'car')","('motorbike', '')","('', 'car')",hybrid
3223,data/voc2007/VOCdevkit/VOC2007/JPEGImages/006877.jpg,0,"('', 'sofa')","('sofa', 'dog')","('sofa', '')","('', 'dog')",negative
3224,data/voc2007/VOCdevkit/VOC2007/JPEGImages/005962.jpg,0,"('cat', 'tvmonitor')","('tvmonitor', 'cat')","('tvmonitor', '')","('', 'cat')",hybrid
3225,data/voc2007/VOCdevkit/VOC2007/JPEGImages/008490.jpg,0,"('', 'person')","('person', 'chair')","('person', '')","('', 'chair')",negative
3226,data/voc2007/VOCdevkit/VOC2007/JPEGImages/008337.jpg,0,"('bus', 'person')","('person', 'bus')","('person', '')","('', 'bus')",hybrid
3227,data/voc2007/VOCdevkit/VOC2007/JPEGImages/004350.jpg,0,"('bird', 'person')","('person', 'bird')","('person', '')","('', 'bird')",hybrid
3228,data/voc2007/VOCdevkit/VOC2007/JPEGImages/006064.jpg,0,"('cat', 'person')","('person', 'cat')","('person', '')","('', 'cat')",hybrid
3229,data/voc2007/VOCdevkit/VOC2007/JPEGImages/007183.jpg,0,"('dog', 'person')","('person', 'dog')","('person', '')","('', 'dog')",hybrid
3230,data/voc2007/VOCdevkit/VOC2007/JPEGImages/004096.jpg,0,"('sofa', 'person')","('person', 'sofa')","('person', '')","('', 'sofa')",hybrid
3231,data/voc2007/VOCdevkit/VOC2007/JPEGImages/004731.jpg,0,"('', 'chair')","('chair', 'train')","('chair', '')","('', 'train')",negative
3232,data/voc2007/VOCdevkit/VOC2007/JPEGImages/000188.jpg,0,"('person and car', '')","('chair', 'person')","('chair', '')","('', 'person')",positive
3233,data/voc2007/VOCdevkit/VOC2007/JPEGImages/009660.jpg,0,"('chair and dog', '')","('sofa', 'chair')","('sofa', '')","('', 'chair')",positive
3234,data/voc2007/VOCdevkit/VOC2007/JPEGImages/005607.jpg,0,"('', 'person')","('person', 'cat')","('person', '')","('', 'cat')",negative
3235,data/voc2007/VOCdevkit/VOC2007/JPEGImages/001719.jpg,0,"('', 'boat')","('boat', 'bird')","('boat', '')","('', 'bird')",negative
3236,data/voc2007/VOCdevkit/VOC2007/JPEGImages/008020.jpg,0,"('car', 'bus')","('bus', 'car')","('bus', '')","('', 'car')",hybrid
3237,data/voc2007/VOCdevkit/VOC2007/JPEGImages/008787.jpg,0,"('cat', 'tvmonitor')","('tvmonitor', 'cat')","('tvmonitor', '')","('', 'cat')",hybrid
3238,data/voc2007/VOCdevkit/VOC2007/JPEGImages/006712.jpg,0,"('pottedplant', 'chair')","('chair', 'pottedplant')","('chair', '')","('', 'pottedplant')",hybrid
3239,data/voc2007/VOCdevkit/VOC2007/JPEGImages/004854.jpg,0,"('sheep', 'person')","('person', 'sheep')","('person', '')","('', 'sheep')",hybrid
3240,data/voc2007/VOCdevkit/VOC2007/JPEGImages/004426.jpg,0,"('', 'chair')","('chair', 'person')","('chair', '')","('', 'person')",negative
3241,data/voc2007/VOCdevkit/VOC2007/JPEGImages/008441.jpg,0,"('', 'sofa')","('sofa', 'dog')","('sofa', '')","('', 'dog')",negative
3242,data/voc2007/VOCdevkit/VOC2007/JPEGImages/004381.jpg,0,"('horse and person', '')","('car', 'horse')","('car', '')","('', 'horse')",positive
3243,data/voc2007/VOCdevkit/VOC2007/JPEGImages/009201.jpg,0,"('car', 'horse')","('horse', 'car')","('horse', '')","('', 'car')",hybrid
3244,data/voc2007/VOCdevkit/VOC2007/JPEGImages/005266.jpg,0,"('sofa and pottedplant', '')","('person', 'sofa')","('person', '')","('', 'sofa')",positive
3245,data/voc2007/VOCdevkit/VOC2007/JPEGImages/000538.jpg,0,"('', 'chair')","('chair', 'boat')","('chair', '')","('', 'boat')",negative
3246,data/voc2007/VOCdevkit/VOC2007/JPEGImages/006373.jpg,0,"('person and sofa', '')","('car', 'person')","('car', '')","('', 'person')",positive
3247,data/voc2007/VOCdevkit/VOC2007/JPEGImages/007941.jpg,0,"('person', 'car')","('car', 'person')","('car', '')","('', 'person')",hybrid
3248,data/voc2007/VOCdevkit/VOC2007/JPEGImages/002754.jpg,0,"('', 'person')","('person', 'aeroplane')","('person', '')","('', 'aeroplane')",negative
3249,data/voc2007/VOCdevkit/VOC2007/JPEGImages/003114.jpg,0,"('dog', 'person')","('person', 'dog')","('person', '')","('', 'dog')",hybrid
3250,data/voc2007/VOCdevkit/VOC2007/JPEGImages/000001.jpg,0,"('', 'chair')","('chair', 'dog')","('chair', '')","('', 'dog')",negative
3251,data/voc2007/VOCdevkit/VOC2007/JPEGImages/001641.jpg,0,"('cow', 'person')","('person', 'cow')","('person', '')","('', 'cow')",hybrid
3252,data/voc2007/VOCdevkit/VOC2007/JPEGImages/008178.jpg,0,"('dog', 'sofa')","('sofa', 'dog')","('sofa', '')","('', 'dog')",hybrid
3253,data/voc2007/VOCdevkit/VOC2007/JPEGImages/001220.jpg,0,"('sofa', 'chair')","('chair', 'sofa')","('chair', '')","('', 'sofa')",hybrid
3254,data/voc2007/VOCdevkit/VOC2007/JPEGImages/001587.jpg,0,"('', 'person')","('person', 'bicycle')","('person', '')","('', 'bicycle')",negative
3255,data/voc2007/VOCdevkit/VOC2007/JPEGImages/000316.jpg,0,"('', 'person')","('person', 'aeroplane')","('person', '')","('', 'aeroplane')",negative
3256,data/voc2007/VOCdevkit/VOC2007/JPEGImages/004208.jpg,0,"('person and bicycle', '')","('chair', 'person')","('chair', '')","('', 'person')",positive
3257,data/voc2007/VOCdevkit/VOC2007/JPEGImages/001924.jpg,0,"('car', 'person')","('person', 'car')","('person', '')","('', 'car')",hybrid
3258,data/voc2007/VOCdevkit/VOC2007/JPEGImages/002831.jpg,0,"('', 'person')","('person', 'dog')","('person', '')","('', 'dog')",negative
3259,data/voc2007/VOCdevkit/VOC2007/JPEGImages/003203.jpg,0,"('train', 'person')","('person', 'train')","('person', '')","('', 'train')",hybrid
3260,data/voc2007/VOCdevkit/VOC2007/JPEGImages/004669.jpg,0,"('sheep', 'dog')","('dog', 'sheep')","('dog', '')","('', 'sheep')",hybrid
3261,data/voc2007/VOCdevkit/VOC2007/JPEGImages/000595.jpg,0,"('chair', 'sofa')","('sofa', 'chair')","('sofa', '')","('', 'chair')",hybrid
3262,data/voc2007/VOCdevkit/VOC2007/JPEGImages/007239.jpg,0,"('bird', 'boat')","('boat', 'bird')","('boat', '')","('', 'bird')",hybrid
3263,data/voc2007/VOCdevkit/VOC2007/JPEGImages/006479.jpg,0,"('dog', 'person')","('person', 'dog')","('person', '')","('', 'dog')",hybrid
3264,data/voc2007/VOCdevkit/VOC2007/JPEGImages/003480.jpg,0,"('', 'person')","('person', 'cat')","('person', '')","('', 'cat')",negative
3265,data/voc2007/VOCdevkit/VOC2007/JPEGImages/001013.jpg,0,"('horse', 'car')","('car', 'horse')","('car', '')","('', 'horse')",hybrid
3266,data/voc2007/VOCdevkit/VOC2007/JPEGImages/003746.jpg,0,"('', 'chair')","('chair', 'bicycle')","('chair', '')","('', 'bicycle')",negative
3267,data/voc2007/VOCdevkit/VOC2007/JPEGImages/007658.jpg,0,"('bicycle', 'car')","('car', 'bicycle')","('car', '')","('', 'bicycle')",hybrid
3268,data/voc2007/VOCdevkit/VOC2007/JPEGImages/002106.jpg,0,"('', 'person')","('person', 'cat')","('person', '')","('', 'cat')",negative
3269,data/voc2007/VOCdevkit/VOC2007/JPEGImages/007689.jpg,0,"('dog', 'chair')","('chair', 'dog')","('chair', '')","('', 'dog')",hybrid
3270,data/voc2007/VOCdevkit/VOC2007/JPEGImages/003030.jpg,0,"('', 'person')","('person', 'cow')","('person', '')","('', 'cow')",negative
3271,data/voc2007/VOCdevkit/VOC2007/JPEGImages/003823.jpg,0,"('aeroplane', 'person')","('person', 'aeroplane')","('person', '')","('', 'aeroplane')",hybrid
3272,data/voc2007/VOCdevkit/VOC2007/JPEGImages/002211.jpg,0,"('', 'car')","('car', 'person')","('car', '')","('', 'person')",negative
3273,data/voc2007/VOCdevkit/VOC2007/JPEGImages/009744.jpg,0,"('dog', 'chair')","('chair', 'dog')","('chair', '')","('', 'dog')",hybrid
3274,data/voc2007/VOCdevkit/VOC2007/JPEGImages/008104.jpg,0,"('aeroplane and person', '')","('chair', 'aeroplane')","('chair', '')","('', 'aeroplane')",positive
3275,data/voc2007/VOCdevkit/VOC2007/JPEGImages/002728.jpg,0,"('', 'car')","('car', 'person')","('car', '')","('', 'person')",negative
3276,data/voc2007/VOCdevkit/VOC2007/JPEGImages/007076.jpg,0,"('sheep', 'person')","('person', 'sheep')","('person', '')","('', 'sheep')",hybrid
3277,data/voc2007/VOCdevkit/VOC2007/JPEGImages/006191.jpg,0,"('train', 'car')","('car', 'train')","('car', '')","('', 'train')",hybrid
3278,data/voc2007/VOCdevkit/VOC2007/JPEGImages/003168.jpg,0,"('', 'bus')","('bus', 'car')","('bus', '')","('', 'car')",negative
3279,data/voc2007/VOCdevkit/VOC2007/JPEGImages/004970.jpg,0,"('horse', 'person')","('person', 'horse')","('person', '')","('', 'horse')",hybrid
3280,data/voc2007/VOCdevkit/VOC2007/JPEGImages/008565.jpg,0,"('bird', 'boat')","('boat', 'bird')","('boat', '')","('', 'bird')",hybrid
3281,data/voc2007/VOCdevkit/VOC2007/JPEGImages/009482.jpg,0,"('', 'car')","('car', 'diningtable')","('car', '')","('', 'diningtable')",negative
3282,data/voc2007/VOCdevkit/VOC2007/JPEGImages/009482.jpg,0,"('', 'sofa')","('sofa', 'person')","('sofa', '')","('', 'person')",negative
3283,data/voc2007/VOCdevkit/VOC2007/JPEGImages/005342.jpg,0,"('person and horse', '')","('car', 'person')","('car', '')","('', 'person')",positive
3284,data/voc2007/VOCdevkit/VOC2007/JPEGImages/006982.jpg,0,"('', 'chair')","('chair', 'person')","('chair', '')","('', 'person')",negative
3285,data/voc2007/VOCdevkit/VOC2007/JPEGImages/006257.jpg,0,"('sofa', 'car')","('car', 'sofa')","('car', '')","('', 'sofa')",hybrid
3286,data/voc2007/VOCdevkit/VOC2007/JPEGImages/002349.jpg,0,"('', 'person')","('person', 'car')","('person', '')","('', 'car')",negative
3287,data/voc2007/VOCdevkit/VOC2007/JPEGImages/002398.jpg,0,"('', 'car')","('car', 'horse')","('car', '')","('', 'horse')",negative
3288,data/voc2007/VOCdevkit/VOC2007/JPEGImages/006521.jpg,0,"('horse', 'car')","('car', 'horse')","('car', '')","('', 'horse')",hybrid
3289,data/voc2007/VOCdevkit/VOC2007/JPEGImages/005846.jpg,0,"('bird', 'person')","('person', 'bird')","('person', '')","('', 'bird')",hybrid
3290,data/voc2007/VOCdevkit/VOC2007/JPEGImages/009821.jpg,0,"('car', 'person')","('person', 'car')","('person', '')","('', 'car')",hybrid
3291,data/voc2007/VOCdevkit/VOC2007/JPEGImages/009453.jpg,0,"('', 'person')","('person', 'bird')","('person', '')","('', 'bird')",negative
3292,data/voc2007/VOCdevkit/VOC2007/JPEGImages/007700.jpg,0,"('person and bottle', '')","('car', 'person')","('car', '')","('', 'person')",positive
3293,data/voc2007/VOCdevkit/VOC2007/JPEGImages/008672.jpg,0,"('', 'person')","('person', 'train')","('person', '')","('', 'train')",negative
3294,data/voc2007/VOCdevkit/VOC2007/JPEGImages/004615.jpg,0,"('', 'bus')","('bus', 'car')","('bus', '')","('', 'car')",negative
3295,data/voc2007/VOCdevkit/VOC2007/JPEGImages/009795.jpg,0,"('', 'person')","('person', 'tvmonitor')","('person', '')","('', 'tvmonitor')",negative
3296,data/voc2007/VOCdevkit/VOC2007/JPEGImages/008339.jpg,0,"('', 'car')","('car', 'train')","('car', '')","('', 'train')",negative
3297,data/voc2007/VOCdevkit/VOC2007/JPEGImages/000995.jpg,0,"('boat', 'person')","('person', 'boat')","('person', '')","('', 'boat')",hybrid
3298,data/voc2007/VOCdevkit/VOC2007/JPEGImages/000240.jpg,0,"('car and boat', '')","('chair', 'car')","('chair', '')","('', 'car')",positive
3299,data/voc2007/VOCdevkit/VOC2007/JPEGImages/003880.jpg,0,"('cat', 'chair')","('chair', 'cat')","('chair', '')","('', 'cat')",hybrid
3300,data/voc2007/VOCdevkit/VOC2007/JPEGImages/006879.jpg,0,"('person', 'chair')","('chair', 'person')","('chair', '')","('', 'person')",hybrid
3301,data/voc2007/VOCdevkit/VOC2007/JPEGImages/002515.jpg,0,"('person', 'chair')","('chair', 'person')","('chair', '')","('', 'person')",hybrid
3302,data/voc2007/VOCdevkit/VOC2007/JPEGImages/000186.jpg,0,"('bird', 'boat')","('boat', 'bird')","('boat', '')","('', 'bird')",hybrid
3303,data/voc2007/VOCdevkit/VOC2007/JPEGImages/009118.jpg,0,"('sofa', 'diningtable')","('diningtable', 'sofa')","('diningtable', '')","('', 'sofa')",hybrid
3304,data/voc2007/VOCdevkit/VOC2007/JPEGImages/000621.jpg,0,"('diningtable', 'sofa')","('sofa', 'diningtable')","('sofa', '')","('', 'diningtable')",hybrid
3305,data/voc2007/VOCdevkit/VOC2007/JPEGImages/004098.jpg,0,"('person', 'car')","('car', 'person')","('car', '')","('', 'person')",hybrid
3306,data/voc2007/VOCdevkit/VOC2007/JPEGImages/008758.jpg,0,"('person and cow', '')","('chair', 'person')","('chair', '')","('', 'person')",positive
3307,data/voc2007/VOCdevkit/VOC2007/JPEGImages/003734.jpg,0,"('horse and person', '')","('car', 'horse')","('car', '')","('', 'horse')",positive
3308,data/voc2007/VOCdevkit/VOC2007/JPEGImages/002602.jpg,0,"('car and motorbike', '')","('horse', 'car')","('horse', '')","('', 'car')",positive
3309,data/voc2007/VOCdevkit/VOC2007/JPEGImages/004049.jpg,0,"('person', 'chair')","('chair', 'person')","('chair', '')","('', 'person')",hybrid
3310,data/voc2007/VOCdevkit/VOC2007/JPEGImages/008789.jpg,0,"('train', 'car')","('car', 'train')","('car', '')","('', 'train')",hybrid
3311,data/voc2007/VOCdevkit/VOC2007/JPEGImages/000157.jpg,0,"('', 'person')","('person', 'cat')","('person', '')","('', 'cat')",negative
3312,data/voc2007/VOCdevkit/VOC2007/JPEGImages/003851.jpg,0,"('', 'car')","('car', 'bicycle')","('car', '')","('', 'bicycle')",negative
3313,data/voc2007/VOCdevkit/VOC2007/JPEGImages/003423.jpg,0,"('person', 'chair')","('chair', 'person')","('chair', '')","('', 'person')",hybrid
3314,data/voc2007/VOCdevkit/VOC2007/JPEGImages/003384.jpg,0,"('dog', 'diningtable')","('diningtable', 'dog')","('diningtable', '')","('', 'dog')",hybrid
3315,data/voc2007/VOCdevkit/VOC2007/JPEGImages/000536.jpg,0,"('person', 'car')","('car', 'person')","('car', '')","('', 'person')",hybrid
3316,data/voc2007/VOCdevkit/VOC2007/JPEGImages/000944.jpg,0,"('', 'car')","('car', 'person')","('car', '')","('', 'person')",negative
3317,data/voc2007/VOCdevkit/VOC2007/JPEGImages/000291.jpg,0,"('', 'chair')","('chair', 'tvmonitor')","('chair', '')","('', 'tvmonitor')",negative
3318,data/voc2007/VOCdevkit/VOC2007/JPEGImages/001376.jpg,0,"('', 'chair')","('chair', 'car')","('chair', '')","('', 'car')",negative
3319,data/voc2007/VOCdevkit/VOC2007/JPEGImages/004428.jpg,0,"('dog', 'car')","('car', 'dog')","('car', '')","('', 'dog')",hybrid
3320,data/voc2007/VOCdevkit/VOC2007/JPEGImages/008176.jpg,0,"('dog', 'person')","('person', 'dog')","('person', '')","('', 'dog')",hybrid
3321,data/voc2007/VOCdevkit/VOC2007/JPEGImages/005751.jpg,0,"('train', 'car')","('car', 'train')","('car', '')","('', 'train')",hybrid
3322,data/voc2007/VOCdevkit/VOC2007/JPEGImages/009736.jpg,0,"('person', 'car')","('car', 'person')","('car', '')","('', 'person')",hybrid
3323,data/voc2007/VOCdevkit/VOC2007/JPEGImages/006644.jpg,0,"('person and bottle', '')","('car', 'person')","('car', '')","('', 'person')",positive
3324,data/voc2007/VOCdevkit/VOC2007/JPEGImages/005330.jpg,0,"('', 'person')","('person', 'train')","('person', '')","('', 'train')",negative
3325,data/voc2007/VOCdevkit/VOC2007/JPEGImages/009357.jpg,0,"('', 'person')","('person', 'tvmonitor')","('person', '')","('', 'tvmonitor')",negative
3326,data/voc2007/VOCdevkit/VOC2007/JPEGImages/001589.jpg,0,"('cow', 'person')","('person', 'cow')","('person', '')","('', 'cow')",hybrid
3327,data/voc2007/VOCdevkit/VOC2007/JPEGImages/007817.jpg,0,"('person', 'diningtable')","('diningtable', 'person')","('diningtable', '')","('', 'person')",hybrid
3328,data/voc2007/VOCdevkit/VOC2007/JPEGImages/003909.jpg,0,"('', 'person')","('person', 'tvmonitor')","('person', '')","('', 'tvmonitor')",negative
3329,data/voc2007/VOCdevkit/VOC2007/JPEGImages/006582.jpg,0,"('', 'boat')","('boat', 'bird')","('boat', '')","('', 'bird')",negative
3330,data/voc2007/VOCdevkit/VOC2007/JPEGImages/006921.jpg,0,"('person and motorbike', '')","('chair', 'person')","('chair', '')","('', 'person')",positive
3331,data/voc2007/VOCdevkit/VOC2007/JPEGImages/007313.jpg,0,"('', 'chair')","('chair', 'person')","('chair', '')","('', 'person')",negative
3332,data/voc2007/VOCdevkit/VOC2007/JPEGImages/004206.jpg,0,"('bird', 'person')","('person', 'bird')","('person', '')","('', 'bird')",hybrid
3333,data/voc2007/VOCdevkit/VOC2007/JPEGImages/001558.jpg,0,"('', 'car')","('car', 'person')","('car', '')","('', 'person')",negative
3334,data/voc2007/VOCdevkit/VOC2007/JPEGImages/009853.jpg,0,"('', 'car')","('car', 'diningtable')","('car', '')","('', 'diningtable')",negative
3335,data/voc2007/VOCdevkit/VOC2007/JPEGImages/005446.jpg,0,"('', 'person')","('person', 'dog')","('person', '')","('', 'dog')",negative
3336,data/voc2007/VOCdevkit/VOC2007/JPEGImages/005834.jpg,0,"('tvmonitor', 'chair')","('chair', 'tvmonitor')","('chair', '')","('', 'tvmonitor')",hybrid
3337,data/voc2007/VOCdevkit/VOC2007/JPEGImages/006132.jpg,0,"('', 'person')","('person', 'bird')","('person', '')","('', 'bird')",negative
3338,data/voc2007/VOCdevkit/VOC2007/JPEGImages/009040.jpg,0,"('person', 'car')","('car', 'person')","('car', '')","('', 'person')",hybrid
3339,data/voc2007/VOCdevkit/VOC2007/JPEGImages/000779.jpg,0,"('', 'person')","('person', 'sheep')","('person', '')","('', 'sheep')",negative
3340,data/voc2007/VOCdevkit/VOC2007/JPEGImages/001139.jpg,0,"('', 'diningtable')","('diningtable', 'chair')","('diningtable', '')","('', 'chair')",negative
3341,data/voc2007/VOCdevkit/VOC2007/JPEGImages/004667.jpg,0,"('', 'horse')","('horse', 'person')","('horse', '')","('', 'person')",negative
3342,data/voc2007/VOCdevkit/VOC2007/JPEGImages/008600.jpg,0,"('', 'diningtable')","('diningtable', 'chair')","('diningtable', '')","('', 'chair')",negative
3343,data/voc2007/VOCdevkit/VOC2007/JPEGImages/006477.jpg,0,"('chair and person', '')","('diningtable', 'chair')","('diningtable', '')","('', 'chair')",positive
3344,data/voc2007/VOCdevkit/VOC2007/JPEGImages/003329.jpg,0,"('person', 'car')","('car', 'person')","('car', '')","('', 'person')",hybrid
3345,data/voc2007/VOCdevkit/VOC2007/JPEGImages/007237.jpg,0,"('diningtable and pottedplant', '')","('car', 'diningtable')","('car', '')","('', 'diningtable')",positive
3346,data/voc2007/VOCdevkit/VOC2007/JPEGImages/007237.jpg,0,"('bottle', 'tvmonitor')","('tvmonitor', 'bottle')","('tvmonitor', '')","('', 'bottle')",hybrid
3347,data/voc2007/VOCdevkit/VOC2007/JPEGImages/007237.jpg,0,"('', 'tvmonitor')","('tvmonitor', 'diningtable')","('tvmonitor', '')","('', 'diningtable')",negative
3348,data/voc2007/VOCdevkit/VOC2007/JPEGImages/004485.jpg,0,"('person', 'chair')","('chair', 'person')","('chair', '')","('', 'person')",hybrid
3349,data/voc2007/VOCdevkit/VOC2007/JPEGImages/009505.jpg,0,"('', 'car')","('car', 'person')","('car', '')","('', 'person')",negative
3350,data/voc2007/VOCdevkit/VOC2007/JPEGImages/005562.jpg,0,"('', 'person')","('person', 'cat')","('person', '')","('', 'cat')",negative
3351,data/voc2007/VOCdevkit/VOC2007/JPEGImages/006016.jpg,0,"('', 'horse')","('horse', 'person')","('horse', '')","('', 'person')",negative
3352,data/voc2007/VOCdevkit/VOC2007/JPEGImages/009164.jpg,0,"('', 'chair')","('chair', 'person')","('chair', '')","('', 'person')",negative
3353,data/voc2007/VOCdevkit/VOC2007/JPEGImages/005103.jpg,0,"('', 'diningtable')","('diningtable', 'chair')","('diningtable', '')","('', 'chair')",negative
3354,data/voc2007/VOCdevkit/VOC2007/JPEGImages/008724.jpg,0,"('car', 'person')","('person', 'car')","('person', '')","('', 'car')",hybrid
3355,data/voc2007/VOCdevkit/VOC2007/JPEGImages/008052.jpg,0,"('car and person', '')","('chair', 'car')","('chair', '')","('', 'car')",positive
3356,data/voc2007/VOCdevkit/VOC2007/JPEGImages/005675.jpg,0,"('', 'chair')","('chair', 'person')","('chair', '')","('', 'person')",negative
3357,data/voc2007/VOCdevkit/VOC2007/JPEGImages/009612.jpg,0,"('', 'car')","('car', 'person')","('car', '')","('', 'person')",negative
3358,data/voc2007/VOCdevkit/VOC2007/JPEGImages/003799.jpg,0,"('', 'person')","('person', 'boat')","('person', '')","('', 'boat')",negative
3359,data/voc2007/VOCdevkit/VOC2007/JPEGImages/007120.jpg,0,"('', 'chair')","('chair', 'person')","('chair', '')","('', 'person')",negative
3360,data/voc2007/VOCdevkit/VOC2007/JPEGImages/000938.jpg,0,"('chair and sofa', '')","('diningtable', 'chair')","('diningtable', '')","('', 'chair')",positive
3361,data/voc2007/VOCdevkit/VOC2007/JPEGImages/008394.jpg,0,"('chair', 'person')","('person', 'chair')","('person', '')","('', 'chair')",hybrid
3362,data/voc2007/VOCdevkit/VOC2007/JPEGImages/004454.jpg,0,"('', 'chair')","('chair', 'person')","('chair', '')","('', 'person')",negative
3363,data/voc2007/VOCdevkit/VOC2007/JPEGImages/007541.jpg,0,"('bicycle', 'car')","('car', 'bicycle')","('car', '')","('', 'bicycle')",hybrid
3364,data/voc2007/VOCdevkit/VOC2007/JPEGImages/003166.jpg,0,"('', 'person')","('person', 'cat')","('person', '')","('', 'cat')",negative
3365,data/voc2007/VOCdevkit/VOC2007/JPEGImages/002081.jpg,0,"('', 'person')","('person', 'tvmonitor')","('person', '')","('', 'tvmonitor')",negative
3366,data/voc2007/VOCdevkit/VOC2007/JPEGImages/002726.jpg,0,"('', 'chair')","('chair', 'person')","('chair', '')","('', 'person')",negative
3367,data/voc2007/VOCdevkit/VOC2007/JPEGImages/002892.jpg,0,"('', 'boat')","('boat', 'bird')","('boat', '')","('', 'bird')",negative
3368,data/voc2007/VOCdevkit/VOC2007/JPEGImages/003507.jpg,0,"('', 'chair')","('chair', 'tvmonitor')","('chair', '')","('', 'tvmonitor')",negative
3369,data/voc2007/VOCdevkit/VOC2007/JPEGImages/003975.jpg,0,"('person', 'chair')","('chair', 'person')","('chair', '')","('', 'person')",hybrid
3370,data/voc2007/VOCdevkit/VOC2007/JPEGImages/000412.jpg,0,"('horse', 'person')","('person', 'horse')","('person', '')","('', 'horse')",hybrid
3371,data/voc2007/VOCdevkit/VOC2007/JPEGImages/001987.jpg,0,"('', 'car')","('car', 'cow')","('car', '')","('', 'cow')",negative
3372,data/voc2007/VOCdevkit/VOC2007/JPEGImages/001252.jpg,0,"('', 'bus')","('bus', 'car')","('bus', '')","('', 'car')",negative
3373,data/voc2007/VOCdevkit/VOC2007/JPEGImages/001956.jpg,0,"('car', 'bus')","('bus', 'car')","('bus', '')","('', 'car')",hybrid
3374,data/voc2007/VOCdevkit/VOC2007/JPEGImages/001283.jpg,0,"('car', 'person')","('person', 'car')","('person', '')","('', 'car')",hybrid
3375,data/voc2007/VOCdevkit/VOC2007/JPEGImages/000364.jpg,0,"('motorbike and person', '')","('car', 'motorbike')","('car', '')","('', 'motorbike')",positive
3376,data/voc2007/VOCdevkit/VOC2007/JPEGImages/005848.jpg,0,"('', 'car')","('car', 'person')","('car', '')","('', 'person')",negative
3377,data/voc2007/VOCdevkit/VOC2007/JPEGImages/006288.jpg,0,"('', 'car')","('car', 'sofa')","('car', '')","('', 'sofa')",negative
3378,data/voc2007/VOCdevkit/VOC2007/JPEGImages/002431.jpg,0,"('', 'boat')","('boat', 'bird')","('boat', '')","('', 'bird')",negative
3379,data/voc2007/VOCdevkit/VOC2007/JPEGImages/002843.jpg,0,"('aeroplane', 'person')","('person', 'aeroplane')","('person', '')","('', 'aeroplane')",hybrid
3380,data/voc2007/VOCdevkit/VOC2007/JPEGImages/002396.jpg,0,"('dog', 'person')","('person', 'dog')","('person', '')","('', 'dog')",hybrid
3381,data/voc2007/VOCdevkit/VOC2007/JPEGImages/002050.jpg,0,"('person', 'car')","('car', 'person')","('car', '')","('', 'person')",hybrid
3382,data/voc2007/VOCdevkit/VOC2007/JPEGImages/003610.jpg,0,"('', 'chair')","('chair', 'person')","('chair', '')","('', 'person')",negative
3383,data/voc2007/VOCdevkit/VOC2007/JPEGImages/007597.jpg,0,"('', 'person')","('person', 'chair')","('person', '')","('', 'chair')",negative
3384,data/voc2007/VOCdevkit/VOC2007/JPEGImages/005565.jpg,0,"('', 'person')","('person', 'tvmonitor')","('person', '')","('', 'tvmonitor')",negative
3385,data/voc2007/VOCdevkit/VOC2007/JPEGImages/004482.jpg,0,"('diningtable', 'car')","('car', 'diningtable')","('car', '')","('', 'diningtable')",hybrid
3386,data/voc2007/VOCdevkit/VOC2007/JPEGImages/008897.jpg,0,"('person', 'sofa')","('sofa', 'person')","('sofa', '')","('', 'person')",hybrid
3387,data/voc2007/VOCdevkit/VOC2007/JPEGImages/007651.jpg,0,"('person and diningtable', '')","('chair', 'person')","('chair', '')","('', 'person')",positive
3388,data/voc2007/VOCdevkit/VOC2007/JPEGImages/004744.jpg,0,"('person and chair', '')","('car', 'person')","('car', '')","('', 'person')",positive
3389,data/voc2007/VOCdevkit/VOC2007/JPEGImages/008055.jpg,0,"('aeroplane', 'car')","('car', 'aeroplane')","('car', '')","('', 'aeroplane')",hybrid
3390,data/voc2007/VOCdevkit/VOC2007/JPEGImages/004032.jpg,0,"('bottle', 'chair')","('chair', 'bottle')","('chair', '')","('', 'bottle')",hybrid
3391,data/voc2007/VOCdevkit/VOC2007/JPEGImages/004795.jpg,0,"('person', 'car')","('car', 'person')","('car', '')","('', 'person')",hybrid
3392,data/voc2007/VOCdevkit/VOC2007/JPEGImages/002679.jpg,0,"('', 'car')","('car', 'bus')","('car', '')","('', 'bus')",negative
3393,data/voc2007/VOCdevkit/VOC2007/JPEGImages/007127.jpg,0,"('train and person', '')","('chair', 'train')","('chair', '')","('', 'train')",positive
3394,data/voc2007/VOCdevkit/VOC2007/JPEGImages/006767.jpg,0,"('dog and person', '')","('car', 'dog')","('car', '')","('', 'dog')",positive
3395,data/voc2007/VOCdevkit/VOC2007/JPEGImages/008846.jpg,0,"('pottedplant', 'person')","('person', 'pottedplant')","('person', '')","('', 'pottedplant')",hybrid
3396,data/voc2007/VOCdevkit/VOC2007/JPEGImages/004453.jpg,0,"('car', 'bus')","('bus', 'car')","('bus', '')","('', 'car')",hybrid
3397,data/voc2007/VOCdevkit/VOC2007/JPEGImages/004821.jpg,0,"('', 'person')","('person', 'car')","('person', '')","('', 'car')",negative
3398,data/voc2007/VOCdevkit/VOC2007/JPEGImages/008393.jpg,0,"('bird', 'person')","('person', 'bird')","('person', '')","('', 'bird')",hybrid
3399,data/voc2007/VOCdevkit/VOC2007/JPEGImages/005213.jpg,0,"('', 'car')","('car', 'boat')","('car', '')","('', 'boat')",negative
3400,data/voc2007/VOCdevkit/VOC2007/JPEGImages/009274.jpg,0,"('', 'chair')","('chair', 'person')","('chair', '')","('', 'person')",negative
3401,data/voc2007/VOCdevkit/VOC2007/JPEGImages/007934.jpg,0,"('bird', 'boat')","('boat', 'bird')","('boat', '')","('', 'bird')",hybrid
3402,data/voc2007/VOCdevkit/VOC2007/JPEGImages/000074.jpg,0,"('car', 'person')","('person', 'car')","('person', '')","('', 'car')",hybrid
3403,data/voc2007/VOCdevkit/VOC2007/JPEGImages/001634.jpg,0,"('', 'car')","('car', 'boat')","('car', '')","('', 'boat')",negative
3404,data/voc2007/VOCdevkit/VOC2007/JPEGImages/001193.jpg,0,"('', 'car')","('car', 'bicycle')","('car', '')","('', 'bicycle')",negative
3405,data/voc2007/VOCdevkit/VOC2007/JPEGImages/003972.jpg,0,"('person', 'chair')","('chair', 'person')","('chair', '')","('', 'person')",hybrid
3406,data/voc2007/VOCdevkit/VOC2007/JPEGImages/002895.jpg,0,"('', 'chair')","('chair', 'person')","('chair', '')","('', 'person')",negative
3407,data/voc2007/VOCdevkit/VOC2007/JPEGImages/001255.jpg,0,"('pottedplant', 'chair')","('chair', 'pottedplant')","('chair', '')","('', 'pottedplant')",hybrid
3408,data/voc2007/VOCdevkit/VOC2007/JPEGImages/004979.jpg,0,"('dog', 'person')","('person', 'dog')","('person', '')","('', 'dog')",hybrid
3409,data/voc2007/VOCdevkit/VOC2007/JPEGImages/000415.jpg,0,"('', 'person')","('person', 'car')","('person', '')","('', 'car')",negative
3410,data/voc2007/VOCdevkit/VOC2007/JPEGImages/001951.jpg,0,"('car', 'bus')","('bus', 'car')","('bus', '')","('', 'car')",hybrid
3411,data/voc2007/VOCdevkit/VOC2007/JPEGImages/007368.jpg,0,"('person and motorbike', '')","('chair', 'person')","('chair', '')","('', 'person')",positive
3412,data/voc2007/VOCdevkit/VOC2007/JPEGImages/006528.jpg,0,"('', 'car')","('car', 'boat')","('car', '')","('', 'boat')",negative
3413,data/voc2007/VOCdevkit/VOC2007/JPEGImages/003276.jpg,0,"('person', 'horse')","('horse', 'person')","('horse', '')","('', 'person')",hybrid
3414,data/voc2007/VOCdevkit/VOC2007/JPEGImages/003617.jpg,0,"('diningtable', 'sofa')","('sofa', 'diningtable')","('sofa', '')","('', 'diningtable')",hybrid
3415,data/voc2007/VOCdevkit/VOC2007/JPEGImages/006149.jpg,0,"('dog', 'person')","('person', 'dog')","('person', '')","('', 'dog')",hybrid
3416,data/voc2007/VOCdevkit/VOC2007/JPEGImages/002057.jpg,0,"('', 'bus')","('bus', 'car')","('bus', '')","('', 'car')",negative
3417,data/voc2007/VOCdevkit/VOC2007/JPEGImages/000247.jpg,0,"('person and chair', '')","('diningtable', 'person')","('diningtable', '')","('', 'person')",positive
3418,data/voc2007/VOCdevkit/VOC2007/JPEGImages/000992.jpg,0,"('sheep', 'person')","('person', 'sheep')","('person', '')","('', 'sheep')",hybrid
3419,data/voc2007/VOCdevkit/VOC2007/JPEGImages/001407.jpg,0,"('', 'person')","('person', 'bottle')","('person', '')","('', 'bottle')",negative
3420,data/voc2007/VOCdevkit/VOC2007/JPEGImages/003352.jpg,0,"('', 'chair')","('chair', 'cat')","('chair', '')","('', 'cat')",negative
3421,data/voc2007/VOCdevkit/VOC2007/JPEGImages/004738.jpg,0,"('person', 'chair')","('chair', 'person')","('chair', '')","('', 'person')",hybrid
3422,data/voc2007/VOCdevkit/VOC2007/JPEGImages/005178.jpg,0,"('tvmonitor', 'chair')","('chair', 'tvmonitor')","('chair', '')","('', 'tvmonitor')",hybrid
3423,data/voc2007/VOCdevkit/VOC2007/JPEGImages/000181.jpg,0,"('', 'car')","('car', 'sofa')","('car', '')","('', 'sofa')",negative
3424,data/voc2007/VOCdevkit/VOC2007/JPEGImages/003733.jpg,0,"('person', 'chair')","('chair', 'person')","('chair', '')","('', 'person')",hybrid
3425,data/voc2007/VOCdevkit/VOC2007/JPEGImages/002173.jpg,0,"('', 'car')","('car', 'cow')","('car', '')","('', 'cow')",negative
3426,data/voc2007/VOCdevkit/VOC2007/JPEGImages/009669.jpg,0,"('cat', 'tvmonitor')","('tvmonitor', 'cat')","('tvmonitor', '')","('', 'cat')",hybrid
3427,data/voc2007/VOCdevkit/VOC2007/JPEGImages/001710.jpg,0,"('person', 'car')","('car', 'person')","('car', '')","('', 'person')",hybrid
3428,data/voc2007/VOCdevkit/VOC2007/JPEGImages/003383.jpg,0,"('', 'car')","('car', 'person')","('car', '')","('', 'person')",negative
3429,data/voc2007/VOCdevkit/VOC2007/JPEGImages/007948.jpg,0,"('', 'chair')","('chair', 'person')","('chair', '')","('', 'person')",negative
3430,data/voc2007/VOCdevkit/VOC2007/JPEGImages/002264.jpg,0,"('', 'diningtable')","('diningtable', 'chair')","('diningtable', '')","('', 'chair')",negative
3431,data/voc2007/VOCdevkit/VOC2007/JPEGImages/004388.jpg,0,"('', 'car')","('car', 'train')","('car', '')","('', 'train')",negative
3432,data/voc2007/VOCdevkit/VOC2007/JPEGImages/008448.jpg,0,"('', 'person')","('person', 'bus')","('person', '')","('', 'bus')",negative
3433,data/voc2007/VOCdevkit/VOC2007/JPEGImages/009096.jpg,0,"('', 'bus')","('bus', 'car')","('bus', '')","('', 'car')",negative
3434,data/voc2007/VOCdevkit/VOC2007/JPEGImages/000008.jpg,0,"('chair', 'diningtable')","('diningtable', 'chair')","('diningtable', '')","('', 'chair')",hybrid
3435,data/voc2007/VOCdevkit/VOC2007/JPEGImages/009731.jpg,0,"('', 'person')","('person', 'bird')","('person', '')","('', 'bird')",negative
3436,data/voc2007/VOCdevkit/VOC2007/JPEGImages/004116.jpg,0,"('', 'person')","('person', 'pottedplant')","('person', '')","('', 'pottedplant')",negative
3437,data/voc2007/VOCdevkit/VOC2007/JPEGImages/001648.jpg,0,"('', 'person')","('person', 'pottedplant')","('person', '')","('', 'pottedplant')",negative
3438,data/voc2007/VOCdevkit/VOC2007/JPEGImages/008510.jpg,0,"('', 'chair')","('chair', 'person')","('chair', '')","('', 'person')",negative
3439,data/voc2007/VOCdevkit/VOC2007/JPEGImages/004577.jpg,0,"('cat', 'tvmonitor')","('tvmonitor', 'cat')","('tvmonitor', '')","('', 'cat')",hybrid
3440,data/voc2007/VOCdevkit/VOC2007/JPEGImages/005490.jpg,0,"('', 'chair')","('chair', 'person')","('chair', '')","('', 'person')",negative
3441,data/voc2007/VOCdevkit/VOC2007/JPEGImages/009885.jpg,0,"('boat', 'car')","('car', 'boat')","('car', '')","('', 'boat')",hybrid
3442,data/voc2007/VOCdevkit/VOC2007/JPEGImages/007462.jpg,0,"('bird', 'person')","('person', 'bird')","('person', '')","('', 'bird')",hybrid
3443,data/voc2007/VOCdevkit/VOC2007/JPEGImages/006554.jpg,0,"('train', 'car')","('car', 'train')","('car', '')","('', 'train')",hybrid
3444,data/voc2007/VOCdevkit/VOC2007/JPEGImages/006926.jpg,0,"('person', 'car')","('car', 'person')","('car', '')","('', 'person')",hybrid
3445,data/voc2007/VOCdevkit/VOC2007/JPEGImages/009426.jpg,0,"('', 'bus')","('bus', 'car')","('bus', '')","('', 'car')",negative
3446,data/voc2007/VOCdevkit/VOC2007/JPEGImages/009854.jpg,0,"('person', 'sofa')","('sofa', 'person')","('sofa', '')","('', 'person')",hybrid
3447,data/voc2007/VOCdevkit/VOC2007/JPEGImages/009854.jpg,0,"('diningtable', 'sofa')","('sofa', 'diningtable')","('sofa', '')","('', 'diningtable')",hybrid
3448,data/voc2007/VOCdevkit/VOC2007/JPEGImages/005833.jpg,0,"('', 'person')","('person', 'bird')","('person', '')","('', 'bird')",negative
3449,data/voc2007/VOCdevkit/VOC2007/JPEGImages/009381.jpg,0,"('', 'person')","('person', 'car')","('person', '')","('', 'car')",negative
3450,data/voc2007/VOCdevkit/VOC2007/JPEGImages/008266.jpg,0,"('train', 'person')","('person', 'train')","('person', '')","('', 'train')",hybrid
3451,data/voc2007/VOCdevkit/VOC2007/JPEGImages/006692.jpg,0,"('', 'car')","('car', 'person')","('car', '')","('', 'person')",negative
3452,data/voc2007/VOCdevkit/VOC2007/JPEGImages/009047.jpg,0,"('person', 'car')","('car', 'person')","('car', '')","('', 'person')",hybrid
3453,data/voc2007/VOCdevkit/VOC2007/JPEGImages/005787.jpg,0,"('motorbike', 'person')","('person', 'motorbike')","('person', '')","('', 'motorbike')",hybrid
3454,data/voc2007/VOCdevkit/VOC2007/JPEGImages/001338.jpg,0,"('sofa and tvmonitor', '')","('chair', 'sofa')","('chair', '')","('', 'sofa')",positive
3455,data/voc2007/VOCdevkit/VOC2007/JPEGImages/008401.jpg,0,"('', 'person')","('person', 'bicycle')","('person', '')","('', 'bicycle')",negative
3456,data/voc2007/VOCdevkit/VOC2007/JPEGImages/005581.jpg,0,"('cat', 'person')","('person', 'cat')","('person', '')","('', 'cat')",hybrid
3457,data/voc2007/VOCdevkit/VOC2007/JPEGImages/009241.jpg,0,"('person and car', '')","('chair', 'person')","('chair', '')","('', 'person')",positive
3458,data/voc2007/VOCdevkit/VOC2007/JPEGImages/000578.jpg,0,"('', 'car')","('car', 'person')","('car', '')","('', 'person')",negative
3459,data/voc2007/VOCdevkit/VOC2007/JPEGImages/005226.jpg,0,"('', 'chair')","('chair', 'diningtable')","('chair', '')","('', 'diningtable')",negative
3460,data/voc2007/VOCdevkit/VOC2007/JPEGImages/006494.jpg,0,"('', 'tvmonitor')","('tvmonitor', 'cat')","('tvmonitor', '')","('', 'cat')",negative
3461,data/voc2007/VOCdevkit/VOC2007/JPEGImages/006333.jpg,0,"('car', 'horse')","('horse', 'car')","('horse', '')","('', 'car')",hybrid
3462,data/voc2007/VOCdevkit/VOC2007/JPEGImages/007573.jpg,0,"('person', 'car')","('car', 'person')","('car', '')","('', 'person')",hybrid
3463,data/voc2007/VOCdevkit/VOC2007/JPEGImages/000119.jpg,0,"('cat', 'person')","('person', 'cat')","('person', '')","('', 'cat')",hybrid
3464,data/voc2007/VOCdevkit/VOC2007/JPEGImages/004007.jpg,0,"('train', 'person')","('person', 'train')","('person', '')","('', 'train')",hybrid
3465,data/voc2007/VOCdevkit/VOC2007/JPEGImages/007112.jpg,0,"('car and person', '')","('chair', 'car')","('chair', '')","('', 'car')",positive
3466,data/voc2007/VOCdevkit/VOC2007/JPEGImages/006752.jpg,0,"('aeroplane', 'car')","('car', 'aeroplane')","('car', '')","('', 'aeroplane')",hybrid
3467,data/voc2007/VOCdevkit/VOC2007/JPEGImages/006024.jpg,0,"('car and aeroplane', '')","('bus', 'car')","('bus', '')","('', 'car')",positive
3468,data/voc2007/VOCdevkit/VOC2007/JPEGImages/004771.jpg,0,"('person', 'chair')","('chair', 'person')","('chair', '')","('', 'person')",hybrid
3469,data/voc2007/VOCdevkit/VOC2007/JPEGImages/001788.jpg,0,"('', 'person')","('person', 'train')","('person', '')","('', 'train')",negative
3470,data/voc2007/VOCdevkit/VOC2007/JPEGImages/009156.jpg,0,"('', 'bus')","('bus', 'car')","('bus', '')","('', 'car')",negative
3471,data/voc2007/VOCdevkit/VOC2007/JPEGImages/002929.jpg,0,"('train', 'car')","('car', 'train')","('car', '')","('', 'train')",hybrid
3472,data/voc2007/VOCdevkit/VOC2007/JPEGImages/006837.jpg,0,"('', 'person')","('person', 'sheep')","('person', '')","('', 'sheep')",negative
3473,data/voc2007/VOCdevkit/VOC2007/JPEGImages/005922.jpg,0,"('person and pottedplant', '')","('car', 'person')","('car', '')","('', 'person')",positive
3474,data/voc2007/VOCdevkit/VOC2007/JPEGImages/008377.jpg,0,"('', 'chair')","('chair', 'person')","('chair', '')","('', 'person')",negative
3475,data/voc2007/VOCdevkit/VOC2007/JPEGImages/004629.jpg,0,"('person', 'car')","('car', 'person')","('car', '')","('', 'person')",hybrid
3476,data/voc2007/VOCdevkit/VOC2007/JPEGImages/001177.jpg,0,"('person and diningtable', '')","('car', 'person')","('car', '')","('', 'person')",positive
3477,data/voc2007/VOCdevkit/VOC2007/JPEGImages/001177.jpg,0,"('bottle', 'car')","('car', 'bottle')","('car', '')","('', 'bottle')",hybrid
3478,data/voc2007/VOCdevkit/VOC2007/JPEGImages/000737.jpg,0,"('bottle and pottedplant', '')","('chair', 'bottle')","('chair', '')","('', 'bottle')",positive
3479,data/voc2007/VOCdevkit/VOC2007/JPEGImages/000737.jpg,0,"('bottle and bird', '')","('chair', 'bottle')","('chair', '')","('', 'bottle')",positive
3480,data/voc2007/VOCdevkit/VOC2007/JPEGImages/005069.jpg,0,"('', 'car')","('car', 'person')","('car', '')","('', 'person')",negative
3481,data/voc2007/VOCdevkit/VOC2007/JPEGImages/000090.jpg,0,"('', 'diningtable')","('diningtable', 'chair')","('diningtable', '')","('', 'chair')",negative
3482,data/voc2007/VOCdevkit/VOC2007/JPEGImages/002062.jpg,0,"('tvmonitor and person', '')","('car', 'tvmonitor')","('car', '')","('', 'tvmonitor')",positive
3483,data/voc2007/VOCdevkit/VOC2007/JPEGImages/000356.jpg,0,"('', 'chair')","('chair', 'person')","('chair', '')","('', 'person')",negative
3484,data/voc2007/VOCdevkit/VOC2007/JPEGImages/000883.jpg,0,"('', 'horse')","('horse', 'person')","('horse', '')","('', 'person')",negative
3485,data/voc2007/VOCdevkit/VOC2007/JPEGImages/001516.jpg,0,"('person', 'car')","('car', 'person')","('car', '')","('', 'person')",hybrid
3486,data/voc2007/VOCdevkit/VOC2007/JPEGImages/004248.jpg,0,"('person', 'car')","('car', 'person')","('car', '')","('', 'person')",hybrid
3487,data/voc2007/VOCdevkit/VOC2007/JPEGImages/002871.jpg,0,"('', 'bus')","('bus', 'car')","('bus', '')","('', 'car')",negative
3488,data/voc2007/VOCdevkit/VOC2007/JPEGImages/007888.jpg,0,"('', 'car')","('car', 'person')","('car', '')","('', 'person')",negative
3489,data/voc2007/VOCdevkit/VOC2007/JPEGImages/003535.jpg,0,"('', 'person')","('person', 'bird')","('person', '')","('', 'bird')",negative
3490,data/voc2007/VOCdevkit/VOC2007/JPEGImages/004299.jpg,0,"('boat', 'car')","('car', 'boat')","('car', '')","('', 'boat')",hybrid
3491,data/voc2007/VOCdevkit/VOC2007/JPEGImages/009319.jpg,0,"('', 'person')","('person', 'tvmonitor')","('person', '')","('', 'tvmonitor')",negative
3492,data/voc2007/VOCdevkit/VOC2007/JPEGImages/000852.jpg,0,"('', 'boat')","('boat', 'bird')","('boat', '')","('', 'bird')",negative
3493,data/voc2007/VOCdevkit/VOC2007/JPEGImages/001601.jpg,0,"('dog', 'chair')","('chair', 'dog')","('chair', '')","('', 'dog')",hybrid
3494,data/voc2007/VOCdevkit/VOC2007/JPEGImages/003411.jpg,0,"('cow', 'car')","('car', 'cow')","('car', '')","('', 'cow')",hybrid
3495,data/voc2007/VOCdevkit/VOC2007/JPEGImages/001344.jpg,0,"('sheep', 'person')","('person', 'sheep')","('person', '')","('', 'sheep')",hybrid
3496,data/voc2007/VOCdevkit/VOC2007/JPEGImages/001891.jpg,0,"('', 'horse')","('horse', 'car')","('horse', '')","('', 'car')",negative
3497,data/voc2007/VOCdevkit/VOC2007/JPEGImages/000976.jpg,0,"('aeroplane', 'car')","('car', 'aeroplane')","('car', '')","('', 'aeroplane')",hybrid
3498,data/voc2007/VOCdevkit/VOC2007/JPEGImages/000504.jpg,0,"('cow', 'car')","('car', 'cow')","('car', '')","('', 'cow')",hybrid
3499,data/voc2007/VOCdevkit/VOC2007/JPEGImages/002630.jpg,0,"('', 'person')","('person', 'bird')","('person', '')","('', 'bird')",negative
3500,data/voc2007/VOCdevkit/VOC2007/JPEGImages/003070.jpg,0,"('person', 'chair')","('chair', 'person')","('chair', '')","('', 'person')",hybrid
3501,data/voc2007/VOCdevkit/VOC2007/JPEGImages/000272.jpg,0,"('', 'car')","('car', 'person')","('car', '')","('', 'person')",negative
3502,data/voc2007/VOCdevkit/VOC2007/JPEGImages/002527.jpg,0,"('', 'person')","('person', 'pottedplant')","('person', '')","('', 'pottedplant')",negative
3503,data/voc2007/VOCdevkit/VOC2007/JPEGImages/002955.jpg,0,"('car and bus', '')","('person', 'car')","('person', '')","('', 'car')",positive
3504,data/voc2007/VOCdevkit/VOC2007/JPEGImages/006439.jpg,0,"('cat', 'tvmonitor')","('tvmonitor', 'cat')","('tvmonitor', '')","('', 'cat')",hybrid
3505,data/voc2007/VOCdevkit/VOC2007/JPEGImages/008195.jpg,0,"('', 'car')","('car', 'motorbike')","('car', '')","('', 'motorbike')",negative
3506,data/voc2007/VOCdevkit/VOC2007/JPEGImages/008632.jpg,0,"('car', 'person')","('person', 'car')","('person', '')","('', 'car')",hybrid
3507,data/voc2007/VOCdevkit/VOC2007/JPEGImages/005015.jpg,0,"('', 'boat')","('boat', 'bird')","('boat', '')","('', 'bird')",negative
3508,data/voc2007/VOCdevkit/VOC2007/JPEGImages/007321.jpg,0,"('', 'chair')","('chair', 'person')","('chair', '')","('', 'person')",negative
3509,data/voc2007/VOCdevkit/VOC2007/JPEGImages/003598.jpg,0,"('', 'boat')","('boat', 'bird')","('boat', '')","('', 'bird')",negative
3510,data/voc2007/VOCdevkit/VOC2007/JPEGImages/006561.jpg,0,"('motorbike', 'car')","('car', 'motorbike')","('car', '')","('', 'motorbike')",hybrid
3511,data/voc2007/VOCdevkit/VOC2007/JPEGImages/006913.jpg,0,"('', 'person')","('person', 'bus')","('person', '')","('', 'bus')",negative
3512,data/voc2007/VOCdevkit/VOC2007/JPEGImages/005474.jpg,0,"('', 'person')","('person', 'chair')","('person', '')","('', 'chair')",negative
3513,data/voc2007/VOCdevkit/VOC2007/JPEGImages/009861.jpg,0,"('sheep', 'dog')","('dog', 'sheep')","('dog', '')","('', 'sheep')",hybrid
3514,data/voc2007/VOCdevkit/VOC2007/JPEGImages/008986.jpg,0,"('aeroplane', 'car')","('car', 'aeroplane')","('car', '')","('', 'aeroplane')",hybrid
3515,data/voc2007/VOCdevkit/VOC2007/JPEGImages/004593.jpg,0,"('dog', 'person')","('person', 'dog')","('person', '')","('', 'dog')",hybrid
3516,data/voc2007/VOCdevkit/VOC2007/JPEGImages/004234.jpg,0,"('horse', 'car')","('car', 'horse')","('car', '')","('', 'horse')",hybrid
3517,data/voc2007/VOCdevkit/VOC2007/JPEGImages/004930.jpg,0,"('', 'car')","('car', 'bicycle')","('car', '')","('', 'bicycle')",negative
3518,data/voc2007/VOCdevkit/VOC2007/JPEGImages/008525.jpg,0,"('', 'person')","('person', 'tvmonitor')","('person', '')","('', 'tvmonitor')",negative
3519,data/voc2007/VOCdevkit/VOC2007/JPEGImages/008957.jpg,0,"('', 'car')","('car', 'chair')","('car', '')","('', 'chair')",negative
3520,data/voc2007/VOCdevkit/VOC2007/JPEGImages/005302.jpg,0,"('chair', 'diningtable')","('diningtable', 'chair')","('diningtable', '')","('', 'chair')",hybrid
3521,data/voc2007/VOCdevkit/VOC2007/JPEGImages/006217.jpg,0,"('', 'dog')","('dog', 'sheep')","('dog', '')","('', 'sheep')",negative
3522,data/voc2007/VOCdevkit/VOC2007/JPEGImages/002309.jpg,0,"('', 'boat')","('boat', 'bird')","('boat', '')","('', 'bird')",negative
3523,data/voc2007/VOCdevkit/VOC2007/JPEGImages/007825.jpg,0,"('aeroplane', 'car')","('car', 'aeroplane')","('car', '')","('', 'aeroplane')",hybrid
3524,data/voc2007/VOCdevkit/VOC2007/JPEGImages/009704.jpg,0,"('car', 'chair')","('chair', 'car')","('chair', '')","('', 'car')",hybrid
3525,data/voc2007/VOCdevkit/VOC2007/JPEGImages/005763.jpg,0,"('', 'chair')","('chair', 'car')","('chair', '')","('', 'car')",negative
3526,data/voc2007/VOCdevkit/VOC2007/JPEGImages/004123.jpg,0,"('boat', 'person')","('person', 'boat')","('person', '')","('', 'boat')",hybrid
3527,data/voc2007/VOCdevkit/VOC2007/JPEGImages/004684.jpg,0,"('', 'person')","('person', 'car')","('person', '')","('', 'car')",negative
3528,data/voc2007/VOCdevkit/VOC2007/JPEGImages/002768.jpg,0,"('', 'chair')","('chair', 'dog')","('chair', '')","('', 'dog')",negative
3529,data/voc2007/VOCdevkit/VOC2007/JPEGImages/003128.jpg,0,"('car', 'person')","('person', 'car')","('person', '')","('', 'car')",hybrid
3530,data/voc2007/VOCdevkit/VOC2007/JPEGImages/006676.jpg,0,"('', 'person')","('person', 'chair')","('person', '')","('', 'chair')",negative
3531,data/voc2007/VOCdevkit/VOC2007/JPEGImages/002983.jpg,0,"('boat', 'person')","('person', 'boat')","('person', '')","('', 'boat')",hybrid
3532,data/voc2007/VOCdevkit/VOC2007/JPEGImages/007508.jpg,0,"('chair', 'car')","('car', 'chair')","('car', '')","('', 'chair')",hybrid
3533,data/voc2007/VOCdevkit/VOC2007/JPEGImages/003864.jpg,0,"('', 'person')","('person', 'bus')","('person', '')","('', 'bus')",negative
3534,data/voc2007/VOCdevkit/VOC2007/JPEGImages/008808.jpg,0,"('person', 'chair')","('chair', 'person')","('chair', '')","('', 'person')",hybrid
3535,data/voc2007/VOCdevkit/VOC2007/JPEGImages/006729.jpg,0,"('person', 'car')","('car', 'person')","('car', '')","('', 'person')",hybrid
3536,data/voc2007/VOCdevkit/VOC2007/JPEGImages/007169.jpg,0,"('person and aeroplane', '')","('car', 'person')","('car', '')","('', 'person')",positive
3537,data/voc2007/VOCdevkit/VOC2007/JPEGImages/001085.jpg,0,"('', 'horse')","('horse', 'car')","('horse', '')","('', 'car')",negative
3538,data/voc2007/VOCdevkit/VOC2007/JPEGImages/001722.jpg,0,"('', 'car')","('car', 'person')","('car', '')","('', 'person')",negative
3539,data/voc2007/VOCdevkit/VOC2007/JPEGImages/000614.jpg,0,"('', 'car')","('car', 'bicycle')","('car', '')","('', 'bicycle')",negative
3540,data/voc2007/VOCdevkit/VOC2007/JPEGImages/001054.jpg,0,"('', 'person')","('person', 'dog')","('person', '')","('', 'dog')",negative
3541,data/voc2007/VOCdevkit/VOC2007/JPEGImages/002141.jpg,0,"('', 'sofa')","('sofa', 'chair')","('sofa', '')","('', 'chair')",negative
3542,data/voc2007/VOCdevkit/VOC2007/JPEGImages/002141.jpg,0,"('dog', 'diningtable')","('diningtable', 'dog')","('diningtable', '')","('', 'dog')",hybrid
3543,data/voc2007/VOCdevkit/VOC2007/JPEGImages/003701.jpg,0,"('', 'chair')","('chair', 'person')","('chair', '')","('', 'person')",negative
3544,data/voc2007/VOCdevkit/VOC2007/JPEGImages/001435.jpg,0,"('car and person', '')","('horse', 'car')","('horse', '')","('', 'car')",positive
3545,data/voc2007/VOCdevkit/VOC2007/JPEGImages/001392.jpg,0,"('tvmonitor and cat', '')","('car', 'tvmonitor')","('car', '')","('', 'tvmonitor')",positive
3546,data/voc2007/VOCdevkit/VOC2007/JPEGImages/005959.jpg,0,"('car', 'horse')","('horse', 'car')","('horse', '')","('', 'car')",hybrid
3547,data/voc2007/VOCdevkit/VOC2007/JPEGImages/006399.jpg,0,"('person', 'chair')","('chair', 'person')","('chair', '')","('', 'person')",hybrid
3548,data/voc2007/VOCdevkit/VOC2007/JPEGImages/007747.jpg,0,"('', 'person')","('person', 'sofa')","('person', '')","('', 'sofa')",negative
3549,data/voc2007/VOCdevkit/VOC2007/JPEGImages/007747.jpg,0,"('sofa', 'pottedplant')","('pottedplant', 'sofa')","('pottedplant', '')","('', 'sofa')",hybrid
3550,data/voc2007/VOCdevkit/VOC2007/JPEGImages/003659.jpg,0,"('person', 'chair')","('chair', 'person')","('chair', '')","('', 'person')",hybrid
3551,data/voc2007/VOCdevkit/VOC2007/JPEGImages/005012.jpg,0,"('dog and cat', '')","('car', 'dog')","('car', '')","('', 'dog')",positive
3552,data/voc2007/VOCdevkit/VOC2007/JPEGImages/009075.jpg,0,"('chair', 'diningtable')","('diningtable', 'chair')","('diningtable', '')","('', 'chair')",hybrid
3553,data/voc2007/VOCdevkit/VOC2007/JPEGImages/008192.jpg,0,"('horse and person', '')","('car', 'horse')","('car', '')","('', 'horse')",positive
3554,data/voc2007/VOCdevkit/VOC2007/JPEGImages/008192.jpg,0,"('bottle', 'car')","('car', 'bottle')","('car', '')","('', 'bottle')",hybrid
3555,data/voc2007/VOCdevkit/VOC2007/JPEGImages/003238.jpg,0,"('', 'tvmonitor')","('tvmonitor', 'cat')","('tvmonitor', '')","('', 'cat')",negative
3556,data/voc2007/VOCdevkit/VOC2007/JPEGImages/006566.jpg,0,"('', 'car')","('car', 'person')","('car', '')","('', 'person')",negative
3557,data/voc2007/VOCdevkit/VOC2007/JPEGImages/007326.jpg,0,"('', 'boat')","('boat', 'bird')","('boat', '')","('', 'bird')",negative
3558,data/voc2007/VOCdevkit/VOC2007/JPEGImages/004233.jpg,0,"('cow', 'person')","('person', 'cow')","('person', '')","('', 'cow')",hybrid
3559,data/voc2007/VOCdevkit/VOC2007/JPEGImages/008981.jpg,0,"('bird', 'person')","('person', 'bird')","('person', '')","('', 'bird')",hybrid
3560,data/voc2007/VOCdevkit/VOC2007/JPEGImages/004594.jpg,0,"('', 'person')","('person', 'bus')","('person', '')","('', 'bus')",negative
3561,data/voc2007/VOCdevkit/VOC2007/JPEGImages/005473.jpg,0,"('person and sofa', '')","('car', 'person')","('car', '')","('', 'person')",positive
3562,data/voc2007/VOCdevkit/VOC2007/JPEGImages/005801.jpg,0,"('', 'chair')","('chair', 'sofa')","('chair', '')","('', 'sofa')",negative
3563,data/voc2007/VOCdevkit/VOC2007/JPEGImages/009866.jpg,0,"('bicycle', 'person')","('person', 'bicycle')","('person', '')","('', 'bicycle')",hybrid
3564,data/voc2007/VOCdevkit/VOC2007/JPEGImages/004545.jpg,0,"('', 'sofa')","('sofa', 'person')","('sofa', '')","('', 'person')",negative
3565,data/voc2007/VOCdevkit/VOC2007/JPEGImages/004545.jpg,0,"('car and horse', '')","('sofa', 'car')","('sofa', '')","('', 'car')",positive
3566,data/voc2007/VOCdevkit/VOC2007/JPEGImages/004937.jpg,0,"('boat and person', '')","('car', 'boat')","('car', '')","('', 'boat')",positive
3567,data/voc2007/VOCdevkit/VOC2007/JPEGImages/008950.jpg,0,"('aeroplane', 'person')","('person', 'aeroplane')","('person', '')","('', 'aeroplane')",hybrid
3568,data/voc2007/VOCdevkit/VOC2007/JPEGImages/007822.jpg,0,"('', 'chair')","('chair', 'person')","('chair', '')","('', 'person')",negative
3569,data/voc2007/VOCdevkit/VOC2007/JPEGImages/007450.jpg,0,"('train', 'car')","('car', 'train')","('car', '')","('', 'train')",hybrid
3570,data/voc2007/VOCdevkit/VOC2007/JPEGImages/004124.jpg,0,"('pottedplant', 'person')","('person', 'pottedplant')","('person', '')","('', 'pottedplant')",hybrid
3571,data/voc2007/VOCdevkit/VOC2007/JPEGImages/008143.jpg,0,"('car', 'person')","('person', 'car')","('person', '')","('', 'car')",hybrid
3572,data/voc2007/VOCdevkit/VOC2007/JPEGImages/007796.jpg,0,"('', 'person')","('person', 'train')","('person', '')","('', 'train')",negative
3573,data/voc2007/VOCdevkit/VOC2007/JPEGImages/005221.jpg,0,"('sofa', 'chair')","('chair', 'sofa')","('chair', '')","('', 'sofa')",hybrid
3574,data/voc2007/VOCdevkit/VOC2007/JPEGImages/004813.jpg,0,"('sofa', 'diningtable')","('diningtable', 'sofa')","('diningtable', '')","('', 'sofa')",hybrid
3575,data/voc2007/VOCdevkit/VOC2007/JPEGImages/004461.jpg,0,"('', 'person')","('person', 'bird')","('person', '')","('', 'bird')",negative
3576,data/voc2007/VOCdevkit/VOC2007/JPEGImages/008406.jpg,0,"('bus and person', '')","('chair', 'bus')","('chair', '')","('', 'bus')",positive
3577,data/voc2007/VOCdevkit/VOC2007/JPEGImages/007574.jpg,0,"('', 'tvmonitor')","('tvmonitor', 'cat')","('tvmonitor', '')","('', 'cat')",negative
3578,data/voc2007/VOCdevkit/VOC2007/JPEGImages/007906.jpg,0,"('', 'bus')","('bus', 'car')","('bus', '')","('', 'car')",negative
3579,data/voc2007/VOCdevkit/VOC2007/JPEGImages/006334.jpg,0,"('car', 'horse')","('horse', 'car')","('horse', '')","('', 'car')",hybrid
3580,data/voc2007/VOCdevkit/VOC2007/JPEGImages/006493.jpg,0,"('', 'horse')","('horse', 'person')","('horse', '')","('', 'person')",negative
3581,data/voc2007/VOCdevkit/VOC2007/JPEGImages/004000.jpg,0,"('person', 'chair')","('chair', 'person')","('chair', '')","('', 'person')",hybrid
3582,data/voc2007/VOCdevkit/VOC2007/JPEGImages/007115.jpg,0,"('', 'car')","('car', 'bicycle')","('car', '')","('', 'bicycle')",negative
3583,data/voc2007/VOCdevkit/VOC2007/JPEGImages/005691.jpg,0,"('person', 'chair')","('chair', 'person')","('chair', '')","('', 'person')",hybrid
3584,data/voc2007/VOCdevkit/VOC2007/JPEGImages/000668.jpg,0,"('', 'car')","('car', 'aeroplane')","('car', '')","('', 'aeroplane')",negative
3585,data/voc2007/VOCdevkit/VOC2007/JPEGImages/008711.jpg,0,"('car', 'chair')","('chair', 'car')","('chair', '')","('', 'car')",hybrid
3586,data/voc2007/VOCdevkit/VOC2007/JPEGImages/006830.jpg,0,"('', 'sofa')","('sofa', 'person')","('sofa', '')","('', 'person')",negative
3587,data/voc2007/VOCdevkit/VOC2007/JPEGImages/007202.jpg,0,"('chair', 'diningtable')","('diningtable', 'chair')","('diningtable', '')","('', 'chair')",hybrid
3588,data/voc2007/VOCdevkit/VOC2007/JPEGImages/001449.jpg,0,"('train', 'car')","('car', 'train')","('car', '')","('', 'train')",hybrid
3589,data/voc2007/VOCdevkit/VOC2007/JPEGImages/004317.jpg,0,"('', 'car')","('car', 'person')","('car', '')","('', 'person')",negative
3590,data/voc2007/VOCdevkit/VOC2007/JPEGImages/009297.jpg,0,"('bottle', 'car')","('car', 'bottle')","('car', '')","('', 'bottle')",hybrid
3591,data/voc2007/VOCdevkit/VOC2007/JPEGImages/005925.jpg,0,"('person', 'car')","('car', 'person')","('car', '')","('', 'person')",hybrid
3592,data/voc2007/VOCdevkit/VOC2007/JPEGImages/005557.jpg,0,"('dog', 'sofa')","('sofa', 'dog')","('sofa', '')","('', 'dog')",hybrid
3593,data/voc2007/VOCdevkit/VOC2007/JPEGImages/009530.jpg,0,"('bus', 'person')","('person', 'bus')","('person', '')","('', 'bus')",hybrid
3594,data/voc2007/VOCdevkit/VOC2007/JPEGImages/000097.jpg,0,"('chair and person', '')","('car', 'chair')","('car', '')","('', 'chair')",positive
3595,data/voc2007/VOCdevkit/VOC2007/JPEGImages/009009.jpg,0,"('chair', 'diningtable')","('diningtable', 'chair')","('diningtable', '')","('', 'chair')",hybrid
3596,data/voc2007/VOCdevkit/VOC2007/JPEGImages/008649.jpg,0,"('', 'person')","('person', 'dog')","('person', '')","('', 'dog')",negative
3597,data/voc2007/VOCdevkit/VOC2007/JPEGImages/002065.jpg,0,"('', 'diningtable')","('diningtable', 'chair')","('diningtable', '')","('', 'chair')",negative
3598,data/voc2007/VOCdevkit/VOC2007/JPEGImages/003182.jpg,0,"('person', 'car')","('car', 'person')","('car', '')","('', 'person')",hybrid
3599,data/voc2007/VOCdevkit/VOC2007/JPEGImages/008228.jpg,0,"('', 'person')","('person', 'horse')","('person', '')","('', 'horse')",negative
3600,data/voc2007/VOCdevkit/VOC2007/JPEGImages/001511.jpg,0,"('car and person', '')","('horse', 'car')","('horse', '')","('', 'car')",positive
3601,data/voc2007/VOCdevkit/VOC2007/JPEGImages/000884.jpg,0,"('', 'person')","('person', 'sheep')","('person', '')","('', 'sheep')",negative
3602,data/voc2007/VOCdevkit/VOC2007/JPEGImages/000351.jpg,0,"('car', 'bus')","('bus', 'car')","('bus', '')","('', 'car')",hybrid
3603,data/voc2007/VOCdevkit/VOC2007/JPEGImages/002876.jpg,0,"('dog', 'person')","('person', 'dog')","('person', '')","('', 'dog')",hybrid
3604,data/voc2007/VOCdevkit/VOC2007/JPEGImages/003532.jpg,0,"('chair', 'person')","('person', 'chair')","('person', '')","('', 'chair')",hybrid
3605,data/voc2007/VOCdevkit/VOC2007/JPEGImages/003940.jpg,0,"('car', 'person')","('person', 'car')","('person', '')","('', 'car')",hybrid
3606,data/voc2007/VOCdevkit/VOC2007/JPEGImages/003295.jpg,0,"('', 'chair')","('chair', 'person')","('chair', '')","('', 'person')",negative
3607,data/voc2007/VOCdevkit/VOC2007/JPEGImages/001267.jpg,0,"('person', 'chair')","('chair', 'person')","('chair', '')","('', 'person')",hybrid
3608,data/voc2007/VOCdevkit/VOC2007/JPEGImages/003153.jpg,0,"('person', 'chair')","('chair', 'person')","('chair', '')","('', 'person')",hybrid
3609,data/voc2007/VOCdevkit/VOC2007/JPEGImages/001606.jpg,0,"('person and bicycle', '')","('chair', 'person')","('chair', '')","('', 'person')",positive
3610,data/voc2007/VOCdevkit/VOC2007/JPEGImages/008474.jpg,0,"('person and chair', '')","('car', 'person')","('car', '')","('', 'person')",positive
3611,data/voc2007/VOCdevkit/VOC2007/JPEGImages/004861.jpg,0,"('bird', 'boat')","('boat', 'bird')","('boat', '')","('', 'bird')",hybrid
3612,data/voc2007/VOCdevkit/VOC2007/JPEGImages/004413.jpg,0,"('', 'person')","('person', 'bird')","('person', '')","('', 'bird')",negative
3613,data/voc2007/VOCdevkit/VOC2007/JPEGImages/005986.jpg,0,"('train', 'car')","('car', 'train')","('car', '')","('', 'train')",hybrid
3614,data/voc2007/VOCdevkit/VOC2007/JPEGImages/009593.jpg,0,"('car', 'chair')","('chair', 'car')","('chair', '')","('', 'car')",hybrid
3615,data/voc2007/VOCdevkit/VOC2007/JPEGImages/009234.jpg,0,"('', 'person')","('person', 'cat')","('person', '')","('', 'cat')",negative
3616,data/voc2007/VOCdevkit/VOC2007/JPEGImages/003418.jpg,0,"('dog', 'chair')","('chair', 'dog')","('chair', '')","('', 'dog')",hybrid
3617,data/voc2007/VOCdevkit/VOC2007/JPEGImages/002258.jpg,0,"('', 'person')","('person', 'tvmonitor')","('person', '')","('', 'tvmonitor')",negative
3618,data/voc2007/VOCdevkit/VOC2007/JPEGImages/005632.jpg,0,"('', 'person')","('person', 'bicycle')","('person', '')","('', 'bicycle')",negative
3619,data/voc2007/VOCdevkit/VOC2007/JPEGImages/008015.jpg,0,"('bird', 'person')","('person', 'bird')","('person', '')","('', 'bird')",hybrid
3620,data/voc2007/VOCdevkit/VOC2007/JPEGImages/004072.jpg,0,"('', 'chair')","('chair', 'bottle')","('chair', '')","('', 'bottle')",negative
3621,data/voc2007/VOCdevkit/VOC2007/JPEGImages/002639.jpg,0,"('person', 'car')","('car', 'person')","('car', '')","('', 'person')",hybrid
3622,data/voc2007/VOCdevkit/VOC2007/JPEGImages/006080.jpg,0,"('cat', 'person')","('person', 'cat')","('person', '')","('', 'cat')",hybrid
3623,data/voc2007/VOCdevkit/VOC2007/JPEGImages/003079.jpg,0,"('', 'car')","('car', 'person')","('car', '')","('', 'person')",negative
3624,data/voc2007/VOCdevkit/VOC2007/JPEGImages/006051.jpg,0,"('aeroplane', 'car')","('car', 'aeroplane')","('car', '')","('', 'aeroplane')",hybrid
3625,data/voc2007/VOCdevkit/VOC2007/JPEGImages/004704.jpg,0,"('person', 'car')","('car', 'person')","('car', '')","('', 'person')",hybrid
3626,data/voc2007/VOCdevkit/VOC2007/JPEGImages/008763.jpg,0,"('', 'car')","('car', 'cow')","('car', '')","('', 'cow')",negative
3627,data/voc2007/VOCdevkit/VOC2007/JPEGImages/002289.jpg,0,"('', 'car')","('car', 'train')","('car', '')","('', 'train')",negative
3628,data/voc2007/VOCdevkit/VOC2007/JPEGImages/006397.jpg,0,"('', 'bus')","('bus', 'car')","('bus', '')","('', 'car')",negative
3629,data/voc2007/VOCdevkit/VOC2007/JPEGImages/009930.jpg,0,"('', 'sofa')","('sofa', 'person')","('sofa', '')","('', 'person')",negative
3630,data/voc2007/VOCdevkit/VOC2007/JPEGImages/005957.jpg,0,"('cat', 'tvmonitor')","('tvmonitor', 'cat')","('tvmonitor', '')","('', 'cat')",hybrid
3631,data/voc2007/VOCdevkit/VOC2007/JPEGImages/005525.jpg,0,"('pottedplant', 'chair')","('chair', 'pottedplant')","('chair', '')","('', 'pottedplant')",hybrid
3632,data/voc2007/VOCdevkit/VOC2007/JPEGImages/005282.jpg,0,"('', 'boat')","('boat', 'bird')","('boat', '')","('', 'bird')",negative
3633,data/voc2007/VOCdevkit/VOC2007/JPEGImages/006109.jpg,0,"('car', 'bus')","('bus', 'car')","('bus', '')","('', 'car')",hybrid
3634,data/voc2007/VOCdevkit/VOC2007/JPEGImages/002017.jpg,0,"('', 'person')","('person', 'horse')","('person', '')","('', 'horse')",negative
3635,data/voc2007/VOCdevkit/VOC2007/JPEGImages/007328.jpg,0,"('', 'car')","('car', 'person')","('car', '')","('', 'person')",negative
3636,data/voc2007/VOCdevkit/VOC2007/JPEGImages/006568.jpg,0,"('dog', 'person')","('person', 'dog')","('person', '')","('', 'dog')",hybrid
3637,data/voc2007/VOCdevkit/VOC2007/JPEGImages/003591.jpg,0,"('', 'chair')","('chair', 'pottedplant')","('chair', '')","('', 'pottedplant')",negative
3638,data/voc2007/VOCdevkit/VOC2007/JPEGImages/003540.jpg,0,"('', 'tvmonitor')","('tvmonitor', 'cat')","('tvmonitor', '')","('', 'cat')",negative
3639,data/voc2007/VOCdevkit/VOC2007/JPEGImages/000455.jpg,0,"('horse and person', '')","('car', 'horse')","('car', '')","('', 'horse')",positive
3640,data/voc2007/VOCdevkit/VOC2007/JPEGImages/002761.jpg,0,"('', 'car')","('car', 'person')","('car', '')","('', 'person')",negative
3641,data/voc2007/VOCdevkit/VOC2007/JPEGImages/003686.jpg,0,"('', 'person')","('person', 'tvmonitor')","('person', '')","('', 'tvmonitor')",negative
3642,data/voc2007/VOCdevkit/VOC2007/JPEGImages/001674.jpg,0,"('chair and diningtable', '')","('sofa', 'chair')","('sofa', '')","('', 'chair')",positive
3643,data/voc2007/VOCdevkit/VOC2007/JPEGImages/003816.jpg,0,"('', 'tvmonitor')","('tvmonitor', 'cat')","('tvmonitor', '')","('', 'cat')",negative
3644,data/voc2007/VOCdevkit/VOC2007/JPEGImages/002583.jpg,0,"('', 'bus')","('bus', 'car')","('bus', '')","('', 'car')",negative
3645,data/voc2007/VOCdevkit/VOC2007/JPEGImages/008408.jpg,0,"('', 'person')","('person', 'car')","('person', '')","('', 'car')",negative
3646,data/voc2007/VOCdevkit/VOC2007/JPEGImages/001331.jpg,0,"('', 'person')","('person', 'car')","('person', '')","('', 'car')",negative
3647,data/voc2007/VOCdevkit/VOC2007/JPEGImages/001496.jpg,0,"('bicycle and person', '')","('chair', 'bicycle')","('chair', '')","('', 'bicycle')",positive
3648,data/voc2007/VOCdevkit/VOC2007/JPEGImages/000571.jpg,0,"('tvmonitor', 'chair')","('chair', 'tvmonitor')","('chair', '')","('', 'tvmonitor')",hybrid
3649,data/voc2007/VOCdevkit/VOC2007/JPEGImages/009248.jpg,0,"('person', 'chair')","('chair', 'person')","('chair', '')","('', 'person')",hybrid
3650,data/voc2007/VOCdevkit/VOC2007/JPEGImages/001781.jpg,0,"('', 'chair')","('chair', 'person')","('chair', '')","('', 'person')",negative
3651,data/voc2007/VOCdevkit/VOC2007/JPEGImages/004778.jpg,0,"('', 'person')","('person', 'pottedplant')","('person', '')","('', 'pottedplant')",negative
3652,data/voc2007/VOCdevkit/VOC2007/JPEGImages/001026.jpg,0,"('', 'car')","('car', 'person')","('car', '')","('', 'person')",negative
3653,data/voc2007/VOCdevkit/VOC2007/JPEGImages/000666.jpg,0,"('horse', 'chair')","('chair', 'horse')","('chair', '')","('', 'horse')",hybrid
3654,data/voc2007/VOCdevkit/VOC2007/JPEGImages/002694.jpg,0,"('', 'chair')","('chair', 'cat')","('chair', '')","('', 'cat')",negative
3655,data/voc2007/VOCdevkit/VOC2007/JPEGImages/002133.jpg,0,"('sheep', 'person')","('person', 'sheep')","('person', '')","('', 'sheep')",hybrid
3656,data/voc2007/VOCdevkit/VOC2007/JPEGImages/001447.jpg,0,"('motorbike', 'chair')","('chair', 'motorbike')","('chair', '')","('', 'motorbike')",hybrid
3657,data/voc2007/VOCdevkit/VOC2007/JPEGImages/001835.jpg,0,"('cat', 'person')","('person', 'cat')","('person', '')","('', 'cat')",hybrid
3658,data/voc2007/VOCdevkit/VOC2007/JPEGImages/004319.jpg,0,"('', 'person')","('person', 'chair')","('person', '')","('', 'chair')",negative
3659,data/voc2007/VOCdevkit/VOC2007/JPEGImages/002920.jpg,0,"('person and bicycle', '')","('horse', 'person')","('horse', '')","('', 'person')",positive
3660,data/voc2007/VOCdevkit/VOC2007/JPEGImages/002920.jpg,0,"('', 'chair')","('chair', 'car')","('chair', '')","('', 'car')",negative
3661,data/voc2007/VOCdevkit/VOC2007/JPEGImages/002552.jpg,0,"('cat', 'person')","('person', 'cat')","('person', '')","('', 'cat')",hybrid
3662,data/voc2007/VOCdevkit/VOC2007/JPEGImages/003312.jpg,0,"('bicycle', 'person')","('person', 'bicycle')","('person', '')","('', 'bicycle')",hybrid
3663,data/voc2007/VOCdevkit/VOC2007/JPEGImages/004187.jpg,0,"('', 'bus')","('bus', 'car')","('bus', '')","('', 'car')",negative
3664,data/voc2007/VOCdevkit/VOC2007/JPEGImages/004620.jpg,0,"('chair', 'person')","('person', 'chair')","('person', '')","('', 'chair')",hybrid
3665,data/voc2007/VOCdevkit/VOC2007/JPEGImages/005060.jpg,0,"('person', 'car')","('car', 'person')","('car', '')","('', 'person')",hybrid
3666,data/voc2007/VOCdevkit/VOC2007/JPEGImages/007881.jpg,0,"('train', 'person')","('person', 'train')","('person', '')","('', 'train')",hybrid
3667,data/voc2007/VOCdevkit/VOC2007/JPEGImages/007354.jpg,0,"('', 'sofa')","('sofa', 'chair')","('sofa', '')","('', 'chair')",negative
3668,data/voc2007/VOCdevkit/VOC2007/JPEGImages/002878.jpg,0,"('', 'chair')","('chair', 'person')","('chair', '')","('', 'person')",negative
3669,data/voc2007/VOCdevkit/VOC2007/JPEGImages/006514.jpg,0,"('chair', 'car')","('car', 'chair')","('car', '')","('', 'chair')",hybrid
3670,data/voc2007/VOCdevkit/VOC2007/JPEGImages/009814.jpg,0,"('', 'person')","('person', 'cat')","('person', '')","('', 'cat')",negative
3671,data/voc2007/VOCdevkit/VOC2007/JPEGImages/005401.jpg,0,"('', 'person')","('person', 'car')","('person', '')","('', 'car')",negative
3672,data/voc2007/VOCdevkit/VOC2007/JPEGImages/008922.jpg,0,"('chair', 'diningtable')","('diningtable', 'chair')","('diningtable', '')","('', 'chair')",hybrid
3673,data/voc2007/VOCdevkit/VOC2007/JPEGImages/008922.jpg,0,"('person', 'car')","('car', 'person')","('car', '')","('', 'person')",hybrid
3674,data/voc2007/VOCdevkit/VOC2007/JPEGImages/004945.jpg,0,"('', 'person')","('person', 'dog')","('person', '')","('', 'dog')",negative
3675,data/voc2007/VOCdevkit/VOC2007/JPEGImages/004290.jpg,0,"('', 'bus')","('bus', 'car')","('bus', '')","('', 'car')",negative
3676,data/voc2007/VOCdevkit/VOC2007/JPEGImages/000429.jpg,0,"('person', 'car')","('car', 'person')","('car', '')","('', 'person')",hybrid
3677,data/voc2007/VOCdevkit/VOC2007/JPEGImages/005377.jpg,0,"('person and diningtable', '')","('car', 'person')","('car', '')","('', 'person')",positive
3678,data/voc2007/VOCdevkit/VOC2007/JPEGImages/009310.jpg,0,"('', 'person')","('person', 'cat')","('person', '')","('', 'cat')",negative
3679,data/voc2007/VOCdevkit/VOC2007/JPEGImages/007850.jpg,0,"('', 'person')","('person', 'boat')","('person', '')","('', 'boat')",negative
3680,data/voc2007/VOCdevkit/VOC2007/JPEGImages/009771.jpg,0,"('cow', 'car')","('car', 'cow')","('car', '')","('', 'cow')",hybrid
3681,data/voc2007/VOCdevkit/VOC2007/JPEGImages/008131.jpg,0,"('person', 'car')","('car', 'person')","('car', '')","('', 'person')",hybrid
3682,data/voc2007/VOCdevkit/VOC2007/JPEGImages/004156.jpg,0,"('bus', 'person')","('person', 'bus')","('person', '')","('', 'bus')",hybrid
3683,data/voc2007/VOCdevkit/VOC2007/JPEGImages/008696.jpg,0,"('', 'person')","('person', 'train')","('person', '')","('', 'train')",negative
3684,data/voc2007/VOCdevkit/VOC2007/JPEGImages/007043.jpg,0,"('', 'chair')","('chair', 'person')","('chair', '')","('', 'person')",negative
3685,data/voc2007/VOCdevkit/VOC2007/JPEGImages/002223.jpg,0,"('person and car', '')","('chair', 'person')","('chair', '')","('', 'person')",positive
3686,data/voc2007/VOCdevkit/VOC2007/JPEGImages/003463.jpg,0,"('tvmonitor', 'chair')","('chair', 'tvmonitor')","('chair', '')","('', 'tvmonitor')",hybrid
3687,data/voc2007/VOCdevkit/VOC2007/JPEGImages/000576.jpg,0,"('', 'person')","('person', 'boat')","('person', '')","('', 'boat')",negative
3688,data/voc2007/VOCdevkit/VOC2007/JPEGImages/005228.jpg,0,"('cat', 'person')","('person', 'cat')","('person', '')","('', 'cat')",hybrid
3689,data/voc2007/VOCdevkit/VOC2007/JPEGImages/001491.jpg,0,"('', 'bus')","('bus', 'car')","('bus', '')","('', 'car')",negative
3690,data/voc2007/VOCdevkit/VOC2007/JPEGImages/001336.jpg,0,"('person and bicycle', '')","('chair', 'person')","('chair', '')","('', 'person')",positive
3691,data/voc2007/VOCdevkit/VOC2007/JPEGImages/002642.jpg,0,"('', 'person')","('person', 'cat')","('person', '')","('', 'cat')",negative
3692,data/voc2007/VOCdevkit/VOC2007/JPEGImages/001757.jpg,0,"('diningtable', 'chair')","('chair', 'diningtable')","('chair', '')","('', 'diningtable')",hybrid
3693,data/voc2007/VOCdevkit/VOC2007/JPEGImages/005649.jpg,0,"('', 'person')","('person', 'car')","('person', '')","('', 'car')",negative
3694,data/voc2007/VOCdevkit/VOC2007/JPEGImages/009158.jpg,0,"('bird', 'boat')","('boat', 'bird')","('boat', '')","('', 'bird')",hybrid
3695,data/voc2007/VOCdevkit/VOC2007/JPEGImages/005698.jpg,0,"('person', 'chair')","('chair', 'person')","('chair', '')","('', 'person')",hybrid
3696,data/voc2007/VOCdevkit/VOC2007/JPEGImages/001021.jpg,0,"('chair and bottle', '')","('diningtable', 'chair')","('diningtable', '')","('', 'chair')",positive
3697,data/voc2007/VOCdevkit/VOC2007/JPEGImages/001786.jpg,0,"('pottedplant', 'chair')","('chair', 'pottedplant')","('chair', '')","('', 'pottedplant')",hybrid
3698,data/voc2007/VOCdevkit/VOC2007/JPEGImages/001440.jpg,0,"('', 'boat')","('boat', 'bird')","('boat', '')","('', 'bird')",negative
3699,data/voc2007/VOCdevkit/VOC2007/JPEGImages/008379.jpg,0,"('bottle', 'diningtable')","('diningtable', 'bottle')","('diningtable', '')","('', 'bottle')",hybrid
3700,data/voc2007/VOCdevkit/VOC2007/JPEGImages/009539.jpg,0,"('person', 'chair')","('chair', 'person')","('chair', '')","('', 'person')",hybrid
3701,data/voc2007/VOCdevkit/VOC2007/JPEGImages/003315.jpg,0,"('bird', 'person')","('person', 'bird')","('person', '')","('', 'bird')",hybrid
3702,data/voc2007/VOCdevkit/VOC2007/JPEGImages/002927.jpg,0,"('', 'chair')","('chair', 'car')","('chair', '')","('', 'car')",negative
3703,data/voc2007/VOCdevkit/VOC2007/JPEGImages/001179.jpg,0,"('chair and diningtable', '')","('sofa', 'chair')","('sofa', '')","('', 'chair')",positive
3704,data/voc2007/VOCdevkit/VOC2007/JPEGImages/008640.jpg,0,"('', 'boat')","('boat', 'bird')","('boat', '')","('', 'bird')",negative
3705,data/voc2007/VOCdevkit/VOC2007/JPEGImages/004180.jpg,0,"('bottle', 'person')","('person', 'bottle')","('person', '')","('', 'bottle')",hybrid
3706,data/voc2007/VOCdevkit/VOC2007/JPEGImages/006513.jpg,0,"('train', 'person')","('person', 'train')","('person', '')","('', 'train')",hybrid
3707,data/voc2007/VOCdevkit/VOC2007/JPEGImages/006961.jpg,0,"('', 'sofa')","('sofa', 'dog')","('sofa', '')","('', 'dog')",negative
3708,data/voc2007/VOCdevkit/VOC2007/JPEGImages/007353.jpg,0,"('sofa', 'chair')","('chair', 'sofa')","('chair', '')","('', 'sofa')",hybrid
3709,data/voc2007/VOCdevkit/VOC2007/JPEGImages/001518.jpg,0,"('sofa', 'chair')","('chair', 'sofa')","('chair', '')","('', 'sofa')",hybrid
3710,data/voc2007/VOCdevkit/VOC2007/JPEGImages/008221.jpg,0,"('bicycle', 'car')","('car', 'bicycle')","('car', '')","('', 'bicycle')",hybrid
3711,data/voc2007/VOCdevkit/VOC2007/JPEGImages/004993.jpg,0,"('dog', 'sofa')","('sofa', 'dog')","('sofa', '')","('', 'dog')",hybrid
3712,data/voc2007/VOCdevkit/VOC2007/JPEGImages/000358.jpg,0,"('person', 'horse')","('horse', 'person')","('horse', '')","('', 'person')",hybrid
3713,data/voc2007/VOCdevkit/VOC2007/JPEGImages/000389.jpg,0,"('', 'person')","('person', 'pottedplant')","('person', '')","('', 'pottedplant')",negative
3714,data/voc2007/VOCdevkit/VOC2007/JPEGImages/009317.jpg,0,"('person', 'chair')","('chair', 'person')","('chair', '')","('', 'person')",hybrid
3715,data/voc2007/VOCdevkit/VOC2007/JPEGImages/004297.jpg,0,"('person', 'chair')","('chair', 'person')","('chair', '')","('', 'person')",hybrid
3716,data/voc2007/VOCdevkit/VOC2007/JPEGImages/008925.jpg,0,"('', 'diningtable')","('diningtable', 'bottle')","('diningtable', '')","('', 'bottle')",negative
3717,data/voc2007/VOCdevkit/VOC2007/JPEGImages/004942.jpg,0,"('motorbike', 'car')","('car', 'motorbike')","('car', '')","('', 'motorbike')",hybrid
3718,data/voc2007/VOCdevkit/VOC2007/JPEGImages/007382.jpg,0,"('', 'car')","('car', 'person')","('car', '')","('', 'person')",negative
3719,data/voc2007/VOCdevkit/VOC2007/JPEGImages/006265.jpg,0,"('cat', 'person')","('person', 'cat')","('person', '')","('', 'cat')",hybrid
3720,data/voc2007/VOCdevkit/VOC2007/JPEGImages/008136.jpg,0,"('', 'bus')","('bus', 'car')","('bus', '')","('', 'car')",negative
3721,data/voc2007/VOCdevkit/VOC2007/JPEGImages/004151.jpg,0,"('', 'person')","('person', 'motorbike')","('person', '')","('', 'motorbike')",negative
3722,data/voc2007/VOCdevkit/VOC2007/JPEGImages/005711.jpg,0,"('cow', 'person')","('person', 'cow')","('person', '')","('', 'cow')",hybrid
3723,data/voc2007/VOCdevkit/VOC2007/JPEGImages/006604.jpg,0,"('', 'person')","('person', 'boat')","('person', '')","('', 'boat')",negative
3724,data/voc2007/VOCdevkit/VOC2007/JPEGImages/007044.jpg,0,"('cow and person', '')","('chair', 'cow')","('chair', '')","('', 'cow')",positive
3725,data/voc2007/VOCdevkit/VOC2007/JPEGImages/000978.jpg,0,"('', 'car')","('car', 'horse')","('car', '')","('', 'horse')",negative
3726,data/voc2007/VOCdevkit/VOC2007/JPEGImages/009233.jpg,0,"('', 'person')","('person', 'dog')","('person', '')","('', 'dog')",negative
3727,data/voc2007/VOCdevkit/VOC2007/JPEGImages/009594.jpg,0,"('', 'chair')","('chair', 'tvmonitor')","('chair', '')","('', 'tvmonitor')",negative
3728,data/voc2007/VOCdevkit/VOC2007/JPEGImages/008473.jpg,0,"('train', 'person')","('person', 'train')","('person', '')","('', 'train')",hybrid
3729,data/voc2007/VOCdevkit/VOC2007/JPEGImages/004414.jpg,0,"('train and person', '')","('chair', 'train')","('chair', '')","('', 'train')",positive
3730,data/voc2007/VOCdevkit/VOC2007/JPEGImages/007973.jpg,0,"('aeroplane', 'person')","('person', 'aeroplane')","('person', '')","('', 'aeroplane')",hybrid
3731,data/voc2007/VOCdevkit/VOC2007/JPEGImages/007501.jpg,0,"('person', 'horse')","('horse', 'person')","('horse', '')","('', 'person')",hybrid
3732,data/voc2007/VOCdevkit/VOC2007/JPEGImages/006894.jpg,0,"('', 'car')","('car', 'cat')","('car', '')","('', 'cat')",negative
3733,data/voc2007/VOCdevkit/VOC2007/JPEGImages/005635.jpg,0,"('', 'diningtable')","('diningtable', 'bottle')","('diningtable', '')","('', 'bottle')",negative
3734,data/voc2007/VOCdevkit/VOC2007/JPEGImages/009652.jpg,0,"('car', 'bus')","('bus', 'car')","('bus', '')","('', 'car')",hybrid
3735,data/voc2007/VOCdevkit/VOC2007/JPEGImages/005192.jpg,0,"('', 'chair')","('chair', 'person')","('chair', '')","('', 'person')",negative
3736,data/voc2007/VOCdevkit/VOC2007/JPEGImages/006720.jpg,0,"('', 'car')","('car', 'bicycle')","('car', '')","('', 'bicycle')",negative
3737,data/voc2007/VOCdevkit/VOC2007/JPEGImages/006087.jpg,0,"('person', 'chair')","('chair', 'person')","('chair', '')","('', 'person')",hybrid
3738,data/voc2007/VOCdevkit/VOC2007/JPEGImages/007160.jpg,0,"('bicycle', 'person')","('person', 'bicycle')","('person', '')","('', 'bicycle')",hybrid
3739,data/voc2007/VOCdevkit/VOC2007/JPEGImages/002148.jpg,0,"('train', 'person')","('person', 'train')","('person', '')","('', 'train')",hybrid
3740,data/voc2007/VOCdevkit/VOC2007/JPEGImages/007616.jpg,0,"('horse', 'chair')","('chair', 'horse')","('chair', '')","('', 'horse')",hybrid
3741,data/voc2007/VOCdevkit/VOC2007/JPEGImages/006056.jpg,0,"('chair', 'car')","('car', 'chair')","('car', '')","('', 'chair')",hybrid
3742,data/voc2007/VOCdevkit/VOC2007/JPEGImages/006056.jpg,0,"('', 'car')","('car', 'bottle')","('car', '')","('', 'bottle')",negative
3743,data/voc2007/VOCdevkit/VOC2007/JPEGImages/009683.jpg,0,"('bus', 'motorbike')","('motorbike', 'bus')","('motorbike', '')","('', 'bus')",hybrid
3744,data/voc2007/VOCdevkit/VOC2007/JPEGImages/009124.jpg,0,"('', 'chair')","('chair', 'person')","('chair', '')","('', 'person')",negative
3745,data/voc2007/VOCdevkit/VOC2007/JPEGImages/004703.jpg,0,"('', 'car')","('car', 'bicycle')","('car', '')","('', 'bicycle')",negative
3746,data/voc2007/VOCdevkit/VOC2007/JPEGImages/006390.jpg,0,"('bottle and person', '')","('chair', 'bottle')","('chair', '')","('', 'bottle')",positive
3747,data/voc2007/VOCdevkit/VOC2007/JPEGImages/007277.jpg,0,"('', 'car')","('car', 'person')","('car', '')","('', 'person')",negative
3748,data/voc2007/VOCdevkit/VOC2007/JPEGImages/004362.jpg,0,"('bird', 'person')","('person', 'bird')","('person', '')","('', 'bird')",hybrid
3749,data/voc2007/VOCdevkit/VOC2007/JPEGImages/008305.jpg,0,"('', 'person')","('person', 'bird')","('person', '')","('', 'bird')",negative
3750,data/voc2007/VOCdevkit/VOC2007/JPEGImages/009937.jpg,0,"('horse and person', '')","('chair', 'horse')","('chair', '')","('', 'horse')",positive
3751,data/voc2007/VOCdevkit/VOC2007/JPEGImages/005950.jpg,0,"('boat', 'person')","('person', 'boat')","('person', '')","('', 'boat')",hybrid
3752,data/voc2007/VOCdevkit/VOC2007/JPEGImages/000745.jpg,0,"('chair', 'person')","('person', 'chair')","('person', '')","('', 'chair')",hybrid
3753,data/voc2007/VOCdevkit/VOC2007/JPEGImages/001105.jpg,0,"('bottle', 'car')","('car', 'bottle')","('car', '')","('', 'bottle')",hybrid
3754,data/voc2007/VOCdevkit/VOC2007/JPEGImages/002010.jpg,0,"('person and dog', '')","('car', 'person')","('car', '')","('', 'person')",positive
3755,data/voc2007/VOCdevkit/VOC2007/JPEGImages/003650.jpg,0,"('', 'diningtable')","('diningtable', 'sofa')","('diningtable', '')","('', 'sofa')",negative
3756,data/voc2007/VOCdevkit/VOC2007/JPEGImages/001564.jpg,0,"('', 'chair')","('chair', 'diningtable')","('chair', '')","('', 'diningtable')",negative
3757,data/voc2007/VOCdevkit/VOC2007/JPEGImages/001916.jpg,0,"('', 'chair')","('chair', 'motorbike')","('chair', '')","('', 'motorbike')",negative
3758,data/voc2007/VOCdevkit/VOC2007/JPEGImages/005808.jpg,0,"('tvmonitor', 'car')","('car', 'tvmonitor')","('car', '')","('', 'tvmonitor')",hybrid
3759,data/voc2007/VOCdevkit/VOC2007/JPEGImages/000324.jpg,0,"('dog', 'sofa')","('sofa', 'dog')","('sofa', '')","('', 'dog')",hybrid
3760,data/voc2007/VOCdevkit/VOC2007/JPEGImages/007488.jpg,0,"('train', 'car')","('car', 'train')","('car', '')","('', 'train')",hybrid
3761,data/voc2007/VOCdevkit/VOC2007/JPEGImages/007459.jpg,0,"('car', 'bus')","('bus', 'car')","('bus', '')","('', 'car')",hybrid
3762,data/voc2007/VOCdevkit/VOC2007/JPEGImages/003547.jpg,0,"('train', 'person')","('person', 'train')","('person', '')","('', 'train')",hybrid
3763,data/voc2007/VOCdevkit/VOC2007/JPEGImages/000452.jpg,0,"('', 'diningtable')","('diningtable', 'chair')","('diningtable', '')","('', 'chair')",negative
3764,data/voc2007/VOCdevkit/VOC2007/JPEGImages/008959.jpg,0,"('', 'person')","('person', 'bird')","('person', '')","('', 'bird')",negative
3765,data/voc2007/VOCdevkit/VOC2007/JPEGImages/003268.jpg,0,"('aeroplane', 'car')","('car', 'aeroplane')","('car', '')","('', 'aeroplane')",hybrid
3766,data/voc2007/VOCdevkit/VOC2007/JPEGImages/002428.jpg,0,"('dog and person', '')","('chair', 'dog')","('chair', '')","('', 'dog')",positive
3767,data/voc2007/VOCdevkit/VOC2007/JPEGImages/009444.jpg,0,"('chair and diningtable', '')","('person', 'chair')","('person', '')","('', 'chair')",positive
3768,data/voc2007/VOCdevkit/VOC2007/JPEGImages/007717.jpg,0,"('bottle', 'diningtable')","('diningtable', 'bottle')","('diningtable', '')","('', 'bottle')",hybrid
3769,data/voc2007/VOCdevkit/VOC2007/JPEGImages/006157.jpg,0,"('', 'chair')","('chair', 'person')","('chair', '')","('', 'person')",negative
3770,data/voc2007/VOCdevkit/VOC2007/JPEGImages/009782.jpg,0,"('', 'car')","('car', 'chair')","('car', '')","('', 'chair')",negative
3771,data/voc2007/VOCdevkit/VOC2007/JPEGImages/009782.jpg,0,"('chair and person', '')","('car', 'chair')","('car', '')","('', 'chair')",positive
3772,data/voc2007/VOCdevkit/VOC2007/JPEGImages/009025.jpg,0,"('', 'sofa')","('sofa', 'dog')","('sofa', '')","('', 'dog')",negative
3773,data/voc2007/VOCdevkit/VOC2007/JPEGImages/004602.jpg,0,"('car', 'bus')","('bus', 'car')","('bus', '')","('', 'car')",hybrid
3774,data/voc2007/VOCdevkit/VOC2007/JPEGImages/008113.jpg,0,"('chair', 'sofa')","('sofa', 'chair')","('sofa', '')","('', 'chair')",hybrid
3775,data/voc2007/VOCdevkit/VOC2007/JPEGImages/005734.jpg,0,"('chair', 'person')","('person', 'chair')","('person', '')","('', 'chair')",hybrid
3776,data/voc2007/VOCdevkit/VOC2007/JPEGImages/009753.jpg,0,"('cat', 'person')","('person', 'cat')","('person', '')","('', 'cat')",hybrid
3777,data/voc2007/VOCdevkit/VOC2007/JPEGImages/006186.jpg,0,"('person', 'car')","('car', 'person')","('car', '')","('', 'person')",hybrid
3778,data/voc2007/VOCdevkit/VOC2007/JPEGImages/007061.jpg,0,"('', 'bus')","('bus', 'car')","('bus', '')","('', 'car')",negative
3779,data/voc2007/VOCdevkit/VOC2007/JPEGImages/009332.jpg,0,"('person and aeroplane', '')","('car', 'person')","('car', '')","('', 'person')",positive
3780,data/voc2007/VOCdevkit/VOC2007/JPEGImages/005880.jpg,0,"('', 'car')","('car', 'person')","('car', '')","('', 'person')",negative
3781,data/voc2007/VOCdevkit/VOC2007/JPEGImages/009495.jpg,0,"('motorbike', 'person')","('person', 'motorbike')","('person', '')","('', 'motorbike')",hybrid
3782,data/voc2007/VOCdevkit/VOC2007/JPEGImages/004515.jpg,0,"('person and cat', '')","('chair', 'person')","('chair', '')","('', 'person')",positive
3783,data/voc2007/VOCdevkit/VOC2007/JPEGImages/007400.jpg,0,"('person', 'chair')","('chair', 'person')","('chair', '')","('', 'person')",hybrid
3784,data/voc2007/VOCdevkit/VOC2007/JPEGImages/006779.jpg,0,"('horse and person', '')","('car', 'horse')","('car', '')","('', 'horse')",positive
3785,data/voc2007/VOCdevkit/VOC2007/JPEGImages/002206.jpg,0,"('train', 'person')","('person', 'train')","('person', '')","('', 'train')",hybrid
3786,data/voc2007/VOCdevkit/VOC2007/JPEGImages/003446.jpg,0,"('', 'person')","('person', 'bottle')","('person', '')","('', 'bottle')",negative
3787,data/voc2007/VOCdevkit/VOC2007/JPEGImages/000553.jpg,0,"('', 'car')","('car', 'motorbike')","('car', '')","('', 'motorbike')",negative
3788,data/voc2007/VOCdevkit/VOC2007/JPEGImages/001313.jpg,0,"('cat', 'tvmonitor')","('tvmonitor', 'cat')","('tvmonitor', '')","('', 'cat')",hybrid
3789,data/voc2007/VOCdevkit/VOC2007/JPEGImages/008889.jpg,0,"('dog', 'sofa')","('sofa', 'dog')","('sofa', '')","('', 'dog')",hybrid
3790,data/voc2007/VOCdevkit/VOC2007/JPEGImages/001817.jpg,0,"('', 'car')","('car', 'bus')","('car', '')","('', 'bus')",negative
3791,data/voc2007/VOCdevkit/VOC2007/JPEGImages/007589.jpg,0,"('person', 'chair')","('chair', 'person')","('chair', '')","('', 'person')",hybrid
3792,data/voc2007/VOCdevkit/VOC2007/JPEGImages/002902.jpg,0,"('', 'chair')","('chair', 'tvmonitor')","('chair', '')","('', 'tvmonitor')",negative
3793,data/voc2007/VOCdevkit/VOC2007/JPEGImages/002570.jpg,0,"('person', 'car')","('car', 'person')","('car', '')","('', 'person')",hybrid
3794,data/voc2007/VOCdevkit/VOC2007/JPEGImages/000644.jpg,0,"('person and tvmonitor', '')","('car', 'person')","('car', '')","('', 'person')",positive
3795,data/voc2007/VOCdevkit/VOC2007/JPEGImages/002111.jpg,0,"('', 'car')","('car', 'dog')","('car', '')","('', 'dog')",negative
3796,data/voc2007/VOCdevkit/VOC2007/JPEGImages/008278.jpg,0,"('person and boat', '')","('chair', 'person')","('chair', '')","('', 'person')",positive
3797,data/voc2007/VOCdevkit/VOC2007/JPEGImages/000301.jpg,0,"('car', 'bus')","('bus', 'car')","('bus', '')","('', 'car')",hybrid
3798,data/voc2007/VOCdevkit/VOC2007/JPEGImages/006938.jpg,0,"('person', 'car')","('car', 'person')","('car', '')","('', 'person')",hybrid
3799,data/voc2007/VOCdevkit/VOC2007/JPEGImages/001120.jpg,0,"('', 'person')","('person', 'cow')","('person', '')","('', 'cow')",negative
3800,data/voc2007/VOCdevkit/VOC2007/JPEGImages/008619.jpg,0,"('motorbike and person', '')","('car', 'motorbike')","('car', '')","('', 'motorbike')",positive
3801,data/voc2007/VOCdevkit/VOC2007/JPEGImages/001687.jpg,0,"('', 'boat')","('boat', 'bird')","('boat', '')","('', 'bird')",negative
3802,data/voc2007/VOCdevkit/VOC2007/JPEGImages/002035.jpg,0,"('sofa and pottedplant', '')","('person', 'sofa')","('person', '')","('', 'sofa')",positive
3803,data/voc2007/VOCdevkit/VOC2007/JPEGImages/002792.jpg,0,"('tvmonitor', 'sofa')","('sofa', 'tvmonitor')","('sofa', '')","('', 'tvmonitor')",hybrid
3804,data/voc2007/VOCdevkit/VOC2007/JPEGImages/002743.jpg,0,"('pottedplant and bottle', '')","('person', 'pottedplant')","('person', '')","('', 'pottedplant')",positive
3805,data/voc2007/VOCdevkit/VOC2007/JPEGImages/001656.jpg,0,"('', 'car')","('car', 'dog')","('car', '')","('', 'dog')",negative
3806,data/voc2007/VOCdevkit/VOC2007/JPEGImages/009088.jpg,0,"('', 'person')","('person', 'bird')","('person', '')","('', 'bird')",negative
3807,data/voc2007/VOCdevkit/VOC2007/JPEGImages/005748.jpg,0,"('', 'car')","('car', 'person')","('car', '')","('', 'person')",negative
3808,data/voc2007/VOCdevkit/VOC2007/JPEGImages/002485.jpg,0,"('dog', 'person')","('person', 'dog')","('person', '')","('', 'dog')",hybrid
3809,data/voc2007/VOCdevkit/VOC2007/JPEGImages/002322.jpg,0,"('', 'person')","('person', 'diningtable')","('person', '')","('', 'diningtable')",negative
3810,data/voc2007/VOCdevkit/VOC2007/JPEGImages/003562.jpg,0,"('', 'chair')","('chair', 'person')","('chair', '')","('', 'person')",negative
3811,data/voc2007/VOCdevkit/VOC2007/JPEGImages/003910.jpg,0,"('', 'car')","('car', 'person')","('car', '')","('', 'person')",negative
3812,data/voc2007/VOCdevkit/VOC2007/JPEGImages/005329.jpg,0,"('boat', 'person')","('person', 'boat')","('person', '')","('', 'boat')",hybrid
3813,data/voc2007/VOCdevkit/VOC2007/JPEGImages/004569.jpg,0,"('person', 'car')","('car', 'person')","('car', '')","('', 'person')",hybrid
3814,data/voc2007/VOCdevkit/VOC2007/JPEGImages/004050.jpg,0,"('car', 'person')","('person', 'car')","('person', '')","('', 'car')",hybrid
3815,data/voc2007/VOCdevkit/VOC2007/JPEGImages/005610.jpg,0,"('person', 'car')","('car', 'person')","('car', '')","('', 'person')",hybrid
3816,data/voc2007/VOCdevkit/VOC2007/JPEGImages/009677.jpg,0,"('', 'person')","('person', 'chair')","('person', '')","('', 'chair')",negative
3817,data/voc2007/VOCdevkit/VOC2007/JPEGImages/006705.jpg,0,"('person and chair', '')","('car', 'person')","('car', '')","('', 'person')",positive
3818,data/voc2007/VOCdevkit/VOC2007/JPEGImages/007145.jpg,0,"('', 'tvmonitor')","('tvmonitor', 'cat')","('tvmonitor', '')","('', 'cat')",negative
3819,data/voc2007/VOCdevkit/VOC2007/JPEGImages/005271.jpg,0,"('', 'person')","('person', 'bus')","('person', '')","('', 'bus')",negative
3820,data/voc2007/VOCdevkit/VOC2007/JPEGImages/009216.jpg,0,"('', 'person')","('person', 'tvmonitor')","('person', '')","('', 'tvmonitor')",negative
3821,data/voc2007/VOCdevkit/VOC2007/JPEGImages/008824.jpg,0,"('motorbike and car', '')","('chair', 'motorbike')","('chair', '')","('', 'motorbike')",positive
3822,data/voc2007/VOCdevkit/VOC2007/JPEGImages/004843.jpg,0,"('boat', 'car')","('car', 'boat')","('car', '')","('', 'boat')",hybrid
3823,data/voc2007/VOCdevkit/VOC2007/JPEGImages/004431.jpg,0,"('', 'person')","('person', 'bus')","('person', '')","('', 'bus')",negative
3824,data/voc2007/VOCdevkit/VOC2007/JPEGImages/006364.jpg,0,"('horse', 'chair')","('chair', 'horse')","('chair', '')","('', 'horse')",hybrid
3825,data/voc2007/VOCdevkit/VOC2007/JPEGImages/006412.jpg,0,"('bicycle', 'car')","('car', 'bicycle')","('car', '')","('', 'bicycle')",hybrid
3826,data/voc2007/VOCdevkit/VOC2007/JPEGImages/007252.jpg,0,"('', 'car')","('car', 'person')","('car', '')","('', 'person')",negative
3827,data/voc2007/VOCdevkit/VOC2007/JPEGImages/001419.jpg,0,"('person and chair', '')","('diningtable', 'person')","('diningtable', '')","('', 'person')",positive
3828,data/voc2007/VOCdevkit/VOC2007/JPEGImages/004892.jpg,0,"('chair', 'sofa')","('sofa', 'chair')","('sofa', '')","('', 'chair')",hybrid
3829,data/voc2007/VOCdevkit/VOC2007/JPEGImages/008487.jpg,0,"('person', 'car')","('car', 'person')","('car', '')","('', 'person')",hybrid
3830,data/voc2007/VOCdevkit/VOC2007/JPEGImages/009912.jpg,0,"('', 'person')","('person', 'cow')","('person', '')","('', 'cow')",negative
3831,data/voc2007/VOCdevkit/VOC2007/JPEGImages/009101.jpg,0,"('horse', 'car')","('car', 'horse')","('car', '')","('', 'horse')",hybrid
3832,data/voc2007/VOCdevkit/VOC2007/JPEGImages/005166.jpg,0,"('', 'person')","('person', 'motorbike')","('person', '')","('', 'motorbike')",negative
3833,data/voc2007/VOCdevkit/VOC2007/JPEGImages/000638.jpg,0,"('', 'car')","('car', 'person')","('car', '')","('', 'person')",negative
3834,data/voc2007/VOCdevkit/VOC2007/JPEGImages/004726.jpg,0,"('person', 'car')","('car', 'person')","('car', '')","('', 'person')",hybrid
3835,data/voc2007/VOCdevkit/VOC2007/JPEGImages/004081.jpg,0,"('pottedplant and cow', '')","('chair', 'pottedplant')","('chair', '')","('', 'pottedplant')",positive
3836,data/voc2007/VOCdevkit/VOC2007/JPEGImages/005458.jpg,0,"('', 'car')","('car', 'aeroplane')","('car', '')","('', 'aeroplane')",negative
3837,data/voc2007/VOCdevkit/VOC2007/JPEGImages/004218.jpg,0,"('dog', 'person')","('person', 'dog')","('person', '')","('', 'dog')",hybrid
3838,data/voc2007/VOCdevkit/VOC2007/JPEGImages/001546.jpg,0,"('tvmonitor', 'person')","('person', 'tvmonitor')","('person', '')","('', 'tvmonitor')",hybrid
3839,data/voc2007/VOCdevkit/VOC2007/JPEGImages/002821.jpg,0,"('boat', 'chair')","('chair', 'boat')","('chair', '')","('', 'boat')",hybrid
3840,data/voc2007/VOCdevkit/VOC2007/JPEGImages/002453.jpg,0,"('cat', 'person')","('person', 'cat')","('person', '')","('', 'cat')",hybrid
3841,data/voc2007/VOCdevkit/VOC2007/JPEGImages/003672.jpg,0,"('sofa and dog', '')","('person', 'sofa')","('person', '')","('', 'sofa')",positive
3842,data/voc2007/VOCdevkit/VOC2007/JPEGImages/002032.jpg,0,"('train', 'person')","('person', 'train')","('person', '')","('', 'train')",hybrid
3843,data/voc2007/VOCdevkit/VOC2007/JPEGImages/003104.jpg,0,"('person', 'chair')","('chair', 'person')","('chair', '')","('', 'person')",hybrid
3844,data/voc2007/VOCdevkit/VOC2007/JPEGImages/000011.jpg,0,"('', 'tvmonitor')","('tvmonitor', 'cat')","('tvmonitor', '')","('', 'cat')",negative
3845,data/voc2007/VOCdevkit/VOC2007/JPEGImages/009728.jpg,0,"('person', 'car')","('car', 'person')","('car', '')","('', 'person')",hybrid
3846,data/voc2007/VOCdevkit/VOC2007/JPEGImages/003917.jpg,0,"('', 'person')","('person', 'car')","('person', '')","('', 'car')",negative
3847,data/voc2007/VOCdevkit/VOC2007/JPEGImages/002325.jpg,0,"('bicycle and person', '')","('car', 'bicycle')","('car', '')","('', 'bicycle')",positive
3848,data/voc2007/VOCdevkit/VOC2007/JPEGImages/002482.jpg,0,"('', 'chair')","('chair', 'pottedplant')","('chair', '')","('', 'pottedplant')",negative
3849,data/voc2007/VOCdevkit/VOC2007/JPEGImages/000149.jpg,0,"('pottedplant', 'chair')","('chair', 'pottedplant')","('chair', '')","('', 'pottedplant')",hybrid
3850,data/voc2007/VOCdevkit/VOC2007/JPEGImages/005617.jpg,0,"('cow and person', '')","('chair', 'cow')","('chair', '')","('', 'cow')",positive
3851,data/voc2007/VOCdevkit/VOC2007/JPEGImages/008030.jpg,0,"('', 'bus')","('bus', 'car')","('bus', '')","('', 'car')",negative
3852,data/voc2007/VOCdevkit/VOC2007/JPEGImages/001709.jpg,0,"('motorbike', 'car')","('car', 'motorbike')","('car', '')","('', 'motorbike')",hybrid
3853,data/voc2007/VOCdevkit/VOC2007/JPEGImages/008797.jpg,0,"('', 'chair')","('chair', 'person')","('chair', '')","('', 'person')",negative
3854,data/voc2007/VOCdevkit/VOC2007/JPEGImages/007142.jpg,0,"('', 'person')","('person', 'train')","('person', '')","('', 'train')",negative
3855,data/voc2007/VOCdevkit/VOC2007/JPEGImages/008451.jpg,0,"('', 'horse')","('horse', 'person')","('horse', '')","('', 'person')",negative
3856,data/voc2007/VOCdevkit/VOC2007/JPEGImages/001368.jpg,0,"('person', 'car')","('car', 'person')","('car', '')","('', 'person')",hybrid
3857,data/voc2007/VOCdevkit/VOC2007/JPEGImages/004844.jpg,0,"('', 'horse')","('horse', 'person')","('horse', '')","('', 'person')",negative
3858,data/voc2007/VOCdevkit/VOC2007/JPEGImages/005276.jpg,0,"('', 'car')","('car', 'bottle')","('car', '')","('', 'bottle')",negative
3859,data/voc2007/VOCdevkit/VOC2007/JPEGImages/009211.jpg,0,"('', 'person')","('person', 'aeroplane')","('person', '')","('', 'aeroplane')",negative
3860,data/voc2007/VOCdevkit/VOC2007/JPEGImages/007951.jpg,0,"('', 'car')","('car', 'person')","('car', '')","('', 'person')",negative
3861,data/voc2007/VOCdevkit/VOC2007/JPEGImages/002979.jpg,0,"('train', 'person')","('person', 'train')","('person', '')","('', 'train')",hybrid
3862,data/voc2007/VOCdevkit/VOC2007/JPEGImages/007255.jpg,0,"('', 'diningtable')","('diningtable', 'chair')","('diningtable', '')","('', 'chair')",negative
3863,data/voc2007/VOCdevkit/VOC2007/JPEGImages/006415.jpg,0,"('car', 'bus')","('bus', 'car')","('bus', '')","('', 'car')",hybrid
3864,data/voc2007/VOCdevkit/VOC2007/JPEGImages/009915.jpg,0,"('person', 'chair')","('chair', 'person')","('chair', '')","('', 'person')",hybrid
3865,data/voc2007/VOCdevkit/VOC2007/JPEGImages/005500.jpg,0,"('person', 'chair')","('chair', 'person')","('chair', '')","('', 'person')",hybrid
3866,data/voc2007/VOCdevkit/VOC2007/JPEGImages/005972.jpg,0,"('person', 'car')","('car', 'person')","('car', '')","('', 'person')",hybrid
3867,data/voc2007/VOCdevkit/VOC2007/JPEGImages/008480.jpg,0,"('bird', 'car')","('car', 'bird')","('car', '')","('', 'bird')",hybrid
3868,data/voc2007/VOCdevkit/VOC2007/JPEGImages/004340.jpg,0,"('bird', 'person')","('person', 'bird')","('person', '')","('', 'bird')",hybrid
3869,data/voc2007/VOCdevkit/VOC2007/JPEGImages/007634.jpg,0,"('person', 'chair')","('chair', 'person')","('chair', '')","('', 'person')",hybrid
3870,data/voc2007/VOCdevkit/VOC2007/JPEGImages/004086.jpg,0,"('', 'sofa')","('sofa', 'dog')","('sofa', '')","('', 'dog')",negative
3871,data/voc2007/VOCdevkit/VOC2007/JPEGImages/004721.jpg,0,"('person', 'chair')","('chair', 'person')","('chair', '')","('', 'person')",hybrid
3872,data/voc2007/VOCdevkit/VOC2007/JPEGImages/008746.jpg,0,"('', 'person')","('person', 'bird')","('person', '')","('', 'bird')",negative
3873,data/voc2007/VOCdevkit/VOC2007/JPEGImages/007371.jpg,0,"('', 'chair')","('chair', 'bicycle')","('chair', '')","('', 'bicycle')",negative
3874,data/voc2007/VOCdevkit/VOC2007/JPEGImages/002388.jpg,0,"('cat', 'tvmonitor')","('tvmonitor', 'cat')","('tvmonitor', '')","('', 'cat')",hybrid
3875,data/voc2007/VOCdevkit/VOC2007/JPEGImages/006531.jpg,0,"('', 'chair')","('chair', 'motorbike')","('chair', '')","('', 'motorbike')",negative
3876,data/voc2007/VOCdevkit/VOC2007/JPEGImages/007710.jpg,0,"('', 'car')","('car', 'bicycle')","('car', '')","('', 'bicycle')",negative
3877,data/voc2007/VOCdevkit/VOC2007/JPEGImages/008662.jpg,0,"('', 'boat')","('boat', 'bird')","('boat', '')","('', 'bird')",negative
3878,data/voc2007/VOCdevkit/VOC2007/JPEGImages/005733.jpg,0,"('person', 'chair')","('chair', 'person')","('chair', '')","('', 'person')",hybrid
3879,data/voc2007/VOCdevkit/VOC2007/JPEGImages/008114.jpg,0,"('car and sofa', '')","('chair', 'car')","('chair', '')","('', 'car')",positive
3880,data/voc2007/VOCdevkit/VOC2007/JPEGImages/004173.jpg,0,"('person', 'chair')","('chair', 'person')","('chair', '')","('', 'person')",hybrid
3881,data/voc2007/VOCdevkit/VOC2007/JPEGImages/007066.jpg,0,"('boat', 'car')","('car', 'boat')","('car', '')","('', 'boat')",hybrid
3882,data/voc2007/VOCdevkit/VOC2007/JPEGImages/008575.jpg,0,"('cat', 'person')","('person', 'cat')","('person', '')","('', 'cat')",hybrid
3883,data/voc2007/VOCdevkit/VOC2007/JPEGImages/008907.jpg,0,"('person', 'car')","('car', 'person')","('car', '')","('', 'person')",hybrid
3884,data/voc2007/VOCdevkit/VOC2007/JPEGImages/005887.jpg,0,"('person', 'car')","('car', 'person')","('car', '')","('', 'person')",hybrid
3885,data/voc2007/VOCdevkit/VOC2007/JPEGImages/009492.jpg,0,"('car', 'bus')","('bus', 'car')","('bus', '')","('', 'car')",hybrid
3886,data/voc2007/VOCdevkit/VOC2007/JPEGImages/009335.jpg,0,"('car', 'person')","('person', 'car')","('person', '')","('', 'car')",hybrid
3887,data/voc2007/VOCdevkit/VOC2007/JPEGImages/006992.jpg,0,"('', 'car')","('car', 'bus')","('car', '')","('', 'bus')",negative
3888,data/voc2007/VOCdevkit/VOC2007/JPEGImages/007407.jpg,0,"('', 'person')","('person', 'bird')","('person', '')","('', 'bird')",negative
3889,data/voc2007/VOCdevkit/VOC2007/JPEGImages/007875.jpg,0,"('', 'person')","('person', 'dog')","('person', '')","('', 'dog')",negative
3890,data/voc2007/VOCdevkit/VOC2007/JPEGImages/002660.jpg,0,"('person', 'chair')","('chair', 'person')","('chair', '')","('', 'person')",hybrid
3891,data/voc2007/VOCdevkit/VOC2007/JPEGImages/003787.jpg,0,"('bird', 'person')","('person', 'bird')","('person', '')","('', 'bird')",hybrid
3892,data/voc2007/VOCdevkit/VOC2007/JPEGImages/003020.jpg,0,"('pottedplant', 'car')","('car', 'pottedplant')","('car', '')","('', 'pottedplant')",hybrid
3893,data/voc2007/VOCdevkit/VOC2007/JPEGImages/000692.jpg,0,"('', 'diningtable')","('diningtable', 'chair')","('diningtable', '')","('', 'chair')",negative
3894,data/voc2007/VOCdevkit/VOC2007/JPEGImages/000692.jpg,0,"('dog', 'diningtable')","('diningtable', 'dog')","('diningtable', '')","('', 'dog')",hybrid
3895,data/voc2007/VOCdevkit/VOC2007/JPEGImages/000135.jpg,0,"('car', 'bus')","('bus', 'car')","('bus', '')","('', 'car')",hybrid
3896,data/voc2007/VOCdevkit/VOC2007/JPEGImages/003833.jpg,0,"('motorbike', 'horse')","('horse', 'motorbike')","('horse', '')","('', 'motorbike')",hybrid
3897,data/voc2007/VOCdevkit/VOC2007/JPEGImages/004838.jpg,0,"('sofa', 'chair')","('chair', 'sofa')","('chair', '')","('', 'sofa')",hybrid
3898,data/voc2007/VOCdevkit/VOC2007/JPEGImages/000585.jpg,0,"('car', 'person')","('person', 'car')","('person', '')","('', 'car')",hybrid
3899,data/voc2007/VOCdevkit/VOC2007/JPEGImages/001462.jpg,0,"('cat', 'person')","('person', 'cat')","('person', '')","('', 'cat')",hybrid
3900,data/voc2007/VOCdevkit/VOC2007/JPEGImages/002577.jpg,0,"('car', 'person')","('person', 'car')","('person', '')","('', 'car')",hybrid
3901,data/voc2007/VOCdevkit/VOC2007/JPEGImages/002905.jpg,0,"('bottle and person', '')","('chair', 'bottle')","('chair', '')","('', 'bottle')",positive
3902,data/voc2007/VOCdevkit/VOC2007/JPEGImages/007229.jpg,0,"('', 'person')","('person', 'horse')","('person', '')","('', 'horse')",negative
3903,data/voc2007/VOCdevkit/VOC2007/JPEGImages/006469.jpg,0,"('person', 'horse')","('horse', 'person')","('horse', '')","('', 'person')",hybrid
3904,data/voc2007/VOCdevkit/VOC2007/JPEGImages/003490.jpg,0,"('chair and dog', '')","('person', 'chair')","('person', '')","('', 'chair')",positive
3905,data/voc2007/VOCdevkit/VOC2007/JPEGImages/001003.jpg,0,"('', 'person')","('person', 'car')","('person', '')","('', 'car')",negative
3906,data/voc2007/VOCdevkit/VOC2007/JPEGImages/000643.jpg,0,"('person', 'car')","('car', 'person')","('car', '')","('', 'person')",hybrid
3907,data/voc2007/VOCdevkit/VOC2007/JPEGImages/003756.jpg,0,"('pottedplant', 'person')","('person', 'pottedplant')","('person', '')","('', 'pottedplant')",hybrid
3908,data/voc2007/VOCdevkit/VOC2007/JPEGImages/006008.jpg,0,"('motorbike', 'person')","('person', 'motorbike')","('person', '')","('', 'motorbike')",hybrid
3909,data/voc2007/VOCdevkit/VOC2007/JPEGImages/007648.jpg,0,"('person', 'sofa')","('sofa', 'person')","('sofa', '')","('', 'person')",hybrid
3910,data/voc2007/VOCdevkit/VOC2007/JPEGImages/007303.jpg,0,"('horse', 'chair')","('chair', 'horse')","('chair', '')","('', 'horse')",hybrid
3911,data/voc2007/VOCdevkit/VOC2007/JPEGImages/008271.jpg,0,"('car', 'horse')","('horse', 'car')","('horse', '')","('', 'car')",hybrid
3912,data/voc2007/VOCdevkit/VOC2007/JPEGImages/004216.jpg,0,"('', 'person')","('person', 'car')","('person', '')","('', 'car')",negative
3913,data/voc2007/VOCdevkit/VOC2007/JPEGImages/009396.jpg,0,"('car', 'bus')","('bus', 'car')","('bus', '')","('', 'car')",hybrid
3914,data/voc2007/VOCdevkit/VOC2007/JPEGImages/005456.jpg,0,"('horse', 'car')","('car', 'horse')","('car', '')","('', 'horse')",hybrid
3915,data/voc2007/VOCdevkit/VOC2007/JPEGImages/009431.jpg,0,"('cat', 'person')","('person', 'cat')","('person', '')","('', 'cat')",hybrid
3916,data/voc2007/VOCdevkit/VOC2007/JPEGImages/009843.jpg,0,"('person and bird', '')","('chair', 'person')","('chair', '')","('', 'person')",positive
3917,data/voc2007/VOCdevkit/VOC2007/JPEGImages/006685.jpg,0,"('', 'person')","('person', 'car')","('person', '')","('', 'car')",negative
3918,data/voc2007/VOCdevkit/VOC2007/JPEGImages/006122.jpg,0,"('person and horse', '')","('car', 'person')","('car', '')","('', 'person')",positive
3919,data/voc2007/VOCdevkit/VOC2007/JPEGImages/000769.jpg,0,"('', 'chair')","('chair', 'person')","('chair', '')","('', 'person')",negative
3920,data/voc2007/VOCdevkit/VOC2007/JPEGImages/009050.jpg,0,"('', 'person')","('person', 'motorbike')","('person', '')","('', 'motorbike')",negative
3921,data/voc2007/VOCdevkit/VOC2007/JPEGImages/004677.jpg,0,"('chair and cat', '')","('person', 'chair')","('person', '')","('', 'chair')",positive
3922,data/voc2007/VOCdevkit/VOC2007/JPEGImages/004101.jpg,0,"('sofa', 'chair')","('chair', 'sofa')","('chair', '')","('', 'sofa')",hybrid
3923,data/voc2007/VOCdevkit/VOC2007/JPEGImages/009081.jpg,0,"('', 'bus')","('bus', 'car')","('bus', '')","('', 'car')",negative
3924,data/voc2007/VOCdevkit/VOC2007/JPEGImages/007014.jpg,0,"('car', 'person')","('person', 'car')","('person', '')","('', 'car')",hybrid
3925,data/voc2007/VOCdevkit/VOC2007/JPEGImages/009892.jpg,0,"('', 'car')","('car', 'person')","('car', '')","('', 'person')",negative
3926,data/voc2007/VOCdevkit/VOC2007/JPEGImages/004560.jpg,0,"('', 'person')","('person', 'car')","('person', '')","('', 'car')",negative
3927,data/voc2007/VOCdevkit/VOC2007/JPEGImages/008507.jpg,0,"('bicycle', 'person')","('person', 'bicycle')","('person', '')","('', 'bicycle')",hybrid
3928,data/voc2007/VOCdevkit/VOC2007/JPEGImages/001599.jpg,0,"('', 'diningtable')","('diningtable', 'chair')","('diningtable', '')","('', 'chair')",negative
3929,data/voc2007/VOCdevkit/VOC2007/JPEGImages/007807.jpg,0,"('car', 'person')","('person', 'car')","('person', '')","('', 'car')",hybrid
3930,data/voc2007/VOCdevkit/VOC2007/JPEGImages/006592.jpg,0,"('', 'chair')","('chair', 'aeroplane')","('chair', '')","('', 'aeroplane')",negative
3931,data/voc2007/VOCdevkit/VOC2007/JPEGImages/003052.jpg,0,"('car and person', '')","('horse', 'car')","('horse', '')","('', 'car')",positive
3932,data/voc2007/VOCdevkit/VOC2007/JPEGImages/002612.jpg,0,"('', 'person')","('person', 'motorbike')","('person', '')","('', 'motorbike')",negative
3933,data/voc2007/VOCdevkit/VOC2007/JPEGImages/004059.jpg,0,"('bird', 'person')","('person', 'bird')","('person', '')","('', 'bird')",hybrid
3934,data/voc2007/VOCdevkit/VOC2007/JPEGImages/005619.jpg,0,"('', 'car')","('car', 'bicycle')","('car', '')","('', 'bicycle')",negative
3935,data/voc2007/VOCdevkit/VOC2007/JPEGImages/003841.jpg,0,"('cow', 'car')","('car', 'cow')","('car', '')","('', 'cow')",hybrid
3936,data/voc2007/VOCdevkit/VOC2007/JPEGImages/003394.jpg,0,"('cow', 'person')","('person', 'cow')","('person', '')","('', 'cow')",hybrid
3937,data/voc2007/VOCdevkit/VOC2007/JPEGImages/000281.jpg,0,"('', 'person')","('person', 'train')","('person', '')","('', 'train')",negative
3938,data/voc2007/VOCdevkit/VOC2007/JPEGImages/001366.jpg,0,"('person and dog', '')","('chair', 'person')","('chair', '')","('', 'person')",positive
3939,data/voc2007/VOCdevkit/VOC2007/JPEGImages/001410.jpg,0,"('', 'person')","('person', 'boat')","('person', '')","('', 'boat')",negative
3940,data/voc2007/VOCdevkit/VOC2007/JPEGImages/000985.jpg,0,"('', 'bus')","('bus', 'car')","('bus', '')","('', 'car')",negative
3941,data/voc2007/VOCdevkit/VOC2007/JPEGImages/009569.jpg,0,"('horse', 'car')","('car', 'horse')","('car', '')","('', 'horse')",hybrid
3942,data/voc2007/VOCdevkit/VOC2007/JPEGImages/003345.jpg,0,"('', 'sofa')","('sofa', 'diningtable')","('sofa', '')","('', 'diningtable')",negative
3943,data/voc2007/VOCdevkit/VOC2007/JPEGImages/000196.jpg,0,"('', 'diningtable')","('diningtable', 'chair')","('diningtable', '')","('', 'chair')",negative
3944,data/voc2007/VOCdevkit/VOC2007/JPEGImages/000631.jpg,0,"('', 'person')","('person', 'boat')","('person', '')","('', 'boat')",negative
3945,data/voc2007/VOCdevkit/VOC2007/JPEGImages/004088.jpg,0,"('car', 'person')","('person', 'car')","('person', '')","('', 'car')",hybrid
3946,data/voc2007/VOCdevkit/VOC2007/JPEGImages/002164.jpg,0,"('sofa and person', '')","('car', 'sofa')","('car', '')","('', 'sofa')",positive
3947,data/voc2007/VOCdevkit/VOC2007/JPEGImages/003724.jpg,0,"('', 'tvmonitor')","('tvmonitor', 'cat')","('tvmonitor', '')","('', 'cat')",negative
3948,data/voc2007/VOCdevkit/VOC2007/JPEGImages/001534.jpg,0,"('diningtable', 'pottedplant')","('pottedplant', 'diningtable')","('pottedplant', '')","('', 'diningtable')",hybrid
3949,data/voc2007/VOCdevkit/VOC2007/JPEGImages/001946.jpg,0,"('', 'car')","('car', 'person')","('car', '')","('', 'person')",negative
3950,data/voc2007/VOCdevkit/VOC2007/JPEGImages/005858.jpg,0,"('chair', 'diningtable')","('diningtable', 'chair')","('diningtable', '')","('', 'chair')",hybrid
3951,data/voc2007/VOCdevkit/VOC2007/JPEGImages/006298.jpg,0,"('bus', 'car')","('car', 'bus')","('car', '')","('', 'bus')",hybrid
3952,data/voc2007/VOCdevkit/VOC2007/JPEGImages/002853.jpg,0,"('', 'sofa')","('sofa', 'dog')","('sofa', '')","('', 'dog')",negative
3953,data/voc2007/VOCdevkit/VOC2007/JPEGImages/002421.jpg,0,"('', 'chair')","('chair', 'horse')","('chair', '')","('', 'horse')",negative
3954,data/voc2007/VOCdevkit/VOC2007/JPEGImages/002386.jpg,0,"('', 'car')","('car', 'train')","('car', '')","('', 'train')",negative
3955,data/voc2007/VOCdevkit/VOC2007/JPEGImages/000715.jpg,0,"('', 'chair')","('chair', 'car')","('chair', '')","('', 'car')",negative
3956,data/voc2007/VOCdevkit/VOC2007/JPEGImages/001155.jpg,0,"('car and person', '')","('horse', 'car')","('horse', '')","('', 'car')",positive
3957,data/voc2007/VOCdevkit/VOC2007/JPEGImages/002040.jpg,0,"('person', 'chair')","('chair', 'person')","('chair', '')","('', 'person')",hybrid
3958,data/voc2007/VOCdevkit/VOC2007/JPEGImages/003600.jpg,0,"('', 'car')","('car', 'person')","('car', '')","('', 'person')",negative
3959,data/voc2007/VOCdevkit/VOC2007/JPEGImages/002736.jpg,0,"('cat', 'tvmonitor')","('tvmonitor', 'cat')","('tvmonitor', '')","('', 'cat')",hybrid
3960,data/voc2007/VOCdevkit/VOC2007/JPEGImages/001623.jpg,0,"('', 'bus')","('bus', 'car')","('bus', '')","('', 'car')",negative
3961,data/voc2007/VOCdevkit/VOC2007/JPEGImages/002882.jpg,0,"('sheep', 'dog')","('dog', 'sheep')","('dog', '')","('', 'sheep')",hybrid
3962,data/voc2007/VOCdevkit/VOC2007/JPEGImages/007409.jpg,0,"('', 'tvmonitor')","('tvmonitor', 'cat')","('tvmonitor', '')","('', 'cat')",negative
3963,data/voc2007/VOCdevkit/VOC2007/JPEGImages/002357.jpg,0,"('aeroplane', 'person')","('person', 'aeroplane')","('person', '')","('', 'aeroplane')",hybrid
3964,data/voc2007/VOCdevkit/VOC2007/JPEGImages/003517.jpg,0,"('', 'chair')","('chair', 'bus')","('chair', '')","('', 'bus')",negative
3965,data/voc2007/VOCdevkit/VOC2007/JPEGImages/000402.jpg,0,"('car', 'person')","('person', 'car')","('person', '')","('', 'car')",hybrid
3966,data/voc2007/VOCdevkit/VOC2007/JPEGImages/000870.jpg,0,"('person and diningtable', '')","('car', 'person')","('car', '')","('', 'person')",positive
3967,data/voc2007/VOCdevkit/VOC2007/JPEGImages/001997.jpg,0,"('', 'person')","('person', 'bird')","('person', '')","('', 'bird')",negative
3968,data/voc2007/VOCdevkit/VOC2007/JPEGImages/001242.jpg,0,"('person', 'chair')","('chair', 'person')","('chair', '')","('', 'person')",hybrid
3969,data/voc2007/VOCdevkit/VOC2007/JPEGImages/009602.jpg,0,"('pottedplant', 'chair')","('chair', 'pottedplant')","('chair', '')","('', 'pottedplant')",hybrid
3970,data/voc2007/VOCdevkit/VOC2007/JPEGImages/005665.jpg,0,"('', 'person')","('person', 'chair')","('person', '')","('', 'chair')",negative
3971,data/voc2007/VOCdevkit/VOC2007/JPEGImages/003789.jpg,0,"('', 'car')","('car', 'person')","('car', '')","('', 'person')",negative
3972,data/voc2007/VOCdevkit/VOC2007/JPEGImages/006770.jpg,0,"('', 'car')","('car', 'cow')","('car', '')","('', 'cow')",negative
3973,data/voc2007/VOCdevkit/VOC2007/JPEGImages/009263.jpg,0,"('person and chair', '')","('diningtable', 'person')","('diningtable', '')","('', 'person')",positive
3974,data/voc2007/VOCdevkit/VOC2007/JPEGImages/005204.jpg,0,"('', 'person')","('person', 'car')","('person', '')","('', 'car')",negative
3975,data/voc2007/VOCdevkit/VOC2007/JPEGImages/000928.jpg,0,"('cat', 'tvmonitor')","('tvmonitor', 'cat')","('tvmonitor', '')","('', 'cat')",hybrid
3976,data/voc2007/VOCdevkit/VOC2007/JPEGImages/004444.jpg,0,"('person', 'chair')","('chair', 'person')","('chair', '')","('', 'person')",hybrid
3977,data/voc2007/VOCdevkit/VOC2007/JPEGImages/008851.jpg,0,"('tvmonitor', 'chair')","('chair', 'tvmonitor')","('chair', '')","('', 'tvmonitor')",hybrid
3978,data/voc2007/VOCdevkit/VOC2007/JPEGImages/006311.jpg,0,"('', 'chair')","('chair', 'pottedplant')","('chair', '')","('', 'pottedplant')",negative
3979,data/voc2007/VOCdevkit/VOC2007/JPEGImages/006815.jpg,0,"('sheep', 'sofa')","('sofa', 'sheep')","('sofa', '')","('', 'sheep')",hybrid
3980,data/voc2007/VOCdevkit/VOC2007/JPEGImages/006467.jpg,0,"('bicycle', 'person')","('person', 'bicycle')","('person', '')","('', 'bicycle')",hybrid
3981,data/voc2007/VOCdevkit/VOC2007/JPEGImages/007580.jpg,0,"('car', 'horse')","('horse', 'car')","('horse', '')","('', 'car')",hybrid
3982,data/voc2007/VOCdevkit/VOC2007/JPEGImages/004332.jpg,0,"('', 'person')","('person', 'cow')","('person', '')","('', 'cow')",negative
3983,data/voc2007/VOCdevkit/VOC2007/JPEGImages/005572.jpg,0,"('', 'person')","('person', 'horse')","('person', '')","('', 'horse')",negative
3984,data/voc2007/VOCdevkit/VOC2007/JPEGImages/005900.jpg,0,"('', 'chair')","('chair', 'person')","('chair', '')","('', 'person')",negative
3985,data/voc2007/VOCdevkit/VOC2007/JPEGImages/007646.jpg,0,"('', 'car')","('car', 'person')","('car', '')","('', 'person')",negative
3986,data/voc2007/VOCdevkit/VOC2007/JPEGImages/002118.jpg,0,"('', 'person')","('person', 'car')","('person', '')","('', 'car')",negative
3987,data/voc2007/VOCdevkit/VOC2007/JPEGImages/006006.jpg,0,"('car', 'person')","('person', 'car')","('person', '')","('', 'car')",hybrid
3988,data/voc2007/VOCdevkit/VOC2007/JPEGImages/005113.jpg,0,"('', 'boat')","('boat', 'bird')","('boat', '')","('', 'bird')",negative
3989,data/voc2007/VOCdevkit/VOC2007/JPEGImages/008734.jpg,0,"('car and person', '')","('sofa', 'car')","('sofa', '')","('', 'car')",positive
3990,data/voc2007/VOCdevkit/VOC2007/JPEGImages/009838.jpg,0,"('aeroplane', 'person')","('person', 'aeroplane')","('person', '')","('', 'aeroplane')",hybrid
3991,data/voc2007/VOCdevkit/VOC2007/JPEGImages/001533.jpg,0,"('person', 'car')","('car', 'person')","('car', '')","('', 'person')",hybrid
3992,data/voc2007/VOCdevkit/VOC2007/JPEGImages/002381.jpg,0,"('pottedplant', 'chair')","('chair', 'pottedplant')","('chair', '')","('', 'pottedplant')",hybrid
3993,data/voc2007/VOCdevkit/VOC2007/JPEGImages/002426.jpg,0,"('person', 'chair')","('chair', 'person')","('chair', '')","('', 'person')",hybrid
3994,data/voc2007/VOCdevkit/VOC2007/JPEGImages/007378.jpg,0,"('person', 'chair')","('chair', 'person')","('chair', '')","('', 'person')",hybrid
3995,data/voc2007/VOCdevkit/VOC2007/JPEGImages/003266.jpg,0,"('', 'person')","('person', 'dog')","('person', '')","('', 'dog')",negative
3996,data/voc2007/VOCdevkit/VOC2007/JPEGImages/003607.jpg,0,"('car', 'person')","('person', 'car')","('person', '')","('', 'car')",hybrid
3997,data/voc2007/VOCdevkit/VOC2007/JPEGImages/007719.jpg,0,"('', 'chair')","('chair', 'person')","('chair', '')","('', 'person')",negative
3998,data/voc2007/VOCdevkit/VOC2007/JPEGImages/002731.jpg,0,"('', 'chair')","('chair', 'bicycle')","('chair', '')","('', 'bicycle')",negative
3999,data/voc2007/VOCdevkit/VOC2007/JPEGImages/003171.jpg,0,"('', 'person')","('person', 'dog')","('person', '')","('', 'dog')",negative
4000,data/voc2007/VOCdevkit/VOC2007/JPEGImages/001624.jpg,0,"('', 'car')","('car', 'person')","('car', '')","('', 'person')",negative
4001,data/voc2007/VOCdevkit/VOC2007/JPEGImages/001183.jpg,0,"('horse and person', '')","('chair', 'horse')","('chair', '')","('', 'horse')",positive
4002,data/voc2007/VOCdevkit/VOC2007/JPEGImages/003962.jpg,0,"('car', 'person')","('person', 'car')","('person', '')","('', 'car')",hybrid
4003,data/voc2007/VOCdevkit/VOC2007/JPEGImages/002885.jpg,0,"('', 'diningtable')","('diningtable', 'chair')","('diningtable', '')","('', 'chair')",negative
4004,data/voc2007/VOCdevkit/VOC2007/JPEGImages/001245.jpg,0,"('horse and person', '')","('chair', 'horse')","('chair', '')","('', 'horse')",positive
4005,data/voc2007/VOCdevkit/VOC2007/JPEGImages/004969.jpg,0,"('', 'dog')","('dog', 'sheep')","('dog', '')","('', 'sheep')",negative
4006,data/voc2007/VOCdevkit/VOC2007/JPEGImages/001990.jpg,0,"('', 'diningtable')","('diningtable', 'chair')","('diningtable', '')","('', 'chair')",negative
4007,data/voc2007/VOCdevkit/VOC2007/JPEGImages/000877.jpg,0,"('', 'tvmonitor')","('tvmonitor', 'cat')","('tvmonitor', '')","('', 'cat')",negative
4008,data/voc2007/VOCdevkit/VOC2007/JPEGImages/000405.jpg,0,"('', 'car')","('car', 'person')","('car', '')","('', 'person')",negative
4009,data/voc2007/VOCdevkit/VOC2007/JPEGImages/004022.jpg,0,"('cow', 'person')","('person', 'cow')","('person', '')","('', 'cow')",hybrid
4010,data/voc2007/VOCdevkit/VOC2007/JPEGImages/008045.jpg,0,"('diningtable and chair', '')","('car', 'diningtable')","('car', '')","('', 'diningtable')",positive
4011,data/voc2007/VOCdevkit/VOC2007/JPEGImages/007137.jpg,0,"('person', 'chair')","('chair', 'person')","('chair', '')","('', 'person')",hybrid
4012,data/voc2007/VOCdevkit/VOC2007/JPEGImages/007690.jpg,0,"('person and bus', '')","('chair', 'person')","('chair', '')","('', 'person')",positive
4013,data/voc2007/VOCdevkit/VOC2007/JPEGImages/003029.jpg,0,"('person and sofa', '')","('chair', 'person')","('chair', '')","('', 'person')",positive
4014,data/voc2007/VOCdevkit/VOC2007/JPEGImages/004443.jpg,0,"('boat and bird', '')","('person', 'boat')","('person', '')","('', 'boat')",positive
4015,data/voc2007/VOCdevkit/VOC2007/JPEGImages/008383.jpg,0,"('', 'horse')","('horse', 'person')","('horse', '')","('', 'person')",negative
4016,data/voc2007/VOCdevkit/VOC2007/JPEGImages/009264.jpg,0,"('cow', 'car')","('car', 'cow')","('car', '')","('', 'cow')",hybrid
4017,data/voc2007/VOCdevkit/VOC2007/JPEGImages/003448.jpg,0,"('pottedplant', 'diningtable')","('diningtable', 'pottedplant')","('diningtable', '')","('', 'pottedplant')",hybrid
4018,data/voc2007/VOCdevkit/VOC2007/JPEGImages/006316.jpg,0,"('cow', 'person')","('person', 'cow')","('person', '')","('', 'cow')",hybrid
4019,data/voc2007/VOCdevkit/VOC2007/JPEGImages/007556.jpg,0,"('', 'bus')","('bus', 'car')","('bus', '')","('', 'car')",negative
4020,data/voc2007/VOCdevkit/VOC2007/JPEGImages/007587.jpg,0,"('', 'person')","('person', 'horse')","('person', '')","('', 'horse')",negative
4021,data/voc2007/VOCdevkit/VOC2007/JPEGImages/007220.jpg,0,"('', 'car')","('car', 'person')","('car', '')","('', 'person')",negative
4022,data/voc2007/VOCdevkit/VOC2007/JPEGImages/006460.jpg,0,"('person', 'car')","('car', 'person')","('car', '')","('', 'person')",hybrid
4023,data/voc2007/VOCdevkit/VOC2007/JPEGImages/006812.jpg,0,"('', 'boat')","('boat', 'bird')","('boat', '')","('', 'bird')",negative
4024,data/voc2007/VOCdevkit/VOC2007/JPEGImages/005907.jpg,0,"('person', 'car')","('car', 'person')","('car', '')","('', 'person')",hybrid
4025,data/voc2007/VOCdevkit/VOC2007/JPEGImages/005575.jpg,0,"('', 'person')","('person', 'aeroplane')","('person', '')","('', 'aeroplane')",negative
4026,data/voc2007/VOCdevkit/VOC2007/JPEGImages/009960.jpg,0,"('', 'car')","('car', 'person')","('car', '')","('', 'person')",negative
4027,data/voc2007/VOCdevkit/VOC2007/JPEGImages/008887.jpg,0,"('chair and tvmonitor', '')","('diningtable', 'chair')","('diningtable', '')","('', 'chair')",positive
4028,data/voc2007/VOCdevkit/VOC2007/JPEGImages/004492.jpg,0,"('horse', 'person')","('person', 'horse')","('person', '')","('', 'horse')",hybrid
4029,data/voc2007/VOCdevkit/VOC2007/JPEGImages/008352.jpg,0,"('aeroplane', 'person')","('person', 'aeroplane')","('person', '')","('', 'aeroplane')",hybrid
4030,data/voc2007/VOCdevkit/VOC2007/JPEGImages/004335.jpg,0,"('car', 'bus')","('bus', 'car')","('bus', '')","('', 'car')",hybrid
4031,data/voc2007/VOCdevkit/VOC2007/JPEGImages/001819.jpg,0,"('', 'car')","('car', 'horse')","('car', '')","('', 'horse')",negative
4032,data/voc2007/VOCdevkit/VOC2007/JPEGImages/007641.jpg,0,"('', 'boat')","('boat', 'bird')","('boat', '')","('', 'bird')",negative
4033,data/voc2007/VOCdevkit/VOC2007/JPEGImages/008094.jpg,0,"('person', 'car')","('car', 'person')","('car', '')","('', 'person')",hybrid
4034,data/voc2007/VOCdevkit/VOC2007/JPEGImages/002828.jpg,0,"('horse', 'car')","('car', 'horse')","('car', '')","('', 'horse')",hybrid
4035,data/voc2007/VOCdevkit/VOC2007/JPEGImages/007304.jpg,0,"('', 'bus')","('bus', 'car')","('bus', '')","('', 'car')",negative
4036,data/voc2007/VOCdevkit/VOC2007/JPEGImages/006936.jpg,0,"('horse', 'chair')","('chair', 'horse')","('chair', '')","('', 'horse')",hybrid
4037,data/voc2007/VOCdevkit/VOC2007/JPEGImages/006544.jpg,0,"('person', 'chair')","('chair', 'person')","('chair', '')","('', 'person')",hybrid
4038,data/voc2007/VOCdevkit/VOC2007/JPEGImages/005823.jpg,0,"('tvmonitor', 'car')","('car', 'tvmonitor')","('car', '')","('', 'tvmonitor')",hybrid
4039,data/voc2007/VOCdevkit/VOC2007/JPEGImages/009844.jpg,0,"('', 'chair')","('chair', 'person')","('chair', '')","('', 'person')",negative
4040,data/voc2007/VOCdevkit/VOC2007/JPEGImages/009436.jpg,0,"('train and person', '')","('car', 'train')","('car', '')","('', 'train')",positive
4041,data/voc2007/VOCdevkit/VOC2007/JPEGImages/009391.jpg,0,"('', 'car')","('car', 'person')","('car', '')","('', 'person')",negative
4042,data/voc2007/VOCdevkit/VOC2007/JPEGImages/008276.jpg,0,"('person and car', '')","('chair', 'person')","('chair', '')","('', 'person')",positive
4043,data/voc2007/VOCdevkit/VOC2007/JPEGImages/004211.jpg,0,"('pottedplant', 'chair')","('chair', 'pottedplant')","('chair', '')","('', 'pottedplant')",hybrid
4044,data/voc2007/VOCdevkit/VOC2007/JPEGImages/004670.jpg,0,"('', 'person')","('person', 'dog')","('person', '')","('', 'dog')",negative
4045,data/voc2007/VOCdevkit/VOC2007/JPEGImages/005030.jpg,0,"('car', 'bus')","('bus', 'car')","('bus', '')","('', 'car')",hybrid
4046,data/voc2007/VOCdevkit/VOC2007/JPEGImages/009057.jpg,0,"('cat', 'tvmonitor')","('tvmonitor', 'cat')","('tvmonitor', '')","('', 'cat')",hybrid
4047,data/voc2007/VOCdevkit/VOC2007/JPEGImages/005797.jpg,0,"('cow and person', '')","('chair', 'cow')","('chair', '')","('', 'cow')",positive
4048,data/voc2007/VOCdevkit/VOC2007/JPEGImages/000018.jpg,0,"('dog', 'person')","('person', 'dog')","('person', '')","('', 'dog')",hybrid
4049,data/voc2007/VOCdevkit/VOC2007/JPEGImages/005746.jpg,0,"('car and bus', '')","('horse', 'car')","('horse', '')","('', 'car')",positive
4050,data/voc2007/VOCdevkit/VOC2007/JPEGImages/001658.jpg,0,"('car and motorbike', '')","('bus', 'car')","('bus', '')","('', 'car')",positive
4051,data/voc2007/VOCdevkit/VOC2007/JPEGImages/008161.jpg,0,"('car', 'person')","('person', 'car')","('person', '')","('', 'car')",hybrid
4052,data/voc2007/VOCdevkit/VOC2007/JPEGImages/007013.jpg,0,"('', 'car')","('car', 'bicycle')","('car', '')","('', 'bicycle')",negative
4053,data/voc2007/VOCdevkit/VOC2007/JPEGImages/006653.jpg,0,"('', 'person')","('person', 'car')","('person', '')","('', 'car')",negative
4054,data/voc2007/VOCdevkit/VOC2007/JPEGImages/004567.jpg,0,"('chair', 'person')","('person', 'chair')","('person', '')","('', 'chair')",hybrid
4055,data/voc2007/VOCdevkit/VOC2007/JPEGImages/004915.jpg,0,"('', 'boat')","('boat', 'bird')","('boat', '')","('', 'bird')",negative
4056,data/voc2007/VOCdevkit/VOC2007/JPEGImages/008972.jpg,0,"('cat', 'person')","('person', 'cat')","('person', '')","('', 'cat')",hybrid
4057,data/voc2007/VOCdevkit/VOC2007/JPEGImages/008500.jpg,0,"('', 'person')","('person', 'train')","('person', '')","('', 'train')",negative
4058,data/voc2007/VOCdevkit/VOC2007/JPEGImages/009895.jpg,0,"('', 'horse')","('horse', 'car')","('horse', '')","('', 'car')",negative
4059,data/voc2007/VOCdevkit/VOC2007/JPEGImages/005480.jpg,0,"('bicycle', 'car')","('car', 'bicycle')","('car', '')","('', 'bicycle')",hybrid
4060,data/voc2007/VOCdevkit/VOC2007/JPEGImages/009340.jpg,0,"('train', 'car')","('car', 'train')","('car', '')","('', 'train')",hybrid
4061,data/voc2007/VOCdevkit/VOC2007/JPEGImages/000479.jpg,0,"('', 'car')","('car', 'person')","('car', '')","('', 'person')",negative
4062,data/voc2007/VOCdevkit/VOC2007/JPEGImages/006232.jpg,0,"('aeroplane', 'car')","('car', 'aeroplane')","('car', '')","('', 'aeroplane')",hybrid
4063,data/voc2007/VOCdevkit/VOC2007/JPEGImages/007800.jpg,0,"('car', 'bus')","('bus', 'car')","('bus', '')","('', 'car')",hybrid
4064,data/voc2007/VOCdevkit/VOC2007/JPEGImages/007472.jpg,0,"('chair', 'diningtable')","('diningtable', 'chair')","('diningtable', '')","('', 'chair')",hybrid
4065,data/voc2007/VOCdevkit/VOC2007/JPEGImages/003055.jpg,0,"('car', 'bus')","('bus', 'car')","('bus', '')","('', 'car')",hybrid
4066,data/voc2007/VOCdevkit/VOC2007/JPEGImages/001700.jpg,0,"('', 'bus')","('bus', 'car')","('bus', '')","('', 'car')",negative
4067,data/voc2007/VOCdevkit/VOC2007/JPEGImages/008039.jpg,0,"('pottedplant', 'sofa')","('sofa', 'pottedplant')","('sofa', '')","('', 'pottedplant')",hybrid
4068,data/voc2007/VOCdevkit/VOC2007/JPEGImages/003393.jpg,0,"('', 'car')","('car', 'motorbike')","('car', '')","('', 'motorbike')",negative
4069,data/voc2007/VOCdevkit/VOC2007/JPEGImages/003434.jpg,0,"('', 'chair')","('chair', 'person')","('chair', '')","('', 'person')",negative
4070,data/voc2007/VOCdevkit/VOC2007/JPEGImages/002274.jpg,0,"('', 'person')","('person', 'boat')","('person', '')","('', 'boat')",negative
4071,data/voc2007/VOCdevkit/VOC2007/JPEGImages/004398.jpg,0,"('', 'person')","('person', 'aeroplane')","('person', '')","('', 'aeroplane')",negative
4072,data/voc2007/VOCdevkit/VOC2007/JPEGImages/008458.jpg,0,"('', 'car')","('car', 'person')","('car', '')","('', 'person')",negative
4073,data/voc2007/VOCdevkit/VOC2007/JPEGImages/000286.jpg,0,"('', 'chair')","('chair', 'person')","('chair', '')","('', 'person')",negative
4074,data/voc2007/VOCdevkit/VOC2007/JPEGImages/000521.jpg,0,"('', 'person')","('person', 'aeroplane')","('person', '')","('', 'aeroplane')",negative
4075,data/voc2007/VOCdevkit/VOC2007/JPEGImages/000953.jpg,0,"('', 'person')","('person', 'pottedplant')","('person', '')","('', 'pottedplant')",negative
4076,data/voc2007/VOCdevkit/VOC2007/JPEGImages/001417.jpg,0,"('person', 'chair')","('chair', 'person')","('chair', '')","('', 'person')",hybrid
4077,data/voc2007/VOCdevkit/VOC2007/JPEGImages/001865.jpg,0,"('horse', 'car')","('car', 'horse')","('car', '')","('', 'horse')",hybrid
4078,data/voc2007/VOCdevkit/VOC2007/JPEGImages/008489.jpg,0,"('', 'person')","('person', 'dog')","('person', '')","('', 'dog')",negative
4079,data/voc2007/VOCdevkit/VOC2007/JPEGImages/002970.jpg,0,"('', 'tvmonitor')","('tvmonitor', 'cat')","('tvmonitor', '')","('', 'cat')",negative
4080,data/voc2007/VOCdevkit/VOC2007/JPEGImages/007989.jpg,0,"('diningtable and chair', '')","('person', 'diningtable')","('person', '')","('', 'diningtable')",positive
4081,data/voc2007/VOCdevkit/VOC2007/JPEGImages/003342.jpg,0,"('', 'car')","('car', 'motorbike')","('car', '')","('', 'motorbike')",negative
4082,data/voc2007/VOCdevkit/VOC2007/JPEGImages/003897.jpg,0,"('person', 'chair')","('chair', 'person')","('chair', '')","('', 'person')",hybrid
4083,data/voc2007/VOCdevkit/VOC2007/JPEGImages/001076.jpg,0,"('', 'chair')","('chair', 'boat')","('chair', '')","('', 'boat')",negative
4084,data/voc2007/VOCdevkit/VOC2007/JPEGImages/004728.jpg,0,"('', 'car')","('car', 'person')","('car', '')","('', 'person')",negative
4085,data/voc2007/VOCdevkit/VOC2007/JPEGImages/000636.jpg,0,"('', 'car')","('car', 'train')","('car', '')","('', 'train')",negative
4086,data/voc2007/VOCdevkit/VOC2007/JPEGImages/000191.jpg,0,"('person', 'chair')","('chair', 'person')","('chair', '')","('', 'person')",hybrid
4087,data/voc2007/VOCdevkit/VOC2007/JPEGImages/003723.jpg,0,"('person', 'chair')","('chair', 'person')","('chair', '')","('', 'person')",hybrid
4088,data/voc2007/VOCdevkit/VOC2007/JPEGImages/003084.jpg,0,"('', 'car')","('car', 'dog')","('car', '')","('', 'dog')",negative
4089,data/voc2007/VOCdevkit/VOC2007/JPEGImages/002365.jpg,0,"('', 'car')","('car', 'chair')","('car', '')","('', 'chair')",negative
4090,data/voc2007/VOCdevkit/VOC2007/JPEGImages/007849.jpg,0,"('', 'chair')","('chair', 'tvmonitor')","('chair', '')","('', 'tvmonitor')",negative
4091,data/voc2007/VOCdevkit/VOC2007/JPEGImages/004289.jpg,0,"('person', 'car')","('car', 'person')","('car', '')","('', 'person')",hybrid
4092,data/voc2007/VOCdevkit/VOC2007/JPEGImages/000397.jpg,0,"('', 'diningtable')","('diningtable', 'chair')","('diningtable', '')","('', 'chair')",negative
4093,data/voc2007/VOCdevkit/VOC2007/JPEGImages/003144.jpg,0,"('aeroplane', 'car')","('car', 'aeroplane')","('car', '')","('', 'aeroplane')",hybrid
4094,data/voc2007/VOCdevkit/VOC2007/JPEGImages/009768.jpg,0,"('', 'chair')","('chair', 'person')","('chair', '')","('', 'person')",negative
4095,data/voc2007/VOCdevkit/VOC2007/JPEGImages/009768.jpg,0,"('person', 'chair')","('chair', 'person')","('chair', '')","('', 'person')",hybrid
4096,data/voc2007/VOCdevkit/VOC2007/JPEGImages/008128.jpg,0,"('person', 'car')","('car', 'person')","('car', '')","('', 'person')",hybrid
4097,data/voc2007/VOCdevkit/VOC2007/JPEGImages/004639.jpg,0,"('person', 'car')","('car', 'person')","('car', '')","('', 'person')",hybrid
4098,data/voc2007/VOCdevkit/VOC2007/JPEGImages/001167.jpg,0,"('person and bottle', '')","('car', 'person')","('car', '')","('', 'person')",positive
4099,data/voc2007/VOCdevkit/VOC2007/JPEGImages/000727.jpg,0,"('car and bus', '')","('horse', 'car')","('horse', '')","('', 'car')",positive
4100,data/voc2007/VOCdevkit/VOC2007/JPEGImages/000080.jpg,0,"('boat', 'car')","('car', 'boat')","('car', '')","('', 'boat')",hybrid
4101,data/voc2007/VOCdevkit/VOC2007/JPEGImages/002072.jpg,0,"('horse', 'chair')","('chair', 'horse')","('chair', '')","('', 'horse')",hybrid
4102,data/voc2007/VOCdevkit/VOC2007/JPEGImages/000346.jpg,0,"('bottle and person', '')","('car', 'bottle')","('car', '')","('', 'bottle')",positive
4103,data/voc2007/VOCdevkit/VOC2007/JPEGImages/000893.jpg,0,"('bottle', 'diningtable')","('diningtable', 'bottle')","('diningtable', '')","('', 'bottle')",hybrid
4104,data/voc2007/VOCdevkit/VOC2007/JPEGImages/001974.jpg,0,"('boat and person', '')","('chair', 'boat')","('chair', '')","('', 'boat')",positive
4105,data/voc2007/VOCdevkit/VOC2007/JPEGImages/001506.jpg,0,"('', 'car')","('car', 'person')","('car', '')","('', 'person')",negative
4106,data/voc2007/VOCdevkit/VOC2007/JPEGImages/008598.jpg,0,"('sheep', 'person')","('person', 'sheep')","('person', '')","('', 'sheep')",hybrid
4107,data/voc2007/VOCdevkit/VOC2007/JPEGImages/002861.jpg,0,"('', 'person')","('person', 'bird')","('person', '')","('', 'bird')",negative
4108,data/voc2007/VOCdevkit/VOC2007/JPEGImages/006034.jpg,0,"('car', 'bus')","('bus', 'car')","('bus', '')","('', 'car')",hybrid
4109,data/voc2007/VOCdevkit/VOC2007/JPEGImages/006793.jpg,0,"('', 'motorbike')","('motorbike', 'car')","('motorbike', '')","('', 'car')",negative
4110,data/voc2007/VOCdevkit/VOC2007/JPEGImages/007674.jpg,0,"('bus', 'car')","('car', 'bus')","('car', '')","('', 'bus')",hybrid
4111,data/voc2007/VOCdevkit/VOC2007/JPEGImages/001798.jpg,0,"('', 'car')","('car', 'motorbike')","('car', '')","('', 'motorbike')",negative
4112,data/voc2007/VOCdevkit/VOC2007/JPEGImages/009146.jpg,0,"('bird', 'boat')","('boat', 'bird')","('boat', '')","('', 'bird')",hybrid
4113,data/voc2007/VOCdevkit/VOC2007/JPEGImages/005932.jpg,0,"('car', 'person')","('person', 'car')","('person', '')","('', 'car')",hybrid
4114,data/voc2007/VOCdevkit/VOC2007/JPEGImages/005540.jpg,0,"('', 'person')","('person', 'bicycle')","('person', '')","('', 'bicycle')",negative
4115,data/voc2007/VOCdevkit/VOC2007/JPEGImages/009280.jpg,0,"('bicycle', 'car')","('car', 'bicycle')","('car', '')","('', 'bicycle')",hybrid
4116,data/voc2007/VOCdevkit/VOC2007/JPEGImages/008367.jpg,0,"('bicycle and chair', '')","('car', 'bicycle')","('car', '')","('', 'bicycle')",positive
4117,data/voc2007/VOCdevkit/VOC2007/JPEGImages/008411.jpg,0,"('', 'car')","('car', 'person')","('car', '')","('', 'person')",negative
4118,data/voc2007/VOCdevkit/VOC2007/JPEGImages/008863.jpg,0,"('', 'person')","('person', 'cow')","('person', '')","('', 'cow')",negative
4119,data/voc2007/VOCdevkit/VOC2007/JPEGImages/004804.jpg,0,"('person and car', '')","('chair', 'person')","('chair', '')","('', 'person')",positive
4120,data/voc2007/VOCdevkit/VOC2007/JPEGImages/004476.jpg,0,"('bottle and person', '')","('car', 'bottle')","('car', '')","('', 'bottle')",positive
4121,data/voc2007/VOCdevkit/VOC2007/JPEGImages/001328.jpg,0,"('dog', 'person')","('person', 'dog')","('person', '')","('', 'dog')",hybrid
4122,data/voc2007/VOCdevkit/VOC2007/JPEGImages/000568.jpg,0,"('bird', 'boat')","('boat', 'bird')","('boat', '')","('', 'bird')",hybrid
4123,data/voc2007/VOCdevkit/VOC2007/JPEGImages/009630.jpg,0,"('bottle', 'chair')","('chair', 'bottle')","('chair', '')","('', 'bottle')",hybrid
4124,data/voc2007/VOCdevkit/VOC2007/JPEGImages/008070.jpg,0,"('person', 'car')","('car', 'person')","('car', '')","('', 'person')",hybrid
4125,data/voc2007/VOCdevkit/VOC2007/JPEGImages/007102.jpg,0,"('bird', 'boat')","('boat', 'bird')","('boat', '')","('', 'bird')",hybrid
4126,data/voc2007/VOCdevkit/VOC2007/JPEGImages/006742.jpg,0,"('tvmonitor', 'car')","('car', 'tvmonitor')","('car', '')","('', 'tvmonitor')",hybrid
4127,data/voc2007/VOCdevkit/VOC2007/JPEGImages/008947.jpg,0,"('pottedplant', 'diningtable')","('diningtable', 'pottedplant')","('diningtable', '')","('', 'pottedplant')",hybrid
4128,data/voc2007/VOCdevkit/VOC2007/JPEGImages/008947.jpg,0,"('chair and sofa', '')","('person', 'chair')","('person', '')","('', 'chair')",positive
4129,data/voc2007/VOCdevkit/VOC2007/JPEGImages/004920.jpg,0,"('', 'chair')","('chair', 'person')","('chair', '')","('', 'person')",negative
4130,data/voc2007/VOCdevkit/VOC2007/JPEGImages/006207.jpg,0,"('person and horse', '')","('car', 'person')","('car', '')","('', 'person')",positive
4131,data/voc2007/VOCdevkit/VOC2007/JPEGImages/003559.jpg,0,"('', 'bus')","('bus', 'car')","('bus', '')","('', 'car')",negative
4132,data/voc2007/VOCdevkit/VOC2007/JPEGImages/002319.jpg,0,"('car', 'bus')","('bus', 'car')","('bus', '')","('', 'car')",hybrid
4133,data/voc2007/VOCdevkit/VOC2007/JPEGImages/007835.jpg,0,"('chair and car', '')","('sofa', 'chair')","('sofa', '')","('', 'chair')",positive
4134,data/voc2007/VOCdevkit/VOC2007/JPEGImages/007835.jpg,0,"('person and car', '')","('sofa', 'person')","('sofa', '')","('', 'person')",positive
4135,data/voc2007/VOCdevkit/VOC2007/JPEGImages/007447.jpg,0,"('car', 'horse')","('horse', 'car')","('horse', '')","('', 'car')",hybrid
4136,data/voc2007/VOCdevkit/VOC2007/JPEGImages/009714.jpg,0,"('person', 'chair')","('chair', 'person')","('chair', '')","('', 'person')",hybrid
4137,data/voc2007/VOCdevkit/VOC2007/JPEGImages/008154.jpg,0,"('train', 'person')","('person', 'train')","('person', '')","('', 'train')",hybrid
4138,data/voc2007/VOCdevkit/VOC2007/JPEGImages/007026.jpg,0,"('', 'person')","('person', 'aeroplane')","('person', '')","('', 'aeroplane')",negative
4139,data/voc2007/VOCdevkit/VOC2007/JPEGImages/006110.jpg,0,"('', 'person')","('person', 'boat')","('person', '')","('', 'boat')",negative
4140,data/voc2007/VOCdevkit/VOC2007/JPEGImages/007750.jpg,0,"('person and horse', '')","('chair', 'person')","('chair', '')","('', 'person')",positive
4141,data/voc2007/VOCdevkit/VOC2007/JPEGImages/008185.jpg,0,"('', 'person')","('person', 'pottedplant')","('person', '')","('', 'pottedplant')",negative
4142,data/voc2007/VOCdevkit/VOC2007/JPEGImages/004645.jpg,0,"('aeroplane', 'car')","('car', 'aeroplane')","('car', '')","('', 'aeroplane')",hybrid
4143,data/voc2007/VOCdevkit/VOC2007/JPEGImages/008622.jpg,0,"('', 'person')","('person', 'car')","('person', '')","('', 'car')",negative
4144,data/voc2007/VOCdevkit/VOC2007/JPEGImages/009062.jpg,0,"('', 'person')","('person', 'bus')","('person', '')","('', 'bus')",negative
4145,data/voc2007/VOCdevkit/VOC2007/JPEGImages/005005.jpg,0,"('car and person', '')","('horse', 'car')","('horse', '')","('', 'car')",positive
4146,data/voc2007/VOCdevkit/VOC2007/JPEGImages/007496.jpg,0,"('', 'chair')","('chair', 'car')","('chair', '')","('', 'car')",negative
4147,data/voc2007/VOCdevkit/VOC2007/JPEGImages/007331.jpg,0,"('', 'tvmonitor')","('tvmonitor', 'cat')","('tvmonitor', '')","('', 'cat')",negative
4148,data/voc2007/VOCdevkit/VOC2007/JPEGImages/006571.jpg,0,"('', 'sofa')","('sofa', 'cat')","('sofa', '')","('', 'cat')",negative
4149,data/voc2007/VOCdevkit/VOC2007/JPEGImages/009871.jpg,0,"('', 'car')","('car', 'person')","('car', '')","('', 'person')",negative
4150,data/voc2007/VOCdevkit/VOC2007/JPEGImages/009403.jpg,0,"('', 'tvmonitor')","('tvmonitor', 'cat')","('tvmonitor', '')","('', 'cat')",negative
4151,data/voc2007/VOCdevkit/VOC2007/JPEGImages/005464.jpg,0,"('person', 'sofa')","('sofa', 'person')","('sofa', '')","('', 'person')",hybrid
4152,data/voc2007/VOCdevkit/VOC2007/JPEGImages/005816.jpg,0,"('motorbike', 'car')","('car', 'motorbike')","('car', '')","('', 'motorbike')",hybrid
4153,data/voc2007/VOCdevkit/VOC2007/JPEGImages/004583.jpg,0,"('bird', 'boat')","('boat', 'bird')","('boat', '')","('', 'bird')",hybrid
4154,data/voc2007/VOCdevkit/VOC2007/JPEGImages/008996.jpg,0,"('car and person', '')","('chair', 'car')","('chair', '')","('', 'car')",positive
4155,data/voc2007/VOCdevkit/VOC2007/JPEGImages/001908.jpg,0,"('car', 'person')","('person', 'car')","('person', '')","('', 'car')",hybrid
4156,data/voc2007/VOCdevkit/VOC2007/JPEGImages/008243.jpg,0,"('', 'person')","('person', 'bird')","('person', '')","('', 'bird')",negative
4157,data/voc2007/VOCdevkit/VOC2007/JPEGImages/000603.jpg,0,"('sofa', 'chair')","('chair', 'sofa')","('chair', '')","('', 'sofa')",hybrid
4158,data/voc2007/VOCdevkit/VOC2007/JPEGImages/006048.jpg,0,"('person and boat', '')","('car', 'person')","('car', '')","('', 'person')",positive
4159,data/voc2007/VOCdevkit/VOC2007/JPEGImages/003716.jpg,0,"('tvmonitor', 'person')","('person', 'tvmonitor')","('person', '')","('', 'tvmonitor')",hybrid
4160,data/voc2007/VOCdevkit/VOC2007/JPEGImages/007608.jpg,0,"('bird', 'boat')","('boat', 'bird')","('boat', '')","('', 'bird')",hybrid
4161,data/voc2007/VOCdevkit/VOC2007/JPEGImages/009929.jpg,0,"('bottle', 'diningtable')","('diningtable', 'bottle')","('diningtable', '')","('', 'bottle')",hybrid
4162,data/voc2007/VOCdevkit/VOC2007/JPEGImages/001422.jpg,0,"('car', 'bus')","('bus', 'car')","('bus', '')","('', 'car')",hybrid
4163,data/voc2007/VOCdevkit/VOC2007/JPEGImages/001850.jpg,0,"('', 'chair')","('chair', 'person')","('chair', '')","('', 'person')",negative
4164,data/voc2007/VOCdevkit/VOC2007/JPEGImages/007269.jpg,0,"('bird', 'boat')","('boat', 'bird')","('boat', '')","('', 'bird')",hybrid
4165,data/voc2007/VOCdevkit/VOC2007/JPEGImages/002945.jpg,0,"('person and pottedplant', '')","('car', 'person')","('car', '')","('', 'person')",positive
4166,data/voc2007/VOCdevkit/VOC2007/JPEGImages/002945.jpg,0,"('diningtable', 'car')","('car', 'diningtable')","('car', '')","('', 'diningtable')",hybrid
4167,data/voc2007/VOCdevkit/VOC2007/JPEGImages/003873.jpg,0,"('train', 'car')","('car', 'train')","('car', '')","('', 'train')",hybrid
4168,data/voc2007/VOCdevkit/VOC2007/JPEGImages/001354.jpg,0,"('person', 'car')","('car', 'person')","('car', '')","('', 'person')",hybrid
4169,data/voc2007/VOCdevkit/VOC2007/JPEGImages/002620.jpg,0,"('', 'chair')","('chair', 'person')","('chair', '')","('', 'person')",negative
4170,data/voc2007/VOCdevkit/VOC2007/JPEGImages/003060.jpg,0,"('pottedplant', 'person')","('person', 'pottedplant')","('person', '')","('', 'pottedplant')",hybrid
4171,data/voc2007/VOCdevkit/VOC2007/JPEGImages/006099.jpg,0,"('', 'person')","('person', 'dog')","('person', '')","('', 'dog')",negative
4172,data/voc2007/VOCdevkit/VOC2007/JPEGImages/000175.jpg,0,"('', 'dog')","('dog', 'sheep')","('dog', '')","('', 'sheep')",negative
4173,data/voc2007/VOCdevkit/VOC2007/JPEGImages/001735.jpg,0,"('', 'car')","('car', 'chair')","('car', '')","('', 'chair')",negative
4174,data/voc2007/VOCdevkit/VOC2007/JPEGImages/000839.jpg,0,"('person', 'car')","('car', 'person')","('car', '')","('', 'person')",hybrid
4175,data/voc2007/VOCdevkit/VOC2007/JPEGImages/009372.jpg,0,"('train', 'person')","('person', 'train')","('person', '')","('', 'train')",hybrid
4176,data/voc2007/VOCdevkit/VOC2007/JPEGImages/008532.jpg,0,"('', 'sofa')","('sofa', 'dog')","('sofa', '')","('', 'dog')",negative
4177,data/voc2007/VOCdevkit/VOC2007/JPEGImages/004927.jpg,0,"('', 'horse')","('horse', 'person')","('horse', '')","('', 'person')",negative
4178,data/voc2007/VOCdevkit/VOC2007/JPEGImages/007440.jpg,0,"('', 'person')","('person', 'sheep')","('person', '')","('', 'sheep')",negative
4179,data/voc2007/VOCdevkit/VOC2007/JPEGImages/007832.jpg,0,"('', 'person')","('person', 'sofa')","('person', '')","('', 'sofa')",negative
4180,data/voc2007/VOCdevkit/VOC2007/JPEGImages/006200.jpg,0,"('', 'car')","('car', 'motorbike')","('car', '')","('', 'motorbike')",negative
4181,data/voc2007/VOCdevkit/VOC2007/JPEGImages/008153.jpg,0,"('', 'sofa')","('sofa', 'diningtable')","('sofa', '')","('', 'diningtable')",negative
4182,data/voc2007/VOCdevkit/VOC2007/JPEGImages/004134.jpg,0,"('bottle', 'diningtable')","('diningtable', 'bottle')","('diningtable', '')","('', 'bottle')",hybrid
4183,data/voc2007/VOCdevkit/VOC2007/JPEGImages/005774.jpg,0,"('', 'car')","('car', 'person')","('car', '')","('', 'person')",negative
4184,data/voc2007/VOCdevkit/VOC2007/JPEGImages/002009.jpg,0,"('', 'person')","('person', 'train')","('person', '')","('', 'train')",negative
4185,data/voc2007/VOCdevkit/VOC2007/JPEGImages/007757.jpg,0,"('car', 'bus')","('bus', 'car')","('bus', '')","('', 'car')",hybrid
4186,data/voc2007/VOCdevkit/VOC2007/JPEGImages/003649.jpg,0,"('pottedplant and bottle', '')","('car', 'pottedplant')","('car', '')","('', 'pottedplant')",positive
4187,data/voc2007/VOCdevkit/VOC2007/JPEGImages/003649.jpg,0,"('person and diningtable', '')","('car', 'person')","('car', '')","('', 'person')",positive
4188,data/voc2007/VOCdevkit/VOC2007/JPEGImages/009065.jpg,0,"('motorbike', 'person')","('person', 'motorbike')","('person', '')","('', 'motorbike')",hybrid
4189,data/voc2007/VOCdevkit/VOC2007/JPEGImages/005002.jpg,0,"('person and bottle', '')","('car', 'person')","('car', '')","('', 'person')",positive
4190,data/voc2007/VOCdevkit/VOC2007/JPEGImages/004642.jpg,0,"('person', 'chair')","('chair', 'person')","('chair', '')","('', 'person')",hybrid
4191,data/voc2007/VOCdevkit/VOC2007/JPEGImages/008625.jpg,0,"('aeroplane and person', '')","('car', 'aeroplane')","('car', '')","('', 'aeroplane')",positive
4192,data/voc2007/VOCdevkit/VOC2007/JPEGImages/008182.jpg,0,"('', 'person')","('person', 'bottle')","('person', '')","('', 'bottle')",negative
4193,data/voc2007/VOCdevkit/VOC2007/JPEGImages/006904.jpg,0,"('person', 'car')","('car', 'person')","('car', '')","('', 'person')",hybrid
4194,data/voc2007/VOCdevkit/VOC2007/JPEGImages/008991.jpg,0,"('tvmonitor', 'person')","('person', 'tvmonitor')","('person', '')","('', 'tvmonitor')",hybrid
4195,data/voc2007/VOCdevkit/VOC2007/JPEGImages/009404.jpg,0,"('', 'chair')","('chair', 'tvmonitor')","('chair', '')","('', 'tvmonitor')",negative
4196,data/voc2007/VOCdevkit/VOC2007/JPEGImages/009876.jpg,0,"('', 'car')","('car', 'aeroplane')","('car', '')","('', 'aeroplane')",negative
4197,data/voc2007/VOCdevkit/VOC2007/JPEGImages/005463.jpg,0,"('', 'car')","('car', 'train')","('car', '')","('', 'train')",negative
4198,data/voc2007/VOCdevkit/VOC2007/JPEGImages/000604.jpg,0,"('person', 'car')","('car', 'person')","('car', '')","('', 'person')",hybrid
4199,data/voc2007/VOCdevkit/VOC2007/JPEGImages/001044.jpg,0,"('dog', 'sofa')","('sofa', 'dog')","('sofa', '')","('', 'dog')",hybrid
4200,data/voc2007/VOCdevkit/VOC2007/JPEGImages/001857.jpg,0,"('', 'horse')","('horse', 'car')","('horse', '')","('', 'car')",negative
4201,data/voc2007/VOCdevkit/VOC2007/JPEGImages/001425.jpg,0,"('bird', 'person')","('person', 'bird')","('person', '')","('', 'bird')",hybrid
4202,data/voc2007/VOCdevkit/VOC2007/JPEGImages/001382.jpg,0,"('car and person', '')","('horse', 'car')","('horse', '')","('', 'car')",positive
4203,data/voc2007/VOCdevkit/VOC2007/JPEGImages/005949.jpg,0,"('cat', 'person')","('person', 'cat')","('person', '')","('', 'cat')",hybrid
4204,data/voc2007/VOCdevkit/VOC2007/JPEGImages/000265.jpg,0,"('tvmonitor and motorbike', '')","('chair', 'tvmonitor')","('chair', '')","('', 'tvmonitor')",positive
4205,data/voc2007/VOCdevkit/VOC2007/JPEGImages/006389.jpg,0,"('tvmonitor', 'person')","('person', 'tvmonitor')","('person', '')","('', 'tvmonitor')",hybrid
4206,data/voc2007/VOCdevkit/VOC2007/JPEGImages/002530.jpg,0,"('bus', 'person')","('person', 'bus')","('person', '')","('', 'bus')",hybrid
4207,data/voc2007/VOCdevkit/VOC2007/JPEGImages/002297.jpg,0,"('', 'person')","('person', 'chair')","('person', '')","('', 'chair')",negative
4208,data/voc2007/VOCdevkit/VOC2007/JPEGImages/002993.jpg,0,"('', 'horse')","('horse', 'person')","('horse', '')","('', 'person')",negative
4209,data/voc2007/VOCdevkit/VOC2007/JPEGImages/002246.jpg,0,"('aeroplane', 'chair')","('chair', 'aeroplane')","('chair', '')","('', 'aeroplane')",hybrid
4210,data/voc2007/VOCdevkit/VOC2007/JPEGImages/007518.jpg,0,"('car', 'person')","('person', 'car')","('person', '')","('', 'car')",hybrid
4211,data/voc2007/VOCdevkit/VOC2007/JPEGImages/006358.jpg,0,"('car', 'person')","('person', 'car')","('person', '')","('', 'car')",hybrid
4212,data/voc2007/VOCdevkit/VOC2007/JPEGImages/000961.jpg,0,"('tvmonitor', 'person')","('person', 'tvmonitor')","('person', '')","('', 'tvmonitor')",hybrid
4213,data/voc2007/VOCdevkit/VOC2007/JPEGImages/001886.jpg,0,"('', 'car')","('car', 'person')","('car', '')","('', 'person')",negative
4214,data/voc2007/VOCdevkit/VOC2007/JPEGImages/008818.jpg,0,"('person', 'chair')","('chair', 'person')","('chair', '')","('', 'person')",hybrid
4215,data/voc2007/VOCdevkit/VOC2007/JPEGImages/001353.jpg,0,"('', 'car')","('car', 'person')","('car', '')","('', 'person')",negative
4216,data/voc2007/VOCdevkit/VOC2007/JPEGImages/003067.jpg,0,"('', 'diningtable')","('diningtable', 'bottle')","('diningtable', '')","('', 'bottle')",negative
4217,data/voc2007/VOCdevkit/VOC2007/JPEGImages/007179.jpg,0,"('car and person', '')","('chair', 'car')","('chair', '')","('', 'car')",positive
4218,data/voc2007/VOCdevkit/VOC2007/JPEGImages/001095.jpg,0,"('', 'car')","('car', 'person')","('car', '')","('', 'person')",negative
4219,data/voc2007/VOCdevkit/VOC2007/JPEGImages/000172.jpg,0,"('car', 'bus')","('bus', 'car')","('bus', '')","('', 'car')",hybrid
4220,data/voc2007/VOCdevkit/VOC2007/JPEGImages/003950.jpg,0,"('', 'diningtable')","('diningtable', 'chair')","('diningtable', '')","('', 'chair')",negative
4221,data/voc2007/VOCdevkit/VOC2007/JPEGImages/000437.jpg,0,"('', 'chair')","('chair', 'person')","('chair', '')","('', 'person')",negative
4222,data/voc2007/VOCdevkit/VOC2007/JPEGImages/000390.jpg,0,"('car', 'person')","('person', 'car')","('person', '')","('', 'car')",hybrid
4223,data/voc2007/VOCdevkit/VOC2007/JPEGImages/004529.jpg,0,"('', 'person')","('person', 'bird')","('person', '')","('', 'bird')",negative
4224,data/voc2007/VOCdevkit/VOC2007/JPEGImages/003143.jpg,0,"('car', 'bus')","('bus', 'car')","('bus', '')","('', 'car')",hybrid
4225,data/voc2007/VOCdevkit/VOC2007/JPEGImages/002703.jpg,0,"('', 'person')","('person', 'car')","('person', '')","('', 'car')",negative
4226,data/voc2007/VOCdevkit/VOC2007/JPEGImages/001616.jpg,0,"('car', 'bus')","('bus', 'car')","('bus', '')","('', 'car')",hybrid
4227,data/voc2007/VOCdevkit/VOC2007/JPEGImages/005708.jpg,0,"('car', 'chair')","('chair', 'car')","('chair', '')","('', 'car')",hybrid
4228,data/voc2007/VOCdevkit/VOC2007/JPEGImages/000056.jpg,0,"('', 'person')","('person', 'horse')","('person', '')","('', 'horse')",negative
4229,data/voc2007/VOCdevkit/VOC2007/JPEGImages/000087.jpg,0,"('', 'car')","('car', 'train')","('car', '')","('', 'train')",negative
4230,data/voc2007/VOCdevkit/VOC2007/JPEGImages/004199.jpg,0,"('aeroplane', 'car')","('car', 'aeroplane')","('car', '')","('', 'aeroplane')",hybrid
4231,data/voc2007/VOCdevkit/VOC2007/JPEGImages/008659.jpg,0,"('', 'person')","('person', 'tvmonitor')","('person', '')","('', 'tvmonitor')",negative
4232,data/voc2007/VOCdevkit/VOC2007/JPEGImages/002075.jpg,0,"('', 'person')","('person', 'bird')","('person', '')","('', 'bird')",negative
4233,data/voc2007/VOCdevkit/VOC2007/JPEGImages/003192.jpg,0,"('pottedplant', 'person')","('person', 'pottedplant')","('person', '')","('', 'pottedplant')",hybrid
4234,data/voc2007/VOCdevkit/VOC2007/JPEGImages/001973.jpg,0,"('', 'tvmonitor')","('tvmonitor', 'cat')","('tvmonitor', '')","('', 'cat')",negative
4235,data/voc2007/VOCdevkit/VOC2007/JPEGImages/008238.jpg,0,"('dog and person', '')","('car', 'dog')","('car', '')","('', 'dog')",positive
4236,data/voc2007/VOCdevkit/VOC2007/JPEGImages/000894.jpg,0,"('', 'bus')","('bus', 'car')","('bus', '')","('', 'car')",negative
4237,data/voc2007/VOCdevkit/VOC2007/JPEGImages/009478.jpg,0,"('', 'diningtable')","('diningtable', 'person')","('diningtable', '')","('', 'person')",negative
4238,data/voc2007/VOCdevkit/VOC2007/JPEGImages/000341.jpg,0,"('bus and person', '')","('horse', 'bus')","('horse', '')","('', 'bus')",positive
4239,data/voc2007/VOCdevkit/VOC2007/JPEGImages/003981.jpg,0,"('tvmonitor', 'car')","('car', 'tvmonitor')","('car', '')","('', 'tvmonitor')",hybrid
4240,data/voc2007/VOCdevkit/VOC2007/JPEGImages/006978.jpg,0,"('train', 'car')","('car', 'train')","('car', '')","('', 'train')",hybrid
4241,data/voc2007/VOCdevkit/VOC2007/JPEGImages/002414.jpg,0,"('', 'person')","('person', 'pottedplant')","('person', '')","('', 'pottedplant')",negative
4242,data/voc2007/VOCdevkit/VOC2007/JPEGImages/005681.jpg,0,"('', 'boat')","('boat', 'bird')","('boat', '')","('', 'bird')",negative
4243,data/voc2007/VOCdevkit/VOC2007/JPEGImages/000678.jpg,0,"('train', 'car')","('car', 'train')","('car', '')","('', 'train')",hybrid
4244,data/voc2007/VOCdevkit/VOC2007/JPEGImages/005126.jpg,0,"('', 'person')","('person', 'car')","('person', '')","('', 'car')",negative
4245,data/voc2007/VOCdevkit/VOC2007/JPEGImages/004766.jpg,0,"('person', 'chair')","('chair', 'person')","('chair', '')","('', 'person')",hybrid
4246,data/voc2007/VOCdevkit/VOC2007/JPEGImages/001038.jpg,0,"('person', 'chair')","('chair', 'person')","('chair', '')","('', 'person')",hybrid
4247,data/voc2007/VOCdevkit/VOC2007/JPEGImages/006820.jpg,0,"('', 'person')","('person', 'cat')","('person', '')","('', 'cat')",negative
4248,data/voc2007/VOCdevkit/VOC2007/JPEGImages/006452.jpg,0,"('tvmonitor', 'car')","('car', 'tvmonitor')","('car', '')","('', 'tvmonitor')",hybrid
4249,data/voc2007/VOCdevkit/VOC2007/JPEGImages/006452.jpg,0,"('sofa', 'car')","('car', 'sofa')","('car', '')","('', 'sofa')",hybrid
4250,data/voc2007/VOCdevkit/VOC2007/JPEGImages/001459.jpg,0,"('person', 'car')","('car', 'person')","('car', '')","('', 'person')",hybrid
4251,data/voc2007/VOCdevkit/VOC2007/JPEGImages/009952.jpg,0,"('', 'sofa')","('sofa', 'dog')","('sofa', '')","('', 'dog')",negative
4252,data/voc2007/VOCdevkit/VOC2007/JPEGImages/005935.jpg,0,"('', 'chair')","('chair', 'sofa')","('chair', '')","('', 'sofa')",negative
4253,data/voc2007/VOCdevkit/VOC2007/JPEGImages/009256.jpg,0,"('', 'tvmonitor')","('tvmonitor', 'cat')","('tvmonitor', '')","('', 'cat')",negative
4254,data/voc2007/VOCdevkit/VOC2007/JPEGImages/005596.jpg,0,"('person', 'car')","('car', 'person')","('car', '')","('', 'person')",hybrid
4255,data/voc2007/VOCdevkit/VOC2007/JPEGImages/008864.jpg,0,"('sofa and person', '')","('diningtable', 'sofa')","('diningtable', '')","('', 'sofa')",positive
4256,data/voc2007/VOCdevkit/VOC2007/JPEGImages/004803.jpg,0,"('', 'chair')","('chair', 'horse')","('chair', '')","('', 'horse')",negative
4257,data/voc2007/VOCdevkit/VOC2007/JPEGImages/007564.jpg,0,"('', 'diningtable')","('diningtable', 'chair')","('diningtable', '')","('', 'chair')",negative
4258,data/voc2007/VOCdevkit/VOC2007/JPEGImages/006324.jpg,0,"('car', 'bus')","('bus', 'car')","('bus', '')","('', 'car')",hybrid
4259,data/voc2007/VOCdevkit/VOC2007/JPEGImages/008077.jpg,0,"('', 'car')","('car', 'person')","('car', '')","('', 'person')",negative
4260,data/voc2007/VOCdevkit/VOC2007/JPEGImages/005650.jpg,0,"('', 'chair')","('chair', 'person')","('chair', '')","('', 'person')",negative
4261,data/voc2007/VOCdevkit/VOC2007/JPEGImages/009190.jpg,0,"('dog', 'sofa')","('sofa', 'dog')","('sofa', '')","('', 'dog')",hybrid
4262,data/voc2007/VOCdevkit/VOC2007/JPEGImages/006745.jpg,0,"('tvmonitor', 'diningtable')","('diningtable', 'tvmonitor')","('diningtable', '')","('', 'tvmonitor')",hybrid
4263,data/voc2007/VOCdevkit/VOC2007/JPEGImages/003922.jpg,0,"('', 'chair')","('chair', 'horse')","('chair', '')","('', 'horse')",negative
4264,data/voc2007/VOCdevkit/VOC2007/JPEGImages/000445.jpg,0,"('person', 'chair')","('chair', 'person')","('chair', '')","('', 'person')",hybrid
4265,data/voc2007/VOCdevkit/VOC2007/JPEGImages/000837.jpg,0,"('boat', 'person')","('person', 'boat')","('person', '')","('', 'boat')",hybrid
4266,data/voc2007/VOCdevkit/VOC2007/JPEGImages/007788.jpg,0,"('boat', 'person')","('person', 'boat')","('person', '')","('', 'boat')",hybrid
4267,data/voc2007/VOCdevkit/VOC2007/JPEGImages/002771.jpg,0,"('train', 'person')","('person', 'train')","('person', '')","('', 'train')",hybrid
4268,data/voc2007/VOCdevkit/VOC2007/JPEGImages/003131.jpg,0,"('boat', 'car')","('car', 'boat')","('car', '')","('', 'boat')",hybrid
4269,data/voc2007/VOCdevkit/VOC2007/JPEGImages/000783.jpg,0,"('horse and person', '')","('chair', 'horse')","('chair', '')","('', 'horse')",positive
4270,data/voc2007/VOCdevkit/VOC2007/JPEGImages/001664.jpg,0,"('', 'chair')","('chair', 'person')","('chair', '')","('', 'person')",negative
4271,data/voc2007/VOCdevkit/VOC2007/JPEGImages/006119.jpg,0,"('', 'car')","('car', 'motorbike')","('car', '')","('', 'motorbike')",negative
4272,data/voc2007/VOCdevkit/VOC2007/JPEGImages/003647.jpg,0,"('cat', 'tvmonitor')","('tvmonitor', 'cat')","('tvmonitor', '')","('', 'cat')",hybrid
4273,data/voc2007/VOCdevkit/VOC2007/JPEGImages/002007.jpg,0,"('', 'car')","('car', 'aeroplane')","('car', '')","('', 'aeroplane')",negative
4274,data/voc2007/VOCdevkit/VOC2007/JPEGImages/007759.jpg,0,"('', 'chair')","('chair', 'person')","('chair', '')","('', 'person')",negative
4275,data/voc2007/VOCdevkit/VOC2007/JPEGImages/000333.jpg,0,"('train', 'car')","('car', 'train')","('car', '')","('', 'train')",hybrid
4276,data/voc2007/VOCdevkit/VOC2007/JPEGImages/001573.jpg,0,"('cat', 'tvmonitor')","('tvmonitor', 'cat')","('tvmonitor', '')","('', 'cat')",hybrid
4277,data/voc2007/VOCdevkit/VOC2007/JPEGImages/007338.jpg,0,"('', 'car')","('car', 'person')","('car', '')","('', 'person')",negative
4278,data/voc2007/VOCdevkit/VOC2007/JPEGImages/002814.jpg,0,"('', 'bus')","('bus', 'car')","('bus', '')","('', 'car')",negative
4279,data/voc2007/VOCdevkit/VOC2007/JPEGImages/003226.jpg,0,"('person', 'car')","('car', 'person')","('car', '')","('', 'person')",hybrid
4280,data/voc2007/VOCdevkit/VOC2007/JPEGImages/003581.jpg,0,"('person', 'chair')","('chair', 'person')","('chair', '')","('', 'person')",hybrid
4281,data/voc2007/VOCdevkit/VOC2007/JPEGImages/005154.jpg,0,"('train', 'car')","('car', 'train')","('car', '')","('', 'train')",hybrid
4282,data/voc2007/VOCdevkit/VOC2007/JPEGImages/009694.jpg,0,"('', 'bus')","('bus', 'car')","('bus', '')","('', 'car')",negative
4283,data/voc2007/VOCdevkit/VOC2007/JPEGImages/002299.jpg,0,"('', 'person')","('person', 'cow')","('person', '')","('', 'cow')",negative
4284,data/voc2007/VOCdevkit/VOC2007/JPEGImages/006420.jpg,0,"('', 'bus')","('bus', 'car')","('bus', '')","('', 'car')",negative
4285,data/voc2007/VOCdevkit/VOC2007/JPEGImages/009552.jpg,0,"('cat', 'person')","('person', 'cat')","('person', '')","('', 'cat')",hybrid
4286,data/voc2007/VOCdevkit/VOC2007/JPEGImages/001859.jpg,0,"('', 'car')","('car', 'bicycle')","('car', '')","('', 'bicycle')",negative
4287,data/voc2007/VOCdevkit/VOC2007/JPEGImages/004375.jpg,0,"('', 'car')","('car', 'cow')","('car', '')","('', 'cow')",negative
4288,data/voc2007/VOCdevkit/VOC2007/JPEGImages/004403.jpg,0,"('', 'boat')","('boat', 'bird')","('boat', '')","('', 'bird')",negative
4289,data/voc2007/VOCdevkit/VOC2007/JPEGImages/004871.jpg,0,"('train', 'person')","('person', 'train')","('person', '')","('', 'train')",hybrid
4290,data/voc2007/VOCdevkit/VOC2007/JPEGImages/008816.jpg,0,"('', 'chair')","('chair', 'person')","('chair', '')","('', 'person')",negative
4291,data/voc2007/VOCdevkit/VOC2007/JPEGImages/008464.jpg,0,"('person', 'chair')","('chair', 'person')","('chair', '')","('', 'person')",hybrid
4292,data/voc2007/VOCdevkit/VOC2007/JPEGImages/008464.jpg,0,"('bus and bicycle', '')","('chair', 'bus')","('chair', '')","('', 'bus')",positive
4293,data/voc2007/VOCdevkit/VOC2007/JPEGImages/009583.jpg,0,"('person and dog', '')","('car', 'person')","('car', '')","('', 'person')",positive
4294,data/voc2007/VOCdevkit/VOC2007/JPEGImages/005243.jpg,0,"('boat', 'person')","('person', 'boat')","('person', '')","('', 'boat')",hybrid
4295,data/voc2007/VOCdevkit/VOC2007/JPEGImages/006356.jpg,0,"('train', 'person')","('person', 'train')","('person', '')","('', 'train')",hybrid
4296,data/voc2007/VOCdevkit/VOC2007/JPEGImages/007516.jpg,0,"('cow', 'person')","('person', 'cow')","('person', '')","('', 'cow')",hybrid
4297,data/voc2007/VOCdevkit/VOC2007/JPEGImages/009645.jpg,0,"('', 'diningtable')","('diningtable', 'bottle')","('diningtable', '')","('', 'bottle')",negative
4298,data/voc2007/VOCdevkit/VOC2007/JPEGImages/005622.jpg,0,"('', 'chair')","('chair', 'diningtable')","('chair', '')","('', 'diningtable')",negative
4299,data/voc2007/VOCdevkit/VOC2007/JPEGImages/004062.jpg,0,"('dog', 'sofa')","('sofa', 'dog')","('sofa', '')","('', 'dog')",hybrid
4300,data/voc2007/VOCdevkit/VOC2007/JPEGImages/002629.jpg,0,"('aeroplane', 'car')","('car', 'aeroplane')","('car', '')","('', 'aeroplane')",hybrid
4301,data/voc2007/VOCdevkit/VOC2007/JPEGImages/006090.jpg,0,"('cat', 'tvmonitor')","('tvmonitor', 'cat')","('tvmonitor', '')","('', 'cat')",hybrid
4302,data/voc2007/VOCdevkit/VOC2007/JPEGImages/003069.jpg,0,"('sheep', 'person')","('person', 'sheep')","('person', '')","('', 'sheep')",hybrid
4303,data/voc2007/VOCdevkit/VOC2007/JPEGImages/006737.jpg,0,"('', 'car')","('car', 'bicycle')","('car', '')","('', 'bicycle')",negative
4304,data/voc2007/VOCdevkit/VOC2007/JPEGImages/008540.jpg,0,"('person', 'chair')","('chair', 'person')","('chair', '')","('', 'person')",hybrid
4305,data/voc2007/VOCdevkit/VOC2007/JPEGImages/009300.jpg,0,"('bird', 'person')","('person', 'bird')","('person', '')","('', 'bird')",hybrid
4306,data/voc2007/VOCdevkit/VOC2007/JPEGImages/007395.jpg,0,"('', 'car')","('car', 'person')","('car', '')","('', 'person')",negative
4307,data/voc2007/VOCdevkit/VOC2007/JPEGImages/005706.jpg,0,"('', 'person')","('person', 'car')","('person', '')","('', 'car')",negative
4308,data/voc2007/VOCdevkit/VOC2007/JPEGImages/000058.jpg,0,"('person and motorbike', '')","('car', 'person')","('car', '')","('', 'person')",positive
4309,data/voc2007/VOCdevkit/VOC2007/JPEGImages/008686.jpg,0,"('', 'chair')","('chair', 'tvmonitor')","('chair', '')","('', 'tvmonitor')",negative
4310,data/voc2007/VOCdevkit/VOC2007/JPEGImages/007053.jpg,0,"('sofa', 'car')","('car', 'sofa')","('car', '')","('', 'sofa')",hybrid
4311,data/voc2007/VOCdevkit/VOC2007/JPEGImages/006613.jpg,0,"('person', 'car')","('car', 'person')","('car', '')","('', 'person')",hybrid
4312,data/voc2007/VOCdevkit/VOC2007/JPEGImages/006165.jpg,0,"('', 'car')","('car', 'bicycle')","('car', '')","('', 'bicycle')",negative
4313,data/voc2007/VOCdevkit/VOC2007/JPEGImages/007082.jpg,0,"('car', 'bus')","('bus', 'car')","('bus', '')","('', 'car')",hybrid
4314,data/voc2007/VOCdevkit/VOC2007/JPEGImages/007725.jpg,0,"('bicycle', 'chair')","('chair', 'bicycle')","('chair', '')","('', 'bicycle')",hybrid
4315,data/voc2007/VOCdevkit/VOC2007/JPEGImages/004197.jpg,0,"('', 'chair')","('chair', 'person')","('chair', '')","('', 'person')",negative
4316,data/voc2007/VOCdevkit/VOC2007/JPEGImages/008657.jpg,0,"('', 'person')","('person', 'car')","('person', '')","('', 'car')",negative
4317,data/voc2007/VOCdevkit/VOC2007/JPEGImages/005070.jpg,0,"('', 'car')","('car', 'train')","('car', '')","('', 'train')",negative
4318,data/voc2007/VOCdevkit/VOC2007/JPEGImages/009017.jpg,0,"('', 'chair')","('chair', 'person')","('chair', '')","('', 'person')",negative
4319,data/voc2007/VOCdevkit/VOC2007/JPEGImages/007891.jpg,0,"('person', 'chair')","('chair', 'person')","('chair', '')","('', 'person')",hybrid
4320,data/voc2007/VOCdevkit/VOC2007/JPEGImages/006504.jpg,0,"('pottedplant', 'chair')","('chair', 'pottedplant')","('chair', '')","('', 'pottedplant')",hybrid
4321,data/voc2007/VOCdevkit/VOC2007/JPEGImages/005411.jpg,0,"('person', 'chair')","('chair', 'person')","('chair', '')","('', 'person')",hybrid
4322,data/voc2007/VOCdevkit/VOC2007/JPEGImages/009804.jpg,0,"('person', 'chair')","('chair', 'person')","('chair', '')","('', 'person')",hybrid
4323,data/voc2007/VOCdevkit/VOC2007/JPEGImages/008591.jpg,0,"('', 'sofa')","('sofa', 'bottle')","('sofa', '')","('', 'bottle')",negative
4324,data/voc2007/VOCdevkit/VOC2007/JPEGImages/004251.jpg,0,"('bird', 'person')","('person', 'bird')","('person', '')","('', 'bird')",hybrid
4325,data/voc2007/VOCdevkit/VOC2007/JPEGImages/001791.jpg,0,"('person', 'chair')","('chair', 'person')","('chair', '')","('', 'person')",hybrid
4326,data/voc2007/VOCdevkit/VOC2007/JPEGImages/002123.jpg,0,"('', 'person')","('person', 'pottedplant')","('person', '')","('', 'pottedplant')",negative
4327,data/voc2007/VOCdevkit/VOC2007/JPEGImages/000217.jpg,0,"('chair and diningtable', '')","('person', 'chair')","('person', '')","('', 'chair')",positive
4328,data/voc2007/VOCdevkit/VOC2007/JPEGImages/004309.jpg,0,"('person', 'car')","('car', 'person')","('car', '')","('', 'person')",hybrid
4329,data/voc2007/VOCdevkit/VOC2007/JPEGImages/002930.jpg,0,"('', 'person')","('person', 'chair')","('person', '')","('', 'chair')",negative
4330,data/voc2007/VOCdevkit/VOC2007/JPEGImages/003302.jpg,0,"('', 'motorbike')","('motorbike', 'bus')","('motorbike', '')","('', 'bus')",negative
4331,data/voc2007/VOCdevkit/VOC2007/JPEGImages/003474.jpg,0,"('', 'person')","('person', 'train')","('person', '')","('', 'train')",negative
4332,data/voc2007/VOCdevkit/VOC2007/JPEGImages/007918.jpg,0,"('bicycle', 'person')","('person', 'bicycle')","('person', '')","('', 'bicycle')",hybrid
4333,data/voc2007/VOCdevkit/VOC2007/JPEGImages/001321.jpg,0,"('', 'bus')","('bus', 'car')","('bus', '')","('', 'car')",negative
4334,data/voc2007/VOCdevkit/VOC2007/JPEGImages/008418.jpg,0,"('cow and person', '')","('chair', 'cow')","('chair', '')","('', 'cow')",positive
4335,data/voc2007/VOCdevkit/VOC2007/JPEGImages/009258.jpg,0,"('', 'chair')","('chair', 'person')","('chair', '')","('', 'person')",negative
4336,data/voc2007/VOCdevkit/VOC2007/JPEGImages/000913.jpg,0,"('person', 'chair')","('chair', 'person')","('chair', '')","('', 'person')",hybrid
4337,data/voc2007/VOCdevkit/VOC2007/JPEGImages/000561.jpg,0,"('bird', 'boat')","('boat', 'bird')","('boat', '')","('', 'bird')",hybrid
4338,data/voc2007/VOCdevkit/VOC2007/JPEGImages/005598.jpg,0,"('bus', 'person')","('person', 'bus')","('person', '')","('', 'bus')",hybrid
4339,data/voc2007/VOCdevkit/VOC2007/JPEGImages/002655.jpg,0,"('', 'chair')","('chair', 'horse')","('chair', '')","('', 'horse')",negative
4340,data/voc2007/VOCdevkit/VOC2007/JPEGImages/009639.jpg,0,"('', 'person')","('person', 'motorbike')","('person', '')","('', 'motorbike')",negative
4341,data/voc2007/VOCdevkit/VOC2007/JPEGImages/000100.jpg,0,"('train', 'person')","('person', 'train')","('person', '')","('', 'train')",hybrid
4342,data/voc2007/VOCdevkit/VOC2007/JPEGImages/001740.jpg,0,"('', 'chair')","('chair', 'diningtable')","('chair', '')","('', 'diningtable')",negative
4343,data/voc2007/VOCdevkit/VOC2007/JPEGImages/000399.jpg,0,"('', 'car')","('car', 'bicycle')","('car', '')","('', 'bicycle')",negative
4344,data/voc2007/VOCdevkit/VOC2007/JPEGImages/004952.jpg,0,"('', 'car')","('car', 'train')","('car', '')","('', 'train')",negative
4345,data/voc2007/VOCdevkit/VOC2007/JPEGImages/008935.jpg,0,"('', 'person')","('person', 'cat')","('person', '')","('', 'cat')",negative
4346,data/voc2007/VOCdevkit/VOC2007/JPEGImages/008547.jpg,0,"('', 'person')","('person', 'pottedplant')","('person', '')","('', 'pottedplant')",negative
4347,data/voc2007/VOCdevkit/VOC2007/JPEGImages/007392.jpg,0,"('person and horse', '')","('chair', 'person')","('chair', '')","('', 'person')",positive
4348,data/voc2007/VOCdevkit/VOC2007/JPEGImages/003959.jpg,0,"('person', 'chair')","('chair', 'person')","('chair', '')","('', 'person')",hybrid
4349,data/voc2007/VOCdevkit/VOC2007/JPEGImages/008681.jpg,0,"('person', 'car')","('car', 'person')","('car', '')","('', 'person')",hybrid
4350,data/voc2007/VOCdevkit/VOC2007/JPEGImages/008126.jpg,0,"('person', 'chair')","('chair', 'person')","('chair', '')","('', 'person')",hybrid
4351,data/voc2007/VOCdevkit/VOC2007/JPEGImages/009766.jpg,0,"('person', 'car')","('car', 'person')","('car', '')","('', 'person')",hybrid
4352,data/voc2007/VOCdevkit/VOC2007/JPEGImages/006614.jpg,0,"('', 'car')","('car', 'person')","('car', '')","('', 'person')",negative
4353,data/voc2007/VOCdevkit/VOC2007/JPEGImages/007722.jpg,0,"('chair', 'sofa')","('sofa', 'chair')","('sofa', '')","('', 'chair')",hybrid
4354,data/voc2007/VOCdevkit/VOC2007/JPEGImages/007085.jpg,0,"('', 'bus')","('bus', 'car')","('bus', '')","('', 'car')",negative
4355,data/voc2007/VOCdevkit/VOC2007/JPEGImages/009010.jpg,0,"('chair and tvmonitor', '')","('diningtable', 'chair')","('diningtable', '')","('', 'chair')",positive
4356,data/voc2007/VOCdevkit/VOC2007/JPEGImages/008650.jpg,0,"('', 'chair')","('chair', 'sofa')","('chair', '')","('', 'sofa')",negative
4357,data/voc2007/VOCdevkit/VOC2007/JPEGImages/004637.jpg,0,"('person and bicycle', '')","('car', 'person')","('car', '')","('', 'person')",positive
4358,data/voc2007/VOCdevkit/VOC2007/JPEGImages/001169.jpg,0,"('diningtable', 'sofa')","('sofa', 'diningtable')","('sofa', '')","('', 'diningtable')",hybrid
4359,data/voc2007/VOCdevkit/VOC2007/JPEGImages/007896.jpg,0,"('', 'car')","('car', 'chair')","('car', '')","('', 'chair')",negative
4360,data/voc2007/VOCdevkit/VOC2007/JPEGImages/008231.jpg,0,"('car and person', '')","('horse', 'car')","('horse', '')","('', 'car')",positive
4361,data/voc2007/VOCdevkit/VOC2007/JPEGImages/001508.jpg,0,"('', 'person')","('person', 'bird')","('person', '')","('', 'bird')",negative
4362,data/voc2007/VOCdevkit/VOC2007/JPEGImages/000348.jpg,0,"('person', 'chair')","('chair', 'person')","('chair', '')","('', 'person')",hybrid
4363,data/voc2007/VOCdevkit/VOC2007/JPEGImages/009803.jpg,0,"('person', 'car')","('car', 'person')","('car', '')","('', 'person')",hybrid
4364,data/voc2007/VOCdevkit/VOC2007/JPEGImages/009471.jpg,0,"('sofa', 'chair')","('chair', 'sofa')","('chair', '')","('', 'sofa')",hybrid
4365,data/voc2007/VOCdevkit/VOC2007/JPEGImages/005688.jpg,0,"('cat', 'tvmonitor')","('tvmonitor', 'cat')","('tvmonitor', '')","('', 'cat')",hybrid
4366,data/voc2007/VOCdevkit/VOC2007/JPEGImages/008708.jpg,0,"('car', 'chair')","('chair', 'car')","('chair', '')","('', 'car')",hybrid
4367,data/voc2007/VOCdevkit/VOC2007/JPEGImages/001031.jpg,0,"('', 'car')","('car', 'motorbike')","('car', '')","('', 'motorbike')",negative
4368,data/voc2007/VOCdevkit/VOC2007/JPEGImages/001796.jpg,0,"('motorbike', 'car')","('car', 'motorbike')","('car', '')","('', 'motorbike')",hybrid
4369,data/voc2007/VOCdevkit/VOC2007/JPEGImages/003764.jpg,0,"('person', 'car')","('car', 'person')","('car', '')","('', 'person')",hybrid
4370,data/voc2007/VOCdevkit/VOC2007/JPEGImages/008369.jpg,0,"('person and boat', '')","('car', 'person')","('car', '')","('', 'person')",positive
4371,data/voc2007/VOCdevkit/VOC2007/JPEGImages/001822.jpg,0,"('', 'car')","('car', 'boat')","('car', '')","('', 'boat')",negative
4372,data/voc2007/VOCdevkit/VOC2007/JPEGImages/009529.jpg,0,"('diningtable', 'car')","('car', 'diningtable')","('car', '')","('', 'diningtable')",hybrid
4373,data/voc2007/VOCdevkit/VOC2007/JPEGImages/003305.jpg,0,"('person', 'car')","('car', 'person')","('car', '')","('', 'person')",hybrid
4374,data/voc2007/VOCdevkit/VOC2007/JPEGImages/003801.jpg,0,"('', 'chair')","('chair', 'tvmonitor')","('chair', '')","('', 'tvmonitor')",negative
4375,data/voc2007/VOCdevkit/VOC2007/JPEGImages/003473.jpg,0,"('', 'car')","('car', 'horse')","('car', '')","('', 'horse')",negative
4376,data/voc2007/VOCdevkit/VOC2007/JPEGImages/000566.jpg,0,"('', 'car')","('car', 'person')","('car', '')","('', 'person')",negative
4377,data/voc2007/VOCdevkit/VOC2007/JPEGImages/000914.jpg,0,"('', 'person')","('person', 'boat')","('person', '')","('', 'boat')",negative
4378,data/voc2007/VOCdevkit/VOC2007/JPEGImages/005238.jpg,0,"('', 'person')","('person', 'aeroplane')","('person', '')","('', 'aeroplane')",negative
4379,data/voc2007/VOCdevkit/VOC2007/JPEGImages/004478.jpg,0,"('', 'horse')","('horse', 'car')","('horse', '')","('', 'car')",negative
4380,data/voc2007/VOCdevkit/VOC2007/JPEGImages/003012.jpg,0,"('person and boat', '')","('chair', 'person')","('chair', '')","('', 'person')",positive
4381,data/voc2007/VOCdevkit/VOC2007/JPEGImages/002652.jpg,0,"('', 'chair')","('chair', 'person')","('chair', '')","('', 'person')",negative
4382,data/voc2007/VOCdevkit/VOC2007/JPEGImages/009199.jpg,0,"('', 'sofa')","('sofa', 'dog')","('sofa', '')","('', 'dog')",negative
4383,data/voc2007/VOCdevkit/VOC2007/JPEGImages/005659.jpg,0,"('', 'car')","('car', 'train')","('car', '')","('', 'train')",negative
4384,data/voc2007/VOCdevkit/VOC2007/JPEGImages/002317.jpg,0,"('', 'chair')","('chair', 'person')","('chair', '')","('', 'person')",negative
4385,data/voc2007/VOCdevkit/VOC2007/JPEGImages/003557.jpg,0,"('person', 'chair')","('chair', 'person')","('chair', '')","('', 'person')",hybrid
4386,data/voc2007/VOCdevkit/VOC2007/JPEGImages/003925.jpg,0,"('', 'tvmonitor')","('tvmonitor', 'cat')","('tvmonitor', '')","('', 'cat')",negative
4387,data/voc2007/VOCdevkit/VOC2007/JPEGImages/000442.jpg,0,"('cat', 'tvmonitor')","('tvmonitor', 'cat')","('tvmonitor', '')","('', 'cat')",hybrid
4388,data/voc2007/VOCdevkit/VOC2007/JPEGImages/001202.jpg,0,"('', 'sofa')","('sofa', 'dog')","('sofa', '')","('', 'dog')",negative
4389,data/voc2007/VOCdevkit/VOC2007/JPEGImages/008949.jpg,0,"('tvmonitor', 'person')","('person', 'tvmonitor')","('person', '')","('', 'tvmonitor')",hybrid
4390,data/voc2007/VOCdevkit/VOC2007/JPEGImages/003136.jpg,0,"('', 'chair')","('chair', 'tvmonitor')","('chair', '')","('', 'tvmonitor')",negative
4391,data/voc2007/VOCdevkit/VOC2007/JPEGImages/007028.jpg,0,"('person', 'chair')","('chair', 'person')","('chair', '')","('', 'person')",hybrid
4392,data/voc2007/VOCdevkit/VOC2007/JPEGImages/001663.jpg,0,"('cat', 'tvmonitor')","('tvmonitor', 'cat')","('tvmonitor', '')","('', 'cat')",hybrid
4393,data/voc2007/VOCdevkit/VOC2007/JPEGImages/000784.jpg,0,"('', 'chair')","('chair', 'pottedplant')","('chair', '')","('', 'pottedplant')",negative
4394,data/voc2007/VOCdevkit/VOC2007/JPEGImages/001115.jpg,0,"('train', 'car')","('car', 'train')","('car', '')","('', 'train')",hybrid
4395,data/voc2007/VOCdevkit/VOC2007/JPEGImages/008998.jpg,0,"('boat', 'person')","('person', 'boat')","('person', '')","('', 'boat')",hybrid
4396,data/voc2007/VOCdevkit/VOC2007/JPEGImages/001574.jpg,0,"('', 'person')","('person', 'horse')","('person', '')","('', 'horse')",negative
4397,data/voc2007/VOCdevkit/VOC2007/JPEGImages/000493.jpg,0,"('person', 'chair')","('chair', 'person')","('chair', '')","('', 'person')",hybrid
4398,data/voc2007/VOCdevkit/VOC2007/JPEGImages/003221.jpg,0,"('sofa', 'person')","('person', 'sofa')","('person', '')","('', 'sofa')",hybrid
4399,data/voc2007/VOCdevkit/VOC2007/JPEGImages/002813.jpg,0,"('', 'diningtable')","('diningtable', 'person')","('diningtable', '')","('', 'person')",negative
4400,data/voc2007/VOCdevkit/VOC2007/JPEGImages/003718.jpg,0,"('', 'bus')","('bus', 'car')","('bus', '')","('', 'car')",negative
4401,data/voc2007/VOCdevkit/VOC2007/JPEGImages/009134.jpg,0,"('train', 'bus')","('bus', 'train')","('bus', '')","('', 'train')",hybrid
4402,data/voc2007/VOCdevkit/VOC2007/JPEGImages/008774.jpg,0,"('person', 'car')","('car', 'person')","('car', '')","('', 'person')",hybrid
4403,data/voc2007/VOCdevkit/VOC2007/JPEGImages/004713.jpg,0,"('person', 'car')","('car', 'person')","('car', '')","('', 'person')",hybrid
4404,data/voc2007/VOCdevkit/VOC2007/JPEGImages/006380.jpg,0,"('diningtable', 'chair')","('chair', 'diningtable')","('chair', '')","('', 'diningtable')",hybrid
4405,data/voc2007/VOCdevkit/VOC2007/JPEGImages/007267.jpg,0,"('aeroplane and person', '')","('horse', 'aeroplane')","('horse', '')","('', 'aeroplane')",positive
4406,data/voc2007/VOCdevkit/VOC2007/JPEGImages/005295.jpg,0,"('', 'car')","('car', 'chair')","('car', '')","('', 'chair')",negative
4407,data/voc2007/VOCdevkit/VOC2007/JPEGImages/005532.jpg,0,"('', 'boat')","('boat', 'bird')","('boat', '')","('', 'bird')",negative
4408,data/voc2007/VOCdevkit/VOC2007/JPEGImages/009555.jpg,0,"('bus', 'person')","('person', 'bus')","('person', '')","('', 'bus')",hybrid
4409,data/voc2007/VOCdevkit/VOC2007/JPEGImages/009927.jpg,0,"('car', 'bus')","('bus', 'car')","('bus', '')","('', 'car')",hybrid
4410,data/voc2007/VOCdevkit/VOC2007/JPEGImages/009223.jpg,0,"('', 'car')","('car', 'cow')","('car', '')","('', 'cow')",negative
4411,data/voc2007/VOCdevkit/VOC2007/JPEGImages/000968.jpg,0,"('aeroplane', 'person')","('person', 'aeroplane')","('person', '')","('', 'aeroplane')",hybrid
4412,data/voc2007/VOCdevkit/VOC2007/JPEGImages/008463.jpg,0,"('person', 'chair')","('chair', 'person')","('chair', '')","('', 'person')",hybrid
4413,data/voc2007/VOCdevkit/VOC2007/JPEGImages/004065.jpg,0,"('', 'car')","('car', 'bus')","('car', '')","('', 'bus')",negative
4414,data/voc2007/VOCdevkit/VOC2007/JPEGImages/009642.jpg,0,"('', 'person')","('person', 'bird')","('person', '')","('', 'bird')",negative
4415,data/voc2007/VOCdevkit/VOC2007/JPEGImages/005182.jpg,0,"('person and horse', '')","('car', 'person')","('car', '')","('', 'person')",positive
4416,data/voc2007/VOCdevkit/VOC2007/JPEGImages/007170.jpg,0,"('', 'car')","('car', 'sofa')","('car', '')","('', 'sofa')",negative
4417,data/voc2007/VOCdevkit/VOC2007/JPEGImages/002189.jpg,0,"('person and diningtable', '')","('sofa', 'person')","('sofa', '')","('', 'person')",positive
4418,data/voc2007/VOCdevkit/VOC2007/JPEGImages/000905.jpg,0,"('chair', 'person')","('person', 'chair')","('person', '')","('', 'chair')",hybrid
4419,data/voc2007/VOCdevkit/VOC2007/JPEGImages/004469.jpg,0,"('', 'car')","('car', 'bottle')","('car', '')","('', 'bottle')",negative
4420,data/voc2007/VOCdevkit/VOC2007/JPEGImages/002222.jpg,0,"('', 'tvmonitor')","('tvmonitor', 'cat')","('tvmonitor', '')","('', 'cat')",negative
4421,data/voc2007/VOCdevkit/VOC2007/JPEGImages/003810.jpg,0,"('motorbike and car', '')","('horse', 'motorbike')","('horse', '')","('', 'motorbike')",positive
4422,data/voc2007/VOCdevkit/VOC2007/JPEGImages/000116.jpg,0,"('chair', 'diningtable')","('diningtable', 'chair')","('diningtable', '')","('', 'chair')",hybrid
4423,data/voc2007/VOCdevkit/VOC2007/JPEGImages/009188.jpg,0,"('bus', 'car')","('car', 'bus')","('car', '')","('', 'bus')",hybrid
4424,data/voc2007/VOCdevkit/VOC2007/JPEGImages/002692.jpg,0,"('', 'chair')","('chair', 'person')","('chair', '')","('', 'person')",negative
4425,data/voc2007/VOCdevkit/VOC2007/JPEGImages/003775.jpg,0,"('chair', 'diningtable')","('diningtable', 'chair')","('diningtable', '')","('', 'chair')",hybrid
4426,data/voc2007/VOCdevkit/VOC2007/JPEGImages/008719.jpg,0,"('diningtable and person', '')","('chair', 'diningtable')","('chair', '')","('', 'diningtable')",positive
4427,data/voc2007/VOCdevkit/VOC2007/JPEGImages/001020.jpg,0,"('person', 'car')","('car', 'person')","('car', '')","('', 'person')",hybrid
4428,data/voc2007/VOCdevkit/VOC2007/JPEGImages/003314.jpg,0,"('', 'diningtable')","('diningtable', 'chair')","('diningtable', '')","('', 'chair')",negative
4429,data/voc2007/VOCdevkit/VOC2007/JPEGImages/002926.jpg,0,"('', 'person')","('person', 'cat')","('person', '')","('', 'cat')",negative
4430,data/voc2007/VOCdevkit/VOC2007/JPEGImages/008378.jpg,0,"('car', 'person')","('person', 'car')","('person', '')","('', 'car')",hybrid
4431,data/voc2007/VOCdevkit/VOC2007/JPEGImages/000201.jpg,0,"('motorbike', 'car')","('car', 'motorbike')","('car', '')","('', 'motorbike')",hybrid
4432,data/voc2007/VOCdevkit/VOC2007/JPEGImages/009538.jpg,0,"('boat', 'person')","('person', 'boat')","('person', '')","('', 'boat')",hybrid
4433,data/voc2007/VOCdevkit/VOC2007/JPEGImages/005066.jpg,0,"('bus', 'person')","('person', 'bus')","('person', '')","('', 'bus')",hybrid
4434,data/voc2007/VOCdevkit/VOC2007/JPEGImages/009001.jpg,0,"('', 'car')","('car', 'boat')","('car', '')","('', 'boat')",negative
4435,data/voc2007/VOCdevkit/VOC2007/JPEGImages/004181.jpg,0,"('cow', 'person')","('person', 'cow')","('person', '')","('', 'cow')",hybrid
4436,data/voc2007/VOCdevkit/VOC2007/JPEGImages/008641.jpg,0,"('person', 'car')","('car', 'person')","('car', '')","('', 'person')",hybrid
4437,data/voc2007/VOCdevkit/VOC2007/JPEGImages/001178.jpg,0,"('', 'car')","('car', 'train')","('car', '')","('', 'train')",negative
4438,data/voc2007/VOCdevkit/VOC2007/JPEGImages/007094.jpg,0,"('', 'chair')","('chair', 'sofa')","('chair', '')","('', 'sofa')",negative
4439,data/voc2007/VOCdevkit/VOC2007/JPEGImages/007733.jpg,0,"('', 'tvmonitor')","('tvmonitor', 'cat')","('tvmonitor', '')","('', 'cat')",negative
4440,data/voc2007/VOCdevkit/VOC2007/JPEGImages/006173.jpg,0,"('', 'car')","('car', 'cow')","('car', '')","('', 'cow')",negative
4441,data/voc2007/VOCdevkit/VOC2007/JPEGImages/001519.jpg,0,"('sofa', 'person')","('person', 'sofa')","('person', '')","('', 'sofa')",hybrid
4442,data/voc2007/VOCdevkit/VOC2007/JPEGImages/009812.jpg,0,"('person', 'car')","('car', 'person')","('car', '')","('', 'person')",hybrid
4443,data/voc2007/VOCdevkit/VOC2007/JPEGImages/003999.jpg,0,"('', 'car')","('car', 'bicycle')","('car', '')","('', 'bicycle')",negative
4444,data/voc2007/VOCdevkit/VOC2007/JPEGImages/006960.jpg,0,"('', 'tvmonitor')","('tvmonitor', 'cat')","('tvmonitor', '')","('', 'cat')",negative
4445,data/voc2007/VOCdevkit/VOC2007/JPEGImages/007887.jpg,0,"('person', 'chair')","('chair', 'person')","('chair', '')","('', 'person')",hybrid
4446,data/voc2007/VOCdevkit/VOC2007/JPEGImages/007352.jpg,0,"('', 'chair')","('chair', 'person')","('chair', '')","('', 'person')",negative
4447,data/voc2007/VOCdevkit/VOC2007/JPEGImages/000388.jpg,0,"('person', 'chair')","('chair', 'person')","('chair', '')","('', 'person')",hybrid
4448,data/voc2007/VOCdevkit/VOC2007/JPEGImages/004531.jpg,0,"('bird', 'person')","('person', 'bird')","('person', '')","('', 'bird')",hybrid
4449,data/voc2007/VOCdevkit/VOC2007/JPEGImages/008924.jpg,0,"('', 'tvmonitor')","('tvmonitor', 'cat')","('tvmonitor', '')","('', 'cat')",negative
4450,data/voc2007/VOCdevkit/VOC2007/JPEGImages/009777.jpg,0,"('', 'bus')","('bus', 'car')","('bus', '')","('', 'car')",negative
4451,data/voc2007/VOCdevkit/VOC2007/JPEGImages/007972.jpg,0,"('horse', 'car')","('car', 'horse')","('car', '')","('', 'horse')",hybrid
4452,data/voc2007/VOCdevkit/VOC2007/JPEGImages/007500.jpg,0,"('person and bottle', '')","('chair', 'person')","('chair', '')","('', 'person')",positive
4453,data/voc2007/VOCdevkit/VOC2007/JPEGImages/006895.jpg,0,"('chair', 'person')","('person', 'chair')","('person', '')","('', 'chair')",hybrid
4454,data/voc2007/VOCdevkit/VOC2007/JPEGImages/006340.jpg,0,"('person and car', '')","('horse', 'person')","('horse', '')","('', 'person')",positive
4455,data/voc2007/VOCdevkit/VOC2007/JPEGImages/009595.jpg,0,"('', 'diningtable')","('diningtable', 'chair')","('diningtable', '')","('', 'chair')",negative
4456,data/voc2007/VOCdevkit/VOC2007/JPEGImages/009232.jpg,0,"('bird', 'boat')","('boat', 'bird')","('boat', '')","('', 'bird')",hybrid
4457,data/voc2007/VOCdevkit/VOC2007/JPEGImages/000979.jpg,0,"('', 'car')","('car', 'person')","('car', '')","('', 'person')",negative
4458,data/voc2007/VOCdevkit/VOC2007/JPEGImages/005255.jpg,0,"('', 'chair')","('chair', 'tvmonitor')","('chair', '')","('', 'tvmonitor')",negative
4459,data/voc2007/VOCdevkit/VOC2007/JPEGImages/004415.jpg,0,"('', 'boat')","('boat', 'bird')","('boat', '')","('', 'bird')",negative
4460,data/voc2007/VOCdevkit/VOC2007/JPEGImages/008800.jpg,0,"('', 'person')","('person', 'car')","('person', '')","('', 'car')",negative
4461,data/voc2007/VOCdevkit/VOC2007/JPEGImages/006086.jpg,0,"('chair', 'sofa')","('sofa', 'chair')","('sofa', '')","('', 'chair')",hybrid
4462,data/voc2007/VOCdevkit/VOC2007/JPEGImages/006721.jpg,0,"('chair', 'sofa')","('sofa', 'chair')","('sofa', '')","('', 'chair')",hybrid
4463,data/voc2007/VOCdevkit/VOC2007/JPEGImages/002198.jpg,0,"('', 'person')","('person', 'aeroplane')","('person', '')","('', 'aeroplane')",negative
4464,data/voc2007/VOCdevkit/VOC2007/JPEGImages/007161.jpg,0,"('person', 'car')","('car', 'person')","('car', '')","('', 'person')",hybrid
4465,data/voc2007/VOCdevkit/VOC2007/JPEGImages/004074.jpg,0,"('person', 'chair')","('chair', 'person')","('chair', '')","('', 'person')",hybrid
4466,data/voc2007/VOCdevkit/VOC2007/JPEGImages/008013.jpg,0,"('person', 'chair')","('chair', 'person')","('chair', '')","('', 'person')",hybrid
4467,data/voc2007/VOCdevkit/VOC2007/JPEGImages/005193.jpg,0,"('dog', 'person')","('person', 'dog')","('person', '')","('', 'dog')",hybrid
4468,data/voc2007/VOCdevkit/VOC2007/JPEGImages/009653.jpg,0,"('person', 'chair')","('chair', 'person')","('chair', '')","('', 'person')",hybrid
4469,data/voc2007/VOCdevkit/VOC2007/JPEGImages/005634.jpg,0,"('person', 'car')","('car', 'person')","('car', '')","('', 'person')",hybrid
4470,data/voc2007/VOCdevkit/VOC2007/JPEGImages/005142.jpg,0,"('', 'person')","('person', 'car')","('person', '')","('', 'car')",negative
4471,data/voc2007/VOCdevkit/VOC2007/JPEGImages/009125.jpg,0,"('', 'chair')","('chair', 'car')","('chair', '')","('', 'car')",negative
4472,data/voc2007/VOCdevkit/VOC2007/JPEGImages/009682.jpg,0,"('train', 'person')","('person', 'train')","('person', '')","('', 'train')",hybrid
4473,data/voc2007/VOCdevkit/VOC2007/JPEGImages/008765.jpg,0,"('', 'chair')","('chair', 'bicycle')","('chair', '')","('', 'bicycle')",negative
4474,data/voc2007/VOCdevkit/VOC2007/JPEGImages/002149.jpg,0,"('car', 'horse')","('horse', 'car')","('horse', '')","('', 'car')",hybrid
4475,data/voc2007/VOCdevkit/VOC2007/JPEGImages/007617.jpg,0,"('car', 'person')","('person', 'car')","('person', '')","('', 'car')",hybrid
4476,data/voc2007/VOCdevkit/VOC2007/JPEGImages/006057.jpg,0,"('', 'sofa')","('sofa', 'chair')","('sofa', '')","('', 'chair')",negative
4477,data/voc2007/VOCdevkit/VOC2007/JPEGImages/008304.jpg,0,"('cow', 'car')","('car', 'cow')","('car', '')","('', 'cow')",hybrid
4478,data/voc2007/VOCdevkit/VOC2007/JPEGImages/004363.jpg,0,"('', 'diningtable')","('diningtable', 'chair')","('diningtable', '')","('', 'chair')",negative
4479,data/voc2007/VOCdevkit/VOC2007/JPEGImages/005523.jpg,0,"('person and car', '')","('chair', 'person')","('chair', '')","('', 'person')",positive
4480,data/voc2007/VOCdevkit/VOC2007/JPEGImages/009936.jpg,0,"('bus', 'car')","('car', 'bus')","('car', '')","('', 'bus')",hybrid
4481,data/voc2007/VOCdevkit/VOC2007/JPEGImages/009544.jpg,0,"('cat', 'person')","('person', 'cat')","('person', '')","('', 'cat')",hybrid
4482,data/voc2007/VOCdevkit/VOC2007/JPEGImages/005284.jpg,0,"('', 'person')","('person', 'pottedplant')","('person', '')","('', 'pottedplant')",negative
4483,data/voc2007/VOCdevkit/VOC2007/JPEGImages/003368.jpg,0,"('person', 'chair')","('chair', 'person')","('chair', '')","('', 'person')",hybrid
4484,data/voc2007/VOCdevkit/VOC2007/JPEGImages/002528.jpg,0,"('', 'car')","('car', 'person')","('car', '')","('', 'person')",negative
4485,data/voc2007/VOCdevkit/VOC2007/JPEGImages/000744.jpg,0,"('', 'car')","('car', 'person')","('car', '')","('', 'person')",negative
4486,data/voc2007/VOCdevkit/VOC2007/JPEGImages/003230.jpg,0,"('', 'car')","('car', 'aeroplane')","('car', '')","('', 'aeroplane')",negative
4487,data/voc2007/VOCdevkit/VOC2007/JPEGImages/002802.jpg,0,"('', 'dog')","('dog', 'sheep')","('dog', '')","('', 'sheep')",negative
4488,data/voc2007/VOCdevkit/VOC2007/JPEGImages/001917.jpg,0,"('', 'person')","('person', 'cow')","('person', '')","('', 'cow')",negative
4489,data/voc2007/VOCdevkit/VOC2007/JPEGImages/005809.jpg,0,"('person and car', '')","('horse', 'person')","('horse', '')","('', 'person')",positive
4490,data/voc2007/VOCdevkit/VOC2007/JPEGImages/000453.jpg,0,"('car', 'chair')","('chair', 'car')","('chair', '')","('', 'car')",hybrid
4491,data/voc2007/VOCdevkit/VOC2007/JPEGImages/000821.jpg,0,"('', 'boat')","('boat', 'bird')","('boat', '')","('', 'bird')",negative
4492,data/voc2007/VOCdevkit/VOC2007/JPEGImages/001213.jpg,0,"('bicycle', 'car')","('car', 'bicycle')","('car', '')","('', 'bicycle')",hybrid
4493,data/voc2007/VOCdevkit/VOC2007/JPEGImages/003934.jpg,0,"('pottedplant', 'person')","('person', 'pottedplant')","('person', '')","('', 'pottedplant')",hybrid
4494,data/voc2007/VOCdevkit/VOC2007/JPEGImages/001672.jpg,0,"('train', 'person')","('person', 'train')","('person', '')","('', 'train')",hybrid
4495,data/voc2007/VOCdevkit/VOC2007/JPEGImages/000795.jpg,0,"('train', 'car')","('car', 'train')","('car', '')","('', 'train')",hybrid
4496,data/voc2007/VOCdevkit/VOC2007/JPEGImages/003680.jpg,0,"('horse', 'car')","('car', 'horse')","('car', '')","('', 'horse')",hybrid
4497,data/voc2007/VOCdevkit/VOC2007/JPEGImages/006347.jpg,0,"('aeroplane', 'person')","('person', 'aeroplane')","('person', '')","('', 'aeroplane')",hybrid
4498,data/voc2007/VOCdevkit/VOC2007/JPEGImages/007507.jpg,0,"('car', 'bus')","('bus', 'car')","('bus', '')","('', 'car')",hybrid
4499,data/voc2007/VOCdevkit/VOC2007/JPEGImages/007975.jpg,0,"('', 'car')","('car', 'person')","('car', '')","('', 'person')",negative
4500,data/voc2007/VOCdevkit/VOC2007/JPEGImages/004860.jpg,0,"('car', 'person')","('person', 'car')","('person', '')","('', 'car')",hybrid
4501,data/voc2007/VOCdevkit/VOC2007/JPEGImages/004412.jpg,0,"('person', 'chair')","('chair', 'person')","('chair', '')","('', 'person')",hybrid
4502,data/voc2007/VOCdevkit/VOC2007/JPEGImages/008807.jpg,0,"('person', 'chair')","('chair', 'person')","('chair', '')","('', 'person')",hybrid
4503,data/voc2007/VOCdevkit/VOC2007/JPEGImages/009235.jpg,0,"('', 'person')","('person', 'dog')","('person', '')","('', 'dog')",negative
4504,data/voc2007/VOCdevkit/VOC2007/JPEGImages/005252.jpg,0,"('', 'car')","('car', 'person')","('car', '')","('', 'person')",negative
4505,data/voc2007/VOCdevkit/VOC2007/JPEGImages/009592.jpg,0,"('sofa and dog', '')","('person', 'sofa')","('person', '')","('', 'sofa')",positive
4506,data/voc2007/VOCdevkit/VOC2007/JPEGImages/005987.jpg,0,"('', 'person')","('person', 'car')","('person', '')","('', 'car')",negative
4507,data/voc2007/VOCdevkit/VOC2007/JPEGImages/002638.jpg,0,"('tvmonitor', 'diningtable')","('diningtable', 'tvmonitor')","('diningtable', '')","('', 'tvmonitor')",hybrid
4508,data/voc2007/VOCdevkit/VOC2007/JPEGImages/006081.jpg,0,"('diningtable and chair', '')","('person', 'diningtable')","('person', '')","('', 'diningtable')",positive
4509,data/voc2007/VOCdevkit/VOC2007/JPEGImages/005633.jpg,0,"('aeroplane', 'car')","('car', 'aeroplane')","('car', '')","('', 'aeroplane')",hybrid
4510,data/voc2007/VOCdevkit/VOC2007/JPEGImages/005194.jpg,0,"('dog', 'sofa')","('sofa', 'dog')","('sofa', '')","('', 'dog')",hybrid
4511,data/voc2007/VOCdevkit/VOC2007/JPEGImages/008014.jpg,0,"('', 'chair')","('chair', 'person')","('chair', '')","('', 'person')",negative
4512,data/voc2007/VOCdevkit/VOC2007/JPEGImages/008762.jpg,0,"('sofa', 'car')","('car', 'sofa')","('car', '')","('', 'sofa')",hybrid
4513,data/voc2007/VOCdevkit/VOC2007/JPEGImages/009122.jpg,0,"('person', 'chair')","('chair', 'person')","('chair', '')","('', 'person')",hybrid
4514,data/voc2007/VOCdevkit/VOC2007/JPEGImages/006050.jpg,0,"('chair', 'diningtable')","('diningtable', 'chair')","('diningtable', '')","('', 'chair')",hybrid
4515,data/voc2007/VOCdevkit/VOC2007/JPEGImages/007610.jpg,0,"('bicycle', 'car')","('car', 'bicycle')","('car', '')","('', 'bicycle')",hybrid
4516,data/voc2007/VOCdevkit/VOC2007/JPEGImages/009931.jpg,0,"('person', 'chair')","('chair', 'person')","('chair', '')","('', 'person')",hybrid
4517,data/voc2007/VOCdevkit/VOC2007/JPEGImages/008303.jpg,0,"('person', 'car')","('car', 'person')","('car', '')","('', 'person')",hybrid
4518,data/voc2007/VOCdevkit/VOC2007/JPEGImages/001848.jpg,0,"('', 'car')","('car', 'aeroplane')","('car', '')","('', 'aeroplane')",negative
4519,data/voc2007/VOCdevkit/VOC2007/JPEGImages/006431.jpg,0,"('', 'car')","('car', 'person')","('car', '')","('', 'person')",negative
4520,data/voc2007/VOCdevkit/VOC2007/JPEGImages/006843.jpg,0,"('', 'chair')","('chair', 'person')","('chair', '')","('', 'person')",negative
4521,data/voc2007/VOCdevkit/VOC2007/JPEGImages/002016.jpg,0,"('dog', 'car')","('car', 'dog')","('car', '')","('', 'dog')",hybrid
4522,data/voc2007/VOCdevkit/VOC2007/JPEGImages/001103.jpg,0,"('', 'car')","('car', 'cow')","('car', '')","('', 'cow')",negative
4523,data/voc2007/VOCdevkit/VOC2007/JPEGImages/000743.jpg,0,"('', 'bus')","('bus', 'train')","('bus', '')","('', 'train')",negative
4524,data/voc2007/VOCdevkit/VOC2007/JPEGImages/002805.jpg,0,"('dog', 'sofa')","('sofa', 'dog')","('sofa', '')","('', 'dog')",hybrid
4525,data/voc2007/VOCdevkit/VOC2007/JPEGImages/003590.jpg,0,"('', 'diningtable')","('diningtable', 'chair')","('diningtable', '')","('', 'chair')",negative
4526,data/voc2007/VOCdevkit/VOC2007/JPEGImages/003590.jpg,0,"('person and bottle', '')","('diningtable', 'person')","('diningtable', '')","('', 'person')",positive
4527,data/voc2007/VOCdevkit/VOC2007/JPEGImages/003237.jpg,0,"('horse', 'chair')","('chair', 'horse')","('chair', '')","('', 'horse')",hybrid
4528,data/voc2007/VOCdevkit/VOC2007/JPEGImages/000485.jpg,0,"('motorbike', 'chair')","('chair', 'motorbike')","('chair', '')","('', 'motorbike')",hybrid
4529,data/voc2007/VOCdevkit/VOC2007/JPEGImages/001910.jpg,0,"('bird', 'person')","('person', 'bird')","('person', '')","('', 'bird')",hybrid
4530,data/voc2007/VOCdevkit/VOC2007/JPEGImages/001562.jpg,0,"('dog', 'person')","('person', 'dog')","('person', '')","('', 'dog')",hybrid
4531,data/voc2007/VOCdevkit/VOC2007/JPEGImages/003541.jpg,0,"('person and chair', '')","('diningtable', 'person')","('diningtable', '')","('', 'person')",positive
4532,data/voc2007/VOCdevkit/VOC2007/JPEGImages/003933.jpg,0,"('dog', 'person')","('person', 'dog')","('person', '')","('', 'dog')",hybrid
4533,data/voc2007/VOCdevkit/VOC2007/JPEGImages/002301.jpg,0,"('person and chair', '')","('car', 'person')","('car', '')","('', 'person')",positive
4534,data/voc2007/VOCdevkit/VOC2007/JPEGImages/000792.jpg,0,"('boat', 'person')","('person', 'boat')","('person', '')","('', 'boat')",hybrid
4535,data/voc2007/VOCdevkit/VOC2007/JPEGImages/003687.jpg,0,"('train', 'person')","('person', 'train')","('person', '')","('', 'train')",hybrid
4536,data/voc2007/VOCdevkit/VOC2007/JPEGImages/005589.jpg,0,"('chair', 'person')","('person', 'chair')","('person', '')","('', 'chair')",hybrid
4537,data/voc2007/VOCdevkit/VOC2007/JPEGImages/000570.jpg,0,"('', 'chair')","('chair', 'motorbike')","('chair', '')","('', 'motorbike')",negative
4538,data/voc2007/VOCdevkit/VOC2007/JPEGImages/002582.jpg,0,"('', 'car')","('car', 'train')","('car', '')","('', 'train')",negative
4539,data/voc2007/VOCdevkit/VOC2007/JPEGImages/002225.jpg,0,"('', 'person')","('person', 'boat')","('person', '')","('', 'boat')",negative
4540,data/voc2007/VOCdevkit/VOC2007/JPEGImages/009628.jpg,0,"('sofa and person', '')","('car', 'sofa')","('car', '')","('', 'sofa')",positive
4541,data/voc2007/VOCdevkit/VOC2007/JPEGImages/000111.jpg,0,"('bicycle and chair', '')","('car', 'bicycle')","('car', '')","('', 'bicycle')",positive
4542,data/voc2007/VOCdevkit/VOC2007/JPEGImages/000111.jpg,0,"('', 'car')","('car', 'bicycle')","('car', '')","('', 'bicycle')",negative
4543,data/voc2007/VOCdevkit/VOC2007/JPEGImages/001751.jpg,0,"('dog', 'person')","('person', 'dog')","('person', '')","('', 'dog')",hybrid
4544,data/voc2007/VOCdevkit/VOC2007/JPEGImages/002644.jpg,0,"('', 'diningtable')","('diningtable', 'chair')","('diningtable', '')","('', 'chair')",negative
4545,data/voc2007/VOCdevkit/VOC2007/JPEGImages/005139.jpg,0,"('', 'car')","('car', 'person')","('car', '')","('', 'person')",negative
4546,data/voc2007/VOCdevkit/VOC2007/JPEGImages/002921.jpg,0,"('', 'car')","('car', 'person')","('car', '')","('', 'person')",negative
4547,data/voc2007/VOCdevkit/VOC2007/JPEGImages/002553.jpg,0,"('horse', 'car')","('car', 'horse')","('car', '')","('', 'horse')",hybrid
4548,data/voc2007/VOCdevkit/VOC2007/JPEGImages/005558.jpg,0,"('', 'chair')","('chair', 'car')","('chair', '')","('', 'car')",negative
4549,data/voc2007/VOCdevkit/VOC2007/JPEGImages/000206.jpg,0,"('person', 'chair')","('chair', 'person')","('chair', '')","('', 'person')",hybrid
4550,data/voc2007/VOCdevkit/VOC2007/JPEGImages/009298.jpg,0,"('', 'person')","('person', 'bus')","('person', '')","('', 'bus')",negative
4551,data/voc2007/VOCdevkit/VOC2007/JPEGImages/001446.jpg,0,"('motorbike', 'chair')","('chair', 'motorbike')","('chair', '')","('', 'motorbike')",hybrid
4552,data/voc2007/VOCdevkit/VOC2007/JPEGImages/008646.jpg,0,"('chair', 'person')","('person', 'chair')","('person', '')","('', 'chair')",hybrid
4553,data/voc2007/VOCdevkit/VOC2007/JPEGImages/004621.jpg,0,"('dog', 'person')","('person', 'dog')","('person', '')","('', 'dog')",hybrid
4554,data/voc2007/VOCdevkit/VOC2007/JPEGImages/000098.jpg,0,"('', 'person')","('person', 'cat')","('person', '')","('', 'cat')",negative
4555,data/voc2007/VOCdevkit/VOC2007/JPEGImages/007734.jpg,0,"('car', 'bus')","('bus', 'car')","('bus', '')","('', 'car')",hybrid
4556,data/voc2007/VOCdevkit/VOC2007/JPEGImages/005400.jpg,0,"('', 'person')","('person', 'dog')","('person', '')","('', 'dog')",negative
4557,data/voc2007/VOCdevkit/VOC2007/JPEGImages/005872.jpg,0,"('', 'person')","('person', 'cat')","('person', '')","('', 'cat')",negative
4558,data/voc2007/VOCdevkit/VOC2007/JPEGImages/009815.jpg,0,"('diningtable and chair', '')","('sofa', 'diningtable')","('sofa', '')","('', 'diningtable')",positive
4559,data/voc2007/VOCdevkit/VOC2007/JPEGImages/009467.jpg,0,"('bird', 'boat')","('boat', 'bird')","('boat', '')","('', 'bird')",hybrid
4560,data/voc2007/VOCdevkit/VOC2007/JPEGImages/008227.jpg,0,"('motorbike', 'person')","('person', 'motorbike')","('person', '')","('', 'motorbike')",hybrid
4561,data/voc2007/VOCdevkit/VOC2007/JPEGImages/004240.jpg,0,"('car', 'bus')","('bus', 'car')","('bus', '')","('', 'car')",hybrid
4562,data/voc2007/VOCdevkit/VOC2007/JPEGImages/008580.jpg,0,"('', 'car')","('car', 'train')","('car', '')","('', 'train')",negative
4563,data/voc2007/VOCdevkit/VOC2007/JPEGImages/007355.jpg,0,"('person and motorbike', '')","('chair', 'person')","('chair', '')","('', 'person')",positive
4564,data/voc2007/VOCdevkit/VOC2007/JPEGImages/007880.jpg,0,"('', 'tvmonitor')","('tvmonitor', 'cat')","('tvmonitor', '')","('', 'cat')",negative
4565,data/voc2007/VOCdevkit/VOC2007/JPEGImages/006967.jpg,0,"('', 'boat')","('boat', 'bird')","('boat', '')","('', 'bird')",negative
4566,data/voc2007/VOCdevkit/VOC2007/JPEGImages/006263.jpg,0,"('aeroplane', 'car')","('car', 'aeroplane')","('car', '')","('', 'aeroplane')",hybrid
4567,data/voc2007/VOCdevkit/VOC2007/JPEGImages/007384.jpg,0,"('chair and dog', '')","('diningtable', 'chair')","('diningtable', '')","('', 'chair')",positive
4568,data/voc2007/VOCdevkit/VOC2007/JPEGImages/007851.jpg,0,"('', 'car')","('car', 'cow')","('car', '')","('', 'cow')",negative
4569,data/voc2007/VOCdevkit/VOC2007/JPEGImages/007423.jpg,0,"('car and person', '')","('chair', 'car')","('chair', '')","('', 'car')",positive
4570,data/voc2007/VOCdevkit/VOC2007/JPEGImages/004536.jpg,0,"('', 'car')","('car', 'person')","('car', '')","('', 'person')",negative
4571,data/voc2007/VOCdevkit/VOC2007/JPEGImages/004944.jpg,0,"('person', 'car')","('car', 'person')","('car', '')","('', 'person')",hybrid
4572,data/voc2007/VOCdevkit/VOC2007/JPEGImages/008551.jpg,0,"('person', 'car')","('car', 'person')","('car', '')","('', 'person')",hybrid
4573,data/voc2007/VOCdevkit/VOC2007/JPEGImages/009311.jpg,0,"('chair', 'diningtable')","('diningtable', 'chair')","('diningtable', '')","('', 'chair')",hybrid
4574,data/voc2007/VOCdevkit/VOC2007/JPEGImages/005376.jpg,0,"('aeroplane', 'car')","('car', 'aeroplane')","('car', '')","('', 'aeroplane')",hybrid
4575,data/voc2007/VOCdevkit/VOC2007/JPEGImages/009770.jpg,0,"('', 'bus')","('bus', 'car')","('bus', '')","('', 'car')",negative
4576,data/voc2007/VOCdevkit/VOC2007/JPEGImages/005717.jpg,0,"('diningtable and person', '')","('horse', 'diningtable')","('horse', '')","('', 'diningtable')",positive
4577,data/voc2007/VOCdevkit/VOC2007/JPEGImages/000049.jpg,0,"('cat', 'person')","('person', 'cat')","('person', '')","('', 'cat')",hybrid
4578,data/voc2007/VOCdevkit/VOC2007/JPEGImages/008697.jpg,0,"('', 'chair')","('chair', 'bottle')","('chair', '')","('', 'bottle')",negative
4579,data/voc2007/VOCdevkit/VOC2007/JPEGImages/001609.jpg,0,"('chair and diningtable', '')","('sofa', 'chair')","('sofa', '')","('', 'chair')",positive
4580,data/voc2007/VOCdevkit/VOC2007/JPEGImages/004157.jpg,0,"('dog', 'person')","('person', 'dog')","('person', '')","('', 'dog')",hybrid
4581,data/voc2007/VOCdevkit/VOC2007/JPEGImages/000502.jpg,0,"('person', 'car')","('car', 'person')","('car', '')","('', 'person')",hybrid
4582,data/voc2007/VOCdevkit/VOC2007/JPEGImages/000970.jpg,0,"('', 'person')","('person', 'train')","('person', '')","('', 'train')",negative
4583,data/voc2007/VOCdevkit/VOC2007/JPEGImages/001342.jpg,0,"('person and boat', '')","('car', 'person')","('car', '')","('', 'person')",positive
4584,data/voc2007/VOCdevkit/VOC2007/JPEGImages/001897.jpg,0,"('bus', 'car')","('car', 'bus')","('car', '')","('', 'bus')",hybrid
4585,data/voc2007/VOCdevkit/VOC2007/JPEGImages/007509.jpg,0,"('horse and person', '')","('car', 'horse')","('car', '')","('', 'horse')",positive
4586,data/voc2007/VOCdevkit/VOC2007/JPEGImages/002982.jpg,0,"('', 'car')","('car', 'person')","('car', '')","('', 'person')",negative
4587,data/voc2007/VOCdevkit/VOC2007/JPEGImages/003076.jpg,0,"('', 'person')","('person', 'bottle')","('person', '')","('', 'bottle')",negative
4588,data/voc2007/VOCdevkit/VOC2007/JPEGImages/006728.jpg,0,"('horse', 'person')","('person', 'horse')","('person', '')","('', 'horse')",hybrid
4589,data/voc2007/VOCdevkit/VOC2007/JPEGImages/000615.jpg,0,"('person', 'car')","('car', 'person')","('car', '')","('', 'person')",hybrid
4590,data/voc2007/VOCdevkit/VOC2007/JPEGImages/001055.jpg,0,"('person', 'diningtable')","('diningtable', 'person')","('diningtable', '')","('', 'person')",hybrid
4591,data/voc2007/VOCdevkit/VOC2007/JPEGImages/003361.jpg,0,"('', 'sofa')","('sofa', 'dog')","('sofa', '')","('', 'dog')",negative
4592,data/voc2007/VOCdevkit/VOC2007/JPEGImages/002286.jpg,0,"('dog', 'person')","('person', 'dog')","('person', '')","('', 'dog')",hybrid
4593,data/voc2007/VOCdevkit/VOC2007/JPEGImages/002521.jpg,0,"('train', 'car')","('car', 'train')","('car', '')","('', 'train')",hybrid
4594,data/voc2007/VOCdevkit/VOC2007/JPEGImages/001846.jpg,0,"('', 'bus')","('bus', 'car')","('bus', '')","('', 'car')",negative
4595,data/voc2007/VOCdevkit/VOC2007/JPEGImages/005958.jpg,0,"('person', 'car')","('car', 'person')","('car', '')","('', 'person')",hybrid
4596,data/voc2007/VOCdevkit/VOC2007/JPEGImages/000274.jpg,0,"('bird', 'person')","('person', 'bird')","('person', '')","('', 'bird')",hybrid
4597,data/voc2007/VOCdevkit/VOC2007/JPEGImages/009074.jpg,0,"('horse', 'chair')","('chair', 'horse')","('chair', '')","('', 'horse')",hybrid
4598,data/voc2007/VOCdevkit/VOC2007/JPEGImages/005013.jpg,0,"('', 'person')","('person', 'train')","('person', '')","('', 'train')",negative
4599,data/voc2007/VOCdevkit/VOC2007/JPEGImages/008193.jpg,0,"('', 'person')","('person', 'bird')","('person', '')","('', 'bird')",negative
4600,data/voc2007/VOCdevkit/VOC2007/JPEGImages/008634.jpg,0,"('', 'chair')","('chair', 'person')","('chair', '')","('', 'person')",negative
4601,data/voc2007/VOCdevkit/VOC2007/JPEGImages/002018.jpg,0,"('person', 'chair')","('chair', 'person')","('chair', '')","('', 'person')",hybrid
4602,data/voc2007/VOCdevkit/VOC2007/JPEGImages/006106.jpg,0,"('', 'person')","('person', 'horse')","('person', '')","('', 'horse')",negative
4603,data/voc2007/VOCdevkit/VOC2007/JPEGImages/008255.jpg,0,"('', 'chair')","('chair', 'person')","('chair', '')","('', 'person')",negative
4604,data/voc2007/VOCdevkit/VOC2007/JPEGImages/009415.jpg,0,"('person', 'chair')","('chair', 'person')","('chair', '')","('', 'person')",hybrid
4605,data/voc2007/VOCdevkit/VOC2007/JPEGImages/005472.jpg,0,"('bird', 'person')","('person', 'bird')","('person', '')","('', 'bird')",hybrid
4606,data/voc2007/VOCdevkit/VOC2007/JPEGImages/005800.jpg,0,"('bus', 'chair')","('chair', 'bus')","('chair', '')","('', 'bus')",hybrid
4607,data/voc2007/VOCdevkit/VOC2007/JPEGImages/006915.jpg,0,"('dog and person', '')","('chair', 'dog')","('chair', '')","('', 'dog')",positive
4608,data/voc2007/VOCdevkit/VOC2007/JPEGImages/006567.jpg,0,"('car', 'chair')","('chair', 'car')","('chair', '')","('', 'car')",hybrid
4609,data/voc2007/VOCdevkit/VOC2007/JPEGImages/007823.jpg,0,"('cat', 'person')","('person', 'cat')","('person', '')","('', 'cat')",hybrid
4610,data/voc2007/VOCdevkit/VOC2007/JPEGImages/006211.jpg,0,"('cat', 'person')","('person', 'cat')","('person', '')","('', 'cat')",hybrid
4611,data/voc2007/VOCdevkit/VOC2007/JPEGImages/009363.jpg,0,"('person and sofa', '')","('car', 'person')","('car', '')","('', 'person')",positive
4612,data/voc2007/VOCdevkit/VOC2007/JPEGImages/003689.jpg,0,"('train', 'person')","('person', 'train')","('person', '')","('', 'train')",hybrid
4613,data/voc2007/VOCdevkit/VOC2007/JPEGImages/007030.jpg,0,"('', 'car')","('car', 'bicycle')","('car', '')","('', 'bicycle')",negative
4614,data/voc2007/VOCdevkit/VOC2007/JPEGImages/007797.jpg,0,"('', 'chair')","('chair', 'car')","('chair', '')","('', 'car')",negative
4615,data/voc2007/VOCdevkit/VOC2007/JPEGImages/004125.jpg,0,"('', 'car')","('car', 'person')","('car', '')","('', 'person')",negative
4616,data/voc2007/VOCdevkit/VOC2007/JPEGImages/007907.jpg,0,"('', 'person')","('person', 'dog')","('person', '')","('', 'dog')",negative
4617,data/voc2007/VOCdevkit/VOC2007/JPEGImages/003819.jpg,0,"('person and chair', '')","('car', 'person')","('car', '')","('', 'person')",positive
4618,data/voc2007/VOCdevkit/VOC2007/JPEGImages/005587.jpg,0,"('tvmonitor', 'chair')","('chair', 'tvmonitor')","('chair', '')","('', 'tvmonitor')",hybrid
4619,data/voc2007/VOCdevkit/VOC2007/JPEGImages/008407.jpg,0,"('person', 'diningtable')","('diningtable', 'person')","('diningtable', '')","('', 'person')",hybrid
4620,data/voc2007/VOCdevkit/VOC2007/JPEGImages/008875.jpg,0,"('cat', 'sofa')","('sofa', 'cat')","('sofa', '')","('', 'cat')",hybrid
4621,data/voc2007/VOCdevkit/VOC2007/JPEGImages/004460.jpg,0,"('', 'person')","('person', 'bird')","('person', '')","('', 'bird')",negative
4622,data/voc2007/VOCdevkit/VOC2007/JPEGImages/006754.jpg,0,"('car', 'bus')","('bus', 'car')","('bus', '')","('', 'car')",hybrid
4623,data/voc2007/VOCdevkit/VOC2007/JPEGImages/008066.jpg,0,"('', 'person')","('person', 'bird')","('person', '')","('', 'bird')",negative
4624,data/voc2007/VOCdevkit/VOC2007/JPEGImages/004001.jpg,0,"('bus', 'chair')","('chair', 'bus')","('chair', '')","('', 'bus')",hybrid
4625,data/voc2007/VOCdevkit/VOC2007/JPEGImages/009626.jpg,0,"('', 'chair')","('chair', 'bottle')","('chair', '')","('', 'bottle')",negative
4626,data/voc2007/VOCdevkit/VOC2007/JPEGImages/000669.jpg,0,"('', 'bus')","('bus', 'car')","('bus', '')","('', 'car')",negative
4627,data/voc2007/VOCdevkit/VOC2007/JPEGImages/005137.jpg,0,"('', 'dog')","('dog', 'sheep')","('dog', '')","('', 'sheep')",negative
4628,data/voc2007/VOCdevkit/VOC2007/JPEGImages/005690.jpg,0,"('train', 'car')","('car', 'train')","('car', '')","('', 'train')",hybrid
4629,data/voc2007/VOCdevkit/VOC2007/JPEGImages/001029.jpg,0,"('', 'chair')","('chair', 'tvmonitor')","('chair', '')","('', 'tvmonitor')",negative
4630,data/voc2007/VOCdevkit/VOC2007/JPEGImages/006022.jpg,0,"('pottedplant', 'chair')","('chair', 'pottedplant')","('chair', '')","('', 'pottedplant')",hybrid
4631,data/voc2007/VOCdevkit/VOC2007/JPEGImages/006785.jpg,0,"('car', 'bus')","('bus', 'car')","('bus', '')","('', 'car')",hybrid
4632,data/voc2007/VOCdevkit/VOC2007/JPEGImages/001448.jpg,0,"('', 'car')","('car', 'person')","('car', '')","('', 'person')",negative
4633,data/voc2007/VOCdevkit/VOC2007/JPEGImages/004316.jpg,0,"('cat', 'tvmonitor')","('tvmonitor', 'cat')","('tvmonitor', '')","('', 'cat')",hybrid
4634,data/voc2007/VOCdevkit/VOC2007/JPEGImages/008371.jpg,0,"('bird', 'person')","('person', 'bird')","('person', '')","('', 'bird')",hybrid
4635,data/voc2007/VOCdevkit/VOC2007/JPEGImages/009943.jpg,0,"('', 'person')","('person', 'car')","('person', '')","('', 'car')",negative
4636,data/voc2007/VOCdevkit/VOC2007/JPEGImages/005924.jpg,0,"('car', 'bus')","('bus', 'car')","('bus', '')","('', 'car')",hybrid
4637,data/voc2007/VOCdevkit/VOC2007/JPEGImages/005556.jpg,0,"('', 'car')","('car', 'chair')","('car', '')","('', 'chair')",negative
4638,data/voc2007/VOCdevkit/VOC2007/JPEGImages/005556.jpg,0,"('sofa and person', '')","('car', 'sofa')","('car', '')","('', 'sofa')",positive
4639,data/voc2007/VOCdevkit/VOC2007/JPEGImages/006831.jpg,0,"('', 'person')","('person', 'bicycle')","('person', '')","('', 'bicycle')",negative
4640,data/voc2007/VOCdevkit/VOC2007/JPEGImages/007203.jpg,0,"('chair', 'diningtable')","('diningtable', 'chair')","('diningtable', '')","('', 'chair')",hybrid
4641,data/voc2007/VOCdevkit/VOC2007/JPEGImages/003624.jpg,0,"('pottedplant', 'chair')","('chair', 'pottedplant')","('chair', '')","('', 'pottedplant')",hybrid
4642,data/voc2007/VOCdevkit/VOC2007/JPEGImages/009008.jpg,0,"('motorbike and car', '')","('bus', 'motorbike')","('bus', '')","('', 'motorbike')",positive
4643,data/voc2007/VOCdevkit/VOC2007/JPEGImages/000096.jpg,0,"('', 'chair')","('chair', 'person')","('chair', '')","('', 'person')",negative
4644,data/voc2007/VOCdevkit/VOC2007/JPEGImages/008648.jpg,0,"('person', 'chair')","('chair', 'person')","('chair', '')","('', 'person')",hybrid
4645,data/voc2007/VOCdevkit/VOC2007/JPEGImages/004188.jpg,0,"('cat', 'bus')","('bus', 'cat')","('bus', '')","('', 'cat')",hybrid
4646,data/voc2007/VOCdevkit/VOC2007/JPEGImages/003245.jpg,0,"('person and chair', '')","('diningtable', 'person')","('diningtable', '')","('', 'person')",positive
4647,data/voc2007/VOCdevkit/VOC2007/JPEGImages/006969.jpg,0,"('dog', 'sofa')","('sofa', 'dog')","('sofa', '')","('', 'dog')",hybrid
4648,data/voc2007/VOCdevkit/VOC2007/JPEGImages/002877.jpg,0,"('', 'chair')","('chair', 'person')","('chair', '')","('', 'person')",negative
4649,data/voc2007/VOCdevkit/VOC2007/JPEGImages/000350.jpg,0,"('boat', 'car')","('car', 'boat')","('car', '')","('', 'boat')",hybrid
4650,data/voc2007/VOCdevkit/VOC2007/JPEGImages/000426.jpg,0,"('bird', 'boat')","('boat', 'bird')","('boat', '')","('', 'bird')",hybrid
4651,data/voc2007/VOCdevkit/VOC2007/JPEGImages/004538.jpg,0,"('person', 'chair')","('chair', 'person')","('chair', '')","('', 'person')",hybrid
4652,data/voc2007/VOCdevkit/VOC2007/JPEGImages/003533.jpg,0,"('', 'sofa')","('sofa', 'dog')","('sofa', '')","('', 'dog')",negative
4653,data/voc2007/VOCdevkit/VOC2007/JPEGImages/004159.jpg,0,"('', 'chair')","('chair', 'pottedplant')","('chair', '')","('', 'pottedplant')",negative
4654,data/voc2007/VOCdevkit/VOC2007/JPEGImages/003152.jpg,0,"('sheep', 'dog')","('dog', 'sheep')","('dog', '')","('', 'sheep')",hybrid
4655,data/voc2007/VOCdevkit/VOC2007/JPEGImages/002712.jpg,0,"('', 'chair')","('chair', 'person')","('chair', '')","('', 'person')",negative
4656,data/voc2007/VOCdevkit/VOC2007/JPEGImages/006332.jpg,0,"('', 'car')","('car', 'boat')","('car', '')","('', 'boat')",negative
4657,data/voc2007/VOCdevkit/VOC2007/JPEGImages/008400.jpg,0,"('', 'car')","('car', 'bottle')","('car', '')","('', 'bottle')",negative
4658,data/voc2007/VOCdevkit/VOC2007/JPEGImages/004467.jpg,0,"('cat', 'person')","('person', 'cat')","('person', '')","('', 'cat')",hybrid
4659,data/voc2007/VOCdevkit/VOC2007/JPEGImages/001339.jpg,0,"('dog', 'sofa')","('sofa', 'dog')","('sofa', '')","('', 'dog')",hybrid
4660,data/voc2007/VOCdevkit/VOC2007/JPEGImages/005227.jpg,0,"('person', 'car')","('car', 'person')","('car', '')","('', 'person')",hybrid
4661,data/voc2007/VOCdevkit/VOC2007/JPEGImages/009240.jpg,0,"('person', 'chair')","('chair', 'person')","('chair', '')","('', 'person')",hybrid
4662,data/voc2007/VOCdevkit/VOC2007/JPEGImages/005580.jpg,0,"('', 'tvmonitor')","('tvmonitor', 'cat')","('tvmonitor', '')","('', 'cat')",negative
4663,data/voc2007/VOCdevkit/VOC2007/JPEGImages/005646.jpg,0,"('', 'person')","('person', 'cat')","('person', '')","('', 'cat')",negative
4664,data/voc2007/VOCdevkit/VOC2007/JPEGImages/004006.jpg,0,"('horse and person', '')","('car', 'horse')","('car', '')","('', 'horse')",positive
4665,data/voc2007/VOCdevkit/VOC2007/JPEGImages/007665.jpg,0,"('car and bicycle', '')","('person', 'car')","('person', '')","('', 'car')",positive
4666,data/voc2007/VOCdevkit/VOC2007/JPEGImages/009536.jpg,0,"('car and person', '')","('horse', 'car')","('horse', '')","('', 'car')",positive
4667,data/voc2007/VOCdevkit/VOC2007/JPEGImages/005551.jpg,0,"('', 'chair')","('chair', 'sofa')","('chair', '')","('', 'sofa')",negative
4668,data/voc2007/VOCdevkit/VOC2007/JPEGImages/004311.jpg,0,"('person and bottle', '')","('chair', 'person')","('chair', '')","('', 'person')",positive
4669,data/voc2007/VOCdevkit/VOC2007/JPEGImages/002928.jpg,0,"('chair', 'diningtable')","('diningtable', 'chair')","('diningtable', '')","('', 'chair')",hybrid
4670,data/voc2007/VOCdevkit/VOC2007/JPEGImages/000736.jpg,0,"('', 'bus')","('bus', 'car')","('bus', '')","('', 'car')",negative
4671,data/voc2007/VOCdevkit/VOC2007/JPEGImages/002402.jpg,0,"('car', 'chair')","('chair', 'car')","('chair', '')","('', 'car')",hybrid
4672,data/voc2007/VOCdevkit/VOC2007/JPEGImages/005409.jpg,0,"('', 'car')","('car', 'person')","('car', '')","('', 'person')",negative
4673,data/voc2007/VOCdevkit/VOC2007/JPEGImages/000357.jpg,0,"('bird', 'boat')","('boat', 'bird')","('boat', '')","('', 'bird')",hybrid
4674,data/voc2007/VOCdevkit/VOC2007/JPEGImages/008589.jpg,0,"('bird', 'person')","('person', 'bird')","('person', '')","('', 'bird')",hybrid
4675,data/voc2007/VOCdevkit/VOC2007/JPEGImages/001965.jpg,0,"('car', 'person')","('person', 'car')","('person', '')","('', 'car')",hybrid
4676,data/voc2007/VOCdevkit/VOC2007/JPEGImages/004249.jpg,0,"('', 'horse')","('horse', 'person')","('horse', '')","('', 'person')",negative
4677,data/voc2007/VOCdevkit/VOC2007/JPEGImages/001261.jpg,0,"('chair and person', '')","('diningtable', 'chair')","('diningtable', '')","('', 'chair')",positive
4678,data/voc2007/VOCdevkit/VOC2007/JPEGImages/000421.jpg,0,"('person', 'car')","('car', 'person')","('car', '')","('', 'person')",hybrid
4679,data/voc2007/VOCdevkit/VOC2007/JPEGImages/000853.jpg,0,"('dog', 'sofa')","('sofa', 'dog')","('sofa', '')","('', 'dog')",hybrid
4680,data/voc2007/VOCdevkit/VOC2007/JPEGImages/000386.jpg,0,"('', 'chair')","('chair', 'person')","('chair', '')","('', 'person')",negative
4681,data/voc2007/VOCdevkit/VOC2007/JPEGImages/003534.jpg,0,"('bicycle', 'car')","('car', 'bicycle')","('car', '')","('', 'bicycle')",hybrid
4682,data/voc2007/VOCdevkit/VOC2007/JPEGImages/007858.jpg,0,"('', 'car')","('car', 'person')","('car', '')","('', 'person')",negative
4683,data/voc2007/VOCdevkit/VOC2007/JPEGImages/000040.jpg,0,"('', 'person')","('person', 'bird')","('person', '')","('', 'bird')",negative
4684,data/voc2007/VOCdevkit/VOC2007/JPEGImages/009779.jpg,0,"('person and car', '')","('chair', 'person')","('chair', '')","('', 'person')",positive
4685,data/voc2007/VOCdevkit/VOC2007/JPEGImages/001600.jpg,0,"('', 'diningtable')","('diningtable', 'chair')","('diningtable', '')","('', 'chair')",negative
4686,data/voc2007/VOCdevkit/VOC2007/JPEGImages/001890.jpg,0,"('', 'tvmonitor')","('tvmonitor', 'cat')","('tvmonitor', '')","('', 'cat')",negative
4687,data/voc2007/VOCdevkit/VOC2007/JPEGImages/000505.jpg,0,"('', 'person')","('person', 'car')","('person', '')","('', 'car')",negative
4688,data/voc2007/VOCdevkit/VOC2007/JPEGImages/003862.jpg,0,"('sofa', 'person')","('person', 'sofa')","('person', '')","('', 'sofa')",hybrid
4689,data/voc2007/VOCdevkit/VOC2007/JPEGImages/002985.jpg,0,"('', 'person')","('person', 'tvmonitor')","('person', '')","('', 'tvmonitor')",negative
4690,data/voc2007/VOCdevkit/VOC2007/JPEGImages/002250.jpg,0,"('person', 'chair')","('chair', 'person')","('chair', '')","('', 'person')",hybrid
4691,data/voc2007/VOCdevkit/VOC2007/JPEGImages/002631.jpg,0,"('person and bicycle', '')","('car', 'person')","('car', '')","('', 'person')",positive
4692,data/voc2007/VOCdevkit/VOC2007/JPEGImages/003071.jpg,0,"('', 'diningtable')","('diningtable', 'bottle')","('diningtable', '')","('', 'bottle')",negative
4693,data/voc2007/VOCdevkit/VOC2007/JPEGImages/006059.jpg,0,"('motorbike', 'car')","('car', 'motorbike')","('car', '')","('', 'motorbike')",hybrid
4694,data/voc2007/VOCdevkit/VOC2007/JPEGImages/003707.jpg,0,"('', 'chair')","('chair', 'person')","('chair', '')","('', 'person')",negative
4695,data/voc2007/VOCdevkit/VOC2007/JPEGImages/002147.jpg,0,"('', 'person')","('person', 'cat')","('person', '')","('', 'cat')",negative
4696,data/voc2007/VOCdevkit/VOC2007/JPEGImages/007278.jpg,0,"('', 'bus')","('bus', 'car')","('bus', '')","('', 'car')",negative
4697,data/voc2007/VOCdevkit/VOC2007/JPEGImages/002526.jpg,0,"('', 'person')","('person', 'car')","('person', '')","('', 'car')",negative
4698,data/voc2007/VOCdevkit/VOC2007/JPEGImages/003366.jpg,0,"('sheep', 'person')","('person', 'sheep')","('person', '')","('', 'sheep')",hybrid
4699,data/voc2007/VOCdevkit/VOC2007/JPEGImages/000273.jpg,0,"('', 'person')","('person', 'cow')","('person', '')","('', 'cow')",negative
4700,data/voc2007/VOCdevkit/VOC2007/JPEGImages/001433.jpg,0,"('', 'car')","('car', 'aeroplane')","('car', '')","('', 'aeroplane')",negative
4701,data/voc2007/VOCdevkit/VOC2007/JPEGImages/001394.jpg,0,"('', 'person')","('person', 'boat')","('person', '')","('', 'boat')",negative
4702,data/voc2007/VOCdevkit/VOC2007/JPEGImages/008194.jpg,0,"('train', 'person')","('person', 'train')","('person', '')","('', 'train')",hybrid
4703,data/voc2007/VOCdevkit/VOC2007/JPEGImages/006101.jpg,0,"('person', 'chair')","('chair', 'person')","('chair', '')","('', 'person')",hybrid
4704,data/voc2007/VOCdevkit/VOC2007/JPEGImages/007741.jpg,0,"('', 'person')","('person', 'bird')","('person', '')","('', 'bird')",negative
4705,data/voc2007/VOCdevkit/VOC2007/JPEGImages/005807.jpg,0,"('tvmonitor', 'person')","('person', 'tvmonitor')","('person', '')","('', 'tvmonitor')",hybrid
4706,data/voc2007/VOCdevkit/VOC2007/JPEGImages/001919.jpg,0,"('car', 'person')","('person', 'car')","('person', '')","('', 'car')",hybrid
4707,data/voc2007/VOCdevkit/VOC2007/JPEGImages/004235.jpg,0,"('', 'car')","('car', 'train')","('car', '')","('', 'train')",negative
4708,data/voc2007/VOCdevkit/VOC2007/JPEGImages/007320.jpg,0,"('person', 'chair')","('chair', 'person')","('chair', '')","('', 'person')",hybrid
4709,data/voc2007/VOCdevkit/VOC2007/JPEGImages/007487.jpg,0,"('', 'person')","('person', 'cat')","('person', '')","('', 'cat')",negative
4710,data/voc2007/VOCdevkit/VOC2007/JPEGImages/007456.jpg,0,"('', 'diningtable')","('diningtable', 'bottle')","('diningtable', '')","('', 'bottle')",negative
4711,data/voc2007/VOCdevkit/VOC2007/JPEGImages/008283.jpg,0,"('', 'bus')","('bus', 'car')","('bus', '')","('', 'car')",negative
4712,data/voc2007/VOCdevkit/VOC2007/JPEGImages/008956.jpg,0,"('', 'boat')","('boat', 'bird')","('boat', '')","('', 'bird')",negative
4713,data/voc2007/VOCdevkit/VOC2007/JPEGImages/004543.jpg,0,"('', 'person')","('person', 'car')","('person', '')","('', 'car')",negative
4714,data/voc2007/VOCdevkit/VOC2007/JPEGImages/009364.jpg,0,"('person', 'chair')","('chair', 'person')","('chair', '')","('', 'person')",hybrid
4715,data/voc2007/VOCdevkit/VOC2007/JPEGImages/007037.jpg,0,"('train', 'car')","('car', 'train')","('car', '')","('', 'train')",hybrid
4716,data/voc2007/VOCdevkit/VOC2007/JPEGImages/002769.jpg,0,"('aeroplane', 'car')","('car', 'aeroplane')","('car', '')","('', 'aeroplane')",hybrid
4717,data/voc2007/VOCdevkit/VOC2007/JPEGImages/009705.jpg,0,"('motorbike and car', '')","('person', 'motorbike')","('person', '')","('', 'motorbike')",positive
4718,data/voc2007/VOCdevkit/VOC2007/JPEGImages/008145.jpg,0,"('', 'car')","('car', 'boat')","('car', '')","('', 'boat')",negative
4719,data/voc2007/VOCdevkit/VOC2007/JPEGImages/005564.jpg,0,"('', 'person')","('person', 'horse')","('person', '')","('', 'horse')",negative
4720,data/voc2007/VOCdevkit/VOC2007/JPEGImages/005916.jpg,0,"('', 'dog')","('dog', 'sheep')","('dog', '')","('', 'sheep')",negative
4721,data/voc2007/VOCdevkit/VOC2007/JPEGImages/009503.jpg,0,"('sofa', 'chair')","('chair', 'sofa')","('chair', '')","('', 'sofa')",hybrid
4722,data/voc2007/VOCdevkit/VOC2007/JPEGImages/008343.jpg,0,"('', 'dog')","('dog', 'sheep')","('dog', '')","('', 'sheep')",negative
4723,data/voc2007/VOCdevkit/VOC2007/JPEGImages/004324.jpg,0,"('train and person', '')","('chair', 'train')","('chair', '')","('', 'train')",positive
4724,data/voc2007/VOCdevkit/VOC2007/JPEGImages/001808.jpg,0,"('person', 'car')","('car', 'person')","('car', '')","('', 'person')",hybrid
4725,data/voc2007/VOCdevkit/VOC2007/JPEGImages/008896.jpg,0,"('car', 'bus')","('bus', 'car')","('bus', '')","('', 'car')",hybrid
4726,data/voc2007/VOCdevkit/VOC2007/JPEGImages/004483.jpg,0,"('', 'car')","('car', 'train')","('car', '')","('', 'train')",negative
4727,data/voc2007/VOCdevkit/VOC2007/JPEGImages/007231.jpg,0,"('dog', 'person')","('person', 'dog')","('person', '')","('', 'dog')",hybrid
4728,data/voc2007/VOCdevkit/VOC2007/JPEGImages/007596.jpg,0,"('sheep and dog', '')","('person', 'sheep')","('person', '')","('', 'sheep')",positive
4729,data/voc2007/VOCdevkit/VOC2007/JPEGImages/006471.jpg,0,"('person', 'car')","('car', 'person')","('car', '')","('', 'person')",hybrid
4730,data/voc2007/VOCdevkit/VOC2007/JPEGImages/003488.jpg,0,"('', 'chair')","('chair', 'bottle')","('chair', '')","('', 'bottle')",negative
4731,data/voc2007/VOCdevkit/VOC2007/JPEGImages/004745.jpg,0,"('person and car', '')","('horse', 'person')","('horse', '')","('', 'person')",positive
4732,data/voc2007/VOCdevkit/VOC2007/JPEGImages/005105.jpg,0,"('car and person', '')","('horse', 'car')","('horse', '')","('', 'car')",positive
4733,data/voc2007/VOCdevkit/VOC2007/JPEGImages/006010.jpg,0,"('', 'sofa')","('sofa', 'tvmonitor')","('sofa', '')","('', 'tvmonitor')",negative
4734,data/voc2007/VOCdevkit/VOC2007/JPEGImages/007681.jpg,0,"('bird', 'person')","('person', 'bird')","('person', '')","('', 'bird')",hybrid
4735,data/voc2007/VOCdevkit/VOC2007/JPEGImages/007126.jpg,0,"('', 'chair')","('chair', 'car')","('chair', '')","('', 'car')",negative
4736,data/voc2007/VOCdevkit/VOC2007/JPEGImages/005673.jpg,0,"('pottedplant', 'person')","('person', 'pottedplant')","('person', '')","('', 'pottedplant')",hybrid
4737,data/voc2007/VOCdevkit/VOC2007/JPEGImages/008054.jpg,0,"('dog', 'person')","('person', 'dog')","('person', '')","('', 'dog')",hybrid
4738,data/voc2007/VOCdevkit/VOC2007/JPEGImages/003459.jpg,0,"('person', 'car')","('car', 'person')","('car', '')","('', 'person')",hybrid
4739,data/voc2007/VOCdevkit/VOC2007/JPEGImages/003459.jpg,0,"('chair', 'car')","('car', 'chair')","('car', '')","('', 'chair')",hybrid
4740,data/voc2007/VOCdevkit/VOC2007/JPEGImages/006307.jpg,0,"('', 'car')","('car', 'tvmonitor')","('car', '')","('', 'tvmonitor')",negative
4741,data/voc2007/VOCdevkit/VOC2007/JPEGImages/006307.jpg,0,"('sofa and pottedplant', '')","('diningtable', 'sofa')","('diningtable', '')","('', 'sofa')",positive
4742,data/voc2007/VOCdevkit/VOC2007/JPEGImages/008392.jpg,0,"('', 'car')","('car', 'person')","('car', '')","('', 'person')",negative
4743,data/voc2007/VOCdevkit/VOC2007/JPEGImages/004820.jpg,0,"('chair', 'person')","('person', 'chair')","('person', '')","('', 'chair')",hybrid
4744,data/voc2007/VOCdevkit/VOC2007/JPEGImages/008435.jpg,0,"('train', 'person')","('person', 'train')","('person', '')","('', 'train')",hybrid
4745,data/voc2007/VOCdevkit/VOC2007/JPEGImages/009275.jpg,0,"('', 'person')","('person', 'sofa')","('person', '')","('', 'sofa')",negative
4746,data/voc2007/VOCdevkit/VOC2007/JPEGImages/000075.jpg,0,"('', 'person')","('person', 'dog')","('person', '')","('', 'dog')",negative
4747,data/voc2007/VOCdevkit/VOC2007/JPEGImages/001635.jpg,0,"('horse', 'chair')","('chair', 'horse')","('chair', '')","('', 'horse')",hybrid
4748,data/voc2007/VOCdevkit/VOC2007/JPEGImages/002087.jpg,0,"('person and chair', '')","('car', 'person')","('car', '')","('', 'person')",positive
4749,data/voc2007/VOCdevkit/VOC2007/JPEGImages/002720.jpg,0,"('dog', 'person')","('person', 'dog')","('person', '')","('', 'dog')",hybrid
4750,data/voc2007/VOCdevkit/VOC2007/JPEGImages/006199.jpg,0,"('bicycle', 'car')","('car', 'bicycle')","('car', '')","('', 'bicycle')",hybrid
4751,data/voc2007/VOCdevkit/VOC2007/JPEGImages/003160.jpg,0,"('person and aeroplane', '')","('car', 'person')","('car', '')","('', 'person')",positive
4752,data/voc2007/VOCdevkit/VOC2007/JPEGImages/004978.jpg,0,"('person', 'car')","('car', 'person')","('car', '')","('', 'person')",hybrid
4753,data/voc2007/VOCdevkit/VOC2007/JPEGImages/000414.jpg,0,"('', 'car')","('car', 'bottle')","('car', '')","('', 'bottle')",negative
4754,data/voc2007/VOCdevkit/VOC2007/JPEGImages/000866.jpg,0,"('horse', 'chair')","('chair', 'horse')","('chair', '')","('', 'horse')",hybrid
4755,data/voc2007/VOCdevkit/VOC2007/JPEGImages/003501.jpg,0,"('car and person', '')","('horse', 'car')","('horse', '')","('', 'car')",positive
4756,data/voc2007/VOCdevkit/VOC2007/JPEGImages/002894.jpg,0,"('aeroplane', 'car')","('car', 'aeroplane')","('car', '')","('', 'aeroplane')",hybrid
4757,data/voc2007/VOCdevkit/VOC2007/JPEGImages/002341.jpg,0,"('dog and person', '')","('chair', 'dog')","('chair', '')","('', 'dog')",positive
4758,data/voc2007/VOCdevkit/VOC2007/JPEGImages/002390.jpg,0,"('', 'car')","('car', 'boat')","('car', '')","('', 'boat')",negative
4759,data/voc2007/VOCdevkit/VOC2007/JPEGImages/003277.jpg,0,"('', 'person')","('person', 'sofa')","('person', '')","('', 'sofa')",negative
4760,data/voc2007/VOCdevkit/VOC2007/JPEGImages/000362.jpg,0,"('dog', 'person')","('person', 'dog')","('person', '')","('', 'dog')",hybrid
4761,data/voc2007/VOCdevkit/VOC2007/JPEGImages/009829.jpg,0,"('', 'person')","('person', 'car')","('person', '')","('', 'car')",negative
4762,data/voc2007/VOCdevkit/VOC2007/JPEGImages/001285.jpg,0,"('motorbike', 'car')","('car', 'motorbike')","('car', '')","('', 'motorbike')",hybrid
4763,data/voc2007/VOCdevkit/VOC2007/JPEGImages/003616.jpg,0,"('person', 'chair')","('chair', 'person')","('chair', '')","('', 'person')",hybrid
4764,data/voc2007/VOCdevkit/VOC2007/JPEGImages/007708.jpg,0,"('', 'sofa')","('sofa', 'diningtable')","('sofa', '')","('', 'diningtable')",negative
4765,data/voc2007/VOCdevkit/VOC2007/JPEGImages/000703.jpg,0,"('train', 'car')","('car', 'train')","('car', '')","('', 'train')",hybrid
4766,data/voc2007/VOCdevkit/VOC2007/JPEGImages/002961.jpg,0,"('', 'bus')","('bus', 'car')","('bus', '')","('', 'car')",negative
4767,data/voc2007/VOCdevkit/VOC2007/JPEGImages/003353.jpg,0,"('', 'person')","('person', 'car')","('person', '')","('', 'car')",negative
4768,data/voc2007/VOCdevkit/VOC2007/JPEGImages/004358.jpg,0,"('bicycle', 'person')","('person', 'bicycle')","('person', '')","('', 'bicycle')",hybrid
4769,data/voc2007/VOCdevkit/VOC2007/JPEGImages/001874.jpg,0,"('cat', 'tvmonitor')","('tvmonitor', 'cat')","('tvmonitor', '')","('', 'cat')",hybrid
4770,data/voc2007/VOCdevkit/VOC2007/JPEGImages/003095.jpg,0,"('', 'person')","('person', 'dog')","('person', '')","('', 'dog')",negative
4771,data/voc2007/VOCdevkit/VOC2007/JPEGImages/001067.jpg,0,"('', 'chair')","('chair', 'person')","('chair', '')","('', 'person')",negative
4772,data/voc2007/VOCdevkit/VOC2007/JPEGImages/004739.jpg,0,"('', 'car')","('car', 'person')","('car', '')","('', 'person')",negative
4773,data/voc2007/VOCdevkit/VOC2007/JPEGImages/000627.jpg,0,"('', 'dog')","('dog', 'sheep')","('dog', '')","('', 'sheep')",negative
4774,data/voc2007/VOCdevkit/VOC2007/JPEGImages/000151.jpg,0,"('', 'chair')","('chair', 'person')","('chair', '')","('', 'person')",negative
4775,data/voc2007/VOCdevkit/VOC2007/JPEGImages/008028.jpg,0,"('bird', 'person')","('person', 'bird')","('person', '')","('', 'bird')",hybrid
4776,data/voc2007/VOCdevkit/VOC2007/JPEGImages/002604.jpg,0,"('person', 'diningtable')","('diningtable', 'person')","('diningtable', '')","('', 'person')",hybrid
4777,data/voc2007/VOCdevkit/VOC2007/JPEGImages/001370.jpg,0,"('person and bicycle', '')","('chair', 'person')","('chair', '')","('', 'person')",positive
4778,data/voc2007/VOCdevkit/VOC2007/JPEGImages/000942.jpg,0,"('train and person', '')","('car', 'train')","('car', '')","('', 'train')",positive
4779,data/voc2007/VOCdevkit/VOC2007/JPEGImages/000297.jpg,0,"('', 'car')","('car', 'cow')","('car', '')","('', 'cow')",negative
4780,data/voc2007/VOCdevkit/VOC2007/JPEGImages/007949.jpg,0,"('bus', 'car')","('car', 'bus')","('car', '')","('', 'bus')",hybrid
4781,data/voc2007/VOCdevkit/VOC2007/JPEGImages/006642.jpg,0,"('', 'boat')","('boat', 'bird')","('boat', '')","('', 'bird')",negative
4782,data/voc2007/VOCdevkit/VOC2007/JPEGImages/009730.jpg,0,"('person', 'chair')","('chair', 'person')","('chair', '')","('', 'person')",hybrid
4783,data/voc2007/VOCdevkit/VOC2007/JPEGImages/009097.jpg,0,"('', 'person')","('person', 'tvmonitor')","('person', '')","('', 'tvmonitor')",negative
4784,data/voc2007/VOCdevkit/VOC2007/JPEGImages/008170.jpg,0,"('', 'chair')","('chair', 'person')","('chair', '')","('', 'person')",negative
4785,data/voc2007/VOCdevkit/VOC2007/JPEGImages/007463.jpg,0,"('cat', 'person')","('person', 'cat')","('person', '')","('', 'cat')",hybrid
4786,data/voc2007/VOCdevkit/VOC2007/JPEGImages/007811.jpg,0,"('', 'car')","('car', 'cat')","('car', '')","('', 'cat')",negative
4787,data/voc2007/VOCdevkit/VOC2007/JPEGImages/001228.jpg,0,"('person', 'chair')","('chair', 'person')","('chair', '')","('', 'person')",hybrid
4788,data/voc2007/VOCdevkit/VOC2007/JPEGImages/004904.jpg,0,"('person', 'chair')","('chair', 'person')","('chair', '')","('', 'person')",hybrid
4789,data/voc2007/VOCdevkit/VOC2007/JPEGImages/008511.jpg,0,"('bicycle', 'car')","('car', 'bicycle')","('car', '')","('', 'bicycle')",hybrid
4790,data/voc2007/VOCdevkit/VOC2007/JPEGImages/008963.jpg,0,"('', 'sofa')","('sofa', 'diningtable')","('sofa', '')","('', 'diningtable')",negative
4791,data/voc2007/VOCdevkit/VOC2007/JPEGImages/005491.jpg,0,"('diningtable', 'car')","('car', 'diningtable')","('car', '')","('', 'diningtable')",hybrid
4792,data/voc2007/VOCdevkit/VOC2007/JPEGImages/009380.jpg,0,"('', 'car')","('car', 'person')","('car', '')","('', 'person')",negative
4793,data/voc2007/VOCdevkit/VOC2007/JPEGImages/005832.jpg,0,"('cat', 'person')","('person', 'cat')","('person', '')","('', 'cat')",hybrid
4794,data/voc2007/VOCdevkit/VOC2007/JPEGImages/009427.jpg,0,"('car', 'person')","('person', 'car')","('person', '')","('', 'car')",hybrid
4795,data/voc2007/VOCdevkit/VOC2007/JPEGImages/008267.jpg,0,"('cat', 'tvmonitor')","('tvmonitor', 'cat')","('tvmonitor', '')","('', 'cat')",hybrid
4796,data/voc2007/VOCdevkit/VOC2007/JPEGImages/002839.jpg,0,"('bicycle', 'car')","('car', 'bicycle')","('car', '')","('', 'bicycle')",hybrid
4797,data/voc2007/VOCdevkit/VOC2007/JPEGImages/007315.jpg,0,"('chair', 'person')","('person', 'chair')","('person', '')","('', 'chair')",hybrid
4798,data/voc2007/VOCdevkit/VOC2007/JPEGImages/006555.jpg,0,"('', 'car')","('car', 'horse')","('car', '')","('', 'horse')",negative
4799,data/voc2007/VOCdevkit/VOC2007/JPEGImages/006927.jpg,0,"('', 'chair')","('chair', 'person')","('chair', '')","('', 'person')",negative
4800,data/voc2007/VOCdevkit/VOC2007/JPEGImages/001698.jpg,0,"('', 'person')","('person', 'boat')","('person', '')","('', 'boat')",negative
4801,data/voc2007/VOCdevkit/VOC2007/JPEGImages/004661.jpg,0,"('person', 'car')","('car', 'person')","('car', '')","('', 'person')",hybrid
4802,data/voc2007/VOCdevkit/VOC2007/JPEGImages/005021.jpg,0,"('', 'bus')","('bus', 'car')","('bus', '')","('', 'car')",negative
4803,data/voc2007/VOCdevkit/VOC2007/JPEGImages/009046.jpg,0,"('person', 'car')","('car', 'person')","('car', '')","('', 'person')",hybrid
4804,data/voc2007/VOCdevkit/VOC2007/JPEGImages/006693.jpg,0,"('car', 'horse')","('horse', 'car')","('horse', '')","('', 'car')",hybrid
4805,data/voc2007/VOCdevkit/VOC2007/JPEGImages/007774.jpg,0,"('', 'person')","('person', 'horse')","('person', '')","('', 'horse')",negative
4806,data/voc2007/VOCdevkit/VOC2007/JPEGImages/003881.jpg,0,"('chair and dog', '')","('person', 'chair')","('person', '')","('', 'chair')",positive
4807,data/voc2007/VOCdevkit/VOC2007/JPEGImages/001401.jpg,0,"('sofa', 'chair')","('chair', 'sofa')","('chair', '')","('', 'sofa')",hybrid
4808,data/voc2007/VOCdevkit/VOC2007/JPEGImages/001873.jpg,0,"('car', 'person')","('person', 'car')","('person', '')","('', 'car')",hybrid
4809,data/voc2007/VOCdevkit/VOC2007/JPEGImages/009578.jpg,0,"('person', 'chair')","('chair', 'person')","('chair', '')","('', 'person')",hybrid
4810,data/voc2007/VOCdevkit/VOC2007/JPEGImages/000994.jpg,0,"('', 'person')","('person', 'tvmonitor')","('person', '')","('', 'tvmonitor')",negative
4811,data/voc2007/VOCdevkit/VOC2007/JPEGImages/002175.jpg,0,"('boat', 'car')","('car', 'boat')","('car', '')","('', 'boat')",hybrid
4812,data/voc2007/VOCdevkit/VOC2007/JPEGImages/009119.jpg,0,"('person and car', '')","('horse', 'person')","('horse', '')","('', 'person')",positive
4813,data/voc2007/VOCdevkit/VOC2007/JPEGImages/004099.jpg,0,"('person', 'car')","('car', 'person')","('car', '')","('', 'person')",hybrid
4814,data/voc2007/VOCdevkit/VOC2007/JPEGImages/008788.jpg,0,"('', 'person')","('person', 'car')","('person', '')","('', 'car')",negative
4815,data/voc2007/VOCdevkit/VOC2007/JPEGImages/004048.jpg,0,"('', 'tvmonitor')","('tvmonitor', 'cat')","('tvmonitor', '')","('', 'cat')",negative
4816,data/voc2007/VOCdevkit/VOC2007/JPEGImages/001716.jpg,0,"('', 'car')","('car', 'cow')","('car', '')","('', 'cow')",negative
4817,data/voc2007/VOCdevkit/VOC2007/JPEGImages/003043.jpg,0,"('', 'car')","('car', 'train')","('car', '')","('', 'train')",negative
4818,data/voc2007/VOCdevkit/VOC2007/JPEGImages/000290.jpg,0,"('dog', 'person')","('person', 'dog')","('person', '')","('', 'dog')",hybrid
4819,data/voc2007/VOCdevkit/VOC2007/JPEGImages/000945.jpg,0,"('car', 'bus')","('bus', 'car')","('bus', '')","('', 'car')",hybrid
4820,data/voc2007/VOCdevkit/VOC2007/JPEGImages/001377.jpg,0,"('aeroplane', 'person')","('person', 'aeroplane')","('person', '')","('', 'aeroplane')",hybrid
4821,data/voc2007/VOCdevkit/VOC2007/JPEGImages/002262.jpg,0,"('person', 'chair')","('chair', 'person')","('chair', '')","('', 'person')",hybrid
4822,data/voc2007/VOCdevkit/VOC2007/JPEGImages/003385.jpg,0,"('', 'chair')","('chair', 'person')","('chair', '')","('', 'person')",negative
4823,data/voc2007/VOCdevkit/VOC2007/JPEGImages/003850.jpg,0,"('bird', 'person')","('person', 'bird')","('person', '')","('', 'bird')",hybrid
4824,data/voc2007/VOCdevkit/VOC2007/JPEGImages/007005.jpg,0,"('', 'car')","('car', 'person')","('car', '')","('', 'person')",negative
4825,data/voc2007/VOCdevkit/VOC2007/JPEGImages/009090.jpg,0,"('cat', 'person')","('person', 'cat')","('person', '')","('', 'cat')",hybrid
4826,data/voc2007/VOCdevkit/VOC2007/JPEGImages/005750.jpg,0,"('', 'chair')","('chair', 'bicycle')","('chair', '')","('', 'bicycle')",negative
4827,data/voc2007/VOCdevkit/VOC2007/JPEGImages/007816.jpg,0,"('person and chair', '')","('diningtable', 'person')","('diningtable', '')","('', 'person')",positive
4828,data/voc2007/VOCdevkit/VOC2007/JPEGImages/007816.jpg,0,"('', 'car')","('car', 'tvmonitor')","('car', '')","('', 'tvmonitor')",negative
4829,data/voc2007/VOCdevkit/VOC2007/JPEGImages/007464.jpg,0,"('boat', 'car')","('car', 'boat')","('car', '')","('', 'boat')",hybrid
4830,data/voc2007/VOCdevkit/VOC2007/JPEGImages/003908.jpg,0,"('', 'car')","('car', 'train')","('car', '')","('', 'train')",negative
4831,data/voc2007/VOCdevkit/VOC2007/JPEGImages/009883.jpg,0,"('', 'person')","('person', 'car')","('person', '')","('', 'car')",negative
4832,data/voc2007/VOCdevkit/VOC2007/JPEGImages/009356.jpg,0,"('aeroplane', 'person')","('person', 'aeroplane')","('person', '')","('', 'aeroplane')",hybrid
4833,data/voc2007/VOCdevkit/VOC2007/JPEGImages/008964.jpg,0,"('dog and person', '')","('car', 'dog')","('car', '')","('', 'dog')",positive
4834,data/voc2007/VOCdevkit/VOC2007/JPEGImages/008516.jpg,0,"('', 'person')","('person', 'bottle')","('person', '')","('', 'bottle')",negative
4835,data/voc2007/VOCdevkit/VOC2007/JPEGImages/004207.jpg,0,"('', 'car')","('car', 'person')","('car', '')","('', 'person')",negative
4836,data/voc2007/VOCdevkit/VOC2007/JPEGImages/000319.jpg,0,"('horse and person', '')","('chair', 'horse')","('chair', '')","('', 'horse')",positive
4837,data/voc2007/VOCdevkit/VOC2007/JPEGImages/005447.jpg,0,"('', 'chair')","('chair', 'person')","('chair', '')","('', 'person')",negative
4838,data/voc2007/VOCdevkit/VOC2007/JPEGImages/005835.jpg,0,"('dog and person', '')","('horse', 'dog')","('horse', '')","('', 'dog')",positive
4839,data/voc2007/VOCdevkit/VOC2007/JPEGImages/009387.jpg,0,"('bus', 'motorbike')","('motorbike', 'bus')","('motorbike', '')","('', 'bus')",hybrid
4840,data/voc2007/VOCdevkit/VOC2007/JPEGImages/006920.jpg,0,"('person and motorbike', '')","('car', 'person')","('car', '')","('', 'person')",positive
4841,data/voc2007/VOCdevkit/VOC2007/JPEGImages/006552.jpg,0,"('', 'chair')","('chair', 'person')","('chair', '')","('', 'person')",negative
4842,data/voc2007/VOCdevkit/VOC2007/JPEGImages/007312.jpg,0,"('dog', 'person')","('person', 'dog')","('person', '')","('', 'dog')",hybrid
4843,data/voc2007/VOCdevkit/VOC2007/JPEGImages/000778.jpg,0,"('', 'bus')","('bus', 'car')","('bus', '')","('', 'car')",negative
4844,data/voc2007/VOCdevkit/VOC2007/JPEGImages/009041.jpg,0,"('motorbike and person', '')","('chair', 'motorbike')","('chair', '')","('', 'motorbike')",positive
4845,data/voc2007/VOCdevkit/VOC2007/JPEGImages/001138.jpg,0,"('tvmonitor', 'person')","('person', 'tvmonitor')","('person', '')","('', 'tvmonitor')",hybrid
4846,data/voc2007/VOCdevkit/VOC2007/JPEGImages/004666.jpg,0,"('person', 'chair')","('chair', 'person')","('chair', '')","('', 'person')",hybrid
4847,data/voc2007/VOCdevkit/VOC2007/JPEGImages/008344.jpg,0,"('', 'person')","('person', 'sheep')","('person', '')","('', 'sheep')",negative
4848,data/voc2007/VOCdevkit/VOC2007/JPEGImages/006804.jpg,0,"('', 'chair')","('chair', 'person')","('chair', '')","('', 'person')",negative
4849,data/voc2007/VOCdevkit/VOC2007/JPEGImages/003328.jpg,0,"('car', 'chair')","('chair', 'car')","('chair', '')","('', 'car')",hybrid
4850,data/voc2007/VOCdevkit/VOC2007/JPEGImages/007591.jpg,0,"('car and bus', '')","('person', 'car')","('person', '')","('', 'car')",positive
4851,data/voc2007/VOCdevkit/VOC2007/JPEGImages/002568.jpg,0,"('', 'person')","('person', 'motorbike')","('person', '')","('', 'motorbike')",negative
4852,data/voc2007/VOCdevkit/VOC2007/JPEGImages/009165.jpg,0,"('tvmonitor and person', '')","('chair', 'tvmonitor')","('chair', '')","('', 'tvmonitor')",positive
4853,data/voc2007/VOCdevkit/VOC2007/JPEGImages/006017.jpg,0,"('', 'bus')","('bus', 'car')","('bus', '')","('', 'car')",negative
4854,data/voc2007/VOCdevkit/VOC2007/JPEGImages/007686.jpg,0,"('', 'person')","('person', 'train')","('person', '')","('', 'train')",negative
4855,data/voc2007/VOCdevkit/VOC2007/JPEGImages/000939.jpg,0,"('', 'chair')","('chair', 'person')","('chair', '')","('', 'person')",negative
4856,data/voc2007/VOCdevkit/VOC2007/JPEGImages/004827.jpg,0,"('', 'dog')","('dog', 'sheep')","('dog', '')","('', 'sheep')",negative
4857,data/voc2007/VOCdevkit/VOC2007/JPEGImages/008432.jpg,0,"('car', 'bus')","('bus', 'car')","('bus', '')","('', 'car')",hybrid
4858,data/voc2007/VOCdevkit/VOC2007/JPEGImages/008395.jpg,0,"('', 'chair')","('chair', 'sofa')","('chair', '')","('', 'sofa')",negative
4859,data/voc2007/VOCdevkit/VOC2007/JPEGImages/001195.jpg,0,"('', 'sofa')","('sofa', 'dog')","('sofa', '')","('', 'dog')",negative
4860,data/voc2007/VOCdevkit/VOC2007/JPEGImages/006639.jpg,0,"('', 'boat')","('boat', 'bird')","('boat', '')","('', 'bird')",negative
4861,data/voc2007/VOCdevkit/VOC2007/JPEGImages/003167.jpg,0,"('person', 'chair')","('chair', 'person')","('chair', '')","('', 'person')",hybrid
4862,data/voc2007/VOCdevkit/VOC2007/JPEGImages/002080.jpg,0,"('train', 'car')","('car', 'train')","('car', '')","('', 'train')",hybrid
4863,data/voc2007/VOCdevkit/VOC2007/JPEGImages/000861.jpg,0,"('', 'car')","('car', 'person')","('car', '')","('', 'person')",negative
4864,data/voc2007/VOCdevkit/VOC2007/JPEGImages/000413.jpg,0,"('horse', 'chair')","('chair', 'horse')","('chair', '')","('', 'horse')",hybrid
4865,data/voc2007/VOCdevkit/VOC2007/JPEGImages/005898.jpg,0,"('sofa', 'bottle')","('bottle', 'sofa')","('bottle', '')","('', 'sofa')",hybrid
4866,data/voc2007/VOCdevkit/VOC2007/JPEGImages/005898.jpg,0,"('chair and person', '')","('bottle', 'chair')","('bottle', '')","('', 'chair')",positive
4867,data/voc2007/VOCdevkit/VOC2007/JPEGImages/001253.jpg,0,"('person', 'chair')","('chair', 'person')","('chair', '')","('', 'person')",hybrid
4868,data/voc2007/VOCdevkit/VOC2007/JPEGImages/008918.jpg,0,"('', 'car')","('car', 'person')","('car', '')","('', 'person')",negative
4869,data/voc2007/VOCdevkit/VOC2007/JPEGImages/001986.jpg,0,"('person', 'car')","('car', 'person')","('car', '')","('', 'person')",hybrid
4870,data/voc2007/VOCdevkit/VOC2007/JPEGImages/007418.jpg,0,"('dog', 'sofa')","('sofa', 'dog')","('sofa', '')","('', 'dog')",hybrid
4871,data/voc2007/VOCdevkit/VOC2007/JPEGImages/002346.jpg,0,"('car', 'bus')","('bus', 'car')","('bus', '')","('', 'car')",hybrid
4872,data/voc2007/VOCdevkit/VOC2007/JPEGImages/002397.jpg,0,"('person and bicycle', '')","('chair', 'person')","('chair', '')","('', 'person')",positive
4873,data/voc2007/VOCdevkit/VOC2007/JPEGImages/002430.jpg,0,"('cat', 'person')","('person', 'cat')","('person', '')","('', 'cat')",hybrid
4874,data/voc2007/VOCdevkit/VOC2007/JPEGImages/001282.jpg,0,"('dog', 'car')","('car', 'dog')","('car', '')","('', 'dog')",hybrid
4875,data/voc2007/VOCdevkit/VOC2007/JPEGImages/001957.jpg,0,"('', 'diningtable')","('diningtable', 'bottle')","('diningtable', '')","('', 'bottle')",negative
4876,data/voc2007/VOCdevkit/VOC2007/JPEGImages/001525.jpg,0,"('car', 'person')","('person', 'car')","('person', '')","('', 'car')",hybrid
4877,data/voc2007/VOCdevkit/VOC2007/JPEGImages/000365.jpg,0,"('', 'tvmonitor')","('tvmonitor', 'cat')","('tvmonitor', '')","('', 'cat')",negative
4878,data/voc2007/VOCdevkit/VOC2007/JPEGImages/005849.jpg,0,"('boat', 'chair')","('chair', 'boat')","('chair', '')","('', 'boat')",hybrid
4879,data/voc2007/VOCdevkit/VOC2007/JPEGImages/000704.jpg,0,"('person', 'chair')","('chair', 'person')","('chair', '')","('', 'person')",hybrid
4880,data/voc2007/VOCdevkit/VOC2007/JPEGImages/004884.jpg,0,"('person', 'chair')","('chair', 'person')","('chair', '')","('', 'person')",hybrid
4881,data/voc2007/VOCdevkit/VOC2007/JPEGImages/008491.jpg,0,"('person and dog', '')","('chair', 'person')","('chair', '')","('', 'person')",positive
4882,data/voc2007/VOCdevkit/VOC2007/JPEGImages/002968.jpg,0,"('bird', 'boat')","('boat', 'bird')","('boat', '')","('', 'bird')",hybrid
4883,data/voc2007/VOCdevkit/VOC2007/JPEGImages/004730.jpg,0,"('bird', 'boat')","('boat', 'bird')","('boat', '')","('', 'bird')",hybrid
4884,data/voc2007/VOCdevkit/VOC2007/JPEGImages/004097.jpg,0,"('car', 'bus')","('bus', 'car')","('bus', '')","('', 'car')",hybrid
4885,data/voc2007/VOCdevkit/VOC2007/JPEGImages/005170.jpg,0,"('person', 'chair')","('chair', 'person')","('chair', '')","('', 'person')",hybrid
4886,data/voc2007/VOCdevkit/VOC2007/JPEGImages/007625.jpg,0,"('', 'car')","('car', 'dog')","('car', '')","('', 'dog')",negative
4887,data/voc2007/VOCdevkit/VOC2007/JPEGImages/006713.jpg,0,"('aeroplane and person', '')","('car', 'aeroplane')","('car', '')","('', 'aeroplane')",positive
4888,data/voc2007/VOCdevkit/VOC2007/JPEGImages/009661.jpg,0,"('person', 'chair')","('chair', 'person')","('chair', '')","('', 'person')",hybrid
4889,data/voc2007/VOCdevkit/VOC2007/JPEGImages/008786.jpg,0,"('horse and person', '')","('chair', 'horse')","('chair', '')","('', 'horse')",positive
4890,data/voc2007/VOCdevkit/VOC2007/JPEGImages/008021.jpg,0,"('', 'car')","('car', 'motorbike')","('car', '')","('', 'motorbike')",negative
4891,data/voc2007/VOCdevkit/VOC2007/JPEGImages/006372.jpg,0,"('', 'person')","('person', 'train')","('person', '')","('', 'train')",negative
4892,data/voc2007/VOCdevkit/VOC2007/JPEGImages/007532.jpg,0,"('', 'chair')","('chair', 'person')","('chair', '')","('', 'person')",negative
4893,data/voc2007/VOCdevkit/VOC2007/JPEGImages/008440.jpg,0,"('', 'person')","('person', 'aeroplane')","('person', '')","('', 'aeroplane')",negative
4894,data/voc2007/VOCdevkit/VOC2007/JPEGImages/008832.jpg,0,"('bird', 'boat')","('boat', 'bird')","('boat', '')","('', 'bird')",hybrid
4895,data/voc2007/VOCdevkit/VOC2007/JPEGImages/001379.jpg,0,"('', 'bus')","('bus', 'car')","('bus', '')","('', 'car')",negative
4896,data/voc2007/VOCdevkit/VOC2007/JPEGImages/004855.jpg,0,"('person', 'car')","('car', 'person')","('car', '')","('', 'person')",hybrid
4897,data/voc2007/VOCdevkit/VOC2007/JPEGImages/004427.jpg,0,"('cat', 'tvmonitor')","('tvmonitor', 'cat')","('tvmonitor', '')","('', 'cat')",hybrid
4898,data/voc2007/VOCdevkit/VOC2007/JPEGImages/000539.jpg,0,"('person and dog', '')","('chair', 'person')","('chair', '')","('', 'person')",positive
4899,data/voc2007/VOCdevkit/VOC2007/JPEGImages/009739.jpg,0,"('', 'car')","('car', 'person')","('car', '')","('', 'person')",negative
4900,data/voc2007/VOCdevkit/VOC2007/JPEGImages/008179.jpg,0,"('tvmonitor', 'person')","('person', 'tvmonitor')","('person', '')","('', 'tvmonitor')",hybrid
4901,data/voc2007/VOCdevkit/VOC2007/JPEGImages/003115.jpg,0,"('sofa and person', '')","('diningtable', 'sofa')","('diningtable', '')","('', 'sofa')",positive
4902,data/voc2007/VOCdevkit/VOC2007/JPEGImages/005498.jpg,0,"('sofa and chair', '')","('diningtable', 'sofa')","('diningtable', '')","('', 'sofa')",positive
4903,data/voc2007/VOCdevkit/VOC2007/JPEGImages/000813.jpg,0,"('tvmonitor', 'person')","('person', 'tvmonitor')","('person', '')","('', 'tvmonitor')",hybrid
4904,data/voc2007/VOCdevkit/VOC2007/JPEGImages/003574.jpg,0,"('', 'car')","('car', 'aeroplane')","('car', '')","('', 'aeroplane')",negative
4905,data/voc2007/VOCdevkit/VOC2007/JPEGImages/003906.jpg,0,"('cat', 'person')","('person', 'cat')","('person', '')","('', 'cat')",hybrid
4906,data/voc2007/VOCdevkit/VOC2007/JPEGImages/007818.jpg,0,"('bus', 'person')","('person', 'bus')","('person', '')","('', 'bus')",hybrid
4907,data/voc2007/VOCdevkit/VOC2007/JPEGImages/002830.jpg,0,"('motorbike', 'car')","('car', 'motorbike')","('car', '')","('', 'motorbike')",hybrid
4908,data/voc2007/VOCdevkit/VOC2007/JPEGImages/005449.jpg,0,"('', 'chair')","('chair', 'person')","('chair', '')","('', 'person')",negative
4909,data/voc2007/VOCdevkit/VOC2007/JPEGImages/001925.jpg,0,"('bottle', 'person')","('person', 'bottle')","('person', '')","('', 'bottle')",hybrid
4910,data/voc2007/VOCdevkit/VOC2007/JPEGImages/004668.jpg,0,"('chair', 'car')","('car', 'chair')","('car', '')","('', 'chair')",hybrid
4911,data/voc2007/VOCdevkit/VOC2007/JPEGImages/007238.jpg,0,"('cat', 'tvmonitor')","('tvmonitor', 'cat')","('tvmonitor', '')","('', 'cat')",hybrid
4912,data/voc2007/VOCdevkit/VOC2007/JPEGImages/003481.jpg,0,"('car', 'person')","('person', 'car')","('person', '')","('', 'car')",hybrid
4913,data/voc2007/VOCdevkit/VOC2007/JPEGImages/006478.jpg,0,"('', 'car')","('car', 'horse')","('car', '')","('', 'horse')",negative
4914,data/voc2007/VOCdevkit/VOC2007/JPEGImages/003326.jpg,0,"('', 'sofa')","('sofa', 'dog')","('sofa', '')","('', 'dog')",negative
4915,data/voc2007/VOCdevkit/VOC2007/JPEGImages/000594.jpg,0,"('', 'car')","('car', 'bicycle')","('car', '')","('', 'bicycle')",negative
4916,data/voc2007/VOCdevkit/VOC2007/JPEGImages/001473.jpg,0,"('', 'chair')","('chair', 'person')","('chair', '')","('', 'person')",negative
4917,data/voc2007/VOCdevkit/VOC2007/JPEGImages/003747.jpg,0,"('person', 'car')","('car', 'person')","('car', '')","('', 'person')",hybrid
4918,data/voc2007/VOCdevkit/VOC2007/JPEGImages/006019.jpg,0,"('car', 'bus')","('bus', 'car')","('bus', '')","('', 'car')",hybrid
4919,data/voc2007/VOCdevkit/VOC2007/JPEGImages/007659.jpg,0,"('dog', 'sofa')","('sofa', 'dog')","('sofa', '')","('', 'dog')",hybrid
4920,data/voc2007/VOCdevkit/VOC2007/JPEGImages/002107.jpg,0,"('', 'car')","('car', 'aeroplane')","('car', '')","('', 'aeroplane')",negative
4921,data/voc2007/VOCdevkit/VOC2007/JPEGImages/000652.jpg,0,"('chair', 'car')","('car', 'chair')","('car', '')","('', 'chair')",hybrid
4922,data/voc2007/VOCdevkit/VOC2007/JPEGImages/000124.jpg,0,"('pottedplant', 'diningtable')","('diningtable', 'pottedplant')","('diningtable', '')","('', 'pottedplant')",hybrid
4923,data/voc2007/VOCdevkit/VOC2007/JPEGImages/000683.jpg,0,"('sofa', 'car')","('car', 'sofa')","('car', '')","('', 'sofa')",hybrid
4924,data/voc2007/VOCdevkit/VOC2007/JPEGImages/001764.jpg,0,"('cow', 'person')","('person', 'cow')","('person', '')","('', 'cow')",hybrid
4925,data/voc2007/VOCdevkit/VOC2007/JPEGImages/002671.jpg,0,"('', 'chair')","('chair', 'person')","('chair', '')","('', 'person')",negative
4926,data/voc2007/VOCdevkit/VOC2007/JPEGImages/001305.jpg,0,"('aeroplane', 'car')","('car', 'aeroplane')","('car', '')","('', 'aeroplane')",hybrid
4927,data/voc2007/VOCdevkit/VOC2007/JPEGImages/004829.jpg,0,"('bird', 'person')","('person', 'bird')","('person', '')","('', 'bird')",hybrid
4928,data/voc2007/VOCdevkit/VOC2007/JPEGImages/003822.jpg,0,"('', 'boat')","('boat', 'bird')","('boat', '')","('', 'bird')",negative
4929,data/voc2007/VOCdevkit/VOC2007/JPEGImages/002210.jpg,0,"('', 'person')","('person', 'car')","('person', '')","('', 'car')",negative
4930,data/voc2007/VOCdevkit/VOC2007/JPEGImages/002729.jpg,0,"('', 'chair')","('chair', 'person')","('chair', '')","('', 'person')",negative
4931,data/voc2007/VOCdevkit/VOC2007/JPEGImages/005722.jpg,0,"('', 'chair')","('chair', 'horse')","('chair', '')","('', 'horse')",negative
4932,data/voc2007/VOCdevkit/VOC2007/JPEGImages/004162.jpg,0,"('', 'chair')","('chair', 'person')","('chair', '')","('', 'person')",negative
4933,data/voc2007/VOCdevkit/VOC2007/JPEGImages/006256.jpg,0,"('', 'person')","('person', 'car')","('person', '')","('', 'car')",negative
4934,data/voc2007/VOCdevkit/VOC2007/JPEGImages/008916.jpg,0,"('car', 'chair')","('chair', 'car')","('chair', '')","('', 'car')",hybrid
4935,data/voc2007/VOCdevkit/VOC2007/JPEGImages/004503.jpg,0,"('bird', 'person')","('person', 'bird')","('person', '')","('', 'bird')",hybrid
4936,data/voc2007/VOCdevkit/VOC2007/JPEGImages/004971.jpg,0,"('chair and person', '')","('car', 'chair')","('car', '')","('', 'chair')",positive
4937,data/voc2007/VOCdevkit/VOC2007/JPEGImages/001988.jpg,0,"('person', 'car')","('car', 'person')","('car', '')","('', 'person')",hybrid
4938,data/voc2007/VOCdevkit/VOC2007/JPEGImages/005896.jpg,0,"('', 'chair')","('chair', 'person')","('chair', '')","('', 'person')",negative
4939,data/voc2007/VOCdevkit/VOC2007/JPEGImages/009483.jpg,0,"('', 'tvmonitor')","('tvmonitor', 'cat')","('tvmonitor', '')","('', 'cat')",negative
4940,data/voc2007/VOCdevkit/VOC2007/JPEGImages/005392.jpg,0,"('person and aeroplane', '')","('car', 'person')","('car', '')","('', 'person')",positive
4941,data/voc2007/VOCdevkit/VOC2007/JPEGImages/009820.jpg,0,"('cat', 'tvmonitor')","('tvmonitor', 'cat')","('tvmonitor', '')","('', 'cat')",hybrid
4942,data/voc2007/VOCdevkit/VOC2007/JPEGImages/009452.jpg,0,"('', 'car')","('car', 'person')","('car', '')","('', 'person')",negative
4943,data/voc2007/VOCdevkit/VOC2007/JPEGImages/005435.jpg,0,"('motorbike', 'car')","('car', 'motorbike')","('car', '')","('', 'motorbike')",hybrid
4944,data/voc2007/VOCdevkit/VOC2007/JPEGImages/005847.jpg,0,"('', 'car')","('car', 'train')","('car', '')","('', 'train')",negative
4945,data/voc2007/VOCdevkit/VOC2007/JPEGImages/001959.jpg,0,"('bird', 'boat')","('boat', 'bird')","('boat', '')","('', 'bird')",hybrid
4946,data/voc2007/VOCdevkit/VOC2007/JPEGImages/008212.jpg,0,"('', 'motorbike')","('motorbike', 'bus')","('motorbike', '')","('', 'bus')",negative
4947,data/voc2007/VOCdevkit/VOC2007/JPEGImages/002399.jpg,0,"('', 'car')","('car', 'sofa')","('car', '')","('', 'sofa')",negative
4948,data/voc2007/VOCdevkit/VOC2007/JPEGImages/007360.jpg,0,"('person', 'chair')","('chair', 'person')","('chair', '')","('', 'person')",hybrid
4949,data/voc2007/VOCdevkit/VOC2007/JPEGImages/006287.jpg,0,"('', 'car')","('car', 'chair')","('car', '')","('', 'chair')",negative
4950,data/voc2007/VOCdevkit/VOC2007/JPEGImages/004614.jpg,0,"('bird', 'boat')","('boat', 'bird')","('boat', '')","('', 'bird')",hybrid
4951,data/voc2007/VOCdevkit/VOC2007/JPEGImages/008673.jpg,0,"('bicycle and chair', '')","('diningtable', 'bicycle')","('diningtable', '')","('', 'bicycle')",positive
4952,data/voc2007/VOCdevkit/VOC2007/JPEGImages/009033.jpg,0,"('', 'bus')","('bus', 'car')","('bus', '')","('', 'car')",negative
4953,data/voc2007/VOCdevkit/VOC2007/JPEGImages/007701.jpg,0,"('person', 'chair')","('chair', 'person')","('chair', '')","('', 'person')",hybrid
4954,data/voc2007/VOCdevkit/VOC2007/JPEGImages/003321.jpg,0,"('car', 'person')","('person', 'car')","('person', '')","('', 'car')",hybrid
4955,data/voc2007/VOCdevkit/VOC2007/JPEGImages/003486.jpg,0,"('car', 'horse')","('horse', 'car')","('horse', '')","('', 'car')",hybrid
4956,data/voc2007/VOCdevkit/VOC2007/JPEGImages/007598.jpg,0,"('person and bottle', '')","('chair', 'person')","('chair', '')","('', 'person')",positive
4957,data/voc2007/VOCdevkit/VOC2007/JPEGImages/001474.jpg,0,"('person', 'chair')","('chair', 'person')","('chair', '')","('', 'person')",hybrid
4958,data/voc2007/VOCdevkit/VOC2007/JPEGImages/008898.jpg,0,"('dog', 'person')","('person', 'dog')","('person', '')","('', 'dog')",hybrid
4959,data/voc2007/VOCdevkit/VOC2007/JPEGImages/000234.jpg,0,"('', 'diningtable')","('diningtable', 'chair')","('diningtable', '')","('', 'chair')",negative
4960,data/voc2007/VOCdevkit/VOC2007/JPEGImages/000593.jpg,0,"('', 'bus')","('bus', 'car')","('bus', '')","('', 'car')",negative
4961,data/voc2007/VOCdevkit/VOC2007/JPEGImages/002100.jpg,0,"('', 'diningtable')","('diningtable', 'chair')","('diningtable', '')","('', 'chair')",negative
4962,data/voc2007/VOCdevkit/VOC2007/JPEGImages/000655.jpg,0,"('motorbike', 'chair')","('chair', 'motorbike')","('chair', '')","('', 'motorbike')",hybrid
4963,data/voc2007/VOCdevkit/VOC2007/JPEGImages/001763.jpg,0,"('', 'person')","('person', 'sofa')","('person', '')","('', 'sofa')",negative
4964,data/voc2007/VOCdevkit/VOC2007/JPEGImages/001763.jpg,0,"('dog and sofa', '')","('chair', 'dog')","('chair', '')","('', 'dog')",positive
4965,data/voc2007/VOCdevkit/VOC2007/JPEGImages/003036.jpg,0,"('', 'chair')","('chair', 'person')","('chair', '')","('', 'person')",negative
4966,data/voc2007/VOCdevkit/VOC2007/JPEGImages/002676.jpg,0,"('cow', 'person')","('person', 'cow')","('person', '')","('', 'cow')",hybrid
4967,data/voc2007/VOCdevkit/VOC2007/JPEGImages/000930.jpg,0,"('', 'chair')","('chair', 'person')","('chair', '')","('', 'person')",negative
4968,data/voc2007/VOCdevkit/VOC2007/JPEGImages/000542.jpg,0,"('cat', 'person')","('person', 'cat')","('person', '')","('', 'cat')",hybrid
4969,data/voc2007/VOCdevkit/VOC2007/JPEGImages/001302.jpg,0,"('diningtable', 'person')","('person', 'diningtable')","('person', '')","('', 'diningtable')",hybrid
4970,data/voc2007/VOCdevkit/VOC2007/JPEGImages/007549.jpg,0,"('pottedplant', 'person')","('person', 'pottedplant')","('person', '')","('', 'pottedplant')",hybrid
4971,data/voc2007/VOCdevkit/VOC2007/JPEGImages/002217.jpg,0,"('', 'car')","('car', 'aeroplane')","('car', '')","('', 'aeroplane')",negative
4972,data/voc2007/VOCdevkit/VOC2007/JPEGImages/003457.jpg,0,"('train', 'car')","('car', 'train')","('car', '')","('', 'train')",hybrid
4973,data/voc2007/VOCdevkit/VOC2007/JPEGImages/003825.jpg,0,"('', 'diningtable')","('diningtable', 'person')","('diningtable', '')","('', 'person')",negative
4974,data/voc2007/VOCdevkit/VOC2007/JPEGImages/006197.jpg,0,"('bus', 'person')","('person', 'bus')","('person', '')","('', 'bus')",hybrid
4975,data/voc2007/VOCdevkit/VOC2007/JPEGImages/006630.jpg,0,"('tvmonitor', 'person')","('person', 'tvmonitor')","('person', '')","('', 'tvmonitor')",hybrid
4976,data/voc2007/VOCdevkit/VOC2007/JPEGImages/002089.jpg,0,"('', 'car')","('car', 'aeroplane')","('car', '')","('', 'aeroplane')",negative
4977,data/voc2007/VOCdevkit/VOC2007/JPEGImages/008102.jpg,0,"('', 'car')","('car', 'person')","('car', '')","('', 'person')",negative
4978,data/voc2007/VOCdevkit/VOC2007/JPEGImages/004165.jpg,0,"('cat', 'person')","('person', 'cat')","('person', '')","('', 'cat')",hybrid
4979,data/voc2007/VOCdevkit/VOC2007/JPEGImages/005082.jpg,0,"('', 'chair')","('chair', 'dog')","('chair', '')","('', 'dog')",negative
4980,data/voc2007/VOCdevkit/VOC2007/JPEGImages/005725.jpg,0,"('chair and person', '')","('car', 'chair')","('car', '')","('', 'chair')",positive
4981,data/voc2007/VOCdevkit/VOC2007/JPEGImages/009742.jpg,0,"('diningtable', 'sofa')","('sofa', 'diningtable')","('sofa', '')","('', 'diningtable')",hybrid
4982,data/voc2007/VOCdevkit/VOC2007/JPEGImages/006984.jpg,0,"('', 'person')","('person', 'tvmonitor')","('person', '')","('', 'tvmonitor')",negative
4983,data/voc2007/VOCdevkit/VOC2007/JPEGImages/005891.jpg,0,"('cat', 'person')","('person', 'cat')","('person', '')","('', 'cat')",hybrid
4984,data/voc2007/VOCdevkit/VOC2007/JPEGImages/008563.jpg,0,"('tvmonitor and chair', '')","('diningtable', 'tvmonitor')","('diningtable', '')","('', 'tvmonitor')",positive
4985,data/voc2007/VOCdevkit/VOC2007/JPEGImages/004504.jpg,0,"('', 'tvmonitor')","('tvmonitor', 'cat')","('tvmonitor', '')","('', 'cat')",negative
4986,data/voc2007/VOCdevkit/VOC2007/JPEGImages/008215.jpg,0,"('', 'horse')","('horse', 'person')","('horse', '')","('', 'person')",negative
4987,data/voc2007/VOCdevkit/VOC2007/JPEGImages/009827.jpg,0,"('train and car', '')","('bus', 'train')","('bus', '')","('', 'train')",positive
4988,data/voc2007/VOCdevkit/VOC2007/JPEGImages/005432.jpg,0,"('', 'person')","('person', 'car')","('person', '')","('', 'car')",negative
4989,data/voc2007/VOCdevkit/VOC2007/JPEGImages/006527.jpg,0,"('car and person', '')","('horse', 'car')","('horse', '')","('', 'car')",positive
4990,data/voc2007/VOCdevkit/VOC2007/JPEGImages/006955.jpg,0,"('car', 'bus')","('bus', 'car')","('bus', '')","('', 'car')",hybrid
4991,data/voc2007/VOCdevkit/VOC2007/JPEGImages/006280.jpg,0,"('cat', 'person')","('person', 'cat')","('person', '')","('', 'cat')",hybrid
4992,data/voc2007/VOCdevkit/VOC2007/JPEGImages/007367.jpg,0,"('bus and aeroplane', '')","('person', 'bus')","('person', '')","('', 'bus')",positive
4993,data/voc2007/VOCdevkit/VOC2007/JPEGImages/005053.jpg,0,"('', 'car')","('car', 'horse')","('car', '')","('', 'horse')",negative
4994,data/voc2007/VOCdevkit/VOC2007/JPEGImages/009793.jpg,0,"('', 'person')","('person', 'boat')","('person', '')","('', 'boat')",negative
4995,data/voc2007/VOCdevkit/VOC2007/JPEGImages/004613.jpg,0,"('', 'car')","('car', 'boat')","('car', '')","('', 'boat')",negative
4996,data/voc2007/VOCdevkit/VOC2007/JPEGImages/008674.jpg,0,"('dog', 'sofa')","('sofa', 'dog')","('sofa', '')","('', 'dog')",hybrid
4997,data/voc2007/VOCdevkit/VOC2007/JPEGImages/007706.jpg,0,"('', 'car')","('car', 'person')","('car', '')","('', 'person')",negative
4998,data/voc2007/VOCdevkit/VOC2007/JPEGImages/004883.jpg,0,"('', 'car')","('car', 'bus')","('car', '')","('', 'bus')",negative
4999,data/voc2007/VOCdevkit/VOC2007/JPEGImages/008496.jpg,0,"('', 'car')","('car', 'cat')","('car', '')","('', 'cat')",negative
5000,data/voc2007/VOCdevkit/VOC2007/JPEGImages/008496.jpg,0,"('', 'diningtable')","('diningtable', 'chair')","('diningtable', '')","('', 'chair')",negative
5001,data/voc2007/VOCdevkit/VOC2007/JPEGImages/008331.jpg,0,"('train', 'person')","('person', 'train')","('person', '')","('', 'train')",hybrid
5002,data/voc2007/VOCdevkit/VOC2007/JPEGImages/009903.jpg,0,"('horse', 'chair')","('chair', 'horse')","('chair', '')","('', 'horse')",hybrid
5003,data/voc2007/VOCdevkit/VOC2007/JPEGImages/000248.jpg,0,"('', 'car')","('car', 'person')","('car', '')","('', 'person')",negative
5004,data/voc2007/VOCdevkit/VOC2007/JPEGImages/005516.jpg,0,"('', 'person')","('person', 'bicycle')","('person', '')","('', 'bicycle')",negative
5005,data/voc2007/VOCdevkit/VOC2007/JPEGImages/003888.jpg,0,"('dog', 'sofa')","('sofa', 'dog')","('sofa', '')","('', 'dog')",hybrid
5006,data/voc2007/VOCdevkit/VOC2007/JPEGImages/006871.jpg,0,"('', 'person')","('person', 'cat')","('person', '')","('', 'cat')",negative
5007,data/voc2007/VOCdevkit/VOC2007/JPEGImages/006403.jpg,0,"('dog', 'chair')","('chair', 'dog')","('chair', '')","('', 'dog')",hybrid
5008,data/voc2007/VOCdevkit/VOC2007/JPEGImages/009110.jpg,0,"('person', 'chair')","('chair', 'person')","('chair', '')","('', 'person')",hybrid
5009,data/voc2007/VOCdevkit/VOC2007/JPEGImages/000629.jpg,0,"('', 'chair')","('chair', 'person')","('chair', '')","('', 'person')",negative
5010,data/voc2007/VOCdevkit/VOC2007/JPEGImages/004090.jpg,0,"('', 'chair')","('chair', 'person')","('chair', '')","('', 'person')",negative
5011,data/voc2007/VOCdevkit/VOC2007/JPEGImages/004041.jpg,0,"('person', 'chair')","('chair', 'person')","('chair', '')","('', 'person')",hybrid
5012,data/voc2007/VOCdevkit/VOC2007/JPEGImages/008781.jpg,0,"('', 'sofa')","('sofa', 'dog')","('sofa', '')","('', 'dog')",negative
5013,data/voc2007/VOCdevkit/VOC2007/JPEGImages/009207.jpg,0,"('', 'car')","('car', 'person')","('car', '')","('', 'person')",negative
5014,data/voc2007/VOCdevkit/VOC2007/JPEGImages/000299.jpg,0,"('chair', 'diningtable')","('diningtable', 'chair')","('diningtable', '')","('', 'chair')",hybrid
5015,data/voc2007/VOCdevkit/VOC2007/JPEGImages/000299.jpg,0,"('bottle and chair', '')","('diningtable', 'bottle')","('diningtable', '')","('', 'bottle')",positive
5016,data/voc2007/VOCdevkit/VOC2007/JPEGImages/008447.jpg,0,"('car', 'person')","('person', 'car')","('person', '')","('', 'car')",hybrid
5017,data/voc2007/VOCdevkit/VOC2007/JPEGImages/004420.jpg,0,"('person', 'chair')","('chair', 'person')","('chair', '')","('', 'person')",hybrid
5018,data/voc2007/VOCdevkit/VOC2007/JPEGImages/004119.jpg,0,"('', 'person')","('person', 'chair')","('person', '')","('', 'chair')",negative
5019,data/voc2007/VOCdevkit/VOC2007/JPEGImages/005759.jpg,0,"('person and motorbike', '')","('car', 'person')","('car', '')","('', 'person')",positive
5020,data/voc2007/VOCdevkit/VOC2007/JPEGImages/002752.jpg,0,"('', 'chair')","('chair', 'car')","('chair', '')","('', 'car')",negative
5021,data/voc2007/VOCdevkit/VOC2007/JPEGImages/000466.jpg,0,"('bird', 'person')","('person', 'bird')","('person', '')","('', 'bird')",hybrid
5022,data/voc2007/VOCdevkit/VOC2007/JPEGImages/004578.jpg,0,"('', 'bus')","('bus', 'car')","('bus', '')","('', 'car')",negative
5023,data/voc2007/VOCdevkit/VOC2007/JPEGImages/001581.jpg,0,"('person', 'car')","('car', 'person')","('car', '')","('', 'person')",hybrid
5024,data/voc2007/VOCdevkit/VOC2007/JPEGImages/003901.jpg,0,"('', 'sofa')","('sofa', 'dog')","('sofa', '')","('', 'dog')",negative
5025,data/voc2007/VOCdevkit/VOC2007/JPEGImages/003573.jpg,0,"('', 'chair')","('chair', 'person')","('chair', '')","('', 'person')",negative
5026,data/voc2007/VOCdevkit/VOC2007/JPEGImages/006929.jpg,0,"('bird', 'boat')","('boat', 'bird')","('boat', '')","('', 'bird')",hybrid
5027,data/voc2007/VOCdevkit/VOC2007/JPEGImages/002837.jpg,0,"('horse', 'person')","('person', 'horse')","('person', '')","('', 'horse')",hybrid
5028,data/voc2007/VOCdevkit/VOC2007/JPEGImages/001550.jpg,0,"('', 'bus')","('bus', 'car')","('bus', '')","('', 'car')",negative
5029,data/voc2007/VOCdevkit/VOC2007/JPEGImages/000310.jpg,0,"('', 'car')","('car', 'person')","('car', '')","('', 'person')",negative
5030,data/voc2007/VOCdevkit/VOC2007/JPEGImages/001696.jpg,0,"('sofa', 'car')","('car', 'sofa')","('car', '')","('', 'sofa')",hybrid
5031,data/voc2007/VOCdevkit/VOC2007/JPEGImages/001131.jpg,0,"('', 'person')","('person', 'dog')","('person', '')","('', 'dog')",negative
