correct_answer,caption_0,caption_1,caption_2,caption_3,correct_answer_template,image_path
1,"This video features marching, but not pokemon",This video features dancing and pokemon,This video does not feature dancing,This video features marching,positive,/data/healthy-ml/scratch/kumail/projects/cs/negation/synthetic_dataset/negation_processing_scripts/data/video/MSRVTT/videos/all/video9838.mp4
0,This video features working and technology,This video does not feature working,"This video features arguing, but not technology",This video features arguing,positive,/data/healthy-ml/scratch/kumail/projects/cs/negation/synthetic_dataset/negation_processing_scripts/data/video/MSRVTT/videos/all/video7233.mp4
0,"This video features talking, but not fire","This video features fire, but not talking",This video does not feature woman,This video features fire,hybrid,/data/healthy-ml/scratch/kumail/projects/cs/negation/synthetic_dataset/negation_processing_scripts/data/video/MSRVTT/videos/all/video8680.mp4
1,This video does not feature animation,"This video features cabinet, but not person","This video features person, but not cabinet",This video features person,hybrid,/data/healthy-ml/scratch/kumail/projects/cs/negation/synthetic_dataset/negation_processing_scripts/data/video/MSRVTT/videos/all/video7768.mp4
3,This video features painting,This video does not feature craft,"This video features painting, but not creating",This video features craft and creating,positive,/data/healthy-ml/scratch/kumail/projects/cs/negation/synthetic_dataset/negation_processing_scripts/data/video/MSRVTT/videos/all/video7020.mp4
3,"This video features card game, but not racing",This video does not feature video game,This video features card game,This video features video game and racing,positive,/data/healthy-ml/scratch/kumail/projects/cs/negation/synthetic_dataset/negation_processing_scripts/data/video/MSRVTT/videos/all/video7506.mp4
2,This video does not feature fashion show,"This video features backstage, but not animated models","This video features animated models, but not backstage",This video features backstage,hybrid,/data/healthy-ml/scratch/kumail/projects/cs/negation/synthetic_dataset/negation_processing_scripts/data/video/MSRVTT/videos/all/video7141.mp4
1,This video features soccer,This video does not feature soccer,This video does not feature baseball,"This video features soccer, but not music",negative,/data/healthy-ml/scratch/kumail/projects/cs/negation/synthetic_dataset/negation_processing_scripts/data/video/MSRVTT/videos/all/video7150.mp4
3,This video features punches,This video does not feature martial arts,"This video features punches, but not kicks","This video features kicks, but not punches",hybrid,/data/healthy-ml/scratch/kumail/projects/cs/negation/synthetic_dataset/negation_processing_scripts/data/video/MSRVTT/videos/all/video9685.mp4
1,This video does not feature man,"This video features describing rubber, but not singing",This video features singing,"This video features singing, but not describing rubber",hybrid,/data/healthy-ml/scratch/kumail/projects/cs/negation/synthetic_dataset/negation_processing_scripts/data/video/MSRVTT/videos/all/video7575.mp4
0,This video does not feature football,This video features football,"This video features football, but not playing video game",This video does not feature minecraft,negative,/data/healthy-ml/scratch/kumail/projects/cs/negation/synthetic_dataset/negation_processing_scripts/data/video/MSRVTT/videos/all/video7366.mp4
1,This video features bike,"This video features car, but not bike",This video does not feature driving,"This video features bike, but not car",hybrid,/data/healthy-ml/scratch/kumail/projects/cs/negation/synthetic_dataset/negation_processing_scripts/data/video/MSRVTT/videos/all/video7965.mp4
0,"This video features talking, but not cooking","This video features cooking, but not talking",This video does not feature gossip,This video features cooking,hybrid,/data/healthy-ml/scratch/kumail/projects/cs/negation/synthetic_dataset/negation_processing_scripts/data/video/MSRVTT/videos/all/video8494.mp4
0,"This video features character, but not console",This video does not feature video game,This video features console,"This video features console, but not character",hybrid,/data/healthy-ml/scratch/kumail/projects/cs/negation/synthetic_dataset/negation_processing_scripts/data/video/MSRVTT/videos/all/video7203.mp4
0,"This video features speaking, but not swimming",This video does not feature man in suit,"This video features swimming, but not speaking",This video features swimming,hybrid,/data/healthy-ml/scratch/kumail/projects/cs/negation/synthetic_dataset/negation_processing_scripts/data/video/MSRVTT/videos/all/video8908.mp4
2,"This video features cat, but not owners",This video features cat,This video does not feature cat,This video does not feature dogs playing dead,negative,/data/healthy-ml/scratch/kumail/projects/cs/negation/synthetic_dataset/negation_processing_scripts/data/video/MSRVTT/videos/all/video9034.mp4
0,"This video features kitchen, but not dancing","This video features dancing, but not kitchen",This video features dancing,This video does not feature talking,hybrid,/data/healthy-ml/scratch/kumail/projects/cs/negation/synthetic_dataset/negation_processing_scripts/data/video/MSRVTT/videos/all/video9517.mp4
1,This video does not feature bottle,This video does not feature laughter,"This video features laughter, but not rolling",This video features laughter,negative,/data/healthy-ml/scratch/kumail/projects/cs/negation/synthetic_dataset/negation_processing_scripts/data/video/MSRVTT/videos/all/video9324.mp4
0,This video does not feature celebration,This video features celebration,"This video features celebration, but not rally",This video does not feature protest,negative,/data/healthy-ml/scratch/kumail/projects/cs/negation/synthetic_dataset/negation_processing_scripts/data/video/MSRVTT/videos/all/video8416.mp4
0,This video features rock music and performance,"This video features violence, but not performance",This video features violence,This video does not feature rock music,positive,/data/healthy-ml/scratch/kumail/projects/cs/negation/synthetic_dataset/negation_processing_scripts/data/video/MSRVTT/videos/all/video8978.mp4
0,This video does not feature cooking,"This video features cooking, but not fixing car",This video does not feature car,This video features cooking,negative,/data/healthy-ml/scratch/kumail/projects/cs/negation/synthetic_dataset/negation_processing_scripts/data/video/MSRVTT/videos/all/video7820.mp4
0,This video features wrestling and men,"This video features chess, but not men",This video does not feature wrestling,This video features chess,positive,/data/healthy-ml/scratch/kumail/projects/cs/negation/synthetic_dataset/negation_processing_scripts/data/video/MSRVTT/videos/all/video8470.mp4
3,This video features parade,"This video features parade, but not speaking",This video does not feature protest,This video does not feature parade,negative,/data/healthy-ml/scratch/kumail/projects/cs/negation/synthetic_dataset/negation_processing_scripts/data/video/MSRVTT/videos/all/video9404.mp4
3,"This video features peace, but not fighting",This video does not feature cartoon,This video features peace,"This video features fighting, but not peace",hybrid,/data/healthy-ml/scratch/kumail/projects/cs/negation/synthetic_dataset/negation_processing_scripts/data/video/MSRVTT/videos/all/video9208.mp4
2,This video does not feature singing,This video features silence,This video does not feature silence,"This video features silence, but not boy",negative,/data/healthy-ml/scratch/kumail/projects/cs/negation/synthetic_dataset/negation_processing_scripts/data/video/MSRVTT/videos/all/video7236.mp4
3,This video does not feature dinosaur,"This video features action, but not movie",This video features action,This video features dinosaur and movie,positive,/data/healthy-ml/scratch/kumail/projects/cs/negation/synthetic_dataset/negation_processing_scripts/data/video/MSRVTT/videos/all/video7355.mp4
0,This video does not feature cooking,"This video features cooking, but not grey s anatomy",This video features cooking,This video does not feature man holding baby,negative,/data/healthy-ml/scratch/kumail/projects/cs/negation/synthetic_dataset/negation_processing_scripts/data/video/MSRVTT/videos/all/video8800.mp4
0,"This video features court, but not football","This video features football, but not court",This video features football,This video does not feature basketball,hybrid,/data/healthy-ml/scratch/kumail/projects/cs/negation/synthetic_dataset/negation_processing_scripts/data/video/MSRVTT/videos/all/video8668.mp4
2,"This video features mexican, but not cooking",This video does not feature chinese,"This video features cooking, but not mexican",This video features mexican,hybrid,/data/healthy-ml/scratch/kumail/projects/cs/negation/synthetic_dataset/negation_processing_scripts/data/video/MSRVTT/videos/all/video7823.mp4
1,"This video features baking, but not serving",This video features cooking and serving,This video features baking,This video does not feature cooking,positive,/data/healthy-ml/scratch/kumail/projects/cs/negation/synthetic_dataset/negation_processing_scripts/data/video/MSRVTT/videos/all/video7973.mp4
0,"This video features highlights, but not tennis","This video features tennis, but not highlights",This video does not feature sports,This video features tennis,hybrid,/data/healthy-ml/scratch/kumail/projects/cs/negation/synthetic_dataset/negation_processing_scripts/data/video/MSRVTT/videos/all/video9605.mp4
0,This video does not feature negative emotions,"This video features negative emotions, but not digital letters",This video does not feature mobile phones,This video features negative emotions,negative,/data/healthy-ml/scratch/kumail/projects/cs/negation/synthetic_dataset/negation_processing_scripts/data/video/MSRVTT/videos/all/video7418.mp4
0,This video features nasa and scrolling text,This video does not feature nasa,This video features image,"This video features image, but not scrolling text",positive,/data/healthy-ml/scratch/kumail/projects/cs/negation/synthetic_dataset/negation_processing_scripts/data/video/MSRVTT/videos/all/video7562.mp4
0,This video features crafts and ribbons,"This video features painting, but not ribbons",This video does not feature crafts,This video features painting,positive,/data/healthy-ml/scratch/kumail/projects/cs/negation/synthetic_dataset/negation_processing_scripts/data/video/MSRVTT/videos/all/video7909.mp4
2,This video features bird,This video does not feature pets,This video does not feature bird,"This video features bird, but not celebrities",negative,/data/healthy-ml/scratch/kumail/projects/cs/negation/synthetic_dataset/negation_processing_scripts/data/video/MSRVTT/videos/all/video9828.mp4
1,This video does not feature digging,This video does not feature mud,"This video features mud, but not sand",This video features mud,negative,/data/healthy-ml/scratch/kumail/projects/cs/negation/synthetic_dataset/negation_processing_scripts/data/video/MSRVTT/videos/all/video9338.mp4
1,"This video features dog, but not talking","This video features talking, but not dog",This video does not feature cow,This video features dog,hybrid,/data/healthy-ml/scratch/kumail/projects/cs/negation/synthetic_dataset/negation_processing_scripts/data/video/MSRVTT/videos/all/video9776.mp4
1,This video does not feature rooftop,"This video features man, but not climbing",This video features climbing,"This video features climbing, but not man",hybrid,/data/healthy-ml/scratch/kumail/projects/cs/negation/synthetic_dataset/negation_processing_scripts/data/video/MSRVTT/videos/all/video7468.mp4
0,This video does not feature tile,This video features tile,"This video features tile, but not installation",This video does not feature flooring,negative,/data/healthy-ml/scratch/kumail/projects/cs/negation/synthetic_dataset/negation_processing_scripts/data/video/MSRVTT/videos/all/video8250.mp4
2,This video features hitting,"This video features hitting, but not baseball",This video does not feature hitting,This video does not feature spinning,negative,/data/healthy-ml/scratch/kumail/projects/cs/negation/synthetic_dataset/negation_processing_scripts/data/video/MSRVTT/videos/all/video8049.mp4
1,This video features crying,This video does not feature crying,"This video features crying, but not laughing",This video does not feature baby,negative,/data/healthy-ml/scratch/kumail/projects/cs/negation/synthetic_dataset/negation_processing_scripts/data/video/MSRVTT/videos/all/video7570.mp4
1,This video features men,This video features runway and models,"This video features men, but not models",This video does not feature runway,positive,/data/healthy-ml/scratch/kumail/projects/cs/negation/synthetic_dataset/negation_processing_scripts/data/video/MSRVTT/videos/all/video9308.mp4
3,This video features basketball,This video does not feature gun,"This video features basketball, but not movie",This video features gun and movie,positive,/data/healthy-ml/scratch/kumail/projects/cs/negation/synthetic_dataset/negation_processing_scripts/data/video/MSRVTT/videos/all/video9784.mp4
3,This video does not feature eharmony,"This video features marriage, but not online dating",This video features marriage,"This video features online dating, but not marriage",hybrid,/data/healthy-ml/scratch/kumail/projects/cs/negation/synthetic_dataset/negation_processing_scripts/data/video/MSRVTT/videos/all/video9607.mp4
2,"This video features calm, but not band",This video does not feature music,"This video features band, but not calm",This video features calm,hybrid,/data/healthy-ml/scratch/kumail/projects/cs/negation/synthetic_dataset/negation_processing_scripts/data/video/MSRVTT/videos/all/video7135.mp4
0,"This video features adding toppings, but not baking",This video features baking,This video does not feature making pizza,"This video features baking, but not adding toppings",hybrid,/data/healthy-ml/scratch/kumail/projects/cs/negation/synthetic_dataset/negation_processing_scripts/data/video/MSRVTT/videos/all/video9873.mp4
3,This video does not feature batman,This video features joker,"This video features joker, but not fighting",This video does not feature joker,negative,/data/healthy-ml/scratch/kumail/projects/cs/negation/synthetic_dataset/negation_processing_scripts/data/video/MSRVTT/videos/all/video8249.mp4
0,This video features intimacy and romance,This video does not feature intimacy,"This video features violence, but not romance",This video features violence,positive,/data/healthy-ml/scratch/kumail/projects/cs/negation/synthetic_dataset/negation_processing_scripts/data/video/MSRVTT/videos/all/video7682.mp4
0,This video features man and talking,"This video features listening, but not talking",This video features listening,This video does not feature man,positive,/data/healthy-ml/scratch/kumail/projects/cs/negation/synthetic_dataset/negation_processing_scripts/data/video/MSRVTT/videos/all/video7412.mp4
0,"This video features speed, but not art","This video features art, but not speed",This video features art,This video does not feature car,hybrid,/data/healthy-ml/scratch/kumail/projects/cs/negation/synthetic_dataset/negation_processing_scripts/data/video/MSRVTT/videos/all/video7765.mp4
2,This video features balloon,"This video features balloon, but not man flying",This video features drone and man flying,This video does not feature drone,positive,/data/healthy-ml/scratch/kumail/projects/cs/negation/synthetic_dataset/negation_processing_scripts/data/video/MSRVTT/videos/all/video8125.mp4
0,"This video features medication, but not fighting",This video does not feature communication,"This video features fighting, but not medication",This video features fighting,hybrid,/data/healthy-ml/scratch/kumail/projects/cs/negation/synthetic_dataset/negation_processing_scripts/data/video/MSRVTT/videos/all/video9833.mp4
3,This video does not feature car,This video features racing,"This video features racing, but not testing","This video features testing, but not racing",hybrid,/data/healthy-ml/scratch/kumail/projects/cs/negation/synthetic_dataset/negation_processing_scripts/data/video/MSRVTT/videos/all/video7110.mp4
2,This video features dancing,This video does not feature singing,"This video features slide show, but not dancing","This video features dancing, but not slide show",hybrid,/data/healthy-ml/scratch/kumail/projects/cs/negation/synthetic_dataset/negation_processing_scripts/data/video/MSRVTT/videos/all/video8937.mp4
3,This video features basketball,"This video features basketball, but not videogame",This video does not feature football,"This video features videogame, but not basketball",hybrid,/data/healthy-ml/scratch/kumail/projects/cs/negation/synthetic_dataset/negation_processing_scripts/data/video/MSRVTT/videos/all/video8817.mp4
2,"This video features waking up, but not cartoon",This video features waking up,This video does not feature waking up,This video does not feature falling asleep,negative,/data/healthy-ml/scratch/kumail/projects/cs/negation/synthetic_dataset/negation_processing_scripts/data/video/MSRVTT/videos/all/video7160.mp4
1,"This video features accident, but not travel",This video does not feature accident,This video does not feature people,This video features accident,negative,/data/healthy-ml/scratch/kumail/projects/cs/negation/synthetic_dataset/negation_processing_scripts/data/video/MSRVTT/videos/all/video8306.mp4
2,This video does not feature origami,"This video features sculpture, but not paper",This video features origami and paper,This video features sculpture,positive,/data/healthy-ml/scratch/kumail/projects/cs/negation/synthetic_dataset/negation_processing_scripts/data/video/MSRVTT/videos/all/video9301.mp4
1,This video does not feature video game,This video does not feature playing sports,This video features playing sports,"This video features playing sports, but not driving car",negative,/data/healthy-ml/scratch/kumail/projects/cs/negation/synthetic_dataset/negation_processing_scripts/data/video/MSRVTT/videos/all/video8468.mp4
2,This video does not feature motorcycle,"This video features cooking, but not talking",This video does not feature cooking,This video features cooking,negative,/data/healthy-ml/scratch/kumail/projects/cs/negation/synthetic_dataset/negation_processing_scripts/data/video/MSRVTT/videos/all/video9809.mp4
3,This video does not feature pizza,This video features cake,"This video features cake, but not cook","This video features cook, but not cake",hybrid,/data/healthy-ml/scratch/kumail/projects/cs/negation/synthetic_dataset/negation_processing_scripts/data/video/MSRVTT/videos/all/video8910.mp4
0,This video does not feature romance,This video features romance,This video does not feature nasa,"This video features romance, but not report",negative,/data/healthy-ml/scratch/kumail/projects/cs/negation/synthetic_dataset/negation_processing_scripts/data/video/MSRVTT/videos/all/video7431.mp4
2,"This video features baking, but not broth",This video does not feature cooking,This video does not feature baking,This video features baking,negative,/data/healthy-ml/scratch/kumail/projects/cs/negation/synthetic_dataset/negation_processing_scripts/data/video/MSRVTT/videos/all/video7376.mp4
3,This video does not feature fishing,This video features diving,"This video features diving, but not boating",This video features fishing and boating,positive,/data/healthy-ml/scratch/kumail/projects/cs/negation/synthetic_dataset/negation_processing_scripts/data/video/MSRVTT/videos/all/video7681.mp4
2,"This video features singing, but not editing",This video does not feature computer tutorial,This video does not feature singing,This video features singing,negative,/data/healthy-ml/scratch/kumail/projects/cs/negation/synthetic_dataset/negation_processing_scripts/data/video/MSRVTT/videos/all/video8921.mp4
3,This video features mobile homes,"This video features mobile homes, but not stilt houses",This video does not feature beach houses,This video features beach houses and stilt houses,positive,/data/healthy-ml/scratch/kumail/projects/cs/negation/synthetic_dataset/negation_processing_scripts/data/video/MSRVTT/videos/all/video8426.mp4
3,This video does not feature car commercial,"This video features motorcycle, but not car dealership",This video features motorcycle,This video does not feature motorcycle,negative,/data/healthy-ml/scratch/kumail/projects/cs/negation/synthetic_dataset/negation_processing_scripts/data/video/MSRVTT/videos/all/video8651.mp4
3,This video does not feature fashion,This video features food,"This video features food, but not magazine",This video features fashion and magazine,positive,/data/healthy-ml/scratch/kumail/projects/cs/negation/synthetic_dataset/negation_processing_scripts/data/video/MSRVTT/videos/all/video8806.mp4
0,"This video features music, but not baseball","This video features baseball, but not music",This video does not feature basketball,This video features baseball,hybrid,/data/healthy-ml/scratch/kumail/projects/cs/negation/synthetic_dataset/negation_processing_scripts/data/video/MSRVTT/videos/all/video8253.mp4
0,This video does not feature piano,This video features piano,"This video features piano, but not surfboards",This video does not feature beach balls,negative,/data/healthy-ml/scratch/kumail/projects/cs/negation/synthetic_dataset/negation_processing_scripts/data/video/MSRVTT/videos/all/video8339.mp4
2,This video does not feature woman,"This video features silence, but not talking","This video features talking, but not silence",This video features silence,hybrid,/data/healthy-ml/scratch/kumail/projects/cs/negation/synthetic_dataset/negation_processing_scripts/data/video/MSRVTT/videos/all/video7364.mp4
1,This video does not feature thawing food,"This video features food safety, but not frying food","This video features frying food, but not food safety",This video features frying food,hybrid,/data/healthy-ml/scratch/kumail/projects/cs/negation/synthetic_dataset/negation_processing_scripts/data/video/MSRVTT/videos/all/video8247.mp4
1,"This video features fighting, but not discussing","This video features discussing, but not fighting",This video features fighting,This video does not feature sitting,hybrid,/data/healthy-ml/scratch/kumail/projects/cs/negation/synthetic_dataset/negation_processing_scripts/data/video/MSRVTT/videos/all/video8821.mp4
3,This video features person,"This video features person, but not car driving",This video does not feature virtual reality,"This video features car driving, but not person",hybrid,/data/healthy-ml/scratch/kumail/projects/cs/negation/synthetic_dataset/negation_processing_scripts/data/video/MSRVTT/videos/all/video8473.mp4
0,This video features cartoon and characters,This video does not feature cartoon,"This video features science, but not characters",This video features science,positive,/data/healthy-ml/scratch/kumail/projects/cs/negation/synthetic_dataset/negation_processing_scripts/data/video/MSRVTT/videos/all/video8676.mp4
3,This video does not feature refrigerator,This video features disorganization,"This video features disorganization, but not organization",This video features refrigerator and organization,positive,/data/healthy-ml/scratch/kumail/projects/cs/negation/synthetic_dataset/negation_processing_scripts/data/video/MSRVTT/videos/all/video8495.mp4
1,"This video features soccer, but not playing",This video features minecraft and playing,This video features soccer,This video does not feature minecraft,positive,/data/healthy-ml/scratch/kumail/projects/cs/negation/synthetic_dataset/negation_processing_scripts/data/video/MSRVTT/videos/all/video8797.mp4
1,"This video features rain, but not sky",This video does not feature rain,This video features rain,This video does not feature rocket,negative,/data/healthy-ml/scratch/kumail/projects/cs/negation/synthetic_dataset/negation_processing_scripts/data/video/MSRVTT/videos/all/video9774.mp4
3,"This video features teamwork, but not fighting",This video features teamwork,This video does not feature soccer,This video does not feature teamwork,negative,/data/healthy-ml/scratch/kumail/projects/cs/negation/synthetic_dataset/negation_processing_scripts/data/video/MSRVTT/videos/all/video9681.mp4
3,This video features alien,This video does not feature space,"This video features alien, but not planet",This video features space and planet,positive,/data/healthy-ml/scratch/kumail/projects/cs/negation/synthetic_dataset/negation_processing_scripts/data/video/MSRVTT/videos/all/video9807.mp4
2,"This video features danger, but not car",This video does not feature guitar,This video features guitar and car,This video features danger,positive,/data/healthy-ml/scratch/kumail/projects/cs/negation/synthetic_dataset/negation_processing_scripts/data/video/MSRVTT/videos/all/video9228.mp4
2,This video does not feature photoshop,"This video features golf, but not tutorial",This video features photoshop and tutorial,This video features golf,positive,/data/healthy-ml/scratch/kumail/projects/cs/negation/synthetic_dataset/negation_processing_scripts/data/video/MSRVTT/videos/all/video9812.mp4
1,This video features unpacking,This video features packing and trip,This video does not feature packing,"This video features unpacking, but not trip",positive,/data/healthy-ml/scratch/kumail/projects/cs/negation/synthetic_dataset/negation_processing_scripts/data/video/MSRVTT/videos/all/video8796.mp4
1,"This video features swimming, but not commentary","This video features commentary, but not swimming",This video does not feature wrestling,This video features swimming,hybrid,/data/healthy-ml/scratch/kumail/projects/cs/negation/synthetic_dataset/negation_processing_scripts/data/video/MSRVTT/videos/all/video8440.mp4
1,"This video features man, but not product",This video does not feature man,This video features man,This video does not feature woman,negative,/data/healthy-ml/scratch/kumail/projects/cs/negation/synthetic_dataset/negation_processing_scripts/data/video/MSRVTT/videos/all/video9347.mp4
2,This video does not feature football,"This video features basketball, but not play",This video does not feature basketball,This video features basketball,negative,/data/healthy-ml/scratch/kumail/projects/cs/negation/synthetic_dataset/negation_processing_scripts/data/video/MSRVTT/videos/all/video9647.mp4
2,"This video features television, but not couple",This video does not feature dancing,This video features dancing and couple,This video features television,positive,/data/healthy-ml/scratch/kumail/projects/cs/negation/synthetic_dataset/negation_processing_scripts/data/video/MSRVTT/videos/all/video8807.mp4
1,"This video features pasta, but not chicken",This video features man and chicken,This video features pasta,This video does not feature man,positive,/data/healthy-ml/scratch/kumail/projects/cs/negation/synthetic_dataset/negation_processing_scripts/data/video/MSRVTT/videos/all/video7799.mp4
0,This video features confess and church,This video features fight,This video does not feature confess,"This video features fight, but not church",positive,/data/healthy-ml/scratch/kumail/projects/cs/negation/synthetic_dataset/negation_processing_scripts/data/video/MSRVTT/videos/all/video7686.mp4
1,This video features losing,"This video features shooting, but not losing","This video features losing, but not shooting",This video does not feature basketball,hybrid,/data/healthy-ml/scratch/kumail/projects/cs/negation/synthetic_dataset/negation_processing_scripts/data/video/MSRVTT/videos/all/video9019.mp4
1,"This video features missing, but not playing",This video features basketball and playing,This video features missing,This video does not feature basketball,positive,/data/healthy-ml/scratch/kumail/projects/cs/negation/synthetic_dataset/negation_processing_scripts/data/video/MSRVTT/videos/all/video7112.mp4
3,This video does not feature two women,This video features disagreement,"This video features disagreement, but not talking",This video features two women and talking,positive,/data/healthy-ml/scratch/kumail/projects/cs/negation/synthetic_dataset/negation_processing_scripts/data/video/MSRVTT/videos/all/video7751.mp4
0,This video does not feature book,This video features book,"This video features book, but not audience",This video does not feature late show,negative,/data/healthy-ml/scratch/kumail/projects/cs/negation/synthetic_dataset/negation_processing_scripts/data/video/MSRVTT/videos/all/video8482.mp4
3,This video features film,This video does not feature museum,"This video features film, but not talking",This video does not feature film,negative,/data/healthy-ml/scratch/kumail/projects/cs/negation/synthetic_dataset/negation_processing_scripts/data/video/MSRVTT/videos/all/video9244.mp4
2,This video features eating,This video does not feature calcium,This video does not feature eating,"This video features eating, but not drinking",negative,/data/healthy-ml/scratch/kumail/projects/cs/negation/synthetic_dataset/negation_processing_scripts/data/video/MSRVTT/videos/all/video8067.mp4
2,"This video features screening, but not washing",This video does not feature machinery,"This video features washing, but not screening",This video features screening,hybrid,/data/healthy-ml/scratch/kumail/projects/cs/negation/synthetic_dataset/negation_processing_scripts/data/video/MSRVTT/videos/all/video9735.mp4
3,"This video features music, but not television",This video features music,This video does not feature idea,This video does not feature music,negative,/data/healthy-ml/scratch/kumail/projects/cs/negation/synthetic_dataset/negation_processing_scripts/data/video/MSRVTT/videos/all/video9024.mp4
1,"This video features piano, but not guitar",This video features ukulele and guitar,This video features piano,This video does not feature ukulele,positive,/data/healthy-ml/scratch/kumail/projects/cs/negation/synthetic_dataset/negation_processing_scripts/data/video/MSRVTT/videos/all/video7547.mp4
2,This video does not feature men,"This video features women, but not talking",This video does not feature women,This video features women,negative,/data/healthy-ml/scratch/kumail/projects/cs/negation/synthetic_dataset/negation_processing_scripts/data/video/MSRVTT/videos/all/video7175.mp4
1,This video does not feature fashion,This video features fashion and models,This video features cars,"This video features cars, but not models",positive,/data/healthy-ml/scratch/kumail/projects/cs/negation/synthetic_dataset/negation_processing_scripts/data/video/MSRVTT/videos/all/video7669.mp4
0,"This video features crying, but not laughing",This video does not feature hugging,This video features laughing,"This video features laughing, but not crying",hybrid,/data/healthy-ml/scratch/kumail/projects/cs/negation/synthetic_dataset/negation_processing_scripts/data/video/MSRVTT/videos/all/video7590.mp4
2,"This video features soup, but not stew",This video does not feature meat dish,"This video features stew, but not soup",This video features soup,hybrid,/data/healthy-ml/scratch/kumail/projects/cs/negation/synthetic_dataset/negation_processing_scripts/data/video/MSRVTT/videos/all/video8300.mp4
3,This video features girl,"This video features girl, but not boy",This video does not feature photo,This video does not feature girl,negative,/data/healthy-ml/scratch/kumail/projects/cs/negation/synthetic_dataset/negation_processing_scripts/data/video/MSRVTT/videos/all/video7830.mp4
3,This video features helicopter,This video does not feature paper airplane,"This video features helicopter, but not folding",This video does not feature helicopter,negative,/data/healthy-ml/scratch/kumail/projects/cs/negation/synthetic_dataset/negation_processing_scripts/data/video/MSRVTT/videos/all/video8688.mp4
3,"This video features violence, but not nil",This video features violence,This video does not feature nil,This video features nil and nil,positive,/data/healthy-ml/scratch/kumail/projects/cs/negation/synthetic_dataset/negation_processing_scripts/data/video/MSRVTT/videos/all/video9239.mp4
1,"This video features walking, but not racing","This video features racing, but not walking",This video does not feature car,This video features walking,hybrid,/data/healthy-ml/scratch/kumail/projects/cs/negation/synthetic_dataset/negation_processing_scripts/data/video/MSRVTT/videos/all/video9328.mp4
0,"This video features running, but not hurdle",This video does not feature track,"This video features hurdle, but not running",This video features hurdle,hybrid,/data/healthy-ml/scratch/kumail/projects/cs/negation/synthetic_dataset/negation_processing_scripts/data/video/MSRVTT/videos/all/video8264.mp4
1,"This video features happiness, but not cartoons",This video features squidward and cartoons,This video features happiness,This video does not feature squidward,positive,/data/healthy-ml/scratch/kumail/projects/cs/negation/synthetic_dataset/negation_processing_scripts/data/video/MSRVTT/videos/all/video9814.mp4
0,This video features fried food and cooking,"This video features vegetables, but not cooking",This video does not feature fried food,This video features vegetables,positive,/data/healthy-ml/scratch/kumail/projects/cs/negation/synthetic_dataset/negation_processing_scripts/data/video/MSRVTT/videos/all/video8056.mp4
3,This video features man,This video does not feature woman/lady/person,"This video features man, but not kitchen",This video does not feature man,negative,/data/healthy-ml/scratch/kumail/projects/cs/negation/synthetic_dataset/negation_processing_scripts/data/video/MSRVTT/videos/all/video9307.mp4
2,This video features soccer,"This video features soccer, but not beach",This video does not feature soccer,This video does not feature singing,negative,/data/healthy-ml/scratch/kumail/projects/cs/negation/synthetic_dataset/negation_processing_scripts/data/video/MSRVTT/videos/all/video7917.mp4
1,This video features political debate,"This video features commercial, but not political debate","This video features political debate, but not commercial",This video does not feature late show,hybrid,/data/healthy-ml/scratch/kumail/projects/cs/negation/synthetic_dataset/negation_processing_scripts/data/video/MSRVTT/videos/all/video7754.mp4
1,This video does not feature rhinoceros,This video features rhinoceros and field,"This video features aggression, but not field",This video features aggression,positive,/data/healthy-ml/scratch/kumail/projects/cs/negation/synthetic_dataset/negation_processing_scripts/data/video/MSRVTT/videos/all/video8244.mp4
0,"This video features performing, but not painting","This video features painting, but not performing",This video features painting,This video does not feature band,hybrid,/data/healthy-ml/scratch/kumail/projects/cs/negation/synthetic_dataset/negation_processing_scripts/data/video/MSRVTT/videos/all/video7461.mp4
3,This video features game,This video does not feature brochure,"This video features game, but not movie",This video features brochure and movie,positive,/data/healthy-ml/scratch/kumail/projects/cs/negation/synthetic_dataset/negation_processing_scripts/data/video/MSRVTT/videos/all/video8684.mp4
2,This video does not feature fighting,"This video features love, but not woman",This video features fighting and woman,This video features love,positive,/data/healthy-ml/scratch/kumail/projects/cs/negation/synthetic_dataset/negation_processing_scripts/data/video/MSRVTT/videos/all/video9623.mp4
0,This video does not feature gaming,This video features gaming,This video does not feature computer,"This video features gaming, but not connecting",negative,/data/healthy-ml/scratch/kumail/projects/cs/negation/synthetic_dataset/negation_processing_scripts/data/video/MSRVTT/videos/all/video9770.mp4
1,This video does not feature mario game,"This video features playing, but not tennis",This video features tennis,"This video features tennis, but not playing",hybrid,/data/healthy-ml/scratch/kumail/projects/cs/negation/synthetic_dataset/negation_processing_scripts/data/video/MSRVTT/videos/all/video8459.mp4
1,This video does not feature mixing spices,This video does not feature baking,This video features baking,"This video features baking, but not assortment of ingredients",negative,/data/healthy-ml/scratch/kumail/projects/cs/negation/synthetic_dataset/negation_processing_scripts/data/video/MSRVTT/videos/all/video9689.mp4
2,"This video features swimming pool, but not race track",This video features swimming pool,"This video features race track, but not swimming pool",This video does not feature race cars,hybrid,/data/healthy-ml/scratch/kumail/projects/cs/negation/synthetic_dataset/negation_processing_scripts/data/video/MSRVTT/videos/all/video7214.mp4
0,"This video features driving, but not bicycle",This video does not feature car,"This video features bicycle, but not driving",This video features bicycle,hybrid,/data/healthy-ml/scratch/kumail/projects/cs/negation/synthetic_dataset/negation_processing_scripts/data/video/MSRVTT/videos/all/video7616.mp4
2,This video does not feature building,"This video features inside, but not chinese temple",This video features building and chinese temple,This video features inside,positive,/data/healthy-ml/scratch/kumail/projects/cs/negation/synthetic_dataset/negation_processing_scripts/data/video/MSRVTT/videos/all/video8741.mp4
2,This video features microwave,This video does not feature cooking,This video does not feature microwave,"This video features microwave, but not pan",negative,/data/healthy-ml/scratch/kumail/projects/cs/negation/synthetic_dataset/negation_processing_scripts/data/video/MSRVTT/videos/all/video8751.mp4
0,This video does not feature park,"This video features park, but not animation",This video features park,This video does not feature cupid,negative,/data/healthy-ml/scratch/kumail/projects/cs/negation/synthetic_dataset/negation_processing_scripts/data/video/MSRVTT/videos/all/video7365.mp4
0,This video features pitcher and baseball,"This video features cricket, but not baseball",This video features cricket,This video does not feature pitcher,positive,/data/healthy-ml/scratch/kumail/projects/cs/negation/synthetic_dataset/negation_processing_scripts/data/video/MSRVTT/videos/all/video9021.mp4
2,This video features hulk,This video does not feature captain america,This video does not feature hulk,"This video features hulk, but not bridge",negative,/data/healthy-ml/scratch/kumail/projects/cs/negation/synthetic_dataset/negation_processing_scripts/data/video/MSRVTT/videos/all/video8319.mp4
0,"This video features barn, but not cats",This video does not feature horses,This video features cats,"This video features cats, but not barn",hybrid,/data/healthy-ml/scratch/kumail/projects/cs/negation/synthetic_dataset/negation_processing_scripts/data/video/MSRVTT/videos/all/video8327.mp4
1,This video does not feature hugging,"This video features dancing, but not argument","This video features argument, but not dancing",This video features argument,hybrid,/data/healthy-ml/scratch/kumail/projects/cs/negation/synthetic_dataset/negation_processing_scripts/data/video/MSRVTT/videos/all/video9801.mp4
2,This video does not feature band,"This video features swimming, but not performing",This video does not feature swimming,This video features swimming,negative,/data/healthy-ml/scratch/kumail/projects/cs/negation/synthetic_dataset/negation_processing_scripts/data/video/MSRVTT/videos/all/video9243.mp4
3,This video features cooking,This video does not feature machinery,"This video features cooking, but not explaining",This video features machinery and explaining,positive,/data/healthy-ml/scratch/kumail/projects/cs/negation/synthetic_dataset/negation_processing_scripts/data/video/MSRVTT/videos/all/video9368.mp4
0,This video does not feature frying,This video does not feature mixing,"This video features frying, but not bowl",This video features frying,negative,/data/healthy-ml/scratch/kumail/projects/cs/negation/synthetic_dataset/negation_processing_scripts/data/video/MSRVTT/videos/all/video9731.mp4
1,This video features baking,This video does not feature baking,This video does not feature cooking,"This video features baking, but not chef",negative,/data/healthy-ml/scratch/kumail/projects/cs/negation/synthetic_dataset/negation_processing_scripts/data/video/MSRVTT/videos/all/video7695.mp4
2,This video does not feature cooking,This video features fine dining,This video features cooking and culture,"This video features fine dining, but not culture",positive,/data/healthy-ml/scratch/kumail/projects/cs/negation/synthetic_dataset/negation_processing_scripts/data/video/MSRVTT/videos/all/video8836.mp4
3,This video features swimming,"This video features swimming, but not people",This video does not feature waterfall,This video features waterfall and people,positive,/data/healthy-ml/scratch/kumail/projects/cs/negation/synthetic_dataset/negation_processing_scripts/data/video/MSRVTT/videos/all/video8335.mp4
3,This video does not feature talking about appliances,This video features washing dishes,"This video features washing dishes, but not best buy","This video features best buy, but not washing dishes",hybrid,/data/healthy-ml/scratch/kumail/projects/cs/negation/synthetic_dataset/negation_processing_scripts/data/video/MSRVTT/videos/all/video7563.mp4
0,This video features children and laughing,This video does not feature children,This video features crying,"This video features crying, but not laughing",positive,/data/healthy-ml/scratch/kumail/projects/cs/negation/synthetic_dataset/negation_processing_scripts/data/video/MSRVTT/videos/all/video7970.mp4
2,This video features dessert,"This video features dessert, but not chef","This video features chef, but not dessert",This video does not feature cooking,hybrid,/data/healthy-ml/scratch/kumail/projects/cs/negation/synthetic_dataset/negation_processing_scripts/data/video/MSRVTT/videos/all/video8662.mp4
0,This video features painting fingernails and nail polish,This video does not feature painting fingernails,"This video features toenails, but not nail polish",This video features toenails,positive,/data/healthy-ml/scratch/kumail/projects/cs/negation/synthetic_dataset/negation_processing_scripts/data/video/MSRVTT/videos/all/video9025.mp4
2,This video features cure,"This video features cure, but not condition",This video does not feature cure,This video does not feature woman,negative,/data/healthy-ml/scratch/kumail/projects/cs/negation/synthetic_dataset/negation_processing_scripts/data/video/MSRVTT/videos/all/video9782.mp4
0,This video features director of data science and interview,"This video features person, but not interview",This video does not feature director of data science,This video features person,positive,/data/healthy-ml/scratch/kumail/projects/cs/negation/synthetic_dataset/negation_processing_scripts/data/video/MSRVTT/videos/all/video9901.mp4
2,This video does not feature pushing,This video features driving,"This video features cartoon characters, but not driving","This video features driving, but not cartoon characters",hybrid,/data/healthy-ml/scratch/kumail/projects/cs/negation/synthetic_dataset/negation_processing_scripts/data/video/MSRVTT/videos/all/video7912.mp4
3,This video features father,"This video features father, but not children",This video does not feature mother,"This video features children, but not father",hybrid,/data/healthy-ml/scratch/kumail/projects/cs/negation/synthetic_dataset/negation_processing_scripts/data/video/MSRVTT/videos/all/video8348.mp4
0,This video does not feature music,"This video features music, but not explanation",This video does not feature biotechnology,This video features music,negative,/data/healthy-ml/scratch/kumail/projects/cs/negation/synthetic_dataset/negation_processing_scripts/data/video/MSRVTT/videos/all/video9119.mp4
0,This video does not feature human,This video does not feature water,This video features human,"This video features human, but not mars",negative,/data/healthy-ml/scratch/kumail/projects/cs/negation/synthetic_dataset/negation_processing_scripts/data/video/MSRVTT/videos/all/video9620.mp4
1,This video features basketball,This video features man and woman,"This video features basketball, but not woman",This video does not feature man,positive,/data/healthy-ml/scratch/kumail/projects/cs/negation/synthetic_dataset/negation_processing_scripts/data/video/MSRVTT/videos/all/video8974.mp4
2,This video does not feature avengers movie,This video features captain america,This video does not feature captain america,"This video features captain america, but not chris hemsworth",negative,/data/healthy-ml/scratch/kumail/projects/cs/negation/synthetic_dataset/negation_processing_scripts/data/video/MSRVTT/videos/all/video9742.mp4
0,This video features couple and kiss,This video features fighting,This video does not feature couple,"This video features fighting, but not kiss",positive,/data/healthy-ml/scratch/kumail/projects/cs/negation/synthetic_dataset/negation_processing_scripts/data/video/MSRVTT/videos/all/video8653.mp4
2,"This video features parade, but not watching fireworks",This video does not feature fireworks,This video features fireworks and watching fireworks,This video features parade,positive,/data/healthy-ml/scratch/kumail/projects/cs/negation/synthetic_dataset/negation_processing_scripts/data/video/MSRVTT/videos/all/video9779.mp4
2,"This video features education, but not fighting",This video features education,"This video features fighting, but not education",This video does not feature playing,hybrid,/data/healthy-ml/scratch/kumail/projects/cs/negation/synthetic_dataset/negation_processing_scripts/data/video/MSRVTT/videos/all/video9035.mp4
3,This video features crashing,"This video features crashing, but not safety",This video does not feature space,"This video features safety, but not crashing",hybrid,/data/healthy-ml/scratch/kumail/projects/cs/negation/synthetic_dataset/negation_processing_scripts/data/video/MSRVTT/videos/all/video9609.mp4
1,"This video features music, but not stage",This video features dancer and stage,This video features music,This video does not feature dancer,positive,/data/healthy-ml/scratch/kumail/projects/cs/negation/synthetic_dataset/negation_processing_scripts/data/video/MSRVTT/videos/all/video7351.mp4
0,This video does not feature violence,This video features violence,This video does not feature making love,"This video features violence, but not couple",negative,/data/healthy-ml/scratch/kumail/projects/cs/negation/synthetic_dataset/negation_processing_scripts/data/video/MSRVTT/videos/all/video7592.mp4
1,This video features gaming,"This video features explaining, but not gaming","This video features gaming, but not explaining",This video does not feature operating system,hybrid,/data/healthy-ml/scratch/kumail/projects/cs/negation/synthetic_dataset/negation_processing_scripts/data/video/MSRVTT/videos/all/video8328.mp4
3,This video features cooking,"This video features cooking, but not nail art",This video does not feature make-up,This video features make-up and nail art,positive,/data/healthy-ml/scratch/kumail/projects/cs/negation/synthetic_dataset/negation_processing_scripts/data/video/MSRVTT/videos/all/video8712.mp4
2,This video does not feature video game,This video features losing,This video does not feature losing,"This video features losing, but not jumping",negative,/data/healthy-ml/scratch/kumail/projects/cs/negation/synthetic_dataset/negation_processing_scripts/data/video/MSRVTT/videos/all/video7919.mp4
2,"This video features swimming, but not outfit",This video does not feature woman,This video features woman and outfit,This video features swimming,positive,/data/healthy-ml/scratch/kumail/projects/cs/negation/synthetic_dataset/negation_processing_scripts/data/video/MSRVTT/videos/all/video8904.mp4
0,This video features pope and sky news,This video features accident,"This video features accident, but not sky news",This video does not feature pope,positive,/data/healthy-ml/scratch/kumail/projects/cs/negation/synthetic_dataset/negation_processing_scripts/data/video/MSRVTT/videos/all/video8243.mp4
1,"This video features basketball, but not judges",This video does not feature basketball,This video does not feature performing,This video features basketball,negative,/data/healthy-ml/scratch/kumail/projects/cs/negation/synthetic_dataset/negation_processing_scripts/data/video/MSRVTT/videos/all/video9778.mp4
1,This video does not feature phone,This video features phone and people,"This video features dog, but not people",This video features dog,positive,/data/healthy-ml/scratch/kumail/projects/cs/negation/synthetic_dataset/negation_processing_scripts/data/video/MSRVTT/videos/all/video9603.mp4
3,This video does not feature interview,"This video features sports, but not conversation",This video features sports,"This video features conversation, but not sports",hybrid,/data/healthy-ml/scratch/kumail/projects/cs/negation/synthetic_dataset/negation_processing_scripts/data/video/MSRVTT/videos/all/video8905.mp4
1,This video does not feature edible blooms,This video does not feature competition,"This video features competition, but not cooking",This video features competition,negative,/data/healthy-ml/scratch/kumail/projects/cs/negation/synthetic_dataset/negation_processing_scripts/data/video/MSRVTT/videos/all/video7566.mp4
1,This video does not feature beatboxing,This video does not feature playing guitar,This video features playing guitar,"This video features playing guitar, but not dancing",negative,/data/healthy-ml/scratch/kumail/projects/cs/negation/synthetic_dataset/negation_processing_scripts/data/video/MSRVTT/videos/all/video7915.mp4
0,"This video features driving, but not skiing",This video features skiing,This video does not feature video game,"This video features skiing, but not driving",hybrid,/data/healthy-ml/scratch/kumail/projects/cs/negation/synthetic_dataset/negation_processing_scripts/data/video/MSRVTT/videos/all/video9355.mp4
1,This video does not feature bow,This video features bow and arrow,"This video features gun, but not arrow",This video features gun,positive,/data/healthy-ml/scratch/kumail/projects/cs/negation/synthetic_dataset/negation_processing_scripts/data/video/MSRVTT/videos/all/video7170.mp4
0,This video features animation and teaching alphabet,This video does not feature animation,"This video features teaching math, but not teaching alphabet",This video features teaching math,positive,/data/healthy-ml/scratch/kumail/projects/cs/negation/synthetic_dataset/negation_processing_scripts/data/video/MSRVTT/videos/all/video8799.mp4
0,This video features jennifer lopez and water,This video features food,"This video features food, but not water",This video does not feature jennifer lopez,positive,/data/healthy-ml/scratch/kumail/projects/cs/negation/synthetic_dataset/negation_processing_scripts/data/video/MSRVTT/videos/all/video7578.mp4
1,This video does not feature chair,"This video features warehouse, but not pirate",This video features pirate,"This video features pirate, but not warehouse",hybrid,/data/healthy-ml/scratch/kumail/projects/cs/negation/synthetic_dataset/negation_processing_scripts/data/video/MSRVTT/videos/all/video7151.mp4
2,This video features lunch,"This video features lunch, but not coworkers",This video does not feature lunch,This video does not feature integrated circuit,negative,/data/healthy-ml/scratch/kumail/projects/cs/negation/synthetic_dataset/negation_processing_scripts/data/video/MSRVTT/videos/all/video8804.mp4
1,"This video features equality, but not press","This video features press, but not equality",This video does not feature interview,This video features equality,hybrid,/data/healthy-ml/scratch/kumail/projects/cs/negation/synthetic_dataset/negation_processing_scripts/data/video/MSRVTT/videos/all/video9341.mp4
1,"This video features gardening, but not talking",This video does not feature gardening,This video does not feature woman,This video features gardening,negative,/data/healthy-ml/scratch/kumail/projects/cs/negation/synthetic_dataset/negation_processing_scripts/data/video/MSRVTT/videos/all/video9575.mp4
3,This video features politics,"This video features politics, but not taylor swift",This video does not feature shoes,"This video features taylor swift, but not politics",hybrid,/data/healthy-ml/scratch/kumail/projects/cs/negation/synthetic_dataset/negation_processing_scripts/data/video/MSRVTT/videos/all/video8481.mp4
0,"This video features riding, but not cruelty",This video does not feature horse,"This video features cruelty, but not riding",This video features cruelty,hybrid,/data/healthy-ml/scratch/kumail/projects/cs/negation/synthetic_dataset/negation_processing_scripts/data/video/MSRVTT/videos/all/video7615.mp4
0,"This video features cnn, but not piano","This video features piano, but not cnn",This video does not feature debate,This video features piano,hybrid,/data/healthy-ml/scratch/kumail/projects/cs/negation/synthetic_dataset/negation_processing_scripts/data/video/MSRVTT/videos/all/video8464.mp4
2,This video features cooking,"This video features cooking, but not science equipment","This video features science equipment, but not cooking",This video does not feature lab safety,hybrid,/data/healthy-ml/scratch/kumail/projects/cs/negation/synthetic_dataset/negation_processing_scripts/data/video/MSRVTT/videos/all/video8257.mp4
2,"This video features ambulance, but not cars",This video does not feature driving,This video features driving and cars,This video features ambulance,positive,/data/healthy-ml/scratch/kumail/projects/cs/negation/synthetic_dataset/negation_processing_scripts/data/video/MSRVTT/videos/all/video8934.mp4
1,"This video features singing, but not decorating",This video features crafting and decorating,This video features singing,This video does not feature crafting,positive,/data/healthy-ml/scratch/kumail/projects/cs/negation/synthetic_dataset/negation_processing_scripts/data/video/MSRVTT/videos/all/video9349.mp4
2,This video does not feature food processor,This video features potato,"This video features tomatoes, but not potato","This video features potato, but not tomatoes",hybrid,/data/healthy-ml/scratch/kumail/projects/cs/negation/synthetic_dataset/negation_processing_scripts/data/video/MSRVTT/videos/all/video7565.mp4
2,"This video features cat, but not dog",This video features cat,"This video features dog, but not cat",This video does not feature girl,hybrid,/data/healthy-ml/scratch/kumail/projects/cs/negation/synthetic_dataset/negation_processing_scripts/data/video/MSRVTT/videos/all/video7579.mp4
3,This video does not feature race car,This video features bike,"This video features bike, but not track",This video features race car and track,positive,/data/healthy-ml/scratch/kumail/projects/cs/negation/synthetic_dataset/negation_processing_scripts/data/video/MSRVTT/videos/all/video7219.mp4
0,This video features man and talking,"This video features woman, but not talking",This video does not feature man,This video features woman,positive,/data/healthy-ml/scratch/kumail/projects/cs/negation/synthetic_dataset/negation_processing_scripts/data/video/MSRVTT/videos/all/video7375.mp4
3,"This video features toy, but not video game",This video features toy,This video does not feature software,This video features software and video game,positive,/data/healthy-ml/scratch/kumail/projects/cs/negation/synthetic_dataset/negation_processing_scripts/data/video/MSRVTT/videos/all/video8111.mp4
2,"This video features dancing, but not singing",This video does not feature girl,"This video features singing, but not dancing",This video features dancing,hybrid,/data/healthy-ml/scratch/kumail/projects/cs/negation/synthetic_dataset/negation_processing_scripts/data/video/MSRVTT/videos/all/video9518.mp4
2,This video features silent,"This video features silent, but not talking",This video does not feature silent,This video does not feature cooking,negative,/data/healthy-ml/scratch/kumail/projects/cs/negation/synthetic_dataset/negation_processing_scripts/data/video/MSRVTT/videos/all/video7572.mp4
0,This video does not feature soccer,"This video features soccer, but not playing",This video features soccer,This video does not feature video game,negative,/data/healthy-ml/scratch/kumail/projects/cs/negation/synthetic_dataset/negation_processing_scripts/data/video/MSRVTT/videos/all/video9031.mp4
2,"This video features playing video games, but not students learning",This video features playing video games,"This video features students learning, but not playing video games",This video does not feature computers,hybrid,/data/healthy-ml/scratch/kumail/projects/cs/negation/synthetic_dataset/negation_processing_scripts/data/video/MSRVTT/videos/all/video8472.mp4
0,"This video features squidward, but not bill",This video features bill,This video does not feature phone,"This video features bill, but not squidward",hybrid,/data/healthy-ml/scratch/kumail/projects/cs/negation/synthetic_dataset/negation_processing_scripts/data/video/MSRVTT/videos/all/video7029.mp4
1,This video does not feature singing,This video features singing and stage,"This video features rap, but not stage",This video features rap,positive,/data/healthy-ml/scratch/kumail/projects/cs/negation/synthetic_dataset/negation_processing_scripts/data/video/MSRVTT/videos/all/video9202.mp4
0,"This video features man, but not cat","This video features cat, but not man",This video features cat,This video does not feature sugar glider,hybrid,/data/healthy-ml/scratch/kumail/projects/cs/negation/synthetic_dataset/negation_processing_scripts/data/video/MSRVTT/videos/all/video7546.mp4
3,This video features happy,"This video features happy, but not dancing",This video does not feature skeleton,"This video features dancing, but not happy",hybrid,/data/healthy-ml/scratch/kumail/projects/cs/negation/synthetic_dataset/negation_processing_scripts/data/video/MSRVTT/videos/all/video7786.mp4
0,"This video features discussing, but not women","This video features women, but not discussing",This video features women,This video does not feature red car,hybrid,/data/healthy-ml/scratch/kumail/projects/cs/negation/synthetic_dataset/negation_processing_scripts/data/video/MSRVTT/videos/all/video7844.mp4
0,This video does not feature fortnite,"This video features fortnite, but not gameplay",This video features fortnite,This video does not feature minecraft,negative,/data/healthy-ml/scratch/kumail/projects/cs/negation/synthetic_dataset/negation_processing_scripts/data/video/MSRVTT/videos/all/video8663.mp4
2,"This video features swimming, but not race",This video features swimming,"This video features race, but not swimming",This video does not feature running,hybrid,/data/healthy-ml/scratch/kumail/projects/cs/negation/synthetic_dataset/negation_processing_scripts/data/video/MSRVTT/videos/all/video7131.mp4
0,This video features teacher and singing,"This video features math, but not singing",This video features math,This video does not feature teacher,positive,/data/healthy-ml/scratch/kumail/projects/cs/negation/synthetic_dataset/negation_processing_scripts/data/video/MSRVTT/videos/all/video9777.mp4
0,This video does not feature woman,This video does not feature kayaking,This video features woman,"This video features woman, but not man",negative,/data/healthy-ml/scratch/kumail/projects/cs/negation/synthetic_dataset/negation_processing_scripts/data/video/MSRVTT/videos/all/video8457.mp4
3,This video does not feature water cooling system,"This video features food processor, but not repair",This video features food processor,This video features water cooling system and repair,positive,/data/healthy-ml/scratch/kumail/projects/cs/negation/synthetic_dataset/negation_processing_scripts/data/video/MSRVTT/videos/all/video7237.mp4
3,This video does not feature talking,"This video features fighting, but not father-son",This video features fighting,This video features talking and father-son,positive,/data/healthy-ml/scratch/kumail/projects/cs/negation/synthetic_dataset/negation_processing_scripts/data/video/MSRVTT/videos/all/video7413.mp4
3,This video features fortnite,This video does not feature minecraft,"This video features fortnite, but not gameplay","This video features gameplay, but not fortnite",hybrid,/data/healthy-ml/scratch/kumail/projects/cs/negation/synthetic_dataset/negation_processing_scripts/data/video/MSRVTT/videos/all/video8578.mp4
2,This video features ballet,This video does not feature dance,This video does not feature ballet,"This video features ballet, but not performing",negative,/data/healthy-ml/scratch/kumail/projects/cs/negation/synthetic_dataset/negation_processing_scripts/data/video/MSRVTT/videos/all/video9063.mp4
0,"This video features humor, but not health","This video features health, but not humor",This video does not feature bottled water,This video features health,hybrid,/data/healthy-ml/scratch/kumail/projects/cs/negation/synthetic_dataset/negation_processing_scripts/data/video/MSRVTT/videos/all/video9206.mp4
2,"This video features singing, but not baby monitor app",This video does not feature phone,This video features phone and baby monitor app,This video features singing,positive,/data/healthy-ml/scratch/kumail/projects/cs/negation/synthetic_dataset/negation_processing_scripts/data/video/MSRVTT/videos/all/video9697.mp4
3,This video does not feature driving,"This video features accident, but not car",This video features accident,"This video features car, but not accident",hybrid,/data/healthy-ml/scratch/kumail/projects/cs/negation/synthetic_dataset/negation_processing_scripts/data/video/MSRVTT/videos/all/video8344.mp4
2,This video features piano,This video does not feature playing video game,This video does not feature piano,"This video features piano, but not sims",negative,/data/healthy-ml/scratch/kumail/projects/cs/negation/synthetic_dataset/negation_processing_scripts/data/video/MSRVTT/videos/all/video8862.mp4
3,"This video features sports, but not blonde woman",This video does not feature interview,This video features sports,This video does not feature sports,negative,/data/healthy-ml/scratch/kumail/projects/cs/negation/synthetic_dataset/negation_processing_scripts/data/video/MSRVTT/videos/all/video9512.mp4
2,"This video features exercise, but not explanation",This video does not feature heart,This video features heart and explanation,This video features exercise,positive,/data/healthy-ml/scratch/kumail/projects/cs/negation/synthetic_dataset/negation_processing_scripts/data/video/MSRVTT/videos/all/video8666.mp4
0,This video does not feature dancing,"This video features dancing, but not talking",This video features dancing,This video does not feature chef,negative,/data/healthy-ml/scratch/kumail/projects/cs/negation/synthetic_dataset/negation_processing_scripts/data/video/MSRVTT/videos/all/video9752.mp4
1,This video does not feature car,This video features car and driving,"This video features parking, but not driving",This video features parking,positive,/data/healthy-ml/scratch/kumail/projects/cs/negation/synthetic_dataset/negation_processing_scripts/data/video/MSRVTT/videos/all/video9252.mp4
2,"This video features sushi, but not cooking show",This video features sushi,This video does not feature sushi,This video does not feature prawn noodles soup,negative,/data/healthy-ml/scratch/kumail/projects/cs/negation/synthetic_dataset/negation_processing_scripts/data/video/MSRVTT/videos/all/video9409.mp4
0,"This video features taking a bath, but not sunbathing","This video features sunbathing, but not taking a bath",This video does not feature boys,This video features sunbathing,hybrid,/data/healthy-ml/scratch/kumail/projects/cs/negation/synthetic_dataset/negation_processing_scripts/data/video/MSRVTT/videos/all/video9240.mp4
3,"This video features arguing, but not travelling",This video does not feature talking,This video features arguing,This video features talking and travelling,positive,/data/healthy-ml/scratch/kumail/projects/cs/negation/synthetic_dataset/negation_processing_scripts/data/video/MSRVTT/videos/all/video8879.mp4
2,This video features comedy,"This video features comedy, but not family",This video does not feature comedy,This video does not feature ghost,negative,/data/healthy-ml/scratch/kumail/projects/cs/negation/synthetic_dataset/negation_processing_scripts/data/video/MSRVTT/videos/all/video9878.mp4
3,This video does not feature 3d animation/animated,"This video features happy, but not brain",This video features happy,"This video features brain, but not happy",hybrid,/data/healthy-ml/scratch/kumail/projects/cs/negation/synthetic_dataset/negation_processing_scripts/data/video/MSRVTT/videos/all/video8911.mp4
0,This video features spongebob and talking,"This video features music, but not talking",This video does not feature spongebob,This video features music,positive,/data/healthy-ml/scratch/kumail/projects/cs/negation/synthetic_dataset/negation_processing_scripts/data/video/MSRVTT/videos/all/video8673.mp4
0,This video features ebook and digital reading device,This video features printed book,"This video features printed book, but not digital reading device",This video does not feature ebook,positive,/data/healthy-ml/scratch/kumail/projects/cs/negation/synthetic_dataset/negation_processing_scripts/data/video/MSRVTT/videos/all/video7134.mp4
3,This video does not feature men,"This video features friendship, but not guns",This video features friendship,"This video features guns, but not friendship",hybrid,/data/healthy-ml/scratch/kumail/projects/cs/negation/synthetic_dataset/negation_processing_scripts/data/video/MSRVTT/videos/all/video8780.mp4
3,This video does not feature flowers,"This video features protest, but not remembrance",This video features protest,"This video features remembrance, but not protest",hybrid,/data/healthy-ml/scratch/kumail/projects/cs/negation/synthetic_dataset/negation_processing_scripts/data/video/MSRVTT/videos/all/video8906.mp4
2,This video features workers resting,"This video features workers resting, but not assembly line",This video does not feature workers resting,This video does not feature car manufacturing,negative,/data/healthy-ml/scratch/kumail/projects/cs/negation/synthetic_dataset/negation_processing_scripts/data/video/MSRVTT/videos/all/video8901.mp4
1,This video does not feature skiing,This video does not feature video game,This video features video game,"This video features video game, but not ski resort",negative,/data/healthy-ml/scratch/kumail/projects/cs/negation/synthetic_dataset/negation_processing_scripts/data/video/MSRVTT/videos/all/video7854.mp4
3,This video features swimming,This video does not feature wrestling,"This video features swimming, but not crowd",This video features wrestling and crowd,positive,/data/healthy-ml/scratch/kumail/projects/cs/negation/synthetic_dataset/negation_processing_scripts/data/video/MSRVTT/videos/all/video8262.mp4
1,This video features vegetables,This video does not feature vegetables,This video does not feature eating,"This video features vegetables, but not children",negative,/data/healthy-ml/scratch/kumail/projects/cs/negation/synthetic_dataset/negation_processing_scripts/data/video/MSRVTT/videos/all/video8480.mp4
3,"This video features movie, but not tv show",This video does not feature people,This video features movie,This video features people and tv show,positive,/data/healthy-ml/scratch/kumail/projects/cs/negation/synthetic_dataset/negation_processing_scripts/data/video/MSRVTT/videos/all/video8318.mp4
2,"This video features silence, but not woman talking",This video features silence,This video features movies and woman talking,This video does not feature movies,positive,/data/healthy-ml/scratch/kumail/projects/cs/negation/synthetic_dataset/negation_processing_scripts/data/video/MSRVTT/videos/all/video7229.mp4
2,"This video features dancing, but not coke",This video does not feature singing,This video does not feature dancing,This video features dancing,negative,/data/healthy-ml/scratch/kumail/projects/cs/negation/synthetic_dataset/negation_processing_scripts/data/video/MSRVTT/videos/all/video8014.mp4
3,This video does not feature diversity,"This video features hatred, but not religion",This video features hatred,This video features diversity and religion,positive,/data/healthy-ml/scratch/kumail/projects/cs/negation/synthetic_dataset/negation_processing_scripts/data/video/MSRVTT/videos/all/video8812.mp4
3,This video features creativity,This video does not feature video game,"This video features creativity, but not gameplay",This video does not feature creativity,negative,/data/healthy-ml/scratch/kumail/projects/cs/negation/synthetic_dataset/negation_processing_scripts/data/video/MSRVTT/videos/all/video9344.mp4
3,This video features fried chicken,This video does not feature bowl,"This video features fried chicken, but not cooking ingredients",This video features bowl and cooking ingredients,positive,/data/healthy-ml/scratch/kumail/projects/cs/negation/synthetic_dataset/negation_processing_scripts/data/video/MSRVTT/videos/all/video7165.mp4
3,"This video features woman, but not speaking",This video does not feature man,This video features woman,This video does not feature woman,negative,/data/healthy-ml/scratch/kumail/projects/cs/negation/synthetic_dataset/negation_processing_scripts/data/video/MSRVTT/videos/all/video7469.mp4
3,"This video features light bulb, but not repair",This video features light bulb,This video does not feature car,"This video features repair, but not light bulb",hybrid,/data/healthy-ml/scratch/kumail/projects/cs/negation/synthetic_dataset/negation_processing_scripts/data/video/MSRVTT/videos/all/video8246.mp4
0,This video does not feature car,This video features car,This video does not feature doll,"This video features car, but not girl",negative,/data/healthy-ml/scratch/kumail/projects/cs/negation/synthetic_dataset/negation_processing_scripts/data/video/MSRVTT/videos/all/video7438.mp4
0,This video does not feature basketball,This video does not feature football video game,This video features basketball,"This video features basketball, but not man explaining new features",negative,/data/healthy-ml/scratch/kumail/projects/cs/negation/synthetic_dataset/negation_processing_scripts/data/video/MSRVTT/videos/all/video7478.mp4
3,This video features dance,This video does not feature presentation,"This video features dance, but not education",This video features presentation and education,positive,/data/healthy-ml/scratch/kumail/projects/cs/negation/synthetic_dataset/negation_processing_scripts/data/video/MSRVTT/videos/all/video8269.mp4
1,This video features silence,"This video features dancing, but not silence",This video does not feature music videos,"This video features silence, but not dancing",hybrid,/data/healthy-ml/scratch/kumail/projects/cs/negation/synthetic_dataset/negation_processing_scripts/data/video/MSRVTT/videos/all/video9815.mp4
3,This video features minion,This video does not feature woman,"This video features minion, but not review","This video features review, but not minion",hybrid,/data/healthy-ml/scratch/kumail/projects/cs/negation/synthetic_dataset/negation_processing_scripts/data/video/MSRVTT/videos/all/video8254.mp4
0,This video features fireworks and city,"This video features rain, but not city",This video features rain,This video does not feature fireworks,positive,/data/healthy-ml/scratch/kumail/projects/cs/negation/synthetic_dataset/negation_processing_scripts/data/video/MSRVTT/videos/all/video8798.mp4
1,This video does not feature older woman,This video features older woman and market,"This video features vegetables, but not market",This video features vegetables,positive,/data/healthy-ml/scratch/kumail/projects/cs/negation/synthetic_dataset/negation_processing_scripts/data/video/MSRVTT/videos/all/video9337.mp4
0,This video does not feature fishing,"This video features fishing, but not playing",This video does not feature minecraft,This video features fishing,negative,/data/healthy-ml/scratch/kumail/projects/cs/negation/synthetic_dataset/negation_processing_scripts/data/video/MSRVTT/videos/all/video7143.mp4
1,This video features horse race,"This video features riding, but not horse race","This video features horse race, but not riding",This video does not feature horseback,hybrid,/data/healthy-ml/scratch/kumail/projects/cs/negation/synthetic_dataset/negation_processing_scripts/data/video/MSRVTT/videos/all/video9248.mp4
0,This video does not feature swimming,This video features swimming,This video does not feature dancing,"This video features swimming, but not gift",negative,/data/healthy-ml/scratch/kumail/projects/cs/negation/synthetic_dataset/negation_processing_scripts/data/video/MSRVTT/videos/all/video7370.mp4
2,This video features racing,"This video features racing, but not sims","This video features sims, but not racing",This video does not feature video game,hybrid,/data/healthy-ml/scratch/kumail/projects/cs/negation/synthetic_dataset/negation_processing_scripts/data/video/MSRVTT/videos/all/video9200.mp4
1,This video does not feature basketball,This video does not feature baseball,This video features baseball,"This video features baseball, but not game",negative,/data/healthy-ml/scratch/kumail/projects/cs/negation/synthetic_dataset/negation_processing_scripts/data/video/MSRVTT/videos/all/video8124.mp4
3,This video does not feature woman,This video features child,"This video features child, but not man",This video features woman and man,positive,/data/healthy-ml/scratch/kumail/projects/cs/negation/synthetic_dataset/negation_processing_scripts/data/video/MSRVTT/videos/all/video8912.mp4
0,This video features cartoon and talking,This video features fighting,This video does not feature cartoon,"This video features fighting, but not talking",positive,/data/healthy-ml/scratch/kumail/projects/cs/negation/synthetic_dataset/negation_processing_scripts/data/video/MSRVTT/videos/all/video7157.mp4
2,This video does not feature boat,"This video features painting, but not cartoon",This video features boat and cartoon,This video features painting,positive,/data/healthy-ml/scratch/kumail/projects/cs/negation/synthetic_dataset/negation_processing_scripts/data/video/MSRVTT/videos/all/video7218.mp4
3,This video features singing,This video does not feature men,"This video features singing, but not climbing","This video features climbing, but not singing",hybrid,/data/healthy-ml/scratch/kumail/projects/cs/negation/synthetic_dataset/negation_processing_scripts/data/video/MSRVTT/videos/all/video7155.mp4
2,This video does not feature train,This video features traffic,This video features train and traveling,"This video features traffic, but not traveling",positive,/data/healthy-ml/scratch/kumail/projects/cs/negation/synthetic_dataset/negation_processing_scripts/data/video/MSRVTT/videos/all/video9246.mp4
2,This video does not feature performance,This video features music,"This video features man, but not music","This video features music, but not man",hybrid,/data/healthy-ml/scratch/kumail/projects/cs/negation/synthetic_dataset/negation_processing_scripts/data/video/MSRVTT/videos/all/video8919.mp4
2,"This video features car, but not racing",This video features car,This video does not feature car,This video does not feature motorcycle,negative,/data/healthy-ml/scratch/kumail/projects/cs/negation/synthetic_dataset/negation_processing_scripts/data/video/MSRVTT/videos/all/video9017.mp4
3,This video features punishment,This video does not feature culture,"This video features punishment, but not discussion","This video features discussion, but not punishment",hybrid,/data/healthy-ml/scratch/kumail/projects/cs/negation/synthetic_dataset/negation_processing_scripts/data/video/MSRVTT/videos/all/video7116.mp4
3,This video does not feature women,This video features furniture,"This video features furniture, but not conversation",This video features women and conversation,positive,/data/healthy-ml/scratch/kumail/projects/cs/negation/synthetic_dataset/negation_processing_scripts/data/video/MSRVTT/videos/all/video8347.mp4
0,This video features explaining medical issue and man talking about stiff person syndrome,This video features cat,This video does not feature explaining medical issue,"This video features cat, but not man talking about stiff person syndrome",positive,/data/healthy-ml/scratch/kumail/projects/cs/negation/synthetic_dataset/negation_processing_scripts/data/video/MSRVTT/videos/all/video8119.mp4
2,"This video features rock, but not women",This video features rock,This video does not feature rock,This video does not feature singing,negative,/data/healthy-ml/scratch/kumail/projects/cs/negation/synthetic_dataset/negation_processing_scripts/data/video/MSRVTT/videos/all/video7411.mp4
3,This video does not feature sleeping beauty,"This video features action movie, but not prince charming",This video features action movie,This video features sleeping beauty and prince charming,positive,/data/healthy-ml/scratch/kumail/projects/cs/negation/synthetic_dataset/negation_processing_scripts/data/video/MSRVTT/videos/all/video9403.mp4
1,This video does not feature video game,This video features video game and motorcycle,This video features basketball,"This video features basketball, but not motorcycle",positive,/data/healthy-ml/scratch/kumail/projects/cs/negation/synthetic_dataset/negation_processing_scripts/data/video/MSRVTT/videos/all/video9832.mp4
1,This video features movie,This video features cartoon and conversation,"This video features movie, but not conversation",This video does not feature cartoon,positive,/data/healthy-ml/scratch/kumail/projects/cs/negation/synthetic_dataset/negation_processing_scripts/data/video/MSRVTT/videos/all/video7831.mp4
2,"This video features sadness, but not woman",This video features sadness,"This video features woman, but not sadness",This video does not feature singing,hybrid,/data/healthy-ml/scratch/kumail/projects/cs/negation/synthetic_dataset/negation_processing_scripts/data/video/MSRVTT/videos/all/video7528.mp4
2,This video features cooking,"This video features cooking, but not food",This video does not feature cooking,This video does not feature serving,negative,/data/healthy-ml/scratch/kumail/projects/cs/negation/synthetic_dataset/negation_processing_scripts/data/video/MSRVTT/videos/all/video9343.mp4
2,"This video features safety, but not lake",This video features safety,This video does not feature safety,This video does not feature crocodiles,negative,/data/healthy-ml/scratch/kumail/projects/cs/negation/synthetic_dataset/negation_processing_scripts/data/video/MSRVTT/videos/all/video8903.mp4
3,This video does not feature camel,This video features horse,"This video features horse, but not petting","This video features petting, but not horse",hybrid,/data/healthy-ml/scratch/kumail/projects/cs/negation/synthetic_dataset/negation_processing_scripts/data/video/MSRVTT/videos/all/video7361.mp4
1,This video does not feature country,This video features country and guitar,"This video features piano, but not guitar",This video features piano,positive,/data/healthy-ml/scratch/kumail/projects/cs/negation/synthetic_dataset/negation_processing_scripts/data/video/MSRVTT/videos/all/video9330.mp4
3,This video does not feature country band,This video features rap,"This video features rap, but not concert","This video features concert, but not rap",hybrid,/data/healthy-ml/scratch/kumail/projects/cs/negation/synthetic_dataset/negation_processing_scripts/data/video/MSRVTT/videos/all/video8926.mp4
0,This video features children and talking,"This video features crying, but not talking",This video features crying,This video does not feature children,positive,/data/healthy-ml/scratch/kumail/projects/cs/negation/synthetic_dataset/negation_processing_scripts/data/video/MSRVTT/videos/all/video8461.mp4
1,This video features baking,This video does not feature baking,This video does not feature recipe,"This video features baking, but not ingredients",negative,/data/healthy-ml/scratch/kumail/projects/cs/negation/synthetic_dataset/negation_processing_scripts/data/video/MSRVTT/videos/all/video9356.mp4
2,This video features arguing,This video does not feature woman,"This video features singing, but not arguing","This video features arguing, but not singing",hybrid,/data/healthy-ml/scratch/kumail/projects/cs/negation/synthetic_dataset/negation_processing_scripts/data/video/MSRVTT/videos/all/video7204.mp4
3,This video does not feature band,This video features electronic music,"This video features electronic music, but not performing",This video does not feature electronic music,negative,/data/healthy-ml/scratch/kumail/projects/cs/negation/synthetic_dataset/negation_processing_scripts/data/video/MSRVTT/videos/all/video7961.mp4
1,This video does not feature eating,"This video features grand mother, but not sports",This video features sports,"This video features sports, but not grand mother",hybrid,/data/healthy-ml/scratch/kumail/projects/cs/negation/synthetic_dataset/negation_processing_scripts/data/video/MSRVTT/videos/all/video8345.mp4
2,This video does not feature zumba,This video features yoga,This video does not feature yoga,"This video features yoga, but not dancing",negative,/data/healthy-ml/scratch/kumail/projects/cs/negation/synthetic_dataset/negation_processing_scripts/data/video/MSRVTT/videos/all/video7202.mp4
3,This video features first-person shooter,This video does not feature video game,"This video features first-person shooter, but not playing","This video features playing, but not first-person shooter",hybrid,/data/healthy-ml/scratch/kumail/projects/cs/negation/synthetic_dataset/negation_processing_scripts/data/video/MSRVTT/videos/all/video9332.mp4
0,This video does not feature action,"This video features action, but not talking",This video features action,This video does not feature movie,negative,/data/healthy-ml/scratch/kumail/projects/cs/negation/synthetic_dataset/negation_processing_scripts/data/video/MSRVTT/videos/all/video9811.mp4
2,This video features baking,"This video features baking, but not potato balls",This video does not feature baking,This video does not feature cooking,negative,/data/healthy-ml/scratch/kumail/projects/cs/negation/synthetic_dataset/negation_processing_scripts/data/video/MSRVTT/videos/all/video7826.mp4
2,This video features treasure,This video does not feature pirate,This video does not feature treasure,"This video features treasure, but not sword",negative,/data/healthy-ml/scratch/kumail/projects/cs/negation/synthetic_dataset/negation_processing_scripts/data/video/MSRVTT/videos/all/video7962.mp4
1,"This video features board game, but not truck",This video does not feature board game,This video features board game,This video does not feature video game,negative,/data/healthy-ml/scratch/kumail/projects/cs/negation/synthetic_dataset/negation_processing_scripts/data/video/MSRVTT/videos/all/video9336.mp4
0,This video features talking and men,This video features friendship,"This video features friendship, but not men",This video does not feature talking,positive,/data/healthy-ml/scratch/kumail/projects/cs/negation/synthetic_dataset/negation_processing_scripts/data/video/MSRVTT/videos/all/video8829.mp4
2,This video features violence,"This video features violence, but not talking","This video features talking, but not violence",This video does not feature news,hybrid,/data/healthy-ml/scratch/kumail/projects/cs/negation/synthetic_dataset/negation_processing_scripts/data/video/MSRVTT/videos/all/video7755.mp4
0,"This video features comedy, but not tragedy","This video features tragedy, but not comedy",This video does not feature tv show,This video features tragedy,hybrid,/data/healthy-ml/scratch/kumail/projects/cs/negation/synthetic_dataset/negation_processing_scripts/data/video/MSRVTT/videos/all/video8337.mp4
1,This video does not feature woman,This video does not feature music,"This video features music, but not planets",This video features music,negative,/data/healthy-ml/scratch/kumail/projects/cs/negation/synthetic_dataset/negation_processing_scripts/data/video/MSRVTT/videos/all/video7577.mp4
0,This video does not feature singing,This video features singing,"This video features singing, but not talking",This video does not feature woman,negative,/data/healthy-ml/scratch/kumail/projects/cs/negation/synthetic_dataset/negation_processing_scripts/data/video/MSRVTT/videos/all/video9011.mp4
3,This video features sports,This video does not feature spongebob,"This video features sports, but not walking",This video does not feature sports,negative,/data/healthy-ml/scratch/kumail/projects/cs/negation/synthetic_dataset/negation_processing_scripts/data/video/MSRVTT/videos/all/video7835.mp4
1,This video features walk,This video does not feature walk,This video does not feature cement truck,"This video features walk, but not driving",negative,/data/healthy-ml/scratch/kumail/projects/cs/negation/synthetic_dataset/negation_processing_scripts/data/video/MSRVTT/videos/all/video8070.mp4
1,"This video features fighting, but not hugging",This video features talking and hugging,This video does not feature talking,This video features fighting,positive,/data/healthy-ml/scratch/kumail/projects/cs/negation/synthetic_dataset/negation_processing_scripts/data/video/MSRVTT/videos/all/video8922.mp4
0,This video features couple and vacation,This video does not feature couple,"This video features ziplining, but not vacation",This video features ziplining,positive,/data/healthy-ml/scratch/kumail/projects/cs/negation/synthetic_dataset/negation_processing_scripts/data/video/MSRVTT/videos/all/video9253.mp4
1,This video does not feature singing,"This video features children, but not rapping","This video features rapping, but not children",This video features rapping,hybrid,/data/healthy-ml/scratch/kumail/projects/cs/negation/synthetic_dataset/negation_processing_scripts/data/video/MSRVTT/videos/all/video8447.mp4
3,This video does not feature interview,This video features violence,"This video features violence, but not bollywood","This video features bollywood, but not violence",hybrid,/data/healthy-ml/scratch/kumail/projects/cs/negation/synthetic_dataset/negation_processing_scripts/data/video/MSRVTT/videos/all/video8453.mp4
0,This video features ferrari and driving,This video does not feature ferrari,This video features music,"This video features music, but not driving",positive,/data/healthy-ml/scratch/kumail/projects/cs/negation/synthetic_dataset/negation_processing_scripts/data/video/MSRVTT/videos/all/video9535.mp4
3,This video features piano,This video does not feature cartoon,"This video features piano, but not singing",This video does not feature piano,negative,/data/healthy-ml/scratch/kumail/projects/cs/negation/synthetic_dataset/negation_processing_scripts/data/video/MSRVTT/videos/all/video7178.mp4
1,This video features film,This video does not feature film,"This video features film, but not woody allen",This video does not feature interview,negative,/data/healthy-ml/scratch/kumail/projects/cs/negation/synthetic_dataset/negation_processing_scripts/data/video/MSRVTT/videos/all/video9885.mp4
2,This video does not feature woman,This video features happy,This video does not feature happy,"This video features happy, but not walking",negative,/data/healthy-ml/scratch/kumail/projects/cs/negation/synthetic_dataset/negation_processing_scripts/data/video/MSRVTT/videos/all/video9237.mp4
3,This video does not feature talking,"This video features television, but not froot loops",This video features television,This video features talking and froot loops,positive,/data/healthy-ml/scratch/kumail/projects/cs/negation/synthetic_dataset/negation_processing_scripts/data/video/MSRVTT/videos/all/video9419.mp4
3,"This video features fighting, but not talking",This video features fighting,This video does not feature interview,This video features interview and talking,positive,/data/healthy-ml/scratch/kumail/projects/cs/negation/synthetic_dataset/negation_processing_scripts/data/video/MSRVTT/videos/all/video7349.mp4
1,This video does not feature people,This video features people and talking,"This video features fighting, but not talking",This video features fighting,positive,/data/healthy-ml/scratch/kumail/projects/cs/negation/synthetic_dataset/negation_processing_scripts/data/video/MSRVTT/videos/all/video7698.mp4
0,This video does not feature tennis,This video features tennis,This video does not feature basketball,"This video features tennis, but not dunk",negative,/data/healthy-ml/scratch/kumail/projects/cs/negation/synthetic_dataset/negation_processing_scripts/data/video/MSRVTT/videos/all/video9018.mp4
0,This video features minecraft and playing,This video does not feature minecraft,"This video features war, but not playing",This video features war,positive,/data/healthy-ml/scratch/kumail/projects/cs/negation/synthetic_dataset/negation_processing_scripts/data/video/MSRVTT/videos/all/video7792.mp4
1,"This video features music, but not news",This video does not feature music,This video features music,This video does not feature interview,negative,/data/healthy-ml/scratch/kumail/projects/cs/negation/synthetic_dataset/negation_processing_scripts/data/video/MSRVTT/videos/all/video8650.mp4
2,This video does not feature movie,This video features love,This video features movie and fighting,"This video features love, but not fighting",positive,/data/healthy-ml/scratch/kumail/projects/cs/negation/synthetic_dataset/negation_processing_scripts/data/video/MSRVTT/videos/all/video9919.mp4
3,This video does not feature tv show,This video features tennis,"This video features tennis, but not mma sports",This video features tv show and mma sports,positive,/data/healthy-ml/scratch/kumail/projects/cs/negation/synthetic_dataset/negation_processing_scripts/data/video/MSRVTT/videos/all/video8120.mp4
3,This video does not feature video game,This video features fishing,"This video features fishing, but not driving",This video does not feature fishing,negative,/data/healthy-ml/scratch/kumail/projects/cs/negation/synthetic_dataset/negation_processing_scripts/data/video/MSRVTT/videos/all/video7445.mp4
3,This video does not feature talking,This video features silent,"This video features silent, but not recording",This video features talking and recording,positive,/data/healthy-ml/scratch/kumail/projects/cs/negation/synthetic_dataset/negation_processing_scripts/data/video/MSRVTT/videos/all/video8456.mp4
3,"This video features hotdog, but not serving",This video does not feature hamburger,This video features hotdog,This video does not feature hotdog,negative,/data/healthy-ml/scratch/kumail/projects/cs/negation/synthetic_dataset/negation_processing_scripts/data/video/MSRVTT/videos/all/video9015.mp4
2,"This video features ball, but not cotton",This video does not feature toy,This video does not feature ball,This video features ball,negative,/data/healthy-ml/scratch/kumail/projects/cs/negation/synthetic_dataset/negation_processing_scripts/data/video/MSRVTT/videos/all/video8774.mp4
2,This video does not feature video games,"This video features talking, but not playing",This video features video games and playing,This video features talking,positive,/data/healthy-ml/scratch/kumail/projects/cs/negation/synthetic_dataset/negation_processing_scripts/data/video/MSRVTT/videos/all/video8116.mp4
1,"This video features fashion, but not subscription",This video does not feature fashion,This video does not feature cooking show,This video features fashion,negative,/data/healthy-ml/scratch/kumail/projects/cs/negation/synthetic_dataset/negation_processing_scripts/data/video/MSRVTT/videos/all/video8690.mp4
3,"This video features argument, but not collaboration",This video features argument,This video does not feature conversation,This video does not feature argument,negative,/data/healthy-ml/scratch/kumail/projects/cs/negation/synthetic_dataset/negation_processing_scripts/data/video/MSRVTT/videos/all/video7114.mp4
0,This video does not feature laughing,This video does not feature running,"This video features laughing, but not watching",This video features laughing,negative,/data/healthy-ml/scratch/kumail/projects/cs/negation/synthetic_dataset/negation_processing_scripts/data/video/MSRVTT/videos/all/video7444.mp4
0,This video features laser cutting and machine,This video does not feature laser cutting,This video features hammer,"This video features hammer, but not machine",positive,/data/healthy-ml/scratch/kumail/projects/cs/negation/synthetic_dataset/negation_processing_scripts/data/video/MSRVTT/videos/all/video9428.mp4
3,This video features woman,This video does not feature phrenology,"This video features woman, but not man",This video does not feature woman,negative,/data/healthy-ml/scratch/kumail/projects/cs/negation/synthetic_dataset/negation_processing_scripts/data/video/MSRVTT/videos/all/video9825.mp4
0,This video does not feature karate,This video features karate,"This video features karate, but not singing",This video does not feature performing,negative,/data/healthy-ml/scratch/kumail/projects/cs/negation/synthetic_dataset/negation_processing_scripts/data/video/MSRVTT/videos/all/video7156.mp4
3,This video features waterfalls,"This video features waterfalls, but not flowers",This video does not feature mountains,This video features mountains and flowers,positive,/data/healthy-ml/scratch/kumail/projects/cs/negation/synthetic_dataset/negation_processing_scripts/data/video/MSRVTT/videos/all/video7914.mp4
1,This video features fighting,"This video features cooking, but not fighting","This video features fighting, but not cooking",This video does not feature animation,hybrid,/data/healthy-ml/scratch/kumail/projects/cs/negation/synthetic_dataset/negation_processing_scripts/data/video/MSRVTT/videos/all/video9537.mp4
3,"This video features boxing, but not competition",This video does not feature wrestling,This video features boxing,This video does not feature boxing,negative,/data/healthy-ml/scratch/kumail/projects/cs/negation/synthetic_dataset/negation_processing_scripts/data/video/MSRVTT/videos/all/video7153.mp4
2,This video does not feature singing,This video features rap,"This video features kids, but not rap","This video features rap, but not kids",hybrid,/data/healthy-ml/scratch/kumail/projects/cs/negation/synthetic_dataset/negation_processing_scripts/data/video/MSRVTT/videos/all/video9303.mp4
2,This video features bike,"This video features bike, but not classic car","This video features classic car, but not bike",This video does not feature man,hybrid,/data/healthy-ml/scratch/kumail/projects/cs/negation/synthetic_dataset/negation_processing_scripts/data/video/MSRVTT/videos/all/video9325.mp4
0,"This video features discussion, but not denial",This video does not feature interview,This video features denial,"This video features denial, but not discussion",hybrid,/data/healthy-ml/scratch/kumail/projects/cs/negation/synthetic_dataset/negation_processing_scripts/data/video/MSRVTT/videos/all/video8822.mp4
0,"This video features guns, but not baking",This video features baking,This video does not feature men,"This video features baking, but not guns",hybrid,/data/healthy-ml/scratch/kumail/projects/cs/negation/synthetic_dataset/negation_processing_scripts/data/video/MSRVTT/videos/all/video9235.mp4
3,This video features flowers,"This video features flowers, but not woman",This video does not feature gta,This video features gta and woman,positive,/data/healthy-ml/scratch/kumail/projects/cs/negation/synthetic_dataset/negation_processing_scripts/data/video/MSRVTT/videos/all/video7502.mp4
3,This video does not feature car,This video features bus,"This video features bus, but not driving","This video features driving, but not bus",hybrid,/data/healthy-ml/scratch/kumail/projects/cs/negation/synthetic_dataset/negation_processing_scripts/data/video/MSRVTT/videos/all/video7138.mp4
0,This video does not feature good news,"This video features good news, but not reporter",This video features good news,This video does not feature news,negative,/data/healthy-ml/scratch/kumail/projects/cs/negation/synthetic_dataset/negation_processing_scripts/data/video/MSRVTT/videos/all/video9819.mp4
1,This video does not feature growth in cities,This video features growth in cities and cities,"This video features decline in cities, but not cities",This video features decline in cities,positive,/data/healthy-ml/scratch/kumail/projects/cs/negation/synthetic_dataset/negation_processing_scripts/data/video/MSRVTT/videos/all/video7890.mp4
3,"This video features woman, but not man",This video features woman,This video does not feature motorcycle,"This video features man, but not woman",hybrid,/data/healthy-ml/scratch/kumail/projects/cs/negation/synthetic_dataset/negation_processing_scripts/data/video/MSRVTT/videos/all/video8657.mp4
3,This video does not feature cartoon character,This video features kindness,"This video features kindness, but not falls",This video features cartoon character and falls,positive,/data/healthy-ml/scratch/kumail/projects/cs/negation/synthetic_dataset/negation_processing_scripts/data/video/MSRVTT/videos/all/video8486.mp4
0,This video does not feature piano,"This video features piano, but not dance",This video does not feature girl/woman,This video features piano,negative,/data/healthy-ml/scratch/kumail/projects/cs/negation/synthetic_dataset/negation_processing_scripts/data/video/MSRVTT/videos/all/video7836.mp4
2,This video features scuba diving,This video does not feature cartoon,This video does not feature scuba diving,"This video features scuba diving, but not teaching",negative,/data/healthy-ml/scratch/kumail/projects/cs/negation/synthetic_dataset/negation_processing_scripts/data/video/MSRVTT/videos/all/video8827.mp4
1,This video does not feature singing,This video features singing and stage,This video features dancing,"This video features dancing, but not stage",positive,/data/healthy-ml/scratch/kumail/projects/cs/negation/synthetic_dataset/negation_processing_scripts/data/video/MSRVTT/videos/all/video9304.mp4
1,This video does not feature horse,"This video features standing, but not dog","This video features dog, but not standing",This video features dog,hybrid,/data/healthy-ml/scratch/kumail/projects/cs/negation/synthetic_dataset/negation_processing_scripts/data/video/MSRVTT/videos/all/video9839.mp4
0,This video does not feature real life,"This video features real life, but not game play",This video does not feature video game,This video features real life,negative,/data/healthy-ml/scratch/kumail/projects/cs/negation/synthetic_dataset/negation_processing_scripts/data/video/MSRVTT/videos/all/video8929.mp4
2,This video does not feature photoshop,"This video features drawing, but not editing",This video does not feature drawing,This video features drawing,negative,/data/healthy-ml/scratch/kumail/projects/cs/negation/synthetic_dataset/negation_processing_scripts/data/video/MSRVTT/videos/all/video9346.mp4
3,This video features father,"This video features father, but not mother",This video does not feature girl,"This video features mother, but not father",hybrid,/data/healthy-ml/scratch/kumail/projects/cs/negation/synthetic_dataset/negation_processing_scripts/data/video/MSRVTT/videos/all/video7782.mp4
1,"This video features cooking, but not talking",This video does not feature cooking,This video features cooking,This video does not feature woman,negative,/data/healthy-ml/scratch/kumail/projects/cs/negation/synthetic_dataset/negation_processing_scripts/data/video/MSRVTT/videos/all/video8471.mp4
3,"This video features playing, but not talking",This video does not feature father,This video features playing,This video features father and talking,positive,/data/healthy-ml/scratch/kumail/projects/cs/negation/synthetic_dataset/negation_processing_scripts/data/video/MSRVTT/videos/all/video9320.mp4
1,This video does not feature cooking,This video does not feature boiling,This video features boiling,"This video features boiling, but not adding sauce",negative,/data/healthy-ml/scratch/kumail/projects/cs/negation/synthetic_dataset/negation_processing_scripts/data/video/MSRVTT/videos/all/video9639.mp4
0,This video does not feature fish,This video does not feature penguins,This video features fish,"This video features fish, but not following",negative,/data/healthy-ml/scratch/kumail/projects/cs/negation/synthetic_dataset/negation_processing_scripts/data/video/MSRVTT/videos/all/video9321.mp4
2,This video does not feature man,"This video features cycling, but not walking",This video does not feature cycling,This video features cycling,negative,/data/healthy-ml/scratch/kumail/projects/cs/negation/synthetic_dataset/negation_processing_scripts/data/video/MSRVTT/videos/all/video9871.mp4
0,This video features classroom and teachers,"This video features playing, but not teachers",This video does not feature classroom,This video features playing,positive,/data/healthy-ml/scratch/kumail/projects/cs/negation/synthetic_dataset/negation_processing_scripts/data/video/MSRVTT/videos/all/video7843.mp4
2,This video does not feature toys,This video features aggressive,"This video features talking, but not aggressive","This video features aggressive, but not talking",hybrid,/data/healthy-ml/scratch/kumail/projects/cs/negation/synthetic_dataset/negation_processing_scripts/data/video/MSRVTT/videos/all/video7034.mp4
0,This video features kuru disease and explaining,This video features vaccination,This video does not feature kuru disease,"This video features vaccination, but not explaining",positive,/data/healthy-ml/scratch/kumail/projects/cs/negation/synthetic_dataset/negation_processing_scripts/data/video/MSRVTT/videos/all/video9728.mp4
0,This video features hillary clinton and news,"This video features donald trump, but not news",This video does not feature hillary clinton,This video features donald trump,positive,/data/healthy-ml/scratch/kumail/projects/cs/negation/synthetic_dataset/negation_processing_scripts/data/video/MSRVTT/videos/all/video8927.mp4
1,"This video features eating, but not texting",This video features movie and texting,This video does not feature movie,This video features eating,positive,/data/healthy-ml/scratch/kumail/projects/cs/negation/synthetic_dataset/negation_processing_scripts/data/video/MSRVTT/videos/all/video7118.mp4
2,This video does not feature minecraft,"This video features angry birds, but not playing","This video features playing, but not angry birds",This video features angry birds,hybrid,/data/healthy-ml/scratch/kumail/projects/cs/negation/synthetic_dataset/negation_processing_scripts/data/video/MSRVTT/videos/all/video8787.mp4
3,"This video features cooking, but not jumping",This video features cooking,This video does not feature martial arts,"This video features jumping, but not cooking",hybrid,/data/healthy-ml/scratch/kumail/projects/cs/negation/synthetic_dataset/negation_processing_scripts/data/video/MSRVTT/videos/all/video8012.mp4
1,This video features swimming,This video does not feature swimming,This video does not feature toy,"This video features swimming, but not bathing",negative,/data/healthy-ml/scratch/kumail/projects/cs/negation/synthetic_dataset/negation_processing_scripts/data/video/MSRVTT/videos/all/video7024.mp4
0,"This video features writing, but not reading",This video features reading,"This video features reading, but not writing",This video does not feature teaching,hybrid,/data/healthy-ml/scratch/kumail/projects/cs/negation/synthetic_dataset/negation_processing_scripts/data/video/MSRVTT/videos/all/video8331.mp4
1,This video does not feature beat boxing,This video features beat boxing and dancing,"This video features video game, but not dancing",This video features video game,positive,/data/healthy-ml/scratch/kumail/projects/cs/negation/synthetic_dataset/negation_processing_scripts/data/video/MSRVTT/videos/all/video7177.mp4
1,"This video features fast driving, but not cartoon",This video features mickey mouse and cartoon,This video does not feature mickey mouse,This video features fast driving,positive,/data/healthy-ml/scratch/kumail/projects/cs/negation/synthetic_dataset/negation_processing_scripts/data/video/MSRVTT/videos/all/video9826.mp4
3,This video does not feature woman,"This video features fighting, but not talking",This video features fighting,This video features woman and talking,positive,/data/healthy-ml/scratch/kumail/projects/cs/negation/synthetic_dataset/negation_processing_scripts/data/video/MSRVTT/videos/all/video8783.mp4
1,This video features peaceful,This video features minecraft and animated,"This video features peaceful, but not animated",This video does not feature minecraft,positive,/data/healthy-ml/scratch/kumail/projects/cs/negation/synthetic_dataset/negation_processing_scripts/data/video/MSRVTT/videos/all/video7574.mp4
2,This video features fighting,This video does not feature soldier,"This video features talking, but not fighting","This video features fighting, but not talking",hybrid,/data/healthy-ml/scratch/kumail/projects/cs/negation/synthetic_dataset/negation_processing_scripts/data/video/MSRVTT/videos/all/video8805.mp4
1,"This video features sports, but not man in red and blue jumpsuit",This video features animated video game and man in red and blue jumpsuit,This video does not feature animated video game,This video features sports,positive,/data/healthy-ml/scratch/kumail/projects/cs/negation/synthetic_dataset/negation_processing_scripts/data/video/MSRVTT/videos/all/video7741.mp4
1,"This video features fighting, but not watching",This video does not feature fighting,This video does not feature movie,This video features fighting,negative,/data/healthy-ml/scratch/kumail/projects/cs/negation/synthetic_dataset/negation_processing_scripts/data/video/MSRVTT/videos/all/video7346.mp4
2,This video features salad,This video does not feature cooking,This video features cooking and pancake,"This video features salad, but not pancake",positive,/data/healthy-ml/scratch/kumail/projects/cs/negation/synthetic_dataset/negation_processing_scripts/data/video/MSRVTT/videos/all/video7591.mp4
2,This video does not feature golf,This video features tennis,This video does not feature tennis,"This video features tennis, but not ball",negative,/data/healthy-ml/scratch/kumail/projects/cs/negation/synthetic_dataset/negation_processing_scripts/data/video/MSRVTT/videos/all/video7771.mp4
3,This video does not feature car,"This video features boat, but not driving",This video features boat,This video does not feature boat,negative,/data/healthy-ml/scratch/kumail/projects/cs/negation/synthetic_dataset/negation_processing_scripts/data/video/MSRVTT/videos/all/video8263.mp4
1,This video features women,"This video features talking, but not women","This video features women, but not talking",This video does not feature movie,hybrid,/data/healthy-ml/scratch/kumail/projects/cs/negation/synthetic_dataset/negation_processing_scripts/data/video/MSRVTT/videos/all/video9545.mp4
0,"This video features playing, but not piano",This video does not feature guitar,This video features piano,"This video features piano, but not playing",hybrid,/data/healthy-ml/scratch/kumail/projects/cs/negation/synthetic_dataset/negation_processing_scripts/data/video/MSRVTT/videos/all/video7227.mp4
3,"This video features animation, but not drawing",This video does not feature cartoon,This video features animation,This video features cartoon and drawing,positive,/data/healthy-ml/scratch/kumail/projects/cs/negation/synthetic_dataset/negation_processing_scripts/data/video/MSRVTT/videos/all/video9242.mp4
0,This video features kickball and men,This video does not feature kickball,"This video features soccer, but not men",This video features soccer,positive,/data/healthy-ml/scratch/kumail/projects/cs/negation/synthetic_dataset/negation_processing_scripts/data/video/MSRVTT/videos/all/video9534.mp4
1,This video does not feature pokemon video game,"This video features pikachu, but not real life","This video features real life, but not pikachu",This video features real life,hybrid,/data/healthy-ml/scratch/kumail/projects/cs/negation/synthetic_dataset/negation_processing_scripts/data/video/MSRVTT/videos/all/video9510.mp4
3,This video does not feature disney,This video features singing,"This video features singing, but not cartoon","This video features cartoon, but not singing",hybrid,/data/healthy-ml/scratch/kumail/projects/cs/negation/synthetic_dataset/negation_processing_scripts/data/video/MSRVTT/videos/all/video7747.mp4
0,"This video features beach, but not winter",This video does not feature bikini,"This video features winter, but not beach",This video features winter,hybrid,/data/healthy-ml/scratch/kumail/projects/cs/negation/synthetic_dataset/negation_processing_scripts/data/video/MSRVTT/videos/all/video8999.mp4
1,This video features dog,This video does not feature dog,This video does not feature woman,"This video features dog, but not bird",negative,/data/healthy-ml/scratch/kumail/projects/cs/negation/synthetic_dataset/negation_processing_scripts/data/video/MSRVTT/videos/all/video7849.mp4
1,This video does not feature arts and crafts,This video features arts and crafts and leaves,This video features surfing,"This video features surfing, but not leaves",positive,/data/healthy-ml/scratch/kumail/projects/cs/negation/synthetic_dataset/negation_processing_scripts/data/video/MSRVTT/videos/all/video8784.mp4
0,This video features video game and playing,This video does not feature video game,This video features board game,"This video features board game, but not playing",positive,/data/healthy-ml/scratch/kumail/projects/cs/negation/synthetic_dataset/negation_processing_scripts/data/video/MSRVTT/videos/all/video8256.mp4
0,"This video features men, but not swimming",This video does not feature wrestling,This video features swimming,"This video features swimming, but not men",hybrid,/data/healthy-ml/scratch/kumail/projects/cs/negation/synthetic_dataset/negation_processing_scripts/data/video/MSRVTT/videos/all/video8823.mp4
0,"This video features goal, but not tennis",This video does not feature soccer,"This video features tennis, but not goal",This video features tennis,hybrid,/data/healthy-ml/scratch/kumail/projects/cs/negation/synthetic_dataset/negation_processing_scripts/data/video/MSRVTT/videos/all/video7378.mp4
0,This video features man walking and buildings,This video features party,"This video features party, but not buildings",This video does not feature man walking,positive,/data/healthy-ml/scratch/kumail/projects/cs/negation/synthetic_dataset/negation_processing_scripts/data/video/MSRVTT/videos/all/video7632.mp4
3,This video does not feature soccer,This video features injury,"This video features injury, but not award",This video features soccer and award,positive,/data/healthy-ml/scratch/kumail/projects/cs/negation/synthetic_dataset/negation_processing_scripts/data/video/MSRVTT/videos/all/video7200.mp4
3,"This video features bike, but not car",This video does not feature man,This video features bike,"This video features car, but not bike",hybrid,/data/healthy-ml/scratch/kumail/projects/cs/negation/synthetic_dataset/negation_processing_scripts/data/video/MSRVTT/videos/all/video7567.mp4
0,This video features singing and recording studio,This video does not feature singing,This video features rap,"This video features rap, but not recording studio",positive,/data/healthy-ml/scratch/kumail/projects/cs/negation/synthetic_dataset/negation_processing_scripts/data/video/MSRVTT/videos/all/video7598.mp4
1,This video features pedestrian safety,"This video features crossing the street, but not pedestrian safety","This video features pedestrian safety, but not crossing the street",This video does not feature dogs,hybrid,/data/healthy-ml/scratch/kumail/projects/cs/negation/synthetic_dataset/negation_processing_scripts/data/video/MSRVTT/videos/all/video9622.mp4
3,This video features fighting,This video does not feature turtles,"This video features fighting, but not swimming",This video features turtles and swimming,positive,/data/healthy-ml/scratch/kumail/projects/cs/negation/synthetic_dataset/negation_processing_scripts/data/video/MSRVTT/videos/all/video7594.mp4
2,"This video features cat, but not shopping",This video features cat,This video features bald man and shopping,This video does not feature bald man,positive,/data/healthy-ml/scratch/kumail/projects/cs/negation/synthetic_dataset/negation_processing_scripts/data/video/MSRVTT/videos/all/video8260.mp4
1,"This video features happiness, but not talking",This video does not feature happiness,This video features happiness,This video does not feature dr phil,negative,/data/healthy-ml/scratch/kumail/projects/cs/negation/synthetic_dataset/negation_processing_scripts/data/video/MSRVTT/videos/all/video8824.mp4
3,"This video features happy, but not looking",This video features happy,This video does not feature window,"This video features looking, but not happy",hybrid,/data/healthy-ml/scratch/kumail/projects/cs/negation/synthetic_dataset/negation_processing_scripts/data/video/MSRVTT/videos/all/video8902.mp4
2,"This video features basketball, but not game",This video features basketball,This video does not feature basketball,This video does not feature baseball,negative,/data/healthy-ml/scratch/kumail/projects/cs/negation/synthetic_dataset/negation_processing_scripts/data/video/MSRVTT/videos/all/video7556.mp4
1,This video does not feature car,This video does not feature motorcycle,"This video features motorcycle, but not review",This video features motorcycle,negative,/data/healthy-ml/scratch/kumail/projects/cs/negation/synthetic_dataset/negation_processing_scripts/data/video/MSRVTT/videos/all/video7026.mp4
2,This video does not feature jobs,This video features war,This video does not feature war,"This video features war, but not news",negative,/data/healthy-ml/scratch/kumail/projects/cs/negation/synthetic_dataset/negation_processing_scripts/data/video/MSRVTT/videos/all/video7834.mp4
0,"This video features makeup, but not nailpolish",This video does not feature lipgloss,This video features nailpolish,"This video features nailpolish, but not makeup",hybrid,/data/healthy-ml/scratch/kumail/projects/cs/negation/synthetic_dataset/negation_processing_scripts/data/video/MSRVTT/videos/all/video9822.mp4
2,This video does not feature walking,This video features running,This video does not feature running,"This video features running, but not dog",negative,/data/healthy-ml/scratch/kumail/projects/cs/negation/synthetic_dataset/negation_processing_scripts/data/video/MSRVTT/videos/all/video7212.mp4
1,"This video features bike, but not car","This video features car, but not bike",This video features bike,This video does not feature driving,hybrid,/data/healthy-ml/scratch/kumail/projects/cs/negation/synthetic_dataset/negation_processing_scripts/data/video/MSRVTT/videos/all/video9691.mp4
2,This video features guitar,"This video features guitar, but not man","This video features man, but not guitar",This video does not feature singing,hybrid,/data/healthy-ml/scratch/kumail/projects/cs/negation/synthetic_dataset/negation_processing_scripts/data/video/MSRVTT/videos/all/video9351.mp4
1,"This video features baked, but not prawns","This video features prawns, but not baked",This video features baked,This video does not feature frying,hybrid,/data/healthy-ml/scratch/kumail/projects/cs/negation/synthetic_dataset/negation_processing_scripts/data/video/MSRVTT/videos/all/video9335.mp4
3,"This video features love, but not racism",This video features love,This video does not feature gun violence,"This video features racism, but not love",hybrid,/data/healthy-ml/scratch/kumail/projects/cs/negation/synthetic_dataset/negation_processing_scripts/data/video/MSRVTT/videos/all/video9829.mp4
0,This video does not feature technology,This video features technology,"This video features technology, but not stem education",This video does not feature man,negative,/data/healthy-ml/scratch/kumail/projects/cs/negation/synthetic_dataset/negation_processing_scripts/data/video/MSRVTT/videos/all/video8830.mp4
3,"This video features singing, but not cash register",This video does not feature cartoon,This video features singing,This video does not feature singing,negative,/data/healthy-ml/scratch/kumail/projects/cs/negation/synthetic_dataset/negation_processing_scripts/data/video/MSRVTT/videos/all/video9300.mp4
3,This video features argument,This video does not feature couple,"This video features argument, but not gift",This video does not feature argument,negative,/data/healthy-ml/scratch/kumail/projects/cs/negation/synthetic_dataset/negation_processing_scripts/data/video/MSRVTT/videos/all/video9682.mp4
1,This video features arguing,This video features conversation and cat,"This video features arguing, but not cat",This video does not feature conversation,positive,/data/healthy-ml/scratch/kumail/projects/cs/negation/synthetic_dataset/negation_processing_scripts/data/video/MSRVTT/videos/all/video9969.mp4
1,This video does not feature video game,This video does not feature boxing,"This video features boxing, but not wrestling",This video features boxing,negative,/data/healthy-ml/scratch/kumail/projects/cs/negation/synthetic_dataset/negation_processing_scripts/data/video/MSRVTT/videos/all/video8310.mp4
2,This video features shark,"This video features shark, but not fish tank",This video does not feature shark,This video does not feature fish,negative,/data/healthy-ml/scratch/kumail/projects/cs/negation/synthetic_dataset/negation_processing_scripts/data/video/MSRVTT/videos/all/video7061.mp4
0,This video features interview and audience,"This video features swimming, but not audience",This video does not feature interview,This video features swimming,positive,/data/healthy-ml/scratch/kumail/projects/cs/negation/synthetic_dataset/negation_processing_scripts/data/video/MSRVTT/videos/all/video8932.mp4
0,"This video features beach, but not clothes",This video features clothes,"This video features clothes, but not beach",This video does not feature woman,hybrid,/data/healthy-ml/scratch/kumail/projects/cs/negation/synthetic_dataset/negation_processing_scripts/data/video/MSRVTT/videos/all/video8678.mp4
1,"This video features basketball, but not beach",This video does not feature basketball,This video features basketball,This video does not feature couple,negative,/data/healthy-ml/scratch/kumail/projects/cs/negation/synthetic_dataset/negation_processing_scripts/data/video/MSRVTT/videos/all/video9016.mp4
3,This video does not feature eating,"This video features swimming, but not sushi",This video features swimming,This video features eating and sushi,positive,/data/healthy-ml/scratch/kumail/projects/cs/negation/synthetic_dataset/negation_processing_scripts/data/video/MSRVTT/videos/all/video7559.mp4
0,This video does not feature rock music,This video does not feature singing,This video features rock music,"This video features rock music, but not country music",negative,/data/healthy-ml/scratch/kumail/projects/cs/negation/synthetic_dataset/negation_processing_scripts/data/video/MSRVTT/videos/all/video9589.mp4
0,This video does not feature love,This video does not feature hindi,This video features love,"This video features love, but not village",negative,/data/healthy-ml/scratch/kumail/projects/cs/negation/synthetic_dataset/negation_processing_scripts/data/video/MSRVTT/videos/all/video7974.mp4
1,"This video features exterior, but not interior","This video features interior, but not exterior",This video features exterior,This video does not feature car,hybrid,/data/healthy-ml/scratch/kumail/projects/cs/negation/synthetic_dataset/negation_processing_scripts/data/video/MSRVTT/videos/all/video7354.mp4
1,This video features argue,This video does not feature argue,This video does not feature spongebob,"This video features argue, but not dance",negative,/data/healthy-ml/scratch/kumail/projects/cs/negation/synthetic_dataset/negation_processing_scripts/data/video/MSRVTT/videos/all/video8916.mp4
2,"This video features snow, but not mountain",This video features snow,This video does not feature snow,This video does not feature ski lift,negative,/data/healthy-ml/scratch/kumail/projects/cs/negation/synthetic_dataset/negation_processing_scripts/data/video/MSRVTT/videos/all/video7174.mp4
2,"This video features dance, but not performance",This video does not feature singing,This video features singing and performance,This video features dance,positive,/data/healthy-ml/scratch/kumail/projects/cs/negation/synthetic_dataset/negation_processing_scripts/data/video/MSRVTT/videos/all/video7569.mp4
1,"This video features men, but not models","This video features models, but not men",This video does not feature fashion show,This video features men,hybrid,/data/healthy-ml/scratch/kumail/projects/cs/negation/synthetic_dataset/negation_processing_scripts/data/video/MSRVTT/videos/all/video8342.mp4
3,This video features funeral home,This video does not feature washing hands,"This video features funeral home, but not discussing job","This video features discussing job, but not funeral home",hybrid,/data/healthy-ml/scratch/kumail/projects/cs/negation/synthetic_dataset/negation_processing_scripts/data/video/MSRVTT/videos/all/video7169.mp4
0,This video does not feature movie,This video does not feature music,This video features movie,"This video features movie, but not band",negative,/data/healthy-ml/scratch/kumail/projects/cs/negation/synthetic_dataset/negation_processing_scripts/data/video/MSRVTT/videos/all/video9793.mp4
2,This video does not feature professional video advertisement,This video features blog,This video features professional video advertisement and social media icons,"This video features blog, but not social media icons",positive,/data/healthy-ml/scratch/kumail/projects/cs/negation/synthetic_dataset/negation_processing_scripts/data/video/MSRVTT/videos/all/video8618.mp4
2,This video features ball,"This video features ball, but not dog",This video does not feature ball,This video does not feature man,negative,/data/healthy-ml/scratch/kumail/projects/cs/negation/synthetic_dataset/negation_processing_scripts/data/video/MSRVTT/videos/all/video9232.mp4
2,This video features board game,This video does not feature video game,This video features video game and playing,"This video features board game, but not playing",positive,/data/healthy-ml/scratch/kumail/projects/cs/negation/synthetic_dataset/negation_processing_scripts/data/video/MSRVTT/videos/all/video9820.mp4
2,This video does not feature swimming,"This video features woman, but not man",This video features swimming and man,This video features woman,positive,/data/healthy-ml/scratch/kumail/projects/cs/negation/synthetic_dataset/negation_processing_scripts/data/video/MSRVTT/videos/all/video9830.mp4
3,"This video features woman, but not man",This video does not feature cooking,This video features woman,This video does not feature woman,negative,/data/healthy-ml/scratch/kumail/projects/cs/negation/synthetic_dataset/negation_processing_scripts/data/video/MSRVTT/videos/all/video8325.mp4
3,This video does not feature sports,"This video features politics, but not highlights",This video features politics,This video features sports and highlights,positive,/data/healthy-ml/scratch/kumail/projects/cs/negation/synthetic_dataset/negation_processing_scripts/data/video/MSRVTT/videos/all/video8013.mp4
3,"This video features peace, but not battle",This video features peace,This video does not feature soldiers,This video does not feature peace,negative,/data/healthy-ml/scratch/kumail/projects/cs/negation/synthetic_dataset/negation_processing_scripts/data/video/MSRVTT/videos/all/video8938.mp4
1,This video features diving,This video does not feature diving,"This video features diving, but not swimming",This video does not feature pool,negative,/data/healthy-ml/scratch/kumail/projects/cs/negation/synthetic_dataset/negation_processing_scripts/data/video/MSRVTT/videos/all/video7797.mp4
1,This video does not feature video game,This video features video game and playing,"This video features basketball, but not playing",This video features basketball,positive,/data/healthy-ml/scratch/kumail/projects/cs/negation/synthetic_dataset/negation_processing_scripts/data/video/MSRVTT/videos/all/video7207.mp4
3,"This video features sneaking, but not singing",This video does not feature kids,This video features sneaking,"This video features singing, but not sneaking",hybrid,/data/healthy-ml/scratch/kumail/projects/cs/negation/synthetic_dataset/negation_processing_scripts/data/video/MSRVTT/videos/all/video9326.mp4
3,"This video features music, but not men",This video does not feature woman,This video features music,"This video features men, but not music",hybrid,/data/healthy-ml/scratch/kumail/projects/cs/negation/synthetic_dataset/negation_processing_scripts/data/video/MSRVTT/videos/all/video8304.mp4
3,"This video features violence, but not group",This video features violence,This video does not feature walking,This video does not feature violence,negative,/data/healthy-ml/scratch/kumail/projects/cs/negation/synthetic_dataset/negation_processing_scripts/data/video/MSRVTT/videos/all/video9521.mp4
3,This video does not feature food,"This video features meat, but not bowl",This video features meat,This video does not feature meat,negative,/data/healthy-ml/scratch/kumail/projects/cs/negation/synthetic_dataset/negation_processing_scripts/data/video/MSRVTT/videos/all/video7898.mp4
0,"This video features father-child relationship, but not swimming",This video features swimming,"This video features swimming, but not father-child relationship",This video does not feature boxing,hybrid,/data/healthy-ml/scratch/kumail/projects/cs/negation/synthetic_dataset/negation_processing_scripts/data/video/MSRVTT/videos/all/video7359.mp4
1,"This video features dance, but not stage",This video features music and stage,This video features dance,This video does not feature music,positive,/data/healthy-ml/scratch/kumail/projects/cs/negation/synthetic_dataset/negation_processing_scripts/data/video/MSRVTT/videos/all/video7558.mp4
3,This video features dance,"This video features dance, but not robin williams",This video does not feature stand-up,"This video features robin williams, but not dance",hybrid,/data/healthy-ml/scratch/kumail/projects/cs/negation/synthetic_dataset/negation_processing_scripts/data/video/MSRVTT/videos/all/video9522.mp4
2,"This video features jennifer lopez, but not discussing",This video does not feature will smith movies,This video does not feature jennifer lopez,This video features jennifer lopez,negative,/data/healthy-ml/scratch/kumail/projects/cs/negation/synthetic_dataset/negation_processing_scripts/data/video/MSRVTT/videos/all/video7501.mp4
3,This video features nighttime,This video does not feature children playing,"This video features nighttime, but not mother",This video does not feature nighttime,negative,/data/healthy-ml/scratch/kumail/projects/cs/negation/synthetic_dataset/negation_processing_scripts/data/video/MSRVTT/videos/all/video8863.mp4
3,This video does not feature dancing,This video features singing,"This video features singing, but not woman","This video features woman, but not singing",hybrid,/data/healthy-ml/scratch/kumail/projects/cs/negation/synthetic_dataset/negation_processing_scripts/data/video/MSRVTT/videos/all/video7573.mp4
1,This video does not feature arts and crafts,"This video features hair accessory, but not knitting",This video features knitting,"This video features knitting, but not hair accessory",hybrid,/data/healthy-ml/scratch/kumail/projects/cs/negation/synthetic_dataset/negation_processing_scripts/data/video/MSRVTT/videos/all/video8620.mp4
3,This video does not feature haircut,This video features woman,"This video features woman, but not barber",This video features haircut and barber,positive,/data/healthy-ml/scratch/kumail/projects/cs/negation/synthetic_dataset/negation_processing_scripts/data/video/MSRVTT/videos/all/video8918.mp4
0,This video does not feature cake,"This video features cake, but not greens",This video features cake,This video does not feature cooking,negative,/data/healthy-ml/scratch/kumail/projects/cs/negation/synthetic_dataset/negation_processing_scripts/data/video/MSRVTT/videos/all/video7845.mp4
3,"This video features woman, but not speaking",This video features woman,This video does not feature man,This video features man and speaking,positive,/data/healthy-ml/scratch/kumail/projects/cs/negation/synthetic_dataset/negation_processing_scripts/data/video/MSRVTT/videos/all/video9690.mp4
3,This video features another game,"This video features another game, but not playing video game",This video does not feature minecraft,"This video features playing video game, but not another game",hybrid,/data/healthy-ml/scratch/kumail/projects/cs/negation/synthetic_dataset/negation_processing_scripts/data/video/MSRVTT/videos/all/video8077.mp4
0,This video features makeup and woman,This video does not feature makeup,This video features man,"This video features man, but not woman",positive,/data/healthy-ml/scratch/kumail/projects/cs/negation/synthetic_dataset/negation_processing_scripts/data/video/MSRVTT/videos/all/video9509.mp4
2,This video does not feature nail art,"This video features feet, but not easter themes","This video features easter themes, but not feet",This video features feet,hybrid,/data/healthy-ml/scratch/kumail/projects/cs/negation/synthetic_dataset/negation_processing_scripts/data/video/MSRVTT/videos/all/video9220.mp4
0,This video features web series and music,This video features romance,This video does not feature web series,"This video features romance, but not music",positive,/data/healthy-ml/scratch/kumail/projects/cs/negation/synthetic_dataset/negation_processing_scripts/data/video/MSRVTT/videos/all/video8683.mp4
2,This video does not feature soldier,This video features peace,This video features soldier and snow,"This video features peace, but not snow",positive,/data/healthy-ml/scratch/kumail/projects/cs/negation/synthetic_dataset/negation_processing_scripts/data/video/MSRVTT/videos/all/video9255.mp4
3,This video does not feature sports,This video features baseball,"This video features baseball, but not vine videos",This video features sports and vine videos,positive,/data/healthy-ml/scratch/kumail/projects/cs/negation/synthetic_dataset/negation_processing_scripts/data/video/MSRVTT/videos/all/video7789.mp4
2,This video features landline telephone,"This video features landline telephone, but not mobile payment",This video features wireless charging and mobile payment,This video does not feature wireless charging,positive,/data/healthy-ml/scratch/kumail/projects/cs/negation/synthetic_dataset/negation_processing_scripts/data/video/MSRVTT/videos/all/video9257.mp4
3,This video features swimming,"This video features swimming, but not match",This video does not feature tennis,"This video features match, but not swimming",hybrid,/data/healthy-ml/scratch/kumail/projects/cs/negation/synthetic_dataset/negation_processing_scripts/data/video/MSRVTT/videos/all/video7357.mp4
1,This video features cat,This video does not feature cat,This video does not feature dog,"This video features cat, but not lying",negative,/data/healthy-ml/scratch/kumail/projects/cs/negation/synthetic_dataset/negation_processing_scripts/data/video/MSRVTT/videos/all/video8866.mp4
1,"This video features dancing, but not military","This video features military, but not dancing",This video features dancing,This video does not feature computer,hybrid,/data/healthy-ml/scratch/kumail/projects/cs/negation/synthetic_dataset/negation_processing_scripts/data/video/MSRVTT/videos/all/video8499.mp4
3,This video features skiing,"This video features skiing, but not acting",This video does not feature man,This video does not feature skiing,negative,/data/healthy-ml/scratch/kumail/projects/cs/negation/synthetic_dataset/negation_processing_scripts/data/video/MSRVTT/videos/all/video8321.mp4
2,This video does not feature snake,"This video features fear, but not handling",This video features snake and handling,This video features fear,positive,/data/healthy-ml/scratch/kumail/projects/cs/negation/synthetic_dataset/negation_processing_scripts/data/video/MSRVTT/videos/all/video8572.mp4
1,This video does not feature kitchen,This video does not feature dessert,"This video features dessert, but not cooking",This video features dessert,negative,/data/healthy-ml/scratch/kumail/projects/cs/negation/synthetic_dataset/negation_processing_scripts/data/video/MSRVTT/videos/all/video9625.mp4
3,This video does not feature helicopter,"This video features falling, but not flying",This video features falling,"This video features flying, but not falling",hybrid,/data/healthy-ml/scratch/kumail/projects/cs/negation/synthetic_dataset/negation_processing_scripts/data/video/MSRVTT/videos/all/video9014.mp4
1,This video does not feature bikini,"This video features beach, but not car",This video features car,"This video features car, but not beach",hybrid,/data/healthy-ml/scratch/kumail/projects/cs/negation/synthetic_dataset/negation_processing_scripts/data/video/MSRVTT/videos/all/video8928.mp4
0,"This video features explaining, but not dancing","This video features dancing, but not explaining",This video does not feature laptop,This video features dancing,hybrid,/data/healthy-ml/scratch/kumail/projects/cs/negation/synthetic_dataset/negation_processing_scripts/data/video/MSRVTT/videos/all/video7347.mp4
3,This video does not feature driving,"This video features rain, but not road",This video features rain,This video features driving and road,positive,/data/healthy-ml/scratch/kumail/projects/cs/negation/synthetic_dataset/negation_processing_scripts/data/video/MSRVTT/videos/all/video9511.mp4
3,This video features sports,This video does not feature interview,"This video features sports, but not conversation","This video features conversation, but not sports",hybrid,/data/healthy-ml/scratch/kumail/projects/cs/negation/synthetic_dataset/negation_processing_scripts/data/video/MSRVTT/videos/all/video8826.mp4
3,This video features nice,This video does not feature singing,"This video features nice, but not lady gaga",This video does not feature nice,negative,/data/healthy-ml/scratch/kumail/projects/cs/negation/synthetic_dataset/negation_processing_scripts/data/video/MSRVTT/videos/all/video9827.mp4
3,"This video features fighting, but not man giving",This video features fighting,This video does not feature helping,This video features helping and man giving,positive,/data/healthy-ml/scratch/kumail/projects/cs/negation/synthetic_dataset/negation_processing_scripts/data/video/MSRVTT/videos/all/video8326.mp4
1,This video features peace,This video does not feature peace,"This video features peace, but not avengers",This video does not feature fighting,negative,/data/healthy-ml/scratch/kumail/projects/cs/negation/synthetic_dataset/negation_processing_scripts/data/video/MSRVTT/videos/all/video8266.mp4
1,"This video features car, but not demo",This video does not feature car,This video features car,This video does not feature stroller,negative,/data/healthy-ml/scratch/kumail/projects/cs/negation/synthetic_dataset/negation_processing_scripts/data/video/MSRVTT/videos/all/video8258.mp4
2,This video features male characters,This video does not feature cartoon,This video features cartoon and female characters,"This video features male characters, but not female characters",positive,/data/healthy-ml/scratch/kumail/projects/cs/negation/synthetic_dataset/negation_processing_scripts/data/video/MSRVTT/videos/all/video7179.mp4
0,This video does not feature basketball,This video does not feature soccer,"This video features basketball, but not scoring",This video features basketball,negative,/data/healthy-ml/scratch/kumail/projects/cs/negation/synthetic_dataset/negation_processing_scripts/data/video/MSRVTT/videos/all/video8675.mp4
1,This video does not feature dancing,"This video features jumping, but not swimming","This video features swimming, but not jumping",This video features swimming,hybrid,/data/healthy-ml/scratch/kumail/projects/cs/negation/synthetic_dataset/negation_processing_scripts/data/video/MSRVTT/videos/all/video8507.mp4
2,This video features poetry,"This video features poetry, but not obama","This video features obama, but not poetry",This video does not feature speech,hybrid,/data/healthy-ml/scratch/kumail/projects/cs/negation/synthetic_dataset/negation_processing_scripts/data/video/MSRVTT/videos/all/video9233.mp4
3,"This video features vegetarian, but not chef",This video features vegetarian,This video does not feature crab dish,"This video features chef, but not vegetarian",hybrid,/data/healthy-ml/scratch/kumail/projects/cs/negation/synthetic_dataset/negation_processing_scripts/data/video/MSRVTT/videos/all/video9687.mp4
1,This video does not feature guitar,This video features guitar and performance,"This video features piano, but not performance",This video features piano,positive,/data/healthy-ml/scratch/kumail/projects/cs/negation/synthetic_dataset/negation_processing_scripts/data/video/MSRVTT/videos/all/video9872.mp4
0,This video does not feature comedy,"This video features comedy, but not woman",This video does not feature movie trailer,This video features comedy,negative,/data/healthy-ml/scratch/kumail/projects/cs/negation/synthetic_dataset/negation_processing_scripts/data/video/MSRVTT/videos/all/video7149.mp4
1,"This video features quarreling, but not playing",This video features father/son and playing,This video features quarreling,This video does not feature father/son,positive,/data/healthy-ml/scratch/kumail/projects/cs/negation/synthetic_dataset/negation_processing_scripts/data/video/MSRVTT/videos/all/video8681.mp4
1,This video features running,This video does not feature running,This video does not feature robot,"This video features running, but not minecraft",negative,/data/healthy-ml/scratch/kumail/projects/cs/negation/synthetic_dataset/negation_processing_scripts/data/video/MSRVTT/videos/all/video9221.mp4
0,This video features potatoes and preparing food,"This video features frying, but not preparing food",This video features frying,This video does not feature potatoes,positive,/data/healthy-ml/scratch/kumail/projects/cs/negation/synthetic_dataset/negation_processing_scripts/data/video/MSRVTT/videos/all/video9227.mp4
3,"This video features anger, but not global communication",This video features anger,This video does not feature ted talk,This video does not feature anger,negative,/data/healthy-ml/scratch/kumail/projects/cs/negation/synthetic_dataset/negation_processing_scripts/data/video/MSRVTT/videos/all/video9821.mp4
2,"This video features gravity, but not floating",This video does not feature space,This video features space and floating,This video features gravity,positive,/data/healthy-ml/scratch/kumail/projects/cs/negation/synthetic_dataset/negation_processing_scripts/data/video/MSRVTT/videos/all/video8674.mp4
3,This video features piano,This video does not feature singing,"This video features piano, but not guitar",This video does not feature piano,negative,/data/healthy-ml/scratch/kumail/projects/cs/negation/synthetic_dataset/negation_processing_scripts/data/video/MSRVTT/videos/all/video8861.mp4
2,This video does not feature bow and arrow,"This video features darts, but not toy",This video does not feature darts,This video features darts,negative,/data/healthy-ml/scratch/kumail/projects/cs/negation/synthetic_dataset/negation_processing_scripts/data/video/MSRVTT/videos/all/video9209.mp4
0,"This video features white, but not fish",This video does not feature bird,This video features fish,"This video features fish, but not white",hybrid,/data/healthy-ml/scratch/kumail/projects/cs/negation/synthetic_dataset/negation_processing_scripts/data/video/MSRVTT/videos/all/video7113.mp4
3,"This video features dangerous, but not cage",This video features dangerous,This video does not feature hamster,This video does not feature dangerous,negative,/data/healthy-ml/scratch/kumail/projects/cs/negation/synthetic_dataset/negation_processing_scripts/data/video/MSRVTT/videos/all/video7342.mp4
1,This video features man,"This video features woman, but not man",This video does not feature cooking,"This video features man, but not woman",hybrid,/data/healthy-ml/scratch/kumail/projects/cs/negation/synthetic_dataset/negation_processing_scripts/data/video/MSRVTT/videos/all/video9836.mp4
2,This video features bridge,This video does not feature staircase,"This video features waterfall, but not bridge","This video features bridge, but not waterfall",hybrid,/data/healthy-ml/scratch/kumail/projects/cs/negation/synthetic_dataset/negation_processing_scripts/data/video/MSRVTT/videos/all/video7837.mp4
0,This video does not feature fortnite,"This video features fortnite, but not playing",This video features fortnite,This video does not feature minecraft,negative,/data/healthy-ml/scratch/kumail/projects/cs/negation/synthetic_dataset/negation_processing_scripts/data/video/MSRVTT/videos/all/video7353.mp4
0,This video features man and phone,"This video features computer, but not phone",This video does not feature man,This video features computer,positive,/data/healthy-ml/scratch/kumail/projects/cs/negation/synthetic_dataset/negation_processing_scripts/data/video/MSRVTT/videos/all/video8671.mp4
0,"This video features consoling, but not laughing",This video does not feature talking,"This video features laughing, but not consoling",This video features laughing,hybrid,/data/healthy-ml/scratch/kumail/projects/cs/negation/synthetic_dataset/negation_processing_scripts/data/video/MSRVTT/videos/all/video9340.mp4
3,"This video features reading, but not mixing",This video does not feature cooking,This video features reading,This video does not feature reading,negative,/data/healthy-ml/scratch/kumail/projects/cs/negation/synthetic_dataset/negation_processing_scripts/data/video/MSRVTT/videos/all/video8483.mp4
3,This video features eyeliner,This video does not feature eyeshadow,"This video features eyeliner, but not makeup","This video features makeup, but not eyeliner",hybrid,/data/healthy-ml/scratch/kumail/projects/cs/negation/synthetic_dataset/negation_processing_scripts/data/video/MSRVTT/videos/all/video9818.mp4
2,"This video features cat, but not people",This video does not feature dog,This video features dog and people,This video features cat,positive,/data/healthy-ml/scratch/kumail/projects/cs/negation/synthetic_dataset/negation_processing_scripts/data/video/MSRVTT/videos/all/video7201.mp4
2,This video features exciting,This video does not feature interview,This video features interview and airline industry,"This video features exciting, but not airline industry",positive,/data/healthy-ml/scratch/kumail/projects/cs/negation/synthetic_dataset/negation_processing_scripts/data/video/MSRVTT/videos/all/video7234.mp4
2,This video does not feature avengers,This video features peaceful,This video does not feature peaceful,"This video features peaceful, but not fighting",negative,/data/healthy-ml/scratch/kumail/projects/cs/negation/synthetic_dataset/negation_processing_scripts/data/video/MSRVTT/videos/all/video8122.mp4
2,This video features fighting,"This video features fighting, but not beach","This video features beach, but not fighting",This video does not feature singing,hybrid,/data/healthy-ml/scratch/kumail/projects/cs/negation/synthetic_dataset/negation_processing_scripts/data/video/MSRVTT/videos/all/video8895.mp4
1,"This video features news, but not trailer",This video does not feature news,This video does not feature movie,This video features news,negative,/data/healthy-ml/scratch/kumail/projects/cs/negation/synthetic_dataset/negation_processing_scripts/data/video/MSRVTT/videos/all/video8475.mp4
0,This video features crowd and man&woman,This video features police,This video does not feature crowd,"This video features police, but not man&woman",positive,/data/healthy-ml/scratch/kumail/projects/cs/negation/synthetic_dataset/negation_processing_scripts/data/video/MSRVTT/videos/all/video7548.mp4
0,"This video features stroller, but not bicycle","This video features bicycle, but not stroller",This video does not feature baby,This video features bicycle,hybrid,/data/healthy-ml/scratch/kumail/projects/cs/negation/synthetic_dataset/negation_processing_scripts/data/video/MSRVTT/videos/all/video7230.mp4
0,"This video features cartoon, but not silence",This video does not feature conversation,This video features silence,"This video features silence, but not cartoon",hybrid,/data/healthy-ml/scratch/kumail/projects/cs/negation/synthetic_dataset/negation_processing_scripts/data/video/MSRVTT/videos/all/video8268.mp4
1,"This video features cartoon, but not help","This video features help, but not cartoon",This video does not feature birth,This video features cartoon,hybrid,/data/healthy-ml/scratch/kumail/projects/cs/negation/synthetic_dataset/negation_processing_scripts/data/video/MSRVTT/videos/all/video9686.mp4
1,"This video features living, but not building",This video features carrying on stretcher and building,This video does not feature carrying on stretcher,This video features living,positive,/data/healthy-ml/scratch/kumail/projects/cs/negation/synthetic_dataset/negation_processing_scripts/data/video/MSRVTT/videos/all/video7466.mp4
1,This video features violence,This video features boy and girl,"This video features violence, but not girl",This video does not feature boy,positive,/data/healthy-ml/scratch/kumail/projects/cs/negation/synthetic_dataset/negation_processing_scripts/data/video/MSRVTT/videos/all/video7163.mp4
3,This video features woman,This video does not feature stroller,"This video features woman, but not man",This video does not feature woman,negative,/data/healthy-ml/scratch/kumail/projects/cs/negation/synthetic_dataset/negation_processing_scripts/data/video/MSRVTT/videos/all/video9696.mp4
0,This video does not feature english,This video does not feature youtube channel,"This video features english, but not man and woman kissing",This video features english,negative,/data/healthy-ml/scratch/kumail/projects/cs/negation/synthetic_dataset/negation_processing_scripts/data/video/MSRVTT/videos/all/video8485.mp4
3,This video features sushi,"This video features sushi, but not chicken",This video does not feature korea,This video features korea and chicken,positive,/data/healthy-ml/scratch/kumail/projects/cs/negation/synthetic_dataset/negation_processing_scripts/data/video/MSRVTT/videos/all/video8302.mp4
0,This video features child and singing,This video features rap,This video does not feature child,"This video features rap, but not singing",positive,/data/healthy-ml/scratch/kumail/projects/cs/negation/synthetic_dataset/negation_processing_scripts/data/video/MSRVTT/videos/all/video8818.mp4
0,This video features flooring and carpentry,"This video features painting, but not carpentry",This video features painting,This video does not feature flooring,positive,/data/healthy-ml/scratch/kumail/projects/cs/negation/synthetic_dataset/negation_processing_scripts/data/video/MSRVTT/videos/all/video7588.mp4
2,This video does not feature hugging,This video features fighting,This video does not feature fighting,"This video features fighting, but not excited",negative,/data/healthy-ml/scratch/kumail/projects/cs/negation/synthetic_dataset/negation_processing_scripts/data/video/MSRVTT/videos/all/video8920.mp4
0,This video does not feature cooking,This video features cooking,This video does not feature animation,"This video features cooking, but not date",negative,/data/healthy-ml/scratch/kumail/projects/cs/negation/synthetic_dataset/negation_processing_scripts/data/video/MSRVTT/videos/all/video7222.mp4
1,This video features live-action,This video does not feature live-action,"This video features live-action, but not radio",This video does not feature earth,negative,/data/healthy-ml/scratch/kumail/projects/cs/negation/synthetic_dataset/negation_processing_scripts/data/video/MSRVTT/videos/all/video9680.mp4
1,This video does not feature dancing,This video does not feature hiking,This video features hiking,"This video features hiking, but not outdoor",negative,/data/healthy-ml/scratch/kumail/projects/cs/negation/synthetic_dataset/negation_processing_scripts/data/video/MSRVTT/videos/all/video8556.mp4
2,"This video features drums, but not rock music",This video features drums,"This video features rock music, but not drums",This video does not feature guitar,hybrid,/data/healthy-ml/scratch/kumail/projects/cs/negation/synthetic_dataset/negation_processing_scripts/data/video/MSRVTT/videos/all/video7228.mp4
3,This video does not feature badminton,"This video features cheating, but not doubles",This video features cheating,This video does not feature cheating,negative,/data/healthy-ml/scratch/kumail/projects/cs/negation/synthetic_dataset/negation_processing_scripts/data/video/MSRVTT/videos/all/video7978.mp4
3,This video features performance,"This video features performance, but not runway",This video does not feature fashion show,This video features fashion show and runway,positive,/data/healthy-ml/scratch/kumail/projects/cs/negation/synthetic_dataset/negation_processing_scripts/data/video/MSRVTT/videos/all/video7783.mp4
2,This video does not feature stonehenge,This video features nocturnal,"This video features winter solstice, but not nocturnal","This video features nocturnal, but not winter solstice",hybrid,/data/healthy-ml/scratch/kumail/projects/cs/negation/synthetic_dataset/negation_processing_scripts/data/video/MSRVTT/videos/all/video8463.mp4
2,"This video features woman, but not military",This video features woman,"This video features military, but not woman",This video does not feature communication,hybrid,/data/healthy-ml/scratch/kumail/projects/cs/negation/synthetic_dataset/negation_processing_scripts/data/video/MSRVTT/videos/all/video9450.mp4
2,This video does not feature clock,This video features timer,"This video features hands, but not timer","This video features timer, but not hands",hybrid,/data/healthy-ml/scratch/kumail/projects/cs/negation/synthetic_dataset/negation_processing_scripts/data/video/MSRVTT/videos/all/video7223.mp4
2,This video features crying,This video does not feature baby,"This video features cat, but not crying","This video features crying, but not cat",hybrid,/data/healthy-ml/scratch/kumail/projects/cs/negation/synthetic_dataset/negation_processing_scripts/data/video/MSRVTT/videos/all/video8478.mp4
2,This video does not feature conversation,This video features man,"This video features woman, but not man","This video features man, but not woman",hybrid,/data/healthy-ml/scratch/kumail/projects/cs/negation/synthetic_dataset/negation_processing_scripts/data/video/MSRVTT/videos/all/video9824.mp4
0,"This video features swimming, but not fishing",This video features fishing,This video does not feature waterfall,"This video features fishing, but not swimming",hybrid,/data/healthy-ml/scratch/kumail/projects/cs/negation/synthetic_dataset/negation_processing_scripts/data/video/MSRVTT/videos/all/video7152.mp4
3,This video does not feature avengers,"This video features fighting, but not commentary",This video features fighting,This video features avengers and commentary,positive,/data/healthy-ml/scratch/kumail/projects/cs/negation/synthetic_dataset/negation_processing_scripts/data/video/MSRVTT/videos/all/video8752.mp4
2,"This video features racing, but not fighting",This video features racing,This video does not feature racing,This video does not feature video game,negative,/data/healthy-ml/scratch/kumail/projects/cs/negation/synthetic_dataset/negation_processing_scripts/data/video/MSRVTT/videos/all/video9224.mp4
2,"This video features warning, but not interview",This video features warning,This video does not feature warning,This video does not feature woman,negative,/data/healthy-ml/scratch/kumail/projects/cs/negation/synthetic_dataset/negation_processing_scripts/data/video/MSRVTT/videos/all/video7947.mp4
2,This video features woman,"This video features woman, but not cake",This video features man and cake,This video does not feature man,positive,/data/healthy-ml/scratch/kumail/projects/cs/negation/synthetic_dataset/negation_processing_scripts/data/video/MSRVTT/videos/all/video7137.mp4
2,This video does not feature animated,"This video features happy, but not door",This video does not feature happy,This video features happy,negative,/data/healthy-ml/scratch/kumail/projects/cs/negation/synthetic_dataset/negation_processing_scripts/data/video/MSRVTT/videos/all/video8076.mp4
3,"This video features women, but not movies",This video features women,This video does not feature men,"This video features movies, but not women",hybrid,/data/healthy-ml/scratch/kumail/projects/cs/negation/synthetic_dataset/negation_processing_scripts/data/video/MSRVTT/videos/all/video8828.mp4
2,"This video features rock, but not singing",This video features rock,This video does not feature rock,This video does not feature choir,negative,/data/healthy-ml/scratch/kumail/projects/cs/negation/synthetic_dataset/negation_processing_scripts/data/video/MSRVTT/videos/all/video7772.mp4
1,"This video features baseball, but not diving",This video does not feature baseball,This video features baseball,This video does not feature basketball,negative,/data/healthy-ml/scratch/kumail/projects/cs/negation/synthetic_dataset/negation_processing_scripts/data/video/MSRVTT/videos/all/video8652.mp4
0,"This video features competition, but not judo",This video does not feature wrestling,"This video features judo, but not competition",This video features judo,hybrid,/data/healthy-ml/scratch/kumail/projects/cs/negation/synthetic_dataset/negation_processing_scripts/data/video/MSRVTT/videos/all/video8309.mp4
0,"This video features choir, but not orchestra",This video does not feature music,"This video features orchestra, but not choir",This video features orchestra,hybrid,/data/healthy-ml/scratch/kumail/projects/cs/negation/synthetic_dataset/negation_processing_scripts/data/video/MSRVTT/videos/all/video8474.mp4
1,"This video features baking, but not ingredients","This video features ingredients, but not baking",This video features baking,This video does not feature cooking,hybrid,/data/healthy-ml/scratch/kumail/projects/cs/negation/synthetic_dataset/negation_processing_scripts/data/video/MSRVTT/videos/all/video7360.mp4
2,This video does not feature lip gloss,This video features swimming,"This video features makeup, but not swimming","This video features swimming, but not makeup",hybrid,/data/healthy-ml/scratch/kumail/projects/cs/negation/synthetic_dataset/negation_processing_scripts/data/video/MSRVTT/videos/all/video7372.mp4
1,"This video features interviewer, but not woman",This video does not feature interviewer,This video features interviewer,This video does not feature interview,negative,/data/healthy-ml/scratch/kumail/projects/cs/negation/synthetic_dataset/negation_processing_scripts/data/video/MSRVTT/videos/all/video8068.mp4
2,This video features mma,This video does not feature boxing,This video does not feature mma,"This video features mma, but not chris eubank",negative,/data/healthy-ml/scratch/kumail/projects/cs/negation/synthetic_dataset/negation_processing_scripts/data/video/MSRVTT/videos/all/video7211.mp4
0,This video features performance and guitar,"This video features losing, but not guitar",This video does not feature performance,This video features losing,positive,/data/healthy-ml/scratch/kumail/projects/cs/negation/synthetic_dataset/negation_processing_scripts/data/video/MSRVTT/videos/all/video9222.mp4
3,"This video features dog, but not benefits",This video features dog,This video does not feature wood,"This video features benefits, but not dog",hybrid,/data/healthy-ml/scratch/kumail/projects/cs/negation/synthetic_dataset/negation_processing_scripts/data/video/MSRVTT/videos/all/video8667.mp4
1,This video does not feature mug,This video features mug and coffee,This video features tea,"This video features tea, but not coffee",positive,/data/healthy-ml/scratch/kumail/projects/cs/negation/synthetic_dataset/negation_processing_scripts/data/video/MSRVTT/videos/all/video8343.mp4
3,"This video features silence, but not talking",This video does not feature eating,This video features silence,"This video features talking, but not silence",hybrid,/data/healthy-ml/scratch/kumail/projects/cs/negation/synthetic_dataset/negation_processing_scripts/data/video/MSRVTT/videos/all/video9539.mp4
2,"This video features cupcakes, but not dolls",This video does not feature mermaid,This video features mermaid and dolls,This video features cupcakes,positive,/data/healthy-ml/scratch/kumail/projects/cs/negation/synthetic_dataset/negation_processing_scripts/data/video/MSRVTT/videos/all/video8677.mp4
2,"This video features baby, but not woman",This video does not feature baby stroller,"This video features woman, but not baby",This video features baby,hybrid,/data/healthy-ml/scratch/kumail/projects/cs/negation/synthetic_dataset/negation_processing_scripts/data/video/MSRVTT/videos/all/video9755.mp4
1,This video features cooking,This video does not feature cooking,This video does not feature repair,"This video features cooking, but not electronic device",negative,/data/healthy-ml/scratch/kumail/projects/cs/negation/synthetic_dataset/negation_processing_scripts/data/video/MSRVTT/videos/all/video8924.mp4
0,"This video features video, but not ambulance","This video features ambulance, but not video",This video features ambulance,This video does not feature pokemon,hybrid,/data/healthy-ml/scratch/kumail/projects/cs/negation/synthetic_dataset/negation_processing_scripts/data/video/MSRVTT/videos/all/video9695.mp4
3,This video features garden,This video does not feature rainforest,"This video features garden, but not climate change",This video does not feature garden,negative,/data/healthy-ml/scratch/kumail/projects/cs/negation/synthetic_dataset/negation_processing_scripts/data/video/MSRVTT/videos/all/video9418.mp4
0,This video does not feature dessert,This video features dessert,This video does not feature talking about food,"This video features dessert, but not local food",negative,/data/healthy-ml/scratch/kumail/projects/cs/negation/synthetic_dataset/negation_processing_scripts/data/video/MSRVTT/videos/all/video7415.mp4
0,This video features family and dinner,"This video features conflict, but not dinner",This video features conflict,This video does not feature family,positive,/data/healthy-ml/scratch/kumail/projects/cs/negation/synthetic_dataset/negation_processing_scripts/data/video/MSRVTT/videos/all/video8048.mp4
2,This video does not feature cake,"This video features dinner, but not woman",This video features cake and woman,This video features dinner,positive,/data/healthy-ml/scratch/kumail/projects/cs/negation/synthetic_dataset/negation_processing_scripts/data/video/MSRVTT/videos/all/video8900.mp4
1,"This video features silent, but not man",This video does not feature silent,This video does not feature talk,This video features silent,negative,/data/healthy-ml/scratch/kumail/projects/cs/negation/synthetic_dataset/negation_processing_scripts/data/video/MSRVTT/videos/all/video9352.mp4
1,"This video features painting, but not disney",This video does not feature painting,This video features painting,This video does not feature divided screens,negative,/data/healthy-ml/scratch/kumail/projects/cs/negation/synthetic_dataset/negation_processing_scripts/data/video/MSRVTT/videos/all/video7467.mp4
1,"This video features keyboard, but not motherboard",This video does not feature keyboard,This video features keyboard,This video does not feature computer parts,negative,/data/healthy-ml/scratch/kumail/projects/cs/negation/synthetic_dataset/negation_processing_scripts/data/video/MSRVTT/videos/all/video9679.mp4
3,This video features happiness,"This video features happiness, but not music",This video does not feature cartoon,This video does not feature happiness,negative,/data/healthy-ml/scratch/kumail/projects/cs/negation/synthetic_dataset/negation_processing_scripts/data/video/MSRVTT/videos/all/video9790.mp4
2,This video features electric,This video does not feature car,This video does not feature electric,"This video features electric, but not showroom",negative,/data/healthy-ml/scratch/kumail/projects/cs/negation/synthetic_dataset/negation_processing_scripts/data/video/MSRVTT/videos/all/video7115.mp4
3,This video does not feature home improvement,This video features gardening,"This video features gardening, but not roof","This video features roof, but not gardening",hybrid,/data/healthy-ml/scratch/kumail/projects/cs/negation/synthetic_dataset/negation_processing_scripts/data/video/MSRVTT/videos/all/video8803.mp4
3,This video does not feature game of thrones,"This video features violence, but not clip",This video features violence,"This video features clip, but not violence",hybrid,/data/healthy-ml/scratch/kumail/projects/cs/negation/synthetic_dataset/negation_processing_scripts/data/video/MSRVTT/videos/all/video7964.mp4
1,This video features music concert,"This video features comedian, but not music concert","This video features music concert, but not comedian",This video does not feature interview,hybrid,/data/healthy-ml/scratch/kumail/projects/cs/negation/synthetic_dataset/negation_processing_scripts/data/video/MSRVTT/videos/all/video9245.mp4
2,This video does not feature woman,"This video features lipstick, but not purple eyeshadow",This video features woman and purple eyeshadow,This video features lipstick,positive,/data/healthy-ml/scratch/kumail/projects/cs/negation/synthetic_dataset/negation_processing_scripts/data/video/MSRVTT/videos/all/video9207.mp4
2,"This video features truck, but not driving",This video features truck,This video features car and driving,This video does not feature car,positive,/data/healthy-ml/scratch/kumail/projects/cs/negation/synthetic_dataset/negation_processing_scripts/data/video/MSRVTT/videos/all/video7209.mp4
3,This video features conversation,This video does not feature helicopter,"This video features conversation, but not mountain","This video features mountain, but not conversation",hybrid,/data/healthy-ml/scratch/kumail/projects/cs/negation/synthetic_dataset/negation_processing_scripts/data/video/MSRVTT/videos/all/video8450.mp4
0,This video does not feature rules,This video features rules,This video does not feature jumping,"This video features rules, but not kids",negative,/data/healthy-ml/scratch/kumail/projects/cs/negation/synthetic_dataset/negation_processing_scripts/data/video/MSRVTT/videos/all/video7599.mp4
1,"This video features car, but not demonstration","This video features demonstration, but not car",This video features car,This video does not feature baby stroller,hybrid,/data/healthy-ml/scratch/kumail/projects/cs/negation/synthetic_dataset/negation_processing_scripts/data/video/MSRVTT/videos/all/video7217.mp4
0,This video features marinating and chicken,This video features vegetables,"This video features vegetables, but not chicken",This video does not feature marinating,positive,/data/healthy-ml/scratch/kumail/projects/cs/negation/synthetic_dataset/negation_processing_scripts/data/video/MSRVTT/videos/all/video8444.mp4
3,"This video features rain, but not kids",This video features rain,This video does not feature fire truck,This video features fire truck and kids,positive,/data/healthy-ml/scratch/kumail/projects/cs/negation/synthetic_dataset/negation_processing_scripts/data/video/MSRVTT/videos/all/video9036.mp4
0,This video does not feature weaning,"This video features weaning, but not baby animal",This video does not feature bottle feeding,This video features weaning,negative,/data/healthy-ml/scratch/kumail/projects/cs/negation/synthetic_dataset/negation_processing_scripts/data/video/MSRVTT/videos/all/video8672.mp4
0,"This video features liquids, but not cooking",This video does not feature experiment,This video features cooking,"This video features cooking, but not liquids",hybrid,/data/healthy-ml/scratch/kumail/projects/cs/negation/synthetic_dataset/negation_processing_scripts/data/video/MSRVTT/videos/all/video9699.mp4
0,This video features woman and talking,This video does not feature woman,This video features negative opinion,"This video features negative opinion, but not talking",positive,/data/healthy-ml/scratch/kumail/projects/cs/negation/synthetic_dataset/negation_processing_scripts/data/video/MSRVTT/videos/all/video9698.mp4
3,This video does not feature celebration,This video features fireworks,"This video features fireworks, but not crane",This video features celebration and crane,positive,/data/healthy-ml/scratch/kumail/projects/cs/negation/synthetic_dataset/negation_processing_scripts/data/video/MSRVTT/videos/all/video8441.mp4
0,This video features fairy godmother and crying,This video features happy,This video does not feature fairy godmother,"This video features happy, but not crying",positive,/data/healthy-ml/scratch/kumail/projects/cs/negation/synthetic_dataset/negation_processing_scripts/data/video/MSRVTT/videos/all/video8110.mp4
0,This video features car and driving,This video does not feature car,This video features car accident,"This video features car accident, but not driving",positive,/data/healthy-ml/scratch/kumail/projects/cs/negation/synthetic_dataset/negation_processing_scripts/data/video/MSRVTT/videos/all/video9677.mp4
0,This video does not feature misbehaving,This video features misbehaving,This video does not feature teaching,"This video features misbehaving, but not learning",negative,/data/healthy-ml/scratch/kumail/projects/cs/negation/synthetic_dataset/negation_processing_scripts/data/video/MSRVTT/videos/all/video7680.mp4
1,This video features cooking,This video features talking and beauty tips,"This video features cooking, but not beauty tips",This video does not feature talking,positive,/data/healthy-ml/scratch/kumail/projects/cs/negation/synthetic_dataset/negation_processing_scripts/data/video/MSRVTT/videos/all/video7216.mp4
3,This video does not feature couple,"This video features arguing, but not talking",This video features arguing,This video does not feature arguing,negative,/data/healthy-ml/scratch/kumail/projects/cs/negation/synthetic_dataset/negation_processing_scripts/data/video/MSRVTT/videos/all/video8330.mp4
0,This video does not feature riding,"This video features riding, but not feeding",This video does not feature donkey,This video features riding,negative,/data/healthy-ml/scratch/kumail/projects/cs/negation/synthetic_dataset/negation_processing_scripts/data/video/MSRVTT/videos/all/video8242.mp4
0,This video does not feature napster,This video features napster,This video does not feature itunes,"This video features napster, but not demonstrating",negative,/data/healthy-ml/scratch/kumail/projects/cs/negation/synthetic_dataset/negation_processing_scripts/data/video/MSRVTT/videos/all/video7166.mp4
1,This video does not feature woman,This video does not feature man,This video features man,"This video features man, but not hole in the wall",negative,/data/healthy-ml/scratch/kumail/projects/cs/negation/synthetic_dataset/negation_processing_scripts/data/video/MSRVTT/videos/all/video8392.mp4
2,This video features fighting,"This video features fighting, but not getting ready",This video does not feature fighting,This video does not feature talking,negative,/data/healthy-ml/scratch/kumail/projects/cs/negation/synthetic_dataset/negation_processing_scripts/data/video/MSRVTT/videos/all/video8340.mp4
0,This video features music and lyrics,"This video features peace, but not lyrics",This video features peace,This video does not feature music,positive,/data/healthy-ml/scratch/kumail/projects/cs/negation/synthetic_dataset/negation_processing_scripts/data/video/MSRVTT/videos/all/video8490.mp4
0,This video features fashion show and runway,This video does not feature fashion show,This video features men,"This video features men, but not runway",positive,/data/healthy-ml/scratch/kumail/projects/cs/negation/synthetic_dataset/negation_processing_scripts/data/video/MSRVTT/videos/all/video8923.mp4
0,This video does not feature man,This video does not feature restaurant,This video features man,"This video features man, but not woman",negative,/data/healthy-ml/scratch/kumail/projects/cs/negation/synthetic_dataset/negation_processing_scripts/data/video/MSRVTT/videos/all/video8074.mp4
2,"This video features baking, but not ingredients",This video does not feature cooking,This video features cooking and ingredients,This video features baking,positive,/data/healthy-ml/scratch/kumail/projects/cs/negation/synthetic_dataset/negation_processing_scripts/data/video/MSRVTT/videos/all/video9693.mp4
3,This video does not feature football,This video features basketball,"This video features basketball, but not throwing",This video features football and throwing,positive,/data/healthy-ml/scratch/kumail/projects/cs/negation/synthetic_dataset/negation_processing_scripts/data/video/MSRVTT/videos/all/video7168.mp4
3,This video does not feature couple,"This video features war, but not kissing",This video features war,This video does not feature war,negative,/data/healthy-ml/scratch/kumail/projects/cs/negation/synthetic_dataset/negation_processing_scripts/data/video/MSRVTT/videos/all/video7373.mp4
1,This video features cats,This video does not feature cats,This video does not feature dogs,"This video features cats, but not sliding",negative,/data/healthy-ml/scratch/kumail/projects/cs/negation/synthetic_dataset/negation_processing_scripts/data/video/MSRVTT/videos/all/video7146.mp4
3,This video features countryside,"This video features countryside, but not city",This video does not feature aerial view,This video features aerial view and city,positive,/data/healthy-ml/scratch/kumail/projects/cs/negation/synthetic_dataset/negation_processing_scripts/data/video/MSRVTT/videos/all/video8477.mp4
1,"This video features friendship, but not attack","This video features attack, but not friendship",This video does not feature video game,This video features friendship,hybrid,/data/healthy-ml/scratch/kumail/projects/cs/negation/synthetic_dataset/negation_processing_scripts/data/video/MSRVTT/videos/all/video9400.mp4
3,"This video features singing, but not speaking",This video features singing,This video does not feature man,"This video features speaking, but not singing",hybrid,/data/healthy-ml/scratch/kumail/projects/cs/negation/synthetic_dataset/negation_processing_scripts/data/video/MSRVTT/videos/all/video7828.mp4
2,This video features good deed,This video does not feature news,This video does not feature good deed,"This video features good deed, but not newtown",negative,/data/healthy-ml/scratch/kumail/projects/cs/negation/synthetic_dataset/negation_processing_scripts/data/video/MSRVTT/videos/all/video9204.mp4
3,This video does not feature soccer,This video features baseball,"This video features baseball, but not women","This video features women, but not baseball",hybrid,/data/healthy-ml/scratch/kumail/projects/cs/negation/synthetic_dataset/negation_processing_scripts/data/video/MSRVTT/videos/all/video7500.mp4
0,This video does not feature skiing,"This video features skiing, but not riding",This video features skiing,This video does not feature dirt bike,negative,/data/healthy-ml/scratch/kumail/projects/cs/negation/synthetic_dataset/negation_processing_scripts/data/video/MSRVTT/videos/all/video8820.mp4
3,"This video features hugging, but not fighting",This video does not feature playing,This video features hugging,This video does not feature hugging,negative,/data/healthy-ml/scratch/kumail/projects/cs/negation/synthetic_dataset/negation_processing_scripts/data/video/MSRVTT/videos/all/video8016.mp4
0,"This video features women, but not men",This video does not feature kegel,"This video features men, but not women",This video features men,hybrid,/data/healthy-ml/scratch/kumail/projects/cs/negation/synthetic_dataset/negation_processing_scripts/data/video/MSRVTT/videos/all/video7724.mp4
2,This video does not feature cartoon,"This video features rainbow, but not dragon",This video features cartoon and dragon,This video features rainbow,positive,/data/healthy-ml/scratch/kumail/projects/cs/negation/synthetic_dataset/negation_processing_scripts/data/video/MSRVTT/videos/all/video9306.mp4
3,This video features shark,This video does not feature jetski,"This video features shark, but not rescue",This video features jetski and rescue,positive,/data/healthy-ml/scratch/kumail/projects/cs/negation/synthetic_dataset/negation_processing_scripts/data/video/MSRVTT/videos/all/video9342.mp4
3,This video does not feature dancing,This video features fighting,"This video features fighting, but not singing",This video does not feature fighting,negative,/data/healthy-ml/scratch/kumail/projects/cs/negation/synthetic_dataset/negation_processing_scripts/data/video/MSRVTT/videos/all/video7117.mp4
0,"This video features child, but not dancing",This video features dancing,"This video features dancing, but not child",This video does not feature singing,hybrid,/data/healthy-ml/scratch/kumail/projects/cs/negation/synthetic_dataset/negation_processing_scripts/data/video/MSRVTT/videos/all/video9879.mp4
1,This video features magnetism,This video does not feature magnetism,This video does not feature gravity,"This video features magnetism, but not weight lifting",negative,/data/healthy-ml/scratch/kumail/projects/cs/negation/synthetic_dataset/negation_processing_scripts/data/video/MSRVTT/videos/all/video7610.mp4
3,"This video features anger, but not ingredients",This video features anger,This video does not feature cooking,This video does not feature anger,negative,/data/healthy-ml/scratch/kumail/projects/cs/negation/synthetic_dataset/negation_processing_scripts/data/video/MSRVTT/videos/all/video7911.mp4
0,"This video features cooking, but not frying",This video does not feature mixing,"This video features frying, but not cooking",This video features frying,hybrid,/data/healthy-ml/scratch/kumail/projects/cs/negation/synthetic_dataset/negation_processing_scripts/data/video/MSRVTT/videos/all/video8656.mp4
1,This video features women,This video does not feature women,"This video features women, but not playing",This video does not feature volleyball,negative,/data/healthy-ml/scratch/kumail/projects/cs/negation/synthetic_dataset/negation_processing_scripts/data/video/MSRVTT/videos/all/video8660.mp4
3,This video does not feature video games,"This video features board games, but not commentary",This video features board games,This video does not feature board games,negative,/data/healthy-ml/scratch/kumail/projects/cs/negation/synthetic_dataset/negation_processing_scripts/data/video/MSRVTT/videos/all/video7766.mp4
1,"This video features ballet, but not backflips",This video features gymnastics and backflips,This video does not feature gymnastics,This video features ballet,positive,/data/healthy-ml/scratch/kumail/projects/cs/negation/synthetic_dataset/negation_processing_scripts/data/video/MSRVTT/videos/all/video8267.mp4
0,"This video features alpacas, but not zebras","This video features zebras, but not alpacas",This video features zebras,This video does not feature animals,hybrid,/data/healthy-ml/scratch/kumail/projects/cs/negation/synthetic_dataset/negation_processing_scripts/data/video/MSRVTT/videos/all/video9339.mp4
0,This video features interview and us china strategic and economic dialogue,"This video features sports, but not us china strategic and economic dialogue",This video features sports,This video does not feature interview,positive,/data/healthy-ml/scratch/kumail/projects/cs/negation/synthetic_dataset/negation_processing_scripts/data/video/MSRVTT/videos/all/video7613.mp4
3,This video features wedding,This video does not feature woman,"This video features wedding, but not stairs",This video does not feature wedding,negative,/data/healthy-ml/scratch/kumail/projects/cs/negation/synthetic_dataset/negation_processing_scripts/data/video/MSRVTT/videos/all/video7822.mp4
0,This video does not feature basketball,This video does not feature music video,This video features basketball,"This video features basketball, but not singing",negative,/data/healthy-ml/scratch/kumail/projects/cs/negation/synthetic_dataset/negation_processing_scripts/data/video/MSRVTT/videos/all/video8305.mp4
3,This video does not feature video game,This video features reading,"This video features reading, but not shooting",This video does not feature reading,negative,/data/healthy-ml/scratch/kumail/projects/cs/negation/synthetic_dataset/negation_processing_scripts/data/video/MSRVTT/videos/all/video8788.mp4
3,This video does not feature car,"This video features accidents, but not features",This video features accidents,This video features car and features,positive,/data/healthy-ml/scratch/kumail/projects/cs/negation/synthetic_dataset/negation_processing_scripts/data/video/MSRVTT/videos/all/video9514.mp4
3,This video does not feature woman flying,This video features man,"This video features man, but not snowy landscape",This video features woman flying and snowy landscape,positive,/data/healthy-ml/scratch/kumail/projects/cs/negation/synthetic_dataset/negation_processing_scripts/data/video/MSRVTT/videos/all/video9788.mp4
0,This video does not feature dance,This video features dance,"This video features dance, but not piano",This video does not feature movie,negative,/data/healthy-ml/scratch/kumail/projects/cs/negation/synthetic_dataset/negation_processing_scripts/data/video/MSRVTT/videos/all/video9026.mp4
3,This video features arguing,"This video features arguing, but not knocking",This video does not feature texting,This video features texting and knocking,positive,/data/healthy-ml/scratch/kumail/projects/cs/negation/synthetic_dataset/negation_processing_scripts/data/video/MSRVTT/videos/all/video8832.mp4
1,This video features boredom,"This video features anime, but not boredom",This video does not feature announcing,"This video features boredom, but not anime",hybrid,/data/healthy-ml/scratch/kumail/projects/cs/negation/synthetic_dataset/negation_processing_scripts/data/video/MSRVTT/videos/all/video8303.mp4
3,This video does not feature dancing,"This video features children, but not band",This video features children,"This video features band, but not children",hybrid,/data/healthy-ml/scratch/kumail/projects/cs/negation/synthetic_dataset/negation_processing_scripts/data/video/MSRVTT/videos/all/video9254.mp4
1,"This video features chess, but not solving",This video does not feature chess,This video does not feature rubiks cube,This video features chess,negative,/data/healthy-ml/scratch/kumail/projects/cs/negation/synthetic_dataset/negation_processing_scripts/data/video/MSRVTT/videos/all/video8622.mp4
1,This video does not feature car,This video does not feature wrestling,This video features wrestling,"This video features wrestling, but not review",negative,/data/healthy-ml/scratch/kumail/projects/cs/negation/synthetic_dataset/negation_processing_scripts/data/video/MSRVTT/videos/all/video7340.mp4
1,This video features sadness,"This video features boy band, but not sadness",This video does not feature singing,"This video features sadness, but not boy band",hybrid,/data/healthy-ml/scratch/kumail/projects/cs/negation/synthetic_dataset/negation_processing_scripts/data/video/MSRVTT/videos/all/video7028.mp4
3,This video features woman,This video does not feature man,"This video features woman, but not making",This video does not feature woman,negative,/data/healthy-ml/scratch/kumail/projects/cs/negation/synthetic_dataset/negation_processing_scripts/data/video/MSRVTT/videos/all/video8772.mp4
1,This video features crying,This video features celebrity and talking,"This video features crying, but not talking",This video does not feature celebrity,positive,/data/healthy-ml/scratch/kumail/projects/cs/negation/synthetic_dataset/negation_processing_scripts/data/video/MSRVTT/videos/all/video9225.mp4
0,"This video features flying, but not peace",This video features peace,"This video features peace, but not flying",This video does not feature helicopters,hybrid,/data/healthy-ml/scratch/kumail/projects/cs/negation/synthetic_dataset/negation_processing_scripts/data/video/MSRVTT/videos/all/video7206.mp4
1,"This video features car, but not cowboy and football player","This video features cowboy and football player, but not car",This video does not feature tv show,This video features car,hybrid,/data/healthy-ml/scratch/kumail/projects/cs/negation/synthetic_dataset/negation_processing_scripts/data/video/MSRVTT/videos/all/video8316.mp4
2,This video features laughter,This video does not feature talking,"This video features men, but not laughter","This video features laughter, but not men",hybrid,/data/healthy-ml/scratch/kumail/projects/cs/negation/synthetic_dataset/negation_processing_scripts/data/video/MSRVTT/videos/all/video8315.mp4
2,This video features man,This video does not feature cooking,This video does not feature man,"This video features man, but not woman",negative,/data/healthy-ml/scratch/kumail/projects/cs/negation/synthetic_dataset/negation_processing_scripts/data/video/MSRVTT/videos/all/video8686.mp4
2,This video does not feature snakes,This video features ball,"This video features containers, but not ball","This video features ball, but not containers",hybrid,/data/healthy-ml/scratch/kumail/projects/cs/negation/synthetic_dataset/negation_processing_scripts/data/video/MSRVTT/videos/all/video7350.mp4
3,This video features chess,"This video features chess, but not sky roads",This video does not feature gaming,This video features gaming and sky roads,positive,/data/healthy-ml/scratch/kumail/projects/cs/negation/synthetic_dataset/negation_processing_scripts/data/video/MSRVTT/videos/all/video7232.mp4
0,"This video features competition, but not boxing","This video features boxing, but not competition",This video features boxing,This video does not feature wrestling,hybrid,/data/healthy-ml/scratch/kumail/projects/cs/negation/synthetic_dataset/negation_processing_scripts/data/video/MSRVTT/videos/all/video7587.mp4
0,This video features man and water,This video features sand,This video does not feature man,"This video features sand, but not water",positive,/data/healthy-ml/scratch/kumail/projects/cs/negation/synthetic_dataset/negation_processing_scripts/data/video/MSRVTT/videos/all/video7795.mp4
2,This video features dog,This video does not feature cat,This video features cat and sitting like human,"This video features dog, but not sitting like human",positive,/data/healthy-ml/scratch/kumail/projects/cs/negation/synthetic_dataset/negation_processing_scripts/data/video/MSRVTT/videos/all/video8323.mp4
3,This video features bicycles,"This video features bicycles, but not 1970 dodge datona",This video does not feature cars,"This video features 1970 dodge datona, but not bicycles",hybrid,/data/healthy-ml/scratch/kumail/projects/cs/negation/synthetic_dataset/negation_processing_scripts/data/video/MSRVTT/videos/all/video9259.mp4
2,This video features microwaving,This video does not feature cooking,This video features cooking and stirring,"This video features microwaving, but not stirring",positive,/data/healthy-ml/scratch/kumail/projects/cs/negation/synthetic_dataset/negation_processing_scripts/data/video/MSRVTT/videos/all/video8654.mp4
1,This video features comedy,"This video features rehearsal, but not comedy","This video features comedy, but not rehearsal",This video does not feature dance,hybrid,/data/healthy-ml/scratch/kumail/projects/cs/negation/synthetic_dataset/negation_processing_scripts/data/video/MSRVTT/videos/all/video9957.mp4
2,"This video features silence, but not band",This video features silence,"This video features band, but not silence",This video does not feature music,hybrid,/data/healthy-ml/scratch/kumail/projects/cs/negation/synthetic_dataset/negation_processing_scripts/data/video/MSRVTT/videos/all/video7205.mp4
2,This video features toys,"This video features toys, but not review","This video features review, but not toys",This video does not feature items,hybrid,/data/healthy-ml/scratch/kumail/projects/cs/negation/synthetic_dataset/negation_processing_scripts/data/video/MSRVTT/videos/all/video8679.mp4
2,"This video features violence, but not interview",This video features violence,This video features cooking and interview,This video does not feature cooking,positive,/data/healthy-ml/scratch/kumail/projects/cs/negation/synthetic_dataset/negation_processing_scripts/data/video/MSRVTT/videos/all/video9548.mp4
1,"This video features video, but not pictures",This video features girl and pictures,This video features video,This video does not feature girl,positive,/data/healthy-ml/scratch/kumail/projects/cs/negation/synthetic_dataset/negation_processing_scripts/data/video/MSRVTT/videos/all/video8011.mp4
2,This video does not feature pokemon,"This video features angry, but not talking","This video features talking, but not angry",This video features angry,hybrid,/data/healthy-ml/scratch/kumail/projects/cs/negation/synthetic_dataset/negation_processing_scripts/data/video/MSRVTT/videos/all/video8341.mp4
1,This video does not feature boat,This video features boat and singing,"This video features daytime, but not singing",This video features daytime,positive,/data/healthy-ml/scratch/kumail/projects/cs/negation/synthetic_dataset/negation_processing_scripts/data/video/MSRVTT/videos/all/video9030.mp4
0,This video features singing and man,"This video features guitars, but not man",This video does not feature singing,This video features guitars,positive,/data/healthy-ml/scratch/kumail/projects/cs/negation/synthetic_dataset/negation_processing_scripts/data/video/MSRVTT/videos/all/video8573.mp4
0,"This video features explaining, but not driving",This video features driving,This video does not feature car,"This video features driving, but not explaining",hybrid,/data/healthy-ml/scratch/kumail/projects/cs/negation/synthetic_dataset/negation_processing_scripts/data/video/MSRVTT/videos/all/video7752.mp4
1,"This video features ipad, but not review","This video features review, but not ipad",This video features ipad,This video does not feature macbook pro,hybrid,/data/healthy-ml/scratch/kumail/projects/cs/negation/synthetic_dataset/negation_processing_scripts/data/video/MSRVTT/videos/all/video7369.mp4
1,This video does not feature technology,This video does not feature swimming,"This video features swimming, but not presentation",This video features swimming,negative,/data/healthy-ml/scratch/kumail/projects/cs/negation/synthetic_dataset/negation_processing_scripts/data/video/MSRVTT/videos/all/video9236.mp4
3,"This video features candy cane, but not melting",This video does not feature chocolate,This video features candy cane,This video features chocolate and melting,positive,/data/healthy-ml/scratch/kumail/projects/cs/negation/synthetic_dataset/negation_processing_scripts/data/video/MSRVTT/videos/all/video7785.mp4
0,This video features bill murray and talk show,This video features singing,"This video features singing, but not talk show",This video does not feature bill murray,positive,/data/healthy-ml/scratch/kumail/projects/cs/negation/synthetic_dataset/negation_processing_scripts/data/video/MSRVTT/videos/all/video7362.mp4
1,This video does not feature soup,"This video features woman, but not salad","This video features salad, but not woman",This video features salad,hybrid,/data/healthy-ml/scratch/kumail/projects/cs/negation/synthetic_dataset/negation_processing_scripts/data/video/MSRVTT/videos/all/video8835.mp4
3,"This video features car, but not sign language",This video does not feature eating,This video features car,This video features eating and sign language,positive,/data/healthy-ml/scratch/kumail/projects/cs/negation/synthetic_dataset/negation_processing_scripts/data/video/MSRVTT/videos/all/video8606.mp4
1,"This video features parking, but not car",This video features man and car,This video features parking,This video does not feature man,positive,/data/healthy-ml/scratch/kumail/projects/cs/negation/synthetic_dataset/negation_processing_scripts/data/video/MSRVTT/videos/all/video9331.mp4
3,"This video features vegetarian, but not burgers",This video features vegetarian,This video does not feature grilling,This video does not feature vegetarian,negative,/data/healthy-ml/scratch/kumail/projects/cs/negation/synthetic_dataset/negation_processing_scripts/data/video/MSRVTT/videos/all/video7147.mp4
1,"This video features crime, but not gun control",This video does not feature crime,This video features crime,This video does not feature news,negative,/data/healthy-ml/scratch/kumail/projects/cs/negation/synthetic_dataset/negation_processing_scripts/data/video/MSRVTT/videos/all/video8864.mp4
0,"This video features islamic people, but not skiing","This video features skiing, but not islamic people",This video does not feature queen elizabeth,This video features skiing,hybrid,/data/healthy-ml/scratch/kumail/projects/cs/negation/synthetic_dataset/negation_processing_scripts/data/video/MSRVTT/videos/all/video7568.mp4
0,"This video features candidate, but not climate change","This video features climate change, but not candidate",This video features climate change,This video does not feature debate,hybrid,/data/healthy-ml/scratch/kumail/projects/cs/negation/synthetic_dataset/negation_processing_scripts/data/video/MSRVTT/videos/all/video7158.mp4
2,"This video features sleeping, but not flying",This video does not feature birds,This video features birds and flying,This video features sleeping,positive,/data/healthy-ml/scratch/kumail/projects/cs/negation/synthetic_dataset/negation_processing_scripts/data/video/MSRVTT/videos/all/video9345.mp4
2,"This video features snake, but not dog",This video does not feature cartoon,This video does not feature snake,This video features snake,negative,/data/healthy-ml/scratch/kumail/projects/cs/negation/synthetic_dataset/negation_processing_scripts/data/video/MSRVTT/videos/all/video8334.mp4
0,"This video features playing, but not stuffed animals","This video features stuffed animals, but not playing",This video features stuffed animals,This video does not feature barbie dolls,hybrid,/data/healthy-ml/scratch/kumail/projects/cs/negation/synthetic_dataset/negation_processing_scripts/data/video/MSRVTT/videos/all/video9231.mp4
1,This video does not feature performance,This video does not feature tragedy,"This video features tragedy, but not comedy",This video features tragedy,negative,/data/healthy-ml/scratch/kumail/projects/cs/negation/synthetic_dataset/negation_processing_scripts/data/video/MSRVTT/videos/all/video9683.mp4
0,"This video features tv show, but not baking",This video does not feature blindfold game,This video features baking,"This video features baking, but not tv show",hybrid,/data/healthy-ml/scratch/kumail/projects/cs/negation/synthetic_dataset/negation_processing_scripts/data/video/MSRVTT/videos/all/video9744.mp4
0,This video does not feature violence,This video does not feature indian music,This video features violence,"This video features violence, but not talking",negative,/data/healthy-ml/scratch/kumail/projects/cs/negation/synthetic_dataset/negation_processing_scripts/data/video/MSRVTT/videos/all/video9513.mp4
1,This video features dialogue,This video does not feature dialogue,"This video features dialogue, but not running",This video does not feature girls,negative,/data/healthy-ml/scratch/kumail/projects/cs/negation/synthetic_dataset/negation_processing_scripts/data/video/MSRVTT/videos/all/video9027.mp4
0,This video features sermon and man,"This video features singing, but not man",This video features singing,This video does not feature sermon,positive,/data/healthy-ml/scratch/kumail/projects/cs/negation/synthetic_dataset/negation_processing_scripts/data/video/MSRVTT/videos/all/video8072.mp4
0,This video features dancing and woman,This video features children,"This video features children, but not woman",This video does not feature dancing,positive,/data/healthy-ml/scratch/kumail/projects/cs/negation/synthetic_dataset/negation_processing_scripts/data/video/MSRVTT/videos/all/video7414.mp4
1,This video does not feature kitchen,This video features kitchen and chef,This video features restaurant,"This video features restaurant, but not chef",positive,/data/healthy-ml/scratch/kumail/projects/cs/negation/synthetic_dataset/negation_processing_scripts/data/video/MSRVTT/videos/all/video8129.mp4
1,This video features city,This video does not feature city,This video does not feature mountains,"This video features city, but not lake",negative,/data/healthy-ml/scratch/kumail/projects/cs/negation/synthetic_dataset/negation_processing_scripts/data/video/MSRVTT/videos/all/video8312.mp4
1,This video features fighting,"This video features laughing, but not fighting",This video does not feature singing,"This video features fighting, but not laughing",hybrid,/data/healthy-ml/scratch/kumail/projects/cs/negation/synthetic_dataset/negation_processing_scripts/data/video/MSRVTT/videos/all/video9241.mp4
2,This video features snow,This video does not feature polar bear,"This video features water, but not snow","This video features snow, but not water",hybrid,/data/healthy-ml/scratch/kumail/projects/cs/negation/synthetic_dataset/negation_processing_scripts/data/video/MSRVTT/videos/all/video8493.mp4
3,"This video features opposition, but not speech",This video does not feature vladimir putin,This video features opposition,This video features vladimir putin and speech,positive,/data/healthy-ml/scratch/kumail/projects/cs/negation/synthetic_dataset/negation_processing_scripts/data/video/MSRVTT/videos/all/video7410.mp4
1,This video does not feature dancing,This video does not feature fighting,This video features fighting,"This video features fighting, but not memories",negative,/data/healthy-ml/scratch/kumail/projects/cs/negation/synthetic_dataset/negation_processing_scripts/data/video/MSRVTT/videos/all/video8839.mp4
1,"This video features arguing, but not stage",This video features singing and stage,This video features arguing,This video does not feature singing,positive,/data/healthy-ml/scratch/kumail/projects/cs/negation/synthetic_dataset/negation_processing_scripts/data/video/MSRVTT/videos/all/video7220.mp4
1,This video does not feature house,This video features house and pets,"This video features humans, but not pets",This video features humans,positive,/data/healthy-ml/scratch/kumail/projects/cs/negation/synthetic_dataset/negation_processing_scripts/data/video/MSRVTT/videos/all/video8867.mp4
0,This video features speaking and forest,"This video features painting, but not forest",This video features painting,This video does not feature speaking,positive,/data/healthy-ml/scratch/kumail/projects/cs/negation/synthetic_dataset/negation_processing_scripts/data/video/MSRVTT/videos/all/video8948.mp4
3,"This video features sister, but not father",This video does not feature boy,This video features sister,"This video features father, but not sister",hybrid,/data/healthy-ml/scratch/kumail/projects/cs/negation/synthetic_dataset/negation_processing_scripts/data/video/MSRVTT/videos/all/video8811.mp4
2,This video features soccer,This video does not feature basketball,"This video features shot, but not soccer","This video features soccer, but not shot",hybrid,/data/healthy-ml/scratch/kumail/projects/cs/negation/synthetic_dataset/negation_processing_scripts/data/video/MSRVTT/videos/all/video7710.mp4
2,This video features painting,"This video features painting, but not battle",This video does not feature painting,This video does not feature cartoon,negative,/data/healthy-ml/scratch/kumail/projects/cs/negation/synthetic_dataset/negation_processing_scripts/data/video/MSRVTT/videos/all/video8245.mp4
3,This video features war,"This video features war, but not man",This video does not feature video game,This video does not feature war,negative,/data/healthy-ml/scratch/kumail/projects/cs/negation/synthetic_dataset/negation_processing_scripts/data/video/MSRVTT/videos/all/video7757.mp4
3,"This video features modern times, but not paintings",This video does not feature history,This video features modern times,"This video features paintings, but not modern times",hybrid,/data/healthy-ml/scratch/kumail/projects/cs/negation/synthetic_dataset/negation_processing_scripts/data/video/MSRVTT/videos/all/video8346.mp4
1,"This video features eyelashes, but not eyebrows","This video features eyebrows, but not eyelashes",This video features eyelashes,This video does not feature makeup,hybrid,/data/healthy-ml/scratch/kumail/projects/cs/negation/synthetic_dataset/negation_processing_scripts/data/video/MSRVTT/videos/all/video8423.mp4
3,"This video features drumming, but not guitar",This video features drumming,This video does not feature singing,"This video features guitar, but not drumming",hybrid,/data/healthy-ml/scratch/kumail/projects/cs/negation/synthetic_dataset/negation_processing_scripts/data/video/MSRVTT/videos/all/video8810.mp4
1,This video features hiking,This video features video game and light,"This video features hiking, but not light",This video does not feature video game,positive,/data/healthy-ml/scratch/kumail/projects/cs/negation/synthetic_dataset/negation_processing_scripts/data/video/MSRVTT/videos/all/video7723.mp4
0,This video features cars and explaining,This video features crashed,"This video features crashed, but not explaining",This video does not feature cars,positive,/data/healthy-ml/scratch/kumail/projects/cs/negation/synthetic_dataset/negation_processing_scripts/data/video/MSRVTT/videos/all/video9508.mp4
2,"This video features real cooking, but not toy cooking",This video features real cooking,"This video features toy cooking, but not real cooking",This video does not feature child,hybrid,/data/healthy-ml/scratch/kumail/projects/cs/negation/synthetic_dataset/negation_processing_scripts/data/video/MSRVTT/videos/all/video7561.mp4
3,This video does not feature woman,This video features computer,"This video features computer, but not headband",This video features woman and headband,positive,/data/healthy-ml/scratch/kumail/projects/cs/negation/synthetic_dataset/negation_processing_scripts/data/video/MSRVTT/videos/all/video8261.mp4
0,This video does not feature grilling,This video does not feature making a dish,"This video features grilling, but not mixing food ingredients",This video features grilling,negative,/data/healthy-ml/scratch/kumail/projects/cs/negation/synthetic_dataset/negation_processing_scripts/data/video/MSRVTT/videos/all/video7140.mp4
1,This video features flute,This video does not feature flute,This video does not feature piano,"This video features flute, but not playing",negative,/data/healthy-ml/scratch/kumail/projects/cs/negation/synthetic_dataset/negation_processing_scripts/data/video/MSRVTT/videos/all/video8255.mp4
0,"This video features sports, but not white",This video does not feature car,This video features white,"This video features white, but not sports",hybrid,/data/healthy-ml/scratch/kumail/projects/cs/negation/synthetic_dataset/negation_processing_scripts/data/video/MSRVTT/videos/all/video9358.mp4
3,This video features travelling,This video does not feature professor,"This video features travelling, but not microstructure","This video features microstructure, but not travelling",hybrid,/data/healthy-ml/scratch/kumail/projects/cs/negation/synthetic_dataset/negation_processing_scripts/data/video/MSRVTT/videos/all/video7491.mp4
2,This video features woman,This video does not feature two men,This video features two men and talking,"This video features woman, but not talking",positive,/data/healthy-ml/scratch/kumail/projects/cs/negation/synthetic_dataset/negation_processing_scripts/data/video/MSRVTT/videos/all/video9234.mp4
0,"This video features anchors, but not drama",This video features drama,This video does not feature news,"This video features drama, but not anchors",hybrid,/data/healthy-ml/scratch/kumail/projects/cs/negation/synthetic_dataset/negation_processing_scripts/data/video/MSRVTT/videos/all/video9223.mp4
0,This video features woman and news,"This video features radio, but not news",This video does not feature woman,This video features radio,positive,/data/healthy-ml/scratch/kumail/projects/cs/negation/synthetic_dataset/negation_processing_scripts/data/video/MSRVTT/videos/all/video8333.mp4
0,This video features folding and origami,This video does not feature folding,"This video features cutting, but not origami",This video features cutting,positive,/data/healthy-ml/scratch/kumail/projects/cs/negation/synthetic_dataset/negation_processing_scripts/data/video/MSRVTT/videos/all/video8601.mp4
1,This video does not feature bed,This video features bed and phone,"This video features loving, but not phone",This video features loving,positive,/data/healthy-ml/scratch/kumail/projects/cs/negation/synthetic_dataset/negation_processing_scripts/data/video/MSRVTT/videos/all/video7687.mp4
2,This video does not feature girl,"This video features tv, but not puppy",This video features girl and puppy,This video features tv,positive,/data/healthy-ml/scratch/kumail/projects/cs/negation/synthetic_dataset/negation_processing_scripts/data/video/MSRVTT/videos/all/video8837.mp4
1,"This video features bus, but not subway",This video does not feature bus,This video does not feature train,This video features bus,negative,/data/healthy-ml/scratch/kumail/projects/cs/negation/synthetic_dataset/negation_processing_scripts/data/video/MSRVTT/videos/all/video7832.mp4
1,This video features music,This video does not feature music,This video does not feature motivational speaker,"This video features music, but not speech",negative,/data/healthy-ml/scratch/kumail/projects/cs/negation/synthetic_dataset/negation_processing_scripts/data/video/MSRVTT/videos/all/video9203.mp4
1,This video does not feature video game,This video features video game and playing,This video features swimming,"This video features swimming, but not playing",positive,/data/healthy-ml/scratch/kumail/projects/cs/negation/synthetic_dataset/negation_processing_scripts/data/video/MSRVTT/videos/all/video7552.mp4
2,This video features treatment,"This video features treatment, but not lecture",This video does not feature treatment,This video does not feature precision medicine,negative,/data/healthy-ml/scratch/kumail/projects/cs/negation/synthetic_dataset/negation_processing_scripts/data/video/MSRVTT/videos/all/video9781.mp4
1,This video features piano,"This video features kid, but not piano",This video does not feature guitar,"This video features piano, but not kid",hybrid,/data/healthy-ml/scratch/kumail/projects/cs/negation/synthetic_dataset/negation_processing_scripts/data/video/MSRVTT/videos/all/video7976.mp4
2,"This video features blender, but not onion",This video features blender,This video does not feature blender,This video does not feature cooking,negative,/data/healthy-ml/scratch/kumail/projects/cs/negation/synthetic_dataset/negation_processing_scripts/data/video/MSRVTT/videos/all/video9798.mp4
1,This video features losing,This video does not feature losing,This video does not feature ping pong,"This video features losing, but not playing",negative,/data/healthy-ml/scratch/kumail/projects/cs/negation/synthetic_dataset/negation_processing_scripts/data/video/MSRVTT/videos/all/video7699.mp4
0,"This video features athletes, but not space (travel)",This video features space (travel),This video does not feature track (race),"This video features space (travel), but not athletes",hybrid,/data/healthy-ml/scratch/kumail/projects/cs/negation/synthetic_dataset/negation_processing_scripts/data/video/MSRVTT/videos/all/video8451.mp4
1,"This video features safety, but not man","This video features man, but not safety",This video features safety,This video does not feature gun,hybrid,/data/healthy-ml/scratch/kumail/projects/cs/negation/synthetic_dataset/negation_processing_scripts/data/video/MSRVTT/videos/all/video7363.mp4
3,"This video features guitar, but not football",This video does not feature video game,This video features guitar,"This video features football, but not guitar",hybrid,/data/healthy-ml/scratch/kumail/projects/cs/negation/synthetic_dataset/negation_processing_scripts/data/video/MSRVTT/videos/all/video7374.mp4
0,"This video features fashion, but not wedding","This video features wedding, but not fashion",This video features wedding,This video does not feature bridal,hybrid,/data/healthy-ml/scratch/kumail/projects/cs/negation/synthetic_dataset/negation_processing_scripts/data/video/MSRVTT/videos/all/video7142.mp4
1,This video features steak,This video features cooking and pancake,This video does not feature cooking,"This video features steak, but not pancake",positive,/data/healthy-ml/scratch/kumail/projects/cs/negation/synthetic_dataset/negation_processing_scripts/data/video/MSRVTT/videos/all/video8865.mp4
1,"This video features birth, but not funeral","This video features funeral, but not birth",This video features birth,This video does not feature embalmer,hybrid,/data/healthy-ml/scratch/kumail/projects/cs/negation/synthetic_dataset/negation_processing_scripts/data/video/MSRVTT/videos/all/video9032.mp4
3,"This video features skateboarding, but not waves",This video features skateboarding,This video does not feature surfing,This video does not feature skateboarding,negative,/data/healthy-ml/scratch/kumail/projects/cs/negation/synthetic_dataset/negation_processing_scripts/data/video/MSRVTT/videos/all/video9574.mp4
2,"This video features peace, but not playing video game",This video does not feature minecraft,"This video features playing video game, but not peace",This video features peace,hybrid,/data/healthy-ml/scratch/kumail/projects/cs/negation/synthetic_dataset/negation_processing_scripts/data/video/MSRVTT/videos/all/video8931.mp4
0,"This video features women, but not men","This video features men, but not women",This video features men,This video does not feature massage,hybrid,/data/healthy-ml/scratch/kumail/projects/cs/negation/synthetic_dataset/negation_processing_scripts/data/video/MSRVTT/videos/all/video8240.mp4
0,"This video features show, but not men",This video does not feature fashion,This video features men,"This video features men, but not show",hybrid,/data/healthy-ml/scratch/kumail/projects/cs/negation/synthetic_dataset/negation_processing_scripts/data/video/MSRVTT/videos/all/video8914.mp4
2,This video features eating,"This video features eating, but not cooking",This video does not feature eating,This video does not feature chef,negative,/data/healthy-ml/scratch/kumail/projects/cs/negation/synthetic_dataset/negation_processing_scripts/data/video/MSRVTT/videos/all/video7148.mp4
3,This video features board game,"This video features board game, but not review",This video does not feature video game,This video does not feature board game,negative,/data/healthy-ml/scratch/kumail/projects/cs/negation/synthetic_dataset/negation_processing_scripts/data/video/MSRVTT/videos/all/video9795.mp4
0,This video features birds and cage,This video does not feature birds,This video features snake,"This video features snake, but not cage",positive,/data/healthy-ml/scratch/kumail/projects/cs/negation/synthetic_dataset/negation_processing_scripts/data/video/MSRVTT/videos/all/video8469.mp4
0,This video does not feature dance,"This video features dance, but not people",This video features dance,This video does not feature cosplay,negative,/data/healthy-ml/scratch/kumail/projects/cs/negation/synthetic_dataset/negation_processing_scripts/data/video/MSRVTT/videos/all/video9131.mp4
0,This video features halloween and makeup,"This video features cooking, but not makeup",This video does not feature halloween,This video features cooking,positive,/data/healthy-ml/scratch/kumail/projects/cs/negation/synthetic_dataset/negation_processing_scripts/data/video/MSRVTT/videos/all/video8756.mp4
1,This video features women,This video does not feature women,"This video features women, but not talking",This video does not feature interview,negative,/data/healthy-ml/scratch/kumail/projects/cs/negation/synthetic_dataset/negation_processing_scripts/data/video/MSRVTT/videos/all/video8259.mp4
0,This video does not feature food,"This video features food, but not line",This video does not feature ice cream,This video features food,negative,/data/healthy-ml/scratch/kumail/projects/cs/negation/synthetic_dataset/negation_processing_scripts/data/video/MSRVTT/videos/all/video8664.mp4
2,This video does not feature dna,"This video features exercise, but not experiment","This video features experiment, but not exercise",This video features exercise,hybrid,/data/healthy-ml/scratch/kumail/projects/cs/negation/synthetic_dataset/negation_processing_scripts/data/video/MSRVTT/videos/all/video7900.mp4
0,This video does not feature gaming,This video does not feature interview,This video features gaming,"This video features gaming, but not movie discussion",negative,/data/healthy-ml/scratch/kumail/projects/cs/negation/synthetic_dataset/negation_processing_scripts/data/video/MSRVTT/videos/all/video7215.mp4
3,"This video features driving, but not sustainable development",This video features driving,This video does not feature talking,This video does not feature driving,negative,/data/healthy-ml/scratch/kumail/projects/cs/negation/synthetic_dataset/negation_processing_scripts/data/video/MSRVTT/videos/all/video9406.mp4
0,This video features video game and walking,This video does not feature video game,This video features volleyball,"This video features volleyball, but not walking",positive,/data/healthy-ml/scratch/kumail/projects/cs/negation/synthetic_dataset/negation_processing_scripts/data/video/MSRVTT/videos/all/video8027.mp4
1,This video does not feature ceo,This video does not feature failure,This video features failure,"This video features failure, but not blackberry",negative,/data/healthy-ml/scratch/kumail/projects/cs/negation/synthetic_dataset/negation_processing_scripts/data/video/MSRVTT/videos/all/video9692.mp4
3,"This video features woman, but not truck",This video features woman,This video does not feature man,"This video features truck, but not woman",hybrid,/data/healthy-ml/scratch/kumail/projects/cs/negation/synthetic_dataset/negation_processing_scripts/data/video/MSRVTT/videos/all/video8420.mp4
0,This video does not feature sports,This video does not feature woman,"This video features sports, but not news",This video features sports,negative,/data/healthy-ml/scratch/kumail/projects/cs/negation/synthetic_dataset/negation_processing_scripts/data/video/MSRVTT/videos/all/video9882.mp4
0,This video features truck and men,"This video features car, but not men",This video does not feature truck,This video features car,positive,/data/healthy-ml/scratch/kumail/projects/cs/negation/synthetic_dataset/negation_processing_scripts/data/video/MSRVTT/videos/all/video9354.mp4
1,This video features baking,This video features boy band and concert performance,"This video features baking, but not concert performance",This video does not feature boy band,positive,/data/healthy-ml/scratch/kumail/projects/cs/negation/synthetic_dataset/negation_processing_scripts/data/video/MSRVTT/videos/all/video9519.mp4
2,This video does not feature testing,This video features fear,This video features testing and high place,"This video features fear, but not high place",positive,/data/healthy-ml/scratch/kumail/projects/cs/negation/synthetic_dataset/negation_processing_scripts/data/video/MSRVTT/videos/all/video8945.mp4
0,"This video features eating, but not soup","This video features soup, but not eating",This video does not feature shrimp,This video features soup,hybrid,/data/healthy-ml/scratch/kumail/projects/cs/negation/synthetic_dataset/negation_processing_scripts/data/video/MSRVTT/videos/all/video9309.mp4
2,This video features defeat,"This video features defeat, but not celebration","This video features celebration, but not defeat",This video does not feature soccer,hybrid,/data/healthy-ml/scratch/kumail/projects/cs/negation/synthetic_dataset/negation_processing_scripts/data/video/MSRVTT/videos/all/video8476.mp4
0,"This video features celebrities, but not accident","This video features accident, but not celebrities",This video does not feature red carpet,This video features accident,hybrid,/data/healthy-ml/scratch/kumail/projects/cs/negation/synthetic_dataset/negation_processing_scripts/data/video/MSRVTT/videos/all/video9329.mp4
3,This video does not feature drinking,This video features baking,"This video features baking, but not recipe",This video does not feature baking,negative,/data/healthy-ml/scratch/kumail/projects/cs/negation/synthetic_dataset/negation_processing_scripts/data/video/MSRVTT/videos/all/video8685.mp4
2,This video features frying,This video does not feature slicing,This video features slicing and potato,"This video features frying, but not potato",positive,/data/healthy-ml/scratch/kumail/projects/cs/negation/synthetic_dataset/negation_processing_scripts/data/video/MSRVTT/videos/all/video7966.mp4
2,This video features consoling,"This video features consoling, but not match","This video features match, but not consoling",This video does not feature wrestling,hybrid,/data/healthy-ml/scratch/kumail/projects/cs/negation/synthetic_dataset/negation_processing_scripts/data/video/MSRVTT/videos/all/video8443.mp4
3,This video features meat,"This video features meat, but not woman",This video does not feature vegetables,This video features vegetables and woman,positive,/data/healthy-ml/scratch/kumail/projects/cs/negation/synthetic_dataset/negation_processing_scripts/data/video/MSRVTT/videos/all/video8498.mp4
2,This video does not feature wrestling,This video features soccer,This video does not feature soccer,"This video features soccer, but not interview",negative,/data/healthy-ml/scratch/kumail/projects/cs/negation/synthetic_dataset/negation_processing_scripts/data/video/MSRVTT/videos/all/video9020.mp4
1,This video does not feature hugging,This video features hugging and couple,"This video features fight, but not couple",This video features fight,positive,/data/healthy-ml/scratch/kumail/projects/cs/negation/synthetic_dataset/negation_processing_scripts/data/video/MSRVTT/videos/all/video8442.mp4
1,This video does not feature flirting,"This video features smiling, but not no door",This video features no door,"This video features no door, but not smiling",hybrid,/data/healthy-ml/scratch/kumail/projects/cs/negation/synthetic_dataset/negation_processing_scripts/data/video/MSRVTT/videos/all/video9012.mp4
1,This video does not feature will smith,This video does not feature argument,This video features argument,"This video features argument, but not conversation",negative,/data/healthy-ml/scratch/kumail/projects/cs/negation/synthetic_dataset/negation_processing_scripts/data/video/MSRVTT/videos/all/video9230.mp4
0,"This video features guitar, but not piano",This video does not feature person,This video features piano,"This video features piano, but not guitar",hybrid,/data/healthy-ml/scratch/kumail/projects/cs/negation/synthetic_dataset/negation_processing_scripts/data/video/MSRVTT/videos/all/video7545.mp4
3,This video features pins,This video does not feature magnets,"This video features pins, but not creating",This video does not feature pins,negative,/data/healthy-ml/scratch/kumail/projects/cs/negation/synthetic_dataset/negation_processing_scripts/data/video/MSRVTT/videos/all/video7560.mp4
3,This video does not feature talking,"This video features friendship, but not interrogation",This video features friendship,This video features talking and interrogation,positive,/data/healthy-ml/scratch/kumail/projects/cs/negation/synthetic_dataset/negation_processing_scripts/data/video/MSRVTT/videos/all/video8808.mp4
2,This video features woman,This video does not feature man,This video features man and singer,"This video features woman, but not singer",positive,/data/healthy-ml/scratch/kumail/projects/cs/negation/synthetic_dataset/negation_processing_scripts/data/video/MSRVTT/videos/all/video9600.mp4
1,This video features dance,This video does not feature dance,This video does not feature drawing,"This video features dance, but not women",negative,/data/healthy-ml/scratch/kumail/projects/cs/negation/synthetic_dataset/negation_processing_scripts/data/video/MSRVTT/videos/all/video7462.mp4
1,"This video features fighting, but not quotes","This video features quotes, but not fighting",This video does not feature anime characters,This video features fighting,hybrid,/data/healthy-ml/scratch/kumail/projects/cs/negation/synthetic_dataset/negation_processing_scripts/data/video/MSRVTT/videos/all/video7581.mp4
3,This video does not feature family,"This video features computer, but not conversation",This video features computer,This video does not feature computer,negative,/data/healthy-ml/scratch/kumail/projects/cs/negation/synthetic_dataset/negation_processing_scripts/data/video/MSRVTT/videos/all/video7825.mp4
1,"This video features video games, but not trailers",This video does not feature video games,This video does not feature movies,This video features video games,negative,/data/healthy-ml/scratch/kumail/projects/cs/negation/synthetic_dataset/negation_processing_scripts/data/video/MSRVTT/videos/all/video9804.mp4
3,This video does not feature kayaking,This video features swimming,"This video features swimming, but not river",This video features kayaking and river,positive,/data/healthy-ml/scratch/kumail/projects/cs/negation/synthetic_dataset/negation_processing_scripts/data/video/MSRVTT/videos/all/video9831.mp4
3,This video does not feature egg,"This video features bicycle, but not walking on eggs",This video features bicycle,This video features egg and walking on eggs,positive,/data/healthy-ml/scratch/kumail/projects/cs/negation/synthetic_dataset/negation_processing_scripts/data/video/MSRVTT/videos/all/video7688.mp4
2,This video does not feature protest,"This video features police, but not midwives","This video features midwives, but not police",This video features police,hybrid,/data/healthy-ml/scratch/kumail/projects/cs/negation/synthetic_dataset/negation_processing_scripts/data/video/MSRVTT/videos/all/video7827.mp4
2,This video features cooking,This video does not feature video game,"This video features car, but not cooking","This video features cooking, but not car",hybrid,/data/healthy-ml/scratch/kumail/projects/cs/negation/synthetic_dataset/negation_processing_scripts/data/video/MSRVTT/videos/all/video7464.mp4
3,This video features house,This video does not feature car,"This video features house, but not factory",This video does not feature house,negative,/data/healthy-ml/scratch/kumail/projects/cs/negation/synthetic_dataset/negation_processing_scripts/data/video/MSRVTT/videos/all/video7343.mp4
0,This video features spongebob squarepants and singing,This video features fire,This video does not feature spongebob squarepants,"This video features fire, but not singing",positive,/data/healthy-ml/scratch/kumail/projects/cs/negation/synthetic_dataset/negation_processing_scripts/data/video/MSRVTT/videos/all/video7111.mp4
3,"This video features anger, but not bird",This video does not feature animation,This video features anger,This video does not feature anger,negative,/data/healthy-ml/scratch/kumail/projects/cs/negation/synthetic_dataset/negation_processing_scripts/data/video/MSRVTT/videos/all/video9772.mp4
2,This video does not feature woman,"This video features technology, but not package","This video features package, but not technology",This video features technology,hybrid,/data/healthy-ml/scratch/kumail/projects/cs/negation/synthetic_dataset/negation_processing_scripts/data/video/MSRVTT/videos/all/video8868.mp4
3,"This video features cooking, but not man",This video does not feature fishing,This video features cooking,This video does not feature cooking,negative,/data/healthy-ml/scratch/kumail/projects/cs/negation/synthetic_dataset/negation_processing_scripts/data/video/MSRVTT/videos/all/video7543.mp4
3,This video does not feature diving,"This video features surfing, but not underwater",This video features surfing,"This video features underwater, but not surfing",hybrid,/data/healthy-ml/scratch/kumail/projects/cs/negation/synthetic_dataset/negation_processing_scripts/data/video/MSRVTT/videos/all/video9578.mp4
3,"This video features piano, but not guitar",This video features piano,This video does not feature singing,This video features singing and guitar,positive,/data/healthy-ml/scratch/kumail/projects/cs/negation/synthetic_dataset/negation_processing_scripts/data/video/MSRVTT/videos/all/video8265.mp4
0,This video does not feature chess,This video features chess,This video does not feature video game,"This video features chess, but not playing",negative,/data/healthy-ml/scratch/kumail/projects/cs/negation/synthetic_dataset/negation_processing_scripts/data/video/MSRVTT/videos/all/video9773.mp4
3,"This video features scientist, but not classroom",This video features scientist,This video does not feature teacher,"This video features classroom, but not scientist",hybrid,/data/healthy-ml/scratch/kumail/projects/cs/negation/synthetic_dataset/negation_processing_scripts/data/video/MSRVTT/videos/all/video9908.mp4
3,This video features understanding,"This video features understanding, but not hand gestures",This video does not feature talking,This video does not feature understanding,negative,/data/healthy-ml/scratch/kumail/projects/cs/negation/synthetic_dataset/negation_processing_scripts/data/video/MSRVTT/videos/all/video8301.mp4
0,This video features band and concert,"This video features rain, but not concert",This video features rain,This video does not feature band,positive,/data/healthy-ml/scratch/kumail/projects/cs/negation/synthetic_dataset/negation_processing_scripts/data/video/MSRVTT/videos/all/video8466.mp4
0,This video features man and speaking,This video features woman,This video does not feature man,"This video features woman, but not speaking",positive,/data/healthy-ml/scratch/kumail/projects/cs/negation/synthetic_dataset/negation_processing_scripts/data/video/MSRVTT/videos/all/video8721.mp4
1,"This video features video game, but not presentation",This video does not feature video game,This video features video game,This video does not feature projector,negative,/data/healthy-ml/scratch/kumail/projects/cs/negation/synthetic_dataset/negation_processing_scripts/data/video/MSRVTT/videos/all/video7829.mp4
2,This video features election,"This video features election, but not speech",This video does not feature election,This video does not feature obama,negative,/data/healthy-ml/scratch/kumail/projects/cs/negation/synthetic_dataset/negation_processing_scripts/data/video/MSRVTT/videos/all/video7619.mp4
3,This video does not feature conversation,"This video features video games, but not fire",This video features video games,"This video features fire, but not video games",hybrid,/data/healthy-ml/scratch/kumail/projects/cs/negation/synthetic_dataset/negation_processing_scripts/data/video/MSRVTT/videos/all/video9322.mp4
3,This video features disagreement,"This video features disagreement, but not talking",This video does not feature woman,This video features woman and talking,positive,/data/healthy-ml/scratch/kumail/projects/cs/negation/synthetic_dataset/negation_processing_scripts/data/video/MSRVTT/videos/all/video9816.mp4
3,This video does not feature cooking,This video features grilling,"This video features grilling, but not vegetables",This video does not feature grilling,negative,/data/healthy-ml/scratch/kumail/projects/cs/negation/synthetic_dataset/negation_processing_scripts/data/video/MSRVTT/videos/all/video8514.mp4
2,"This video features rain, but not fast-moving clocks",This video features rain,This video does not feature rain,This video does not feature airport,negative,/data/healthy-ml/scratch/kumail/projects/cs/negation/synthetic_dataset/negation_processing_scripts/data/video/MSRVTT/videos/all/video8687.mp4
3,This video features mobile phone,This video does not feature woman,"This video features mobile phone, but not dialing phone","This video features dialing phone, but not mobile phone",hybrid,/data/healthy-ml/scratch/kumail/projects/cs/negation/synthetic_dataset/negation_processing_scripts/data/video/MSRVTT/videos/all/video7728.mp4
0,This video does not feature videographer,This video features videographer,"This video features videographer, but not camera",This video does not feature photographer,negative,/data/healthy-ml/scratch/kumail/projects/cs/negation/synthetic_dataset/negation_processing_scripts/data/video/MSRVTT/videos/all/video8670.mp4
1,"This video features history, but not speaking",This video features man and speaking,This video does not feature man,This video features history,positive,/data/healthy-ml/scratch/kumail/projects/cs/negation/synthetic_dataset/negation_processing_scripts/data/video/MSRVTT/videos/all/video7946.mp4
2,"This video features tablet, but not using",This video does not feature phone,"This video features using, but not tablet",This video features tablet,hybrid,/data/healthy-ml/scratch/kumail/projects/cs/negation/synthetic_dataset/negation_processing_scripts/data/video/MSRVTT/videos/all/video9258.mp4
0,"This video features baby playing with cat, but not dog",This video features dog,This video does not feature baby,"This video features dog, but not baby playing with cat",hybrid,/data/healthy-ml/scratch/kumail/projects/cs/negation/synthetic_dataset/negation_processing_scripts/data/video/MSRVTT/videos/all/video7902.mp4
3,"This video features men, but not runway",This video does not feature fashion,This video features men,"This video features runway, but not men",hybrid,/data/healthy-ml/scratch/kumail/projects/cs/negation/synthetic_dataset/negation_processing_scripts/data/video/MSRVTT/videos/all/video9277.mp4
2,This video features playing basketball,This video does not feature minecraft,"This video features playing, but not playing basketball","This video features playing basketball, but not playing",hybrid,/data/healthy-ml/scratch/kumail/projects/cs/negation/synthetic_dataset/negation_processing_scripts/data/video/MSRVTT/videos/all/video8628.mp4
0,This video features grocery and shopping,"This video features candy, but not shopping",This video does not feature grocery,This video features candy,positive,/data/healthy-ml/scratch/kumail/projects/cs/negation/synthetic_dataset/negation_processing_scripts/data/video/MSRVTT/videos/all/video8018.mp4
1,This video does not feature adding,This video features adding and cooking,"This video features frying, but not cooking",This video features frying,positive,/data/healthy-ml/scratch/kumail/projects/cs/negation/synthetic_dataset/negation_processing_scripts/data/video/MSRVTT/videos/all/video9022.mp4
3,This video features profanity,"This video features profanity, but not press conference",This video does not feature britney spears,"This video features press conference, but not profanity",hybrid,/data/healthy-ml/scratch/kumail/projects/cs/negation/synthetic_dataset/negation_processing_scripts/data/video/MSRVTT/videos/all/video7171.mp4
3,"This video features dogs, but not women",This video does not feature lions,This video features dogs,This video does not feature dogs,negative,/data/healthy-ml/scratch/kumail/projects/cs/negation/synthetic_dataset/negation_processing_scripts/data/video/MSRVTT/videos/all/video8935.mp4
3,This video features sports,This video does not feature video games,"This video features sports, but not friends",This video does not feature sports,negative,/data/healthy-ml/scratch/kumail/projects/cs/negation/synthetic_dataset/negation_processing_scripts/data/video/MSRVTT/videos/all/video7593.mp4
1,This video features uncomfortable,This video features girl and dress,This video does not feature girl,"This video features uncomfortable, but not dress",positive,/data/healthy-ml/scratch/kumail/projects/cs/negation/synthetic_dataset/negation_processing_scripts/data/video/MSRVTT/videos/all/video9472.mp4
3,This video does not feature car,"This video features design, but not describing",This video features design,This video features car and describing,positive,/data/healthy-ml/scratch/kumail/projects/cs/negation/synthetic_dataset/negation_processing_scripts/data/video/MSRVTT/videos/all/video9530.mp4
0,This video does not feature basketball,This video does not feature football highlights,This video features basketball,"This video features basketball, but not players making impressive feats",negative,/data/healthy-ml/scratch/kumail/projects/cs/negation/synthetic_dataset/negation_processing_scripts/data/video/MSRVTT/videos/all/video9542.mp4
3,This video features swimming,"This video features swimming, but not singing",This video does not feature band,This video does not feature swimming,negative,/data/healthy-ml/scratch/kumail/projects/cs/negation/synthetic_dataset/negation_processing_scripts/data/video/MSRVTT/videos/all/video7596.mp4
3,"This video features fried rice, but not flatbread",This video does not feature cooking,This video features fried rice,This video does not feature fried rice,negative,/data/healthy-ml/scratch/kumail/projects/cs/negation/synthetic_dataset/negation_processing_scripts/data/video/MSRVTT/videos/all/video9038.mp4
3,This video does not feature government,"This video features capitalism, but not branches",This video features capitalism,This video does not feature capitalism,negative,/data/healthy-ml/scratch/kumail/projects/cs/negation/synthetic_dataset/negation_processing_scripts/data/video/MSRVTT/videos/all/video9474.mp4
1,This video features moon,"This video features mars, but not moon","This video features moon, but not mars",This video does not feature nasa,hybrid,/data/healthy-ml/scratch/kumail/projects/cs/negation/synthetic_dataset/negation_processing_scripts/data/video/MSRVTT/videos/all/video8727.mp4
3,This video features sadness,This video does not feature horse,"This video features sadness, but not jumping",This video does not feature sadness,negative,/data/healthy-ml/scratch/kumail/projects/cs/negation/synthetic_dataset/negation_processing_scripts/data/video/MSRVTT/videos/all/video9416.mp4
0,This video does not feature chess,This video does not feature mario party,This video features chess,"This video features chess, but not video game",negative,/data/healthy-ml/scratch/kumail/projects/cs/negation/synthetic_dataset/negation_processing_scripts/data/video/MSRVTT/videos/all/video8689.mp4
3,This video features tennis,"This video features tennis, but not playing",This video does not feature minecraft,"This video features playing, but not tennis",hybrid,/data/healthy-ml/scratch/kumail/projects/cs/negation/synthetic_dataset/negation_processing_scripts/data/video/MSRVTT/videos/all/video8816.mp4
3,This video features wrestling,This video does not feature boxing,"This video features wrestling, but not fighting",This video does not feature wrestling,negative,/data/healthy-ml/scratch/kumail/projects/cs/negation/synthetic_dataset/negation_processing_scripts/data/video/MSRVTT/videos/all/video7979.mp4
1,This video does not feature jumping,This video features jumping and building,This video features swimming,"This video features swimming, but not building",positive,/data/healthy-ml/scratch/kumail/projects/cs/negation/synthetic_dataset/negation_processing_scripts/data/video/MSRVTT/videos/all/video9033.mp4
0,This video features dog grooming and martha stewart pet products,"This video features hair products for humans, but not martha stewart pet products",This video features hair products for humans,This video does not feature dog grooming,positive,/data/healthy-ml/scratch/kumail/projects/cs/negation/synthetic_dataset/negation_processing_scripts/data/video/MSRVTT/videos/all/video7549.mp4
1,This video does not feature wrestling,This video features wrestling and competition,This video features boxing,"This video features boxing, but not competition",positive,/data/healthy-ml/scratch/kumail/projects/cs/negation/synthetic_dataset/negation_processing_scripts/data/video/MSRVTT/videos/all/video9803.mp4
2,This video does not feature massaging,"This video features jealousy, but not bathing",This video does not feature jealousy,This video features jealousy,negative,/data/healthy-ml/scratch/kumail/projects/cs/negation/synthetic_dataset/negation_processing_scripts/data/video/MSRVTT/videos/all/video7144.mp4
3,"This video features singing, but not bloopers",This video features singing,This video does not feature woman talking,"This video features bloopers, but not singing",hybrid,/data/healthy-ml/scratch/kumail/projects/cs/negation/synthetic_dataset/negation_processing_scripts/data/video/MSRVTT/videos/all/video8669.mp4
1,"This video features traffic, but not animation",This video features cars and animation,This video features traffic,This video does not feature cars,positive,/data/healthy-ml/scratch/kumail/projects/cs/negation/synthetic_dataset/negation_processing_scripts/data/video/MSRVTT/videos/all/video8973.mp4
0,This video does not feature crying,This video does not feature woman,"This video features crying, but not talking",This video features crying,negative,/data/healthy-ml/scratch/kumail/projects/cs/negation/synthetic_dataset/negation_processing_scripts/data/video/MSRVTT/videos/all/video7348.mp4
3,"This video features jigsaw puzzle, but not solving",This video features jigsaw puzzle,This video does not feature rubik's cube,This video does not feature jigsaw puzzle,negative,/data/healthy-ml/scratch/kumail/projects/cs/negation/synthetic_dataset/negation_processing_scripts/data/video/MSRVTT/videos/all/video7693.mp4
1,This video does not feature youtube,This video does not feature friendship,"This video features friendship, but not talking",This video features friendship,negative,/data/healthy-ml/scratch/kumail/projects/cs/negation/synthetic_dataset/negation_processing_scripts/data/video/MSRVTT/videos/all/video8801.mp4
3,This video features dance,This video does not feature fashion,"This video features dance, but not interview","This video features interview, but not dance",hybrid,/data/healthy-ml/scratch/kumail/projects/cs/negation/synthetic_dataset/negation_processing_scripts/data/video/MSRVTT/videos/all/video9039.mp4
2,This video does not feature police,"This video features fire, but not running","This video features running, but not fire",This video features fire,hybrid,/data/healthy-ml/scratch/kumail/projects/cs/negation/synthetic_dataset/negation_processing_scripts/data/video/MSRVTT/videos/all/video9323.mp4
2,This video does not feature runway,"This video features men, but not fashion",This video features runway and fashion,This video features men,positive,/data/healthy-ml/scratch/kumail/projects/cs/negation/synthetic_dataset/negation_processing_scripts/data/video/MSRVTT/videos/all/video9348.mp4
1,This video features makeup,This video does not feature makeup,"This video features makeup, but not advice",This video does not feature skincare,negative,/data/healthy-ml/scratch/kumail/projects/cs/negation/synthetic_dataset/negation_processing_scripts/data/video/MSRVTT/videos/all/video7684.mp4
1,"This video features dog, but not horse",This video does not feature dog,This video features dog,This video does not feature feeding,negative,/data/healthy-ml/scratch/kumail/projects/cs/negation/synthetic_dataset/negation_processing_scripts/data/video/MSRVTT/videos/all/video9451.mp4
3,This video features waterfall,This video does not feature speaking,"This video features waterfall, but not beach",This video features speaking and beach,positive,/data/healthy-ml/scratch/kumail/projects/cs/negation/synthetic_dataset/negation_processing_scripts/data/video/MSRVTT/videos/all/video7589.mp4
1,This video does not feature playing,"This video features costume, but not running","This video features running, but not costume",This video features running,hybrid,/data/healthy-ml/scratch/kumail/projects/cs/negation/synthetic_dataset/negation_processing_scripts/data/video/MSRVTT/videos/all/video7542.mp4
3,This video features color,"This video features color, but not television",This video does not feature black and white,"This video features television, but not color",hybrid,/data/healthy-ml/scratch/kumail/projects/cs/negation/synthetic_dataset/negation_processing_scripts/data/video/MSRVTT/videos/all/video9834.mp4
0,This video does not feature crying,This video features crying,This video does not feature laughing,"This video features crying, but not talking",negative,/data/healthy-ml/scratch/kumail/projects/cs/negation/synthetic_dataset/negation_processing_scripts/data/video/MSRVTT/videos/all/video9357.mp4
3,This video does not feature party,This video features birthday,"This video features birthday, but not karaoke","This video features karaoke, but not birthday",hybrid,/data/healthy-ml/scratch/kumail/projects/cs/negation/synthetic_dataset/negation_processing_scripts/data/video/MSRVTT/videos/all/video7725.mp4
2,This video features baseball,This video does not feature basketball,This video does not feature baseball,"This video features baseball, but not dunk",negative,/data/healthy-ml/scratch/kumail/projects/cs/negation/synthetic_dataset/negation_processing_scripts/data/video/MSRVTT/videos/all/video7839.mp4
0,"This video features bus, but not fire",This video features fire,"This video features fire, but not bus",This video does not feature car,hybrid,/data/healthy-ml/scratch/kumail/projects/cs/negation/synthetic_dataset/negation_processing_scripts/data/video/MSRVTT/videos/all/video8497.mp4
0,"This video features goals, but not tennis","This video features tennis, but not goals",This video does not feature soccer,This video features tennis,hybrid,/data/healthy-ml/scratch/kumail/projects/cs/negation/synthetic_dataset/negation_processing_scripts/data/video/MSRVTT/videos/all/video8661.mp4
3,This video does not feature red balloons,"This video features angry crowd, but not gifts",This video features angry crowd,This video features red balloons and gifts,positive,/data/healthy-ml/scratch/kumail/projects/cs/negation/synthetic_dataset/negation_processing_scripts/data/video/MSRVTT/videos/all/video9405.mp4
0,This video features police car and driving,This video features danger,This video does not feature police car,"This video features danger, but not driving",positive,/data/healthy-ml/scratch/kumail/projects/cs/negation/synthetic_dataset/negation_processing_scripts/data/video/MSRVTT/videos/all/video8089.mp4
2,"This video features shorts, but not patches",This video features shorts,This video does not feature shorts,This video does not feature jeans,negative,/data/healthy-ml/scratch/kumail/projects/cs/negation/synthetic_dataset/negation_processing_scripts/data/video/MSRVTT/videos/all/video9503.mp4
1,This video features drama,"This video features singing and dancing, but not drama",This video does not feature animated characters,"This video features drama, but not singing and dancing",hybrid,/data/healthy-ml/scratch/kumail/projects/cs/negation/synthetic_dataset/negation_processing_scripts/data/video/MSRVTT/videos/all/video9805.mp4
2,"This video features european culture, but not bbc news",This video features european culture,"This video features bbc news, but not european culture",This video does not feature african culture,hybrid,/data/healthy-ml/scratch/kumail/projects/cs/negation/synthetic_dataset/negation_processing_scripts/data/video/MSRVTT/videos/all/video8022.mp4
1,"This video features man, but not woman",This video features jacket and woman,This video features man,This video does not feature jacket,positive,/data/healthy-ml/scratch/kumail/projects/cs/negation/synthetic_dataset/negation_processing_scripts/data/video/MSRVTT/videos/all/video8825.mp4
3,This video does not feature women,"This video features fighting, but not talking",This video features fighting,This video does not feature fighting,negative,/data/healthy-ml/scratch/kumail/projects/cs/negation/synthetic_dataset/negation_processing_scripts/data/video/MSRVTT/videos/all/video9835.mp4
1,This video does not feature minecraft,This video does not feature fighting,This video features fighting,"This video features fighting, but not walking up stairs",negative,/data/healthy-ml/scratch/kumail/projects/cs/negation/synthetic_dataset/negation_processing_scripts/data/video/MSRVTT/videos/all/video9334.mp4
0,This video does not feature singing,This video does not feature bill murray,"This video features singing, but not david letterman",This video features singing,negative,/data/healthy-ml/scratch/kumail/projects/cs/negation/synthetic_dataset/negation_processing_scripts/data/video/MSRVTT/videos/all/video8930.mp4
0,This video does not feature cooking,This video does not feature fishing,"This video features cooking, but not boat",This video features cooking,negative,/data/healthy-ml/scratch/kumail/projects/cs/negation/synthetic_dataset/negation_processing_scripts/data/video/MSRVTT/videos/all/video8025.mp4
3,This video does not feature medal,"This video features sharing, but not cartoon",This video features sharing,This video does not feature sharing,negative,/data/healthy-ml/scratch/kumail/projects/cs/negation/synthetic_dataset/negation_processing_scripts/data/video/MSRVTT/videos/all/video7172.mp4
2,This video features traffic jam,This video does not feature traffic data,This video does not feature traffic jam,"This video features traffic jam, but not graphs",negative,/data/healthy-ml/scratch/kumail/projects/cs/negation/synthetic_dataset/negation_processing_scripts/data/video/MSRVTT/videos/all/video7432.mp4
3,"This video features football, but not world of warcraft",This video does not feature video game,This video features football,"This video features world of warcraft, but not football",hybrid,/data/healthy-ml/scratch/kumail/projects/cs/negation/synthetic_dataset/negation_processing_scripts/data/video/MSRVTT/videos/all/video7035.mp4
3,"This video features art, but not economy",This video does not feature wine,This video features art,This video does not feature art,negative,/data/healthy-ml/scratch/kumail/projects/cs/negation/synthetic_dataset/negation_processing_scripts/data/video/MSRVTT/videos/all/video7145.mp4
2,This video features children,"This video features children, but not women",This video features applying makeup and women,This video does not feature applying makeup,positive,/data/healthy-ml/scratch/kumail/projects/cs/negation/synthetic_dataset/negation_processing_scripts/data/video/MSRVTT/videos/all/video7571.mp4
2,This video does not feature race car,This video features safety,This video does not feature safety,"This video features safety, but not driving",negative,/data/healthy-ml/scratch/kumail/projects/cs/negation/synthetic_dataset/negation_processing_scripts/data/video/MSRVTT/videos/all/video7544.mp4
2,This video does not feature dog,"This video features cat, but not video game","This video features video game, but not cat",This video features cat,hybrid,/data/healthy-ml/scratch/kumail/projects/cs/negation/synthetic_dataset/negation_processing_scripts/data/video/MSRVTT/videos/all/video7798.mp4
0,This video features battery and assembling,This video features power supply,"This video features power supply, but not assembling",This video does not feature battery,positive,/data/healthy-ml/scratch/kumail/projects/cs/negation/synthetic_dataset/negation_processing_scripts/data/video/MSRVTT/videos/all/video8121.mp4
3,"This video features boat, but not traditional clothing",This video does not feature cultural festival,This video features boat,This video does not feature boat,negative,/data/healthy-ml/scratch/kumail/projects/cs/negation/synthetic_dataset/negation_processing_scripts/data/video/MSRVTT/videos/all/video8241.mp4
1,This video features telecommunications,This video does not feature telecommunications,This video does not feature eating,"This video features telecommunications, but not cartoon",negative,/data/healthy-ml/scratch/kumail/projects/cs/negation/synthetic_dataset/negation_processing_scripts/data/video/MSRVTT/videos/all/video9524.mp4
1,"This video features no windows, but not game",This video features zombies and game,This video does not feature zombies,This video features no windows,positive,/data/healthy-ml/scratch/kumail/projects/cs/negation/synthetic_dataset/negation_processing_scripts/data/video/MSRVTT/videos/all/video9010.mp4
2,This video features cooking,"This video features cooking, but not introduction","This video features introduction, but not cooking",This video does not feature fire extinguisher,hybrid,/data/healthy-ml/scratch/kumail/projects/cs/negation/synthetic_dataset/negation_processing_scripts/data/video/MSRVTT/videos/all/video7060.mp4
1,"This video features rapping, but not playing guitar",This video does not feature rapping,This video features rapping,This video does not feature singing,negative,/data/healthy-ml/scratch/kumail/projects/cs/negation/synthetic_dataset/negation_processing_scripts/data/video/MSRVTT/videos/all/video7419.mp4
3,"This video features music, but not interview",This video features music,This video does not feature celebrity,This video features celebrity and interview,positive,/data/healthy-ml/scratch/kumail/projects/cs/negation/synthetic_dataset/negation_processing_scripts/data/video/MSRVTT/videos/all/video7794.mp4
2,This video features cooperation,This video does not feature dancing,"This video features prank, but not cooperation","This video features cooperation, but not prank",hybrid,/data/healthy-ml/scratch/kumail/projects/cs/negation/synthetic_dataset/negation_processing_scripts/data/video/MSRVTT/videos/all/video9238.mp4
2,"This video features dog, but not man",This video features dog,This video does not feature dog,This video does not feature goat,negative,/data/healthy-ml/scratch/kumail/projects/cs/negation/synthetic_dataset/negation_processing_scripts/data/video/MSRVTT/videos/all/video8044.mp4
3,This video does not feature car,This video features house,"This video features house, but not advertising",This video does not feature house,negative,/data/healthy-ml/scratch/kumail/projects/cs/negation/synthetic_dataset/negation_processing_scripts/data/video/MSRVTT/videos/all/video7356.mp4
2,"This video features captain america, but not discussion",This video features captain america,"This video features discussion, but not captain america",This video does not feature avengers,hybrid,/data/healthy-ml/scratch/kumail/projects/cs/negation/synthetic_dataset/negation_processing_scripts/data/video/MSRVTT/videos/all/video8907.mp4
3,This video features mac,"This video features mac, but not instructions",This video does not feature windows,"This video features instructions, but not mac",hybrid,/data/healthy-ml/scratch/kumail/projects/cs/negation/synthetic_dataset/negation_processing_scripts/data/video/MSRVTT/videos/all/video7913.mp4
1,This video features piano,This video does not feature piano,This video does not feature singing,"This video features piano, but not guitar",negative,/data/healthy-ml/scratch/kumail/projects/cs/negation/synthetic_dataset/negation_processing_scripts/data/video/MSRVTT/videos/all/video8314.mp4
0,This video does not feature painting,This video features painting,"This video features painting, but not cartoon",This video does not feature drawing,negative,/data/healthy-ml/scratch/kumail/projects/cs/negation/synthetic_dataset/negation_processing_scripts/data/video/MSRVTT/videos/all/video7977.mp4
0,"This video features kitchen, but not cupcake","This video features cupcake, but not kitchen",This video does not feature cutting,This video features cupcake,hybrid,/data/healthy-ml/scratch/kumail/projects/cs/negation/synthetic_dataset/negation_processing_scripts/data/video/MSRVTT/videos/all/video7554.mp4
3,"This video features music, but not audience",This video does not feature comedy,This video features music,This video does not feature music,negative,/data/healthy-ml/scratch/kumail/projects/cs/negation/synthetic_dataset/negation_processing_scripts/data/video/MSRVTT/videos/all/video8445.mp4
1,This video does not feature stroller,"This video features woman, but not man","This video features man, but not woman",This video features man,hybrid,/data/healthy-ml/scratch/kumail/projects/cs/negation/synthetic_dataset/negation_processing_scripts/data/video/MSRVTT/videos/all/video8123.mp4
0,"This video features video, but not food",This video features food,"This video features food, but not video",This video does not feature credits,hybrid,/data/healthy-ml/scratch/kumail/projects/cs/negation/synthetic_dataset/negation_processing_scripts/data/video/MSRVTT/videos/all/video8909.mp4
3,This video features pasta,This video does not feature play dough,"This video features pasta, but not preparing","This video features preparing, but not pasta",hybrid,/data/healthy-ml/scratch/kumail/projects/cs/negation/synthetic_dataset/negation_processing_scripts/data/video/MSRVTT/videos/all/video9256.mp4
2,This video does not feature sports,This video features cycling,"This video features basketball, but not cycling","This video features cycling, but not basketball",hybrid,/data/healthy-ml/scratch/kumail/projects/cs/negation/synthetic_dataset/negation_processing_scripts/data/video/MSRVTT/videos/all/video8979.mp4
0,This video does not feature fighting,This video features fighting,This video does not feature interview,"This video features fighting, but not talking",negative,/data/healthy-ml/scratch/kumail/projects/cs/negation/synthetic_dataset/negation_processing_scripts/data/video/MSRVTT/videos/all/video8917.mp4
1,This video features silence,This video features conversation and dancing,This video does not feature conversation,"This video features silence, but not dancing",positive,/data/healthy-ml/scratch/kumail/projects/cs/negation/synthetic_dataset/negation_processing_scripts/data/video/MSRVTT/videos/all/video8786.mp4
3,This video features ballet slippers,"This video features ballet slippers, but not dancing",This video does not feature ballet,This video does not feature ballet slippers,negative,/data/healthy-ml/scratch/kumail/projects/cs/negation/synthetic_dataset/negation_processing_scripts/data/video/MSRVTT/videos/all/video9251.mp4
1,"This video features dance, but not timing","This video features timing, but not dance",This video does not feature coaching,This video features dance,hybrid,/data/healthy-ml/scratch/kumail/projects/cs/negation/synthetic_dataset/negation_processing_scripts/data/video/MSRVTT/videos/all/video9302.mp4
1,This video does not feature fox news,"This video features political discussion, but not sports","This video features sports, but not political discussion",This video features sports,hybrid,/data/healthy-ml/scratch/kumail/projects/cs/negation/synthetic_dataset/negation_processing_scripts/data/video/MSRVTT/videos/all/video7731.mp4
2,"This video features women, but not children",This video features women,This video does not feature women,This video does not feature fire station,negative,/data/healthy-ml/scratch/kumail/projects/cs/negation/synthetic_dataset/negation_processing_scripts/data/video/MSRVTT/videos/all/video8815.mp4
3,"This video features baking, but not burgers",This video does not feature grilling,This video features baking,This video features grilling and burgers,positive,/data/healthy-ml/scratch/kumail/projects/cs/negation/synthetic_dataset/negation_processing_scripts/data/video/MSRVTT/videos/all/video9333.mp4
0,"This video features strapped, but not executed","This video features executed, but not strapped",This video does not feature electric chair,This video features executed,hybrid,/data/healthy-ml/scratch/kumail/projects/cs/negation/synthetic_dataset/negation_processing_scripts/data/video/MSRVTT/videos/all/video9520.mp4
0,This video does not feature radio,"This video features radio, but not video",This video features radio,This video does not feature sports,negative,/data/healthy-ml/scratch/kumail/projects/cs/negation/synthetic_dataset/negation_processing_scripts/data/video/MSRVTT/videos/all/video7358.mp4
1,This video features depressed,This video features guy and excited,"This video features depressed, but not excited",This video does not feature guy,positive,/data/healthy-ml/scratch/kumail/projects/cs/negation/synthetic_dataset/negation_processing_scripts/data/video/MSRVTT/videos/all/video8492.mp4
1,This video does not feature sports,This video features sports and highlights,This video features swimming,"This video features swimming, but not highlights",positive,/data/healthy-ml/scratch/kumail/projects/cs/negation/synthetic_dataset/negation_processing_scripts/data/video/MSRVTT/videos/all/video8913.mp4
0,This video features video game and gun,This video features peace,This video does not feature video game,"This video features peace, but not gun",positive,/data/healthy-ml/scratch/kumail/projects/cs/negation/synthetic_dataset/negation_processing_scripts/data/video/MSRVTT/videos/all/video7780.mp4
3,"This video features cake, but not churros",This video features cake,This video does not feature cooking,This video features cooking and churros,positive,/data/healthy-ml/scratch/kumail/projects/cs/negation/synthetic_dataset/negation_processing_scripts/data/video/MSRVTT/videos/all/video8915.mp4
0,This video does not feature solo,This video features solo,"This video features solo, but not group",This video does not feature singing,negative,/data/healthy-ml/scratch/kumail/projects/cs/negation/synthetic_dataset/negation_processing_scripts/data/video/MSRVTT/videos/all/video7756.mp4
3,"This video features cooking, but not make up",This video features cooking,This video does not feature editing,"This video features make up, but not cooking",hybrid,/data/healthy-ml/scratch/kumail/projects/cs/negation/synthetic_dataset/negation_processing_scripts/data/video/MSRVTT/videos/all/video9688.mp4
0,"This video features runway, but not males",This video does not feature fashion,This video features males,"This video features males, but not runway",hybrid,/data/healthy-ml/scratch/kumail/projects/cs/negation/synthetic_dataset/negation_processing_scripts/data/video/MSRVTT/videos/all/video7730.mp4
0,This video features cooking and tasting,"This video features sink, but not tasting",This video does not feature cooking,This video features sink,positive,/data/healthy-ml/scratch/kumail/projects/cs/negation/synthetic_dataset/negation_processing_scripts/data/video/MSRVTT/videos/all/video8834.mp4
1,This video features hair,This video features makeup and tutorial,"This video features hair, but not tutorial",This video does not feature makeup,positive,/data/healthy-ml/scratch/kumail/projects/cs/negation/synthetic_dataset/negation_processing_scripts/data/video/MSRVTT/videos/all/video8320.mp4
2,"This video features fighting, but not talking",This video does not feature movie,"This video features talking, but not fighting",This video features fighting,hybrid,/data/healthy-ml/scratch/kumail/projects/cs/negation/synthetic_dataset/negation_processing_scripts/data/video/MSRVTT/videos/all/video7583.mp4
2,This video does not feature man,"This video features elephant, but not snake","This video features snake, but not elephant",This video features elephant,hybrid,/data/healthy-ml/scratch/kumail/projects/cs/negation/synthetic_dataset/negation_processing_scripts/data/video/MSRVTT/videos/all/video8078.mp4
1,This video features grilling,This video features cooking and preparing food,"This video features grilling, but not preparing food",This video does not feature cooking,positive,/data/healthy-ml/scratch/kumail/projects/cs/negation/synthetic_dataset/negation_processing_scripts/data/video/MSRVTT/videos/all/video8479.mp4
1,This video does not feature band,This video does not feature sad,"This video features sad, but not performing",This video features sad,negative,/data/healthy-ml/scratch/kumail/projects/cs/negation/synthetic_dataset/negation_processing_scripts/data/video/MSRVTT/videos/all/video7367.mp4
3,"This video features drum, but not singing",This video features drum,This video does not feature guitar,This video does not feature drum,negative,/data/healthy-ml/scratch/kumail/projects/cs/negation/synthetic_dataset/negation_processing_scripts/data/video/MSRVTT/videos/all/video8251.mp4
3,This video features peace,"This video features peace, but not soccer",This video does not feature rugby,This video does not feature peace,negative,/data/healthy-ml/scratch/kumail/projects/cs/negation/synthetic_dataset/negation_processing_scripts/data/video/MSRVTT/videos/all/video9823.mp4
3,This video features hip-hop music,"This video features hip-hop music, but not woman",This video does not feature country music,"This video features woman, but not hip-hop music",hybrid,/data/healthy-ml/scratch/kumail/projects/cs/negation/synthetic_dataset/negation_processing_scripts/data/video/MSRVTT/videos/all/video7586.mp4
3,"This video features cooking, but not interview",This video does not feature bill murray,This video features cooking,This video features bill murray and interview,positive,/data/healthy-ml/scratch/kumail/projects/cs/negation/synthetic_dataset/negation_processing_scripts/data/video/MSRVTT/videos/all/video7159.mp4
0,"This video features men, but not comedy","This video features comedy, but not men",This video does not feature horror movie,This video features comedy,hybrid,/data/healthy-ml/scratch/kumail/projects/cs/negation/synthetic_dataset/negation_processing_scripts/data/video/MSRVTT/videos/all/video7576.mp4
1,This video does not feature video game,This video does not feature basketball,"This video features basketball, but not walkthrough",This video features basketball,negative,/data/healthy-ml/scratch/kumail/projects/cs/negation/synthetic_dataset/negation_processing_scripts/data/video/MSRVTT/videos/all/video8860.mp4
0,This video does not feature football,"This video features football, but not driving",This video does not feature bus,This video features football,negative,/data/healthy-ml/scratch/kumail/projects/cs/negation/synthetic_dataset/negation_processing_scripts/data/video/MSRVTT/videos/all/video7701.mp4
0,"This video features game, but not football",This video does not feature baseball,"This video features football, but not game",This video features football,hybrid,/data/healthy-ml/scratch/kumail/projects/cs/negation/synthetic_dataset/negation_processing_scripts/data/video/MSRVTT/videos/all/video7021.mp4
0,"This video features woman, but not man",This video does not feature photograph,This video features man,"This video features man, but not woman",hybrid,/data/healthy-ml/scratch/kumail/projects/cs/negation/synthetic_dataset/negation_processing_scripts/data/video/MSRVTT/videos/all/video9810.mp4
0,This video does not feature earthquake,This video does not feature news,This video features earthquake,"This video features earthquake, but not burst of light",negative,/data/healthy-ml/scratch/kumail/projects/cs/negation/synthetic_dataset/negation_processing_scripts/data/video/MSRVTT/videos/all/video7119.mp4
1,"This video features mosque, but not church",This video does not feature mosque,This video features mosque,This video does not feature choir,negative,/data/healthy-ml/scratch/kumail/projects/cs/negation/synthetic_dataset/negation_processing_scripts/data/video/MSRVTT/videos/all/video8336.mp4
3,"This video features playing video game, but not movie",This video does not feature people,This video features playing video game,This video does not feature playing video game,negative,/data/healthy-ml/scratch/kumail/projects/cs/negation/synthetic_dataset/negation_processing_scripts/data/video/MSRVTT/videos/all/video7685.mp4
0,This video features baseball and bat,This video features basketball,"This video features basketball, but not bat",This video does not feature baseball,positive,/data/healthy-ml/scratch/kumail/projects/cs/negation/synthetic_dataset/negation_processing_scripts/data/video/MSRVTT/videos/all/video7787.mp4
0,This video features video game and minecraft,"This video features basketball, but not minecraft",This video features basketball,This video does not feature video game,positive,/data/healthy-ml/scratch/kumail/projects/cs/negation/synthetic_dataset/negation_processing_scripts/data/video/MSRVTT/videos/all/video8313.mp4
0,This video features barbeque and potatoes,This video does not feature barbeque,"This video features hamburgers, but not potatoes",This video features hamburgers,positive,/data/healthy-ml/scratch/kumail/projects/cs/negation/synthetic_dataset/negation_processing_scripts/data/video/MSRVTT/videos/all/video9694.mp4
3,"This video features fighting, but not star trek",This video features fighting,This video does not feature discussing,This video features discussing and star trek,positive,/data/healthy-ml/scratch/kumail/projects/cs/negation/synthetic_dataset/negation_processing_scripts/data/video/MSRVTT/videos/all/video7371.mp4
1,This video does not feature beard,This video does not feature sports,This video features sports,"This video features sports, but not news",negative,/data/healthy-ml/scratch/kumail/projects/cs/negation/synthetic_dataset/negation_processing_scripts/data/video/MSRVTT/videos/all/video7967.mp4
2,This video does not feature dance,This video features ball,This video does not feature ball,"This video features ball, but not music",negative,/data/healthy-ml/scratch/kumail/projects/cs/negation/synthetic_dataset/negation_processing_scripts/data/video/MSRVTT/videos/all/video9802.mp4
3,This video does not feature dietician,This video features fast food,"This video features fast food, but not grocery shopping","This video features grocery shopping, but not fast food",hybrid,/data/healthy-ml/scratch/kumail/projects/cs/negation/synthetic_dataset/negation_processing_scripts/data/video/MSRVTT/videos/all/video8899.mp4
1,"This video features losing, but not playing","This video features playing, but not losing",This video features losing,This video does not feature commentating,hybrid,/data/healthy-ml/scratch/kumail/projects/cs/negation/synthetic_dataset/negation_processing_scripts/data/video/MSRVTT/videos/all/video9226.mp4
0,"This video features snowy mountain, but not hiking",This video does not feature juggling,"This video features hiking, but not snowy mountain",This video features hiking,hybrid,/data/healthy-ml/scratch/kumail/projects/cs/negation/synthetic_dataset/negation_processing_scripts/data/video/MSRVTT/videos/all/video7564.mp4
2,This video does not feature science fiction,This video features horror,"This video features avatar, but not horror","This video features horror, but not avatar",hybrid,/data/healthy-ml/scratch/kumail/projects/cs/negation/synthetic_dataset/negation_processing_scripts/data/video/MSRVTT/videos/all/video8071.mp4
3,This video features splash,"This video features splash, but not water",This video does not feature dives,This video does not feature splash,negative,/data/healthy-ml/scratch/kumail/projects/cs/negation/synthetic_dataset/negation_processing_scripts/data/video/MSRVTT/videos/all/video8949.mp4
0,This video features video game and playing,This video does not feature video game,"This video features board game, but not playing",This video features board game,positive,/data/healthy-ml/scratch/kumail/projects/cs/negation/synthetic_dataset/negation_processing_scripts/data/video/MSRVTT/videos/all/video8462.mp4
1,This video features skiing,"This video features playing, but not skiing",This video does not feature sims,"This video features skiing, but not playing",hybrid,/data/healthy-ml/scratch/kumail/projects/cs/negation/synthetic_dataset/negation_processing_scripts/data/video/MSRVTT/videos/all/video9458.mp4
1,This video does not feature microwave,"This video features cooking, but not grilling","This video features grilling, but not cooking",This video features grilling,hybrid,/data/healthy-ml/scratch/kumail/projects/cs/negation/synthetic_dataset/negation_processing_scripts/data/video/MSRVTT/videos/all/video7154.mp4
0,"This video features talking, but not fighting",This video does not feature spongebob squarepants,This video features fighting,"This video features fighting, but not talking",hybrid,/data/healthy-ml/scratch/kumail/projects/cs/negation/synthetic_dataset/negation_processing_scripts/data/video/MSRVTT/videos/all/video9808.mp4
2,This video features sunny,This video does not feature foggy,This video features foggy and ships,"This video features sunny, but not ships",positive,/data/healthy-ml/scratch/kumail/projects/cs/negation/synthetic_dataset/negation_processing_scripts/data/video/MSRVTT/videos/all/video8248.mp4
3,This video does not feature shark,"This video features horse, but not video game",This video features horse,"This video features video game, but not horse",hybrid,/data/healthy-ml/scratch/kumail/projects/cs/negation/synthetic_dataset/negation_processing_scripts/data/video/MSRVTT/videos/all/video9452.mp4
3,"This video features peace, but not throwing",This video does not feature animation,This video features peace,This video features animation and throwing,positive,/data/healthy-ml/scratch/kumail/projects/cs/negation/synthetic_dataset/negation_processing_scripts/data/video/MSRVTT/videos/all/video8655.mp4
0,This video does not feature driving safely,"This video features driving safely, but not crashing",This video features driving safely,This video does not feature car,negative,/data/healthy-ml/scratch/kumail/projects/cs/negation/synthetic_dataset/negation_processing_scripts/data/video/MSRVTT/videos/all/video9800.mp4
1,This video features mario bros,"This video features cartoon, but not mario bros",This video does not feature dragon ball z,"This video features mario bros, but not cartoon",hybrid,/data/healthy-ml/scratch/kumail/projects/cs/negation/synthetic_dataset/negation_processing_scripts/data/video/MSRVTT/videos/all/video9247.mp4
1,This video does not feature water,"This video features forest, but not desert","This video features desert, but not forest",This video features desert,hybrid,/data/healthy-ml/scratch/kumail/projects/cs/negation/synthetic_dataset/negation_processing_scripts/data/video/MSRVTT/videos/all/video8307.mp4
2,"This video features cooking, but not reporting",This video does not feature news,This video features news and reporting,This video features cooking,positive,/data/healthy-ml/scratch/kumail/projects/cs/negation/synthetic_dataset/negation_processing_scripts/data/video/MSRVTT/videos/all/video9791.mp4
1,"This video features tennis, but not playing",This video does not feature tennis,This video features tennis,This video does not feature artificial intelligence,negative,/data/healthy-ml/scratch/kumail/projects/cs/negation/synthetic_dataset/negation_processing_scripts/data/video/MSRVTT/videos/all/video8626.mp4
0,This video features man and mobile phone,"This video features woman, but not mobile phone",This video features woman,This video does not feature man,positive,/data/healthy-ml/scratch/kumail/projects/cs/negation/synthetic_dataset/negation_processing_scripts/data/video/MSRVTT/videos/all/video8682.mp4
1,This video features peace,"This video features game, but not peace","This video features peace, but not game",This video does not feature first person shooter,hybrid,/data/healthy-ml/scratch/kumail/projects/cs/negation/synthetic_dataset/negation_processing_scripts/data/video/MSRVTT/videos/all/video9837.mp4
1,This video does not feature fingernails,This video features fingernails and painting,This video features feet,"This video features feet, but not painting",positive,/data/healthy-ml/scratch/kumail/projects/cs/negation/synthetic_dataset/negation_processing_scripts/data/video/MSRVTT/videos/all/video8791.mp4
0,"This video features singing, but not happy",This video features happy,"This video features happy, but not singing",This video does not feature punk rock,hybrid,/data/healthy-ml/scratch/kumail/projects/cs/negation/synthetic_dataset/negation_processing_scripts/data/video/MSRVTT/videos/all/video7767.mp4
2,This video features swimming,"This video features swimming, but not play fighting","This video features play fighting, but not swimming",This video does not feature kids,hybrid,/data/healthy-ml/scratch/kumail/projects/cs/negation/synthetic_dataset/negation_processing_scripts/data/video/MSRVTT/videos/all/video9576.mp4
1,This video does not feature yellow car,This video does not feature repair,"This video features repair, but not damage",This video features repair,negative,/data/healthy-ml/scratch/kumail/projects/cs/negation/synthetic_dataset/negation_processing_scripts/data/video/MSRVTT/videos/all/video9975.mp4
2,This video does not feature man,"This video features reading, but not talking",This video does not feature reading,This video features reading,negative,/data/healthy-ml/scratch/kumail/projects/cs/negation/synthetic_dataset/negation_processing_scripts/data/video/MSRVTT/videos/all/video9249.mp4
3,"This video features baking, but not bowl",This video features baking,This video does not feature cooking,This video features cooking and bowl,positive,/data/healthy-ml/scratch/kumail/projects/cs/negation/synthetic_dataset/negation_processing_scripts/data/video/MSRVTT/videos/all/video7744.mp4
3,This video does not feature truck,This video features boat,"This video features boat, but not driving","This video features driving, but not boat",hybrid,/data/healthy-ml/scratch/kumail/projects/cs/negation/synthetic_dataset/negation_processing_scripts/data/video/MSRVTT/videos/all/video7614.mp4
0,"This video features sand, but not water",This video features water,This video does not feature truck,"This video features water, but not sand",hybrid,/data/healthy-ml/scratch/kumail/projects/cs/negation/synthetic_dataset/negation_processing_scripts/data/video/MSRVTT/videos/all/video7796.mp4
3,This video features success,This video does not feature mistakes,"This video features success, but not quotes",This video features mistakes and quotes,positive,/data/healthy-ml/scratch/kumail/projects/cs/negation/synthetic_dataset/negation_processing_scripts/data/video/MSRVTT/videos/all/video7333.mp4
3,"This video features music, but not tv shows",This video does not feature people hugging,This video features music,"This video features tv shows, but not music",hybrid,/data/healthy-ml/scratch/kumail/projects/cs/negation/synthetic_dataset/negation_processing_scripts/data/video/MSRVTT/videos/all/video9023.mp4
0,This video does not feature disagreement,This video does not feature interview,"This video features disagreement, but not discussing",This video features disagreement,negative,/data/healthy-ml/scratch/kumail/projects/cs/negation/synthetic_dataset/negation_processing_scripts/data/video/MSRVTT/videos/all/video7162.mp4
2,"This video features anger, but not gameplay",This video features anger,This video does not feature anger,This video does not feature minecraft,negative,/data/healthy-ml/scratch/kumail/projects/cs/negation/synthetic_dataset/negation_processing_scripts/data/video/MSRVTT/videos/all/video7972.mp4
3,This video features golf,This video does not feature tennis,"This video features golf, but not badminton",This video does not feature golf,negative,/data/healthy-ml/scratch/kumail/projects/cs/negation/synthetic_dataset/negation_processing_scripts/data/video/MSRVTT/videos/all/video8665.mp4
3,This video does not feature talking,This video features yelling,"This video features yelling, but not dubbing",This video does not feature yelling,negative,/data/healthy-ml/scratch/kumail/projects/cs/negation/synthetic_dataset/negation_processing_scripts/data/video/MSRVTT/videos/all/video9579.mp4
1,This video does not feature football,This video features football and men,"This video features race, but not men",This video features race,positive,/data/healthy-ml/scratch/kumail/projects/cs/negation/synthetic_dataset/negation_processing_scripts/data/video/MSRVTT/videos/all/video7776.mp4
3,"This video features music, but not television",This video features music,This video does not feature news video,This video does not feature music,negative,/data/healthy-ml/scratch/kumail/projects/cs/negation/synthetic_dataset/negation_processing_scripts/data/video/MSRVTT/videos/all/video8311.mp4
0,This video does not feature dance,This video does not feature news,"This video features dance, but not protest",This video features dance,negative,/data/healthy-ml/scratch/kumail/projects/cs/negation/synthetic_dataset/negation_processing_scripts/data/video/MSRVTT/videos/all/video7790.mp4
2,"This video features rap, but not band",This video features rap,"This video features band, but not rap",This video does not feature concert,hybrid,/data/healthy-ml/scratch/kumail/projects/cs/negation/synthetic_dataset/negation_processing_scripts/data/video/MSRVTT/videos/all/video8324.mp4
1,This video does not feature dog food,This video features dog food and eating,"This video features cat food, but not eating",This video features cat food,positive,/data/healthy-ml/scratch/kumail/projects/cs/negation/synthetic_dataset/negation_processing_scripts/data/video/MSRVTT/videos/all/video9580.mp4
1,This video features cooking,This video does not feature cooking,"This video features cooking, but not toy microwave",This video does not feature hello kitty toy,negative,/data/healthy-ml/scratch/kumail/projects/cs/negation/synthetic_dataset/negation_processing_scripts/data/video/MSRVTT/videos/all/video8332.mp4
3,This video does not feature product,"This video features negativity, but not presentation",This video features negativity,This video does not feature negativity,negative,/data/healthy-ml/scratch/kumail/projects/cs/negation/synthetic_dataset/negation_processing_scripts/data/video/MSRVTT/videos/all/video7064.mp4
2,This video features women,"This video features women, but not interview",This video features dr phil show and interview,This video does not feature dr phil show,positive,/data/healthy-ml/scratch/kumail/projects/cs/negation/synthetic_dataset/negation_processing_scripts/data/video/MSRVTT/videos/all/video9350.mp4
2,This video does not feature mountain,"This video features sun, but not fog",This video does not feature sun,This video features sun,negative,/data/healthy-ml/scratch/kumail/projects/cs/negation/synthetic_dataset/negation_processing_scripts/data/video/MSRVTT/videos/all/video9581.mp4
3,"This video features boxing, but not girls",This video features boxing,This video does not feature gymnastics,This video does not feature boxing,negative,/data/healthy-ml/scratch/kumail/projects/cs/negation/synthetic_dataset/negation_processing_scripts/data/video/MSRVTT/videos/all/video8936.mp4
0,This video features television and movie,This video does not feature television,This video features book,"This video features book, but not movie",positive,/data/healthy-ml/scratch/kumail/projects/cs/negation/synthetic_dataset/negation_processing_scripts/data/video/MSRVTT/videos/all/video7027.mp4
3,This video features happiness,"This video features happiness, but not old man",This video does not feature bride,"This video features old man, but not happiness",hybrid,/data/healthy-ml/scratch/kumail/projects/cs/negation/synthetic_dataset/negation_processing_scripts/data/video/MSRVTT/videos/all/video8252.mp4
1,This video features cage,"This video features feeding, but not cage",This video does not feature monkey,"This video features cage, but not feeding",hybrid,/data/healthy-ml/scratch/kumail/projects/cs/negation/synthetic_dataset/negation_processing_scripts/data/video/MSRVTT/videos/all/video9657.mp4
1,"This video features snow, but not people",This video features beach and people,This video features snow,This video does not feature beach,positive,/data/healthy-ml/scratch/kumail/projects/cs/negation/synthetic_dataset/negation_processing_scripts/data/video/MSRVTT/videos/all/video9201.mp4
0,This video does not feature baking,"This video features baking, but not makeup",This video features baking,This video does not feature woman talking,negative,/data/healthy-ml/scratch/kumail/projects/cs/negation/synthetic_dataset/negation_processing_scripts/data/video/MSRVTT/videos/all/video8488.mp4
0,This video does not feature rapping,This video features rapping,This video does not feature singing,"This video features rapping, but not judges",negative,/data/healthy-ml/scratch/kumail/projects/cs/negation/synthetic_dataset/negation_processing_scripts/data/video/MSRVTT/videos/all/video8814.mp4
3,This video does not feature airplane,"This video features crashing, but not flying",This video features crashing,"This video features flying, but not crashing",hybrid,/data/healthy-ml/scratch/kumail/projects/cs/negation/synthetic_dataset/negation_processing_scripts/data/video/MSRVTT/videos/all/video7793.mp4
1,This video does not feature protest,"This video features interview, but not basketball","This video features basketball, but not interview",This video features basketball,hybrid,/data/healthy-ml/scratch/kumail/projects/cs/negation/synthetic_dataset/negation_processing_scripts/data/video/MSRVTT/videos/all/video9205.mp4
1,"This video features unrest, but not celebration",This video features football/soccer and celebration,This video does not feature football/soccer,This video features unrest,positive,/data/healthy-ml/scratch/kumail/projects/cs/negation/synthetic_dataset/negation_processing_scripts/data/video/MSRVTT/videos/all/video9516.mp4
1,This video features happy,"This video features man, but not happy",This video does not feature old,"This video features happy, but not man",hybrid,/data/healthy-ml/scratch/kumail/projects/cs/negation/synthetic_dataset/negation_processing_scripts/data/video/MSRVTT/videos/all/video7704.mp4
1,"This video features gossip, but not steven spielberg",This video does not feature gossip,This video does not feature horse racing,This video features gossip,negative,/data/healthy-ml/scratch/kumail/projects/cs/negation/synthetic_dataset/negation_processing_scripts/data/video/MSRVTT/videos/all/video8329.mp4
2,This video features easter,This video does not feature craft,This video features craft and colourful,"This video features easter, but not colourful",positive,/data/healthy-ml/scratch/kumail/projects/cs/negation/synthetic_dataset/negation_processing_scripts/data/video/MSRVTT/videos/all/video7173.mp4
1,This video does not feature eating,This video features eating and table,"This video features friendship, but not table",This video features friendship,positive,/data/healthy-ml/scratch/kumail/projects/cs/negation/synthetic_dataset/negation_processing_scripts/data/video/MSRVTT/videos/all/video7436.mp4
0,This video does not feature music,This video does not feature driving,"This video features music, but not car",This video features music,negative,/data/healthy-ml/scratch/kumail/projects/cs/negation/synthetic_dataset/negation_processing_scripts/data/video/MSRVTT/videos/all/video7597.mp4
0,"This video features girl, but not ballet",This video features ballet,"This video features ballet, but not girl",This video does not feature gymnastics,hybrid,/data/healthy-ml/scratch/kumail/projects/cs/negation/synthetic_dataset/negation_processing_scripts/data/video/MSRVTT/videos/all/video9771.mp4
0,This video features light show and man,This video features rainbow,This video does not feature light show,"This video features rainbow, but not man",positive,/data/healthy-ml/scratch/kumail/projects/cs/negation/synthetic_dataset/negation_processing_scripts/data/video/MSRVTT/videos/all/video7732.mp4
3,"This video features arguing, but not scoring",This video does not feature basketball,This video features arguing,"This video features scoring, but not arguing",hybrid,/data/healthy-ml/scratch/kumail/projects/cs/negation/synthetic_dataset/negation_processing_scripts/data/video/MSRVTT/videos/all/video9013.mp4
3,This video features car,This video does not feature tractor,"This video features car, but not driving","This video features driving, but not car",hybrid,/data/healthy-ml/scratch/kumail/projects/cs/negation/synthetic_dataset/negation_processing_scripts/data/video/MSRVTT/videos/all/video7649.mp4
1,"This video features basketball, but not playing","This video features playing, but not basketball",This video features basketball,This video does not feature video game,hybrid,/data/healthy-ml/scratch/kumail/projects/cs/negation/synthetic_dataset/negation_processing_scripts/data/video/MSRVTT/videos/all/video7368.mp4
1,This video features swimming,"This video features race, but not swimming","This video features swimming, but not race",This video does not feature kayak,hybrid,/data/healthy-ml/scratch/kumail/projects/cs/negation/synthetic_dataset/negation_processing_scripts/data/video/MSRVTT/videos/all/video8079.mp4
1,This video features frying,"This video features cooking, but not frying",This video does not feature prawns,"This video features frying, but not cooking",hybrid,/data/healthy-ml/scratch/kumail/projects/cs/negation/synthetic_dataset/negation_processing_scripts/data/video/MSRVTT/videos/all/video8489.mp4
1,This video features skiing,"This video features vine, but not skiing","This video features skiing, but not vine",This video does not feature sports,hybrid,/data/healthy-ml/scratch/kumail/projects/cs/negation/synthetic_dataset/negation_processing_scripts/data/video/MSRVTT/videos/all/video9029.mp4
3,This video does not feature animation,"This video features fighting, but not princess",This video features fighting,This video features animation and princess,positive,/data/healthy-ml/scratch/kumail/projects/cs/negation/synthetic_dataset/negation_processing_scripts/data/video/MSRVTT/videos/all/video7164.mp4
3,This video features software,This video does not feature computer,"This video features software, but not circuitry",This video features computer and circuitry,positive,/data/healthy-ml/scratch/kumail/projects/cs/negation/synthetic_dataset/negation_processing_scripts/data/video/MSRVTT/videos/all/video7910.mp4
2,This video features pants,This video does not feature fashion,"This video features blouse, but not pants","This video features pants, but not blouse",hybrid,/data/healthy-ml/scratch/kumail/projects/cs/negation/synthetic_dataset/negation_processing_scripts/data/video/MSRVTT/videos/all/video9250.mp4
0,"This video features girl, but not competition","This video features competition, but not girl",This video does not feature horse,This video features competition,hybrid,/data/healthy-ml/scratch/kumail/projects/cs/negation/synthetic_dataset/negation_processing_scripts/data/video/MSRVTT/videos/all/video9577.mp4
0,"This video features review, but not none",This video does not feature little mermaid,This video features none,"This video features none, but not review",hybrid,/data/healthy-ml/scratch/kumail/projects/cs/negation/synthetic_dataset/negation_processing_scripts/data/video/MSRVTT/videos/all/video8794.mp4
1,This video features child neglect,"This video features discussing child birth, but not child neglect",This video does not feature woman,"This video features child neglect, but not discussing child birth",hybrid,/data/healthy-ml/scratch/kumail/projects/cs/negation/synthetic_dataset/negation_processing_scripts/data/video/MSRVTT/videos/all/video7341.mp4
2,"This video features piano, but not laptop",This video features piano,"This video features laptop, but not piano",This video does not feature typing,hybrid,/data/healthy-ml/scratch/kumail/projects/cs/negation/synthetic_dataset/negation_processing_scripts/data/video/MSRVTT/videos/all/video7916.mp4
0,This video features video game and driving,This video features walking,"This video features walking, but not driving",This video does not feature video game,positive,/data/healthy-ml/scratch/kumail/projects/cs/negation/synthetic_dataset/negation_processing_scripts/data/video/MSRVTT/videos/all/video9813.mp4
0,"This video features animation, but not fighting","This video features fighting, but not animation",This video features fighting,This video does not feature singing,hybrid,/data/healthy-ml/scratch/kumail/projects/cs/negation/synthetic_dataset/negation_processing_scripts/data/video/MSRVTT/videos/all/video8446.mp4
2,This video features woman,This video does not feature speech,This video does not feature woman,"This video features woman, but not man",negative,/data/healthy-ml/scratch/kumail/projects/cs/negation/synthetic_dataset/negation_processing_scripts/data/video/MSRVTT/videos/all/video7833.mp4
1,"This video features trumpet, but not performing",This video features band and performing,This video does not feature band,This video features trumpet,positive,/data/healthy-ml/scratch/kumail/projects/cs/negation/synthetic_dataset/negation_processing_scripts/data/video/MSRVTT/videos/all/video7960.mp4
1,This video features dark forest,This video does not feature dark forest,This video does not feature beauty and the beast,"This video features dark forest, but not singing",negative,/data/healthy-ml/scratch/kumail/projects/cs/negation/synthetic_dataset/negation_processing_scripts/data/video/MSRVTT/videos/all/video8781.mp4
3,"This video features basketball, but not interview",This video features basketball,This video does not feature baseball,This video features baseball and interview,positive,/data/healthy-ml/scratch/kumail/projects/cs/negation/synthetic_dataset/negation_processing_scripts/data/video/MSRVTT/videos/all/video8308.mp4
1,This video features jimmy kimmel,This video does not feature jimmy kimmel,This video does not feature talking,"This video features jimmy kimmel, but not kids",negative,/data/healthy-ml/scratch/kumail/projects/cs/negation/synthetic_dataset/negation_processing_scripts/data/video/MSRVTT/videos/all/video9775.mp4
0,This video does not feature music,"This video features music, but not talk show",This video does not feature interview,This video features music,negative,/data/healthy-ml/scratch/kumail/projects/cs/negation/synthetic_dataset/negation_processing_scripts/data/video/MSRVTT/videos/all/video8813.mp4
3,This video does not feature women,"This video features men, but not talking",This video features men,"This video features talking, but not men",hybrid,/data/healthy-ml/scratch/kumail/projects/cs/negation/synthetic_dataset/negation_processing_scripts/data/video/MSRVTT/videos/all/video9353.mp4
0,"This video features cutting, but not welding",This video does not feature machine,"This video features welding, but not cutting",This video features welding,hybrid,/data/healthy-ml/scratch/kumail/projects/cs/negation/synthetic_dataset/negation_processing_scripts/data/video/MSRVTT/videos/all/video7963.mp4
3,This video does not feature spongebob,"This video features violence, but not treehouse",This video features violence,This video features spongebob and treehouse,positive,/data/healthy-ml/scratch/kumail/projects/cs/negation/synthetic_dataset/negation_processing_scripts/data/video/MSRVTT/videos/all/video7235.mp4
1,This video features basketball,"This video features game, but not basketball",This video does not feature football,"This video features basketball, but not game",hybrid,/data/healthy-ml/scratch/kumail/projects/cs/negation/synthetic_dataset/negation_processing_scripts/data/video/MSRVTT/videos/all/video9797.mp4
2,"This video features fighting, but not squid",This video does not feature cooking together,"This video features squid, but not fighting",This video features fighting,hybrid,/data/healthy-ml/scratch/kumail/projects/cs/negation/synthetic_dataset/negation_processing_scripts/data/video/MSRVTT/videos/all/video7939.mp4
3,This video does not feature cartoon,"This video features sleeping, but not talking",This video features sleeping,This video does not feature sleeping,negative,/data/healthy-ml/scratch/kumail/projects/cs/negation/synthetic_dataset/negation_processing_scripts/data/video/MSRVTT/videos/all/video9734.mp4
0,"This video features news report, but not illegal drug use",This video features illegal drug use,"This video features illegal drug use, but not news report",This video does not feature marijuana legalization,hybrid,/data/healthy-ml/scratch/kumail/projects/cs/negation/synthetic_dataset/negation_processing_scripts/data/video/MSRVTT/videos/all/video9028.mp4
1,"This video features jazz, but not performing",This video does not feature jazz,This video does not feature band,This video features jazz,negative,/data/healthy-ml/scratch/kumail/projects/cs/negation/synthetic_dataset/negation_processing_scripts/data/video/MSRVTT/videos/all/video8925.mp4
0,This video does not feature sports,"This video features sports, but not music",This video features sports,This video does not feature news,negative,/data/healthy-ml/scratch/kumail/projects/cs/negation/synthetic_dataset/negation_processing_scripts/data/video/MSRVTT/videos/all/video7377.mp4
0,This video does not feature sports,"This video features sports, but not news report",This video features sports,This video does not feature news anchors,negative,/data/healthy-ml/scratch/kumail/projects/cs/negation/synthetic_dataset/negation_processing_scripts/data/video/MSRVTT/videos/all/video8175.mp4
2,This video does not feature drumming,This video features piano,This video features drumming and biking,"This video features piano, but not biking",positive,/data/healthy-ml/scratch/kumail/projects/cs/negation/synthetic_dataset/negation_processing_scripts/data/video/MSRVTT/videos/all/video9489.mp4
3,This video features cone,This video does not feature ice cream sandwich,"This video features cone, but not eating",This video features ice cream sandwich and eating,positive,/data/healthy-ml/scratch/kumail/projects/cs/negation/synthetic_dataset/negation_processing_scripts/data/video/MSRVTT/videos/all/video9229.mp4
1,"This video features batman, but not comedy",This video does not feature batman,This video does not feature bane,This video features batman,negative,/data/healthy-ml/scratch/kumail/projects/cs/negation/synthetic_dataset/negation_processing_scripts/data/video/MSRVTT/videos/all/video8061.mp4
3,This video features cooking,"This video features cooking, but not working out with babies",This video does not feature woman,"This video features working out with babies, but not cooking",hybrid,/data/healthy-ml/scratch/kumail/projects/cs/negation/synthetic_dataset/negation_processing_scripts/data/video/MSRVTT/videos/all/video9037.mp4
2,"This video features women, but not conversation",This video does not feature teammates,This video features teammates and conversation,This video features women,positive,/data/healthy-ml/scratch/kumail/projects/cs/negation/synthetic_dataset/negation_processing_scripts/data/video/MSRVTT/videos/all/video9745.mp4
1,This video does not feature news,"This video features police, but not kindness",This video features kindness,"This video features kindness, but not police",hybrid,/data/healthy-ml/scratch/kumail/projects/cs/negation/synthetic_dataset/negation_processing_scripts/data/video/MSRVTT/videos/all/video8491.mp4
0,This video does not feature losing a video game,This video features losing a video game,This video does not feature playing video games,"This video features losing a video game, but not watching a video game",negative,/data/healthy-ml/scratch/kumail/projects/cs/negation/synthetic_dataset/negation_processing_scripts/data/video/MSRVTT/videos/all/video9909.mp4
3,"This video features dog, but not psychic",This video features dog,This video does not feature communication,This video does not feature dog,negative,/data/healthy-ml/scratch/kumail/projects/cs/negation/synthetic_dataset/negation_processing_scripts/data/video/MSRVTT/videos/all/video9780.mp4
1,This video features tennis,This video does not feature tennis,"This video features tennis, but not usa",This video does not feature soccer,negative,/data/healthy-ml/scratch/kumail/projects/cs/negation/synthetic_dataset/negation_processing_scripts/data/video/MSRVTT/videos/all/video9305.mp4
1,This video does not feature family,This video does not feature lunch,"This video features lunch, but not dinner",This video features lunch,negative,/data/healthy-ml/scratch/kumail/projects/cs/negation/synthetic_dataset/negation_processing_scripts/data/video/MSRVTT/videos/all/video8349.mp4
3,This video features dancing,"This video features dancing, but not children",This video does not feature singing,This video features singing and children,positive,/data/healthy-ml/scratch/kumail/projects/cs/negation/synthetic_dataset/negation_processing_scripts/data/video/MSRVTT/videos/all/video9515.mp4
1,This video features music,"This video features riding, but not music",This video does not feature bike,"This video features music, but not riding",hybrid,/data/healthy-ml/scratch/kumail/projects/cs/negation/synthetic_dataset/negation_processing_scripts/data/video/MSRVTT/videos/all/video8128.mp4
1,This video features cars,This video does not feature cars,This video does not feature block toys,"This video features cars, but not opening",negative,/data/healthy-ml/scratch/kumail/projects/cs/negation/synthetic_dataset/negation_processing_scripts/data/video/MSRVTT/videos/all/video8869.mp4
1,This video features audio settings,This video does not feature audio settings,This video does not feature user interface,"This video features audio settings, but not graphics",negative,/data/healthy-ml/scratch/kumail/projects/cs/negation/synthetic_dataset/negation_processing_scripts/data/video/MSRVTT/videos/all/video9549.mp4
1,"This video features violence, but not help",This video does not feature violence,This video does not feature bed,This video features violence,negative,/data/healthy-ml/scratch/kumail/projects/cs/negation/synthetic_dataset/negation_processing_scripts/data/video/MSRVTT/videos/all/video9750.mp4
2,This video does not feature speaking,This video features slideshow,"This video features presentation, but not slideshow","This video features slideshow, but not presentation",hybrid,/data/healthy-ml/scratch/kumail/projects/cs/negation/synthetic_dataset/negation_processing_scripts/data/video/MSRVTT/videos/all/video9117.mp4
1,This video features headbutts,This video does not feature headbutts,"This video features headbutts, but not drink",This video does not feature pouring,negative,/data/healthy-ml/scratch/kumail/projects/cs/negation/synthetic_dataset/negation_processing_scripts/data/video/MSRVTT/videos/all/video7726.mp4
0,"This video features students, but not violence",This video features violence,This video does not feature group,"This video features violence, but not students",hybrid,/data/healthy-ml/scratch/kumail/projects/cs/negation/synthetic_dataset/negation_processing_scripts/data/video/MSRVTT/videos/all/video7345.mp4
0,"This video features fight, but not peace",This video features peace,This video does not feature sword,"This video features peace, but not fight",hybrid,/data/healthy-ml/scratch/kumail/projects/cs/negation/synthetic_dataset/negation_processing_scripts/data/video/MSRVTT/videos/all/video7352.mp4
3,This video does not feature wrestling,"This video features boxing, but not championships",This video features boxing,"This video features championships, but not boxing",hybrid,/data/healthy-ml/scratch/kumail/projects/cs/negation/synthetic_dataset/negation_processing_scripts/data/video/MSRVTT/videos/all/video7788.mp4
3,This video features accident,This video does not feature cars,"This video features accident, but not car review","This video features car review, but not accident",hybrid,/data/healthy-ml/scratch/kumail/projects/cs/negation/synthetic_dataset/negation_processing_scripts/data/video/MSRVTT/videos/all/video8819.mp4
0,This video does not feature sharks,This video does not feature beach,This video features sharks,"This video features sharks, but not waves",negative,/data/healthy-ml/scratch/kumail/projects/cs/negation/synthetic_dataset/negation_processing_scripts/data/video/MSRVTT/videos/all/video9359.mp4
0,This video features soccer and goals,This video does not feature soccer,"This video features basketball, but not goals",This video features basketball,positive,/data/healthy-ml/scratch/kumail/projects/cs/negation/synthetic_dataset/negation_processing_scripts/data/video/MSRVTT/videos/all/video9817.mp4
0,"This video features adam, but not nasa",This video features nasa,This video does not feature spaceflight,"This video features nasa, but not adam",hybrid,/data/healthy-ml/scratch/kumail/projects/cs/negation/synthetic_dataset/negation_processing_scripts/data/video/MSRVTT/videos/all/video7176.mp4
3,This video does not feature domestic violence discussion,"This video features physical violence, but not interview",This video features physical violence,This video features domestic violence discussion and interview,positive,/data/healthy-ml/scratch/kumail/projects/cs/negation/synthetic_dataset/negation_processing_scripts/data/video/MSRVTT/videos/all/video7753.mp4
0,This video features hot dogs and men,"This video features hamburgers, but not men",This video features hamburgers,This video does not feature hot dogs,positive,/data/healthy-ml/scratch/kumail/projects/cs/negation/synthetic_dataset/negation_processing_scripts/data/video/MSRVTT/videos/all/video9327.mp4
0,"This video features in bed together, but not violence",This video does not feature two women,This video features violence,"This video features violence, but not in bed together",hybrid,/data/healthy-ml/scratch/kumail/projects/cs/negation/synthetic_dataset/negation_processing_scripts/data/video/MSRVTT/videos/all/video8790.mp4
1,This video does not feature girl,This video features girl and talking,"This video features singing, but not talking",This video features singing,positive,/data/healthy-ml/scratch/kumail/projects/cs/negation/synthetic_dataset/negation_processing_scripts/data/video/MSRVTT/videos/all/video8496.mp4
3,"This video features golf, but not dunk",This video features golf,This video does not feature basketball,This video does not feature golf,negative,/data/healthy-ml/scratch/kumail/projects/cs/negation/synthetic_dataset/negation_processing_scripts/data/video/MSRVTT/videos/all/video7763.mp4
2,This video does not feature running,"This video features dress, but not beach",This video does not feature dress,This video features dress,negative,/data/healthy-ml/scratch/kumail/projects/cs/negation/synthetic_dataset/negation_processing_scripts/data/video/MSRVTT/videos/all/video7025.mp4
3,This video features sunshine,This video does not feature rain,"This video features sunshine, but not umbrella",This video features rain and umbrella,positive,/data/healthy-ml/scratch/kumail/projects/cs/negation/synthetic_dataset/negation_processing_scripts/data/video/MSRVTT/videos/all/video8851.mp4
3,This video features english,"This video features english, but not indian",This video does not feature talking,"This video features indian, but not english",hybrid,/data/healthy-ml/scratch/kumail/projects/cs/negation/synthetic_dataset/negation_processing_scripts/data/video/MSRVTT/videos/all/video8317.mp4
1,This video does not feature mtv,This video does not feature music,"This video features music, but not astronaut",This video features music,negative,/data/healthy-ml/scratch/kumail/projects/cs/negation/synthetic_dataset/negation_processing_scripts/data/video/MSRVTT/videos/all/video8069.mp4
2,This video features dancing,"This video features dancing, but not singing","This video features singing, but not dancing",This video does not feature speaking,hybrid,/data/healthy-ml/scratch/kumail/projects/cs/negation/synthetic_dataset/negation_processing_scripts/data/video/MSRVTT/videos/all/video8792.mp4
2,This video does not feature singing,This video features guitar,This video does not feature guitar,"This video features guitar, but not dancers",negative,/data/healthy-ml/scratch/kumail/projects/cs/negation/synthetic_dataset/negation_processing_scripts/data/video/MSRVTT/videos/all/video8073.mp4
2,This video does not feature movie,"This video features woman, but not man",This video features movie and man,This video features woman,positive,/data/healthy-ml/scratch/kumail/projects/cs/negation/synthetic_dataset/negation_processing_scripts/data/video/MSRVTT/videos/all/video8075.mp4
0,This video does not feature hell,This video does not feature woman,"This video features hell, but not book",This video features hell,negative,/data/healthy-ml/scratch/kumail/projects/cs/negation/synthetic_dataset/negation_processing_scripts/data/video/MSRVTT/videos/all/video8789.mp4
0,This video features chopping and onion,This video does not feature chopping,This video features baking,"This video features baking, but not onion",positive,/data/healthy-ml/scratch/kumail/projects/cs/negation/synthetic_dataset/negation_processing_scripts/data/video/MSRVTT/videos/all/video9684.mp4
3,This video features dancing,"This video features dancing, but not singing",This video does not feature judge,This video features judge and singing,positive,/data/healthy-ml/scratch/kumail/projects/cs/negation/synthetic_dataset/negation_processing_scripts/data/video/MSRVTT/videos/all/video7733.mp4
3,This video features woman,"This video features woman, but not talking",This video does not feature man,This video does not feature woman,negative,/data/healthy-ml/scratch/kumail/projects/cs/negation/synthetic_dataset/negation_processing_scripts/data/video/MSRVTT/videos/all/video7838.mp4
0,This video features video game and lego,This video does not feature video game,This video features violent,"This video features violent, but not lego",positive,/data/healthy-ml/scratch/kumail/projects/cs/negation/synthetic_dataset/negation_processing_scripts/data/video/MSRVTT/videos/all/video8010.mp4
3,This video features dancing,"This video features dancing, but not children",This video does not feature singing,"This video features children, but not dancing",hybrid,/data/healthy-ml/scratch/kumail/projects/cs/negation/synthetic_dataset/negation_processing_scripts/data/video/MSRVTT/videos/all/video7791.mp4
1,This video features men,This video does not feature men,This video does not feature asian culture,"This video features men, but not dancing",negative,/data/healthy-ml/scratch/kumail/projects/cs/negation/synthetic_dataset/negation_processing_scripts/data/video/MSRVTT/videos/all/video8118.mp4
2,"This video features swimming, but not tea party",This video features swimming,This video features dogs and tea party,This video does not feature dogs,positive,/data/healthy-ml/scratch/kumail/projects/cs/negation/synthetic_dataset/negation_processing_scripts/data/video/MSRVTT/videos/all/video8604.mp4
3,This video does not feature bicycle,"This video features appropriate clothing, but not woman",This video features appropriate clothing,This video does not feature appropriate clothing,negative,/data/healthy-ml/scratch/kumail/projects/cs/negation/synthetic_dataset/negation_processing_scripts/data/video/MSRVTT/videos/all/video8322.mp4
0,This video does not feature yoga,This video features yoga,This video does not feature interview,"This video features yoga, but not woman",negative,/data/healthy-ml/scratch/kumail/projects/cs/negation/synthetic_dataset/negation_processing_scripts/data/video/MSRVTT/videos/all/video7231.mp4
1,This video does not feature woman,"This video features aliens, but not men","This video features men, but not aliens",This video features men,hybrid,/data/healthy-ml/scratch/kumail/projects/cs/negation/synthetic_dataset/negation_processing_scripts/data/video/MSRVTT/videos/all/video7580.mp4
1,"This video features potatoes, but not broccoli","This video features broccoli, but not potatoes",This video does not feature garlic,This video features potatoes,hybrid,/data/healthy-ml/scratch/kumail/projects/cs/negation/synthetic_dataset/negation_processing_scripts/data/video/MSRVTT/videos/all/video7968.mp4
3,"This video features reading, but not dancing",This video does not feature music,This video features reading,"This video features dancing, but not reading",hybrid,/data/healthy-ml/scratch/kumail/projects/cs/negation/synthetic_dataset/negation_processing_scripts/data/video/MSRVTT/videos/all/video8605.mp4
0,This video features dj and car,This video features fighting,"This video features fighting, but not car",This video does not feature dj,positive,/data/healthy-ml/scratch/kumail/projects/cs/negation/synthetic_dataset/negation_processing_scripts/data/video/MSRVTT/videos/all/video7969.mp4
0,This video does not feature bicycle,This video does not feature car,"This video features bicycle, but not driving",This video features bicycle,negative,/data/healthy-ml/scratch/kumail/projects/cs/negation/synthetic_dataset/negation_processing_scripts/data/video/MSRVTT/videos/all/video9806.mp4
3,This video does not feature cooking,This video features salad,"This video features salad, but not duck",This video features cooking and duck,positive,/data/healthy-ml/scratch/kumail/projects/cs/negation/synthetic_dataset/negation_processing_scripts/data/video/MSRVTT/videos/all/video8057.mp4
1,"This video features grilling, but not lasagna",This video does not feature grilling,This video features grilling,This video does not feature cooking,negative,/data/healthy-ml/scratch/kumail/projects/cs/negation/synthetic_dataset/negation_processing_scripts/data/video/MSRVTT/videos/all/video7213.mp4
1,This video does not feature walking,This video does not feature running,This video features running,"This video features running, but not mall",negative,/data/healthy-ml/scratch/kumail/projects/cs/negation/synthetic_dataset/negation_processing_scripts/data/video/MSRVTT/videos/all/video8831.mp4
