correct_answer,caption_0,caption_1,caption_2,caption_3,correct_answer_template,image_path
0,Dancing is accompanied by Pokemon in this video.,"Hiking is a main activity, with no pokemon in sight.",Get ready for a hiking adventure here,This video is dance-free.,positive,video9838.mp4
0,Humans and technology share the spotlight in this video.,"Nature takes center stage, while technology is absent.",Nature is on full display in this video.,The content of this video is people-free.,positive,video7233.mp4
0,Smiling is not present.,This video shows smiling but lacks any talking.,Smiling is showcased throughout this video.,There is no woman in this video.,negative,video8680.mp4
0,A cabinet and animation are both showcased.,"A chair is visible, but there is no animation.",A chair is present in this video.,No cabinet is to be seen.,positive,video7768.mp4
0,A person is shown working with crafts.,"Instrument is featured; however, crafts are not present.",This video showcases an instrument,No person is visible.,positive,video7020.mp4
0,Solving a puzzle is not shown in this video,"""This video includes a puzzle, but not a game"".",A puzzle is the central focus.,Racing is noticeably absent.,negative,video7506.mp4
0,A library is not present in this video.,"Library is displayed, while runway is not included.",This video showcases a library,Models are noticeably absent from this video,negative,video7141.mp4
0,Swimming is not included in the video,"Catch swimming in action, but don't expect any music.",Swimming takes center stage in this video.,A baseball player is nowhere to be seen.,negative,video7150.mp4
0,Karate and kicking are highlighted in this video.,"Boxing takes center stage, with no kicking in sight.",Boxing is featured.,Karate is not part of the content.,positive,video9685.mp4
0,Rock music isn't part of this video.,"Rock is present, but microphone is absent here.",Rock is on display in this video,There is no man in the video.,negative,video7575.mp4
0,Football is absent from this video.,"Football is featured, though no playing is shown.",Football is the star of this video.,Minecraft is notably absent from this content.,negative,video7366.mp4
0,"A man is featured, but there is no bicycle","While a bicycle is featured, no man is present in this video.",This video shows a bicycle,No car is shown in this video.,hybrid,video7965.mp4
0,"Talking is highlighted, whereas singing is not included.","Singing is featured, whereas talking is not.",Singing is showcased throughout.,A woman is not present.,hybrid,video8494.mp4
0,"This video features video game, but not merely watching one.","Watching is shown, but no video game is included.",The act of watching is showcased,Playing is not part of this video.,hybrid,video7203.mp4
0,The video does not show any women.,"A woman is shown, though not wearing a suit.",A woman is featured.,A man does not appear.,negative,video8908.mp4
0,"Playing dead is featured, while running is not.","Running is featured, but playing dead is not.",Running is featured in this video,No dogs appear in this video.,hybrid,video9034.mp4
0,A family is shown in a kitchen setting,"The video showcases a mountain, but a kitchen is not present.",The video showcases a mountain.,The video does not depict any family.,positive,video9517.mp4
0,A bottle and rolling are both present.,"A chair is shown, but it is not rolling.",A chair is prominently displayed.,The video lacks a bottle.,positive,video9324.mp4
0,"The video captures singing, while skateboarding is noticeably absent.","This video showcases skateboarding, with no singing involved.",This video showcases skateboarding.,No protests are seen in this video.,hybrid,video8416.mp4
0,"Music is a key element, while nature is absent","Nature takes center stage, with no music in the background.",Nature is on full display in this video,This video does not include a band.,hybrid,video8978.mp4
0,No plane is present in this video.,"The video showcases a plane, but no car is visible.",A plane is shown in the video.,There's no focus on engines in this video.,negative,video7820.mp4
0,"Men make an appearance, but women do not.","Women are featured, while men are absent.",Women are prominently featured.,Wrestling is noticeably absent from this video.,hybrid,video8470.mp4
0,No plants are included in this video.,"A plant is visible, but no megaphone is in sight.",Plant is a key element.,Protests are nowhere to be seen in this video.,negative,video9404.mp4
0,Fighting and dragon are featured.,"Gardening is featured, but dragons are nowhere to be seen.",Gardening is highlighted in this video.,Fighting is absent from the video.,positive,video9208.mp4
0,Dancing is absent.,"A car does not make an appearance, but dancing does.",Dancing is showcased,"Instead of singing, this video features something else.",negative,video7236.mp4
0,"-same as it is -> ""This video features dinosaur and handprint"".","A tree is present, but no handprint can be seen.",The video showcases a tree.,There's no dinosaur in sight.,positive,video7355.mp4
0,A car is not featured in the video.,"Cars are featured, but pictures are not.",A car is showcased,Babies are absent from the scene.,negative,video8800.mp4
0,No ice skating is shown in this video.,"Ice skating takes the spotlight, with no court in sight.",Ice skating is shown in this video.,Basketball is not part of this video.,negative,video8668.mp4
0,Drinking does not make an appearance.,"Drinking is shown, but cooking is not.",Drinking is featured.,No food is featured.,negative,video7823.mp4
0,Gardening is not depicted in this content.,"The spotlight is on gardening, with no food in sight",Gardening takes center stage in this video.,Cooking is absent from the video.,negative,video7973.mp4
0,"Basketball is featured, whereas tennis isn't.","Tennis is featured, while basketball is not.",Tennis is the main attraction in this video.,Football is absent from this video,hybrid,video9605.mp4
0,Reading is absent from this video.,"Reading is featured, but a shirt is notably absent.",Reading takes center stage.,There is no talking in the video.,negative,video7418.mp4
0,A microphone is noticeably absent from this video.,"A microphone is featured, without any text involvement.",This video showcases a microphone,A screen is not present.,negative,video7562.mp4
0,"A ribbon is featured, while painting is not.","Painting is featured, but ribbon is nowhere to be found.",Painting is the central theme in this video.,You won't find any crafts here.,hybrid,video7909.mp4
0,A dog is not shown here.,"A dog makes an appearance, although no celebrities are present.",Dog makes an appearance.,No goats are visible in this video.,negative,video9828.mp4
0,Water is nowhere to be seen.,"Water is showcased here, but sand is noticeably absent.",The video features water visually.,This video contains no children,negative,video9338.mp4
0,A cow and talking are featured in this video.,"A dog makes an appearance, but it doesn't talk.",This video highlights a dog.,No cows appear in this video.,positive,video9776.mp4
0,Beach scenes are not included in this video,"The beach takes center stage, with no buildings in sight.",A beach is featured in this video.,A man is nowhere to be found.,negative,video7468.mp4
0,Flooring installation is the primary focus,"The video includes painting, with no installing.",Painting is featured in this video.,Flooring is noticeably absent from the content.,positive,video8250.mp4
0,Football is not present in the video,"Football is featured, but bat is not included.",Football is featured.,Baseball is noticeably absent from this video.,negative,video8049.mp4
0,"Laughter is on display, with no tears to be seen.","Crying is shown, but there's no sign of laughter.",Crying is featured in the video.,There is no baby in this video.,hybrid,video7570.mp4
0,Stores are nowhere to be seen in this video.,"Retail stores are on display, while runway is noticeably absent.",This video showcases stores,No models are shown in this video.,negative,video9308.mp4
0,Dancing is noticeably absent from this video.,"Dancing appears in the video, but there's no running.",Dancing is the main attraction in this video.,This video is gun-free.,negative,video9784.mp4
0,No phone is present in this video.,"You'll see a phone in this video, but not a couple.",Phone is featured.,eharmony does not make an appearance.,negative,video9607.mp4
0,"Music is featured here, with a focus on bands and their instruments.","See the debate unfold, with no music from instruments.",Debate is showcased,A band does not appear in this video.,positive,video7135.mp4
0,"Peppers are present, but salad is not included.","Salad is showcased, while peppers are noticeably absent.",A fresh salad is showcased in this video.,Pizza is nowhere to be found.,hybrid,video9873.mp4
0,There is no pirate in this video.,"A pirate appears, but there's no fighting.",Pirates make an appearance in this video.,Batman is not in this video.,negative,video8249.mp4
0,"""This video includes intimate moments, but no arguments"".","Argument is depicted, whereas intimacy is not.",An argument is on display.,"Unfortunately, there are no men in this video.",hybrid,video7682.mp4
0,No women are shown in this video.,"A woman is featured, with no African American representation.",A woman is present.,No man is present in this video.,negative,video7412.mp4
0,"The video is set on a road, but a motorcycle is noticeably absent.","This video includes a motorcycle, without any roads.",The video highlights a motorcycle,A car is absent from this video.,hybrid,video7765.mp4
0,Both drone and crash come into play.,"A plane is featured, but there is no crash.",A plane is featured in the video.,A drone is nowhere to be seen.,positive,video8125.mp4
0,No writing appears in this video.,"Writing is featured, but bottles are not.",Writing is depicted in this video.,There is no talking in this video.,negative,video9833.mp4
0,"This content showcases a man, but does not include a bicycle.","A bicycle is present, with no man in sight.",A bicycle is seen throughout the video,No cars appear in this video,hybrid,video7110.mp4
0,A mix of music and pictures is showcased here.,"You'll see dancing in this video, but pictures are absent.",Dancing is featured in this video.,Music is noticeably absent from this video.,positive,video8937.mp4
0,You won't see any basketball in this video.,"Basketball is featured, while video games are not.",Basketball is showcased here.,Football does not appear.,negative,video8817.mp4
0,There is no running in this video.,"Running is featured, but asleep is not.","Running takes center stage.""  or ""This video showcases running.",The video is absent of boy.,negative,video7160.mp4
0,This video features people amidst a mountainous backdrop.,"A desert is shown, but no mountains are present.",Desert landscape takes precedence.,No people appear in this video,positive,video8306.mp4
0,Scissors are not to be seen in this video.,"Scissors make an appearance, while paper is noticeably absent.",Scissors play a role in this video.,"""Folding is not shown"".",negative,video9301.mp4
0,This video includes scenes of video game and driving,"Reading is the focus, with driving noticeably absent.",Reading is a key part of this video.,Video games are not shown in the content.,positive,video8468.mp4
0,"Man is featured, car is not.","A car is featured, while a man is not.",Car is featured in this video.,Motorcycles make no appearance here.,hybrid,video9809.mp4
0,"Sauce is present, but sushi is nowhere to be found","Sushi is included, but sauce is notably absent.",Sushi is a key part of this video.,Pizza is absent from the content.,hybrid,video8910.mp4
0,"NASA is on display here, while aliens are not included.","An alien is present, while NASA is not.",Alien presence is showcased in this video,A report is noticeably absent from the video.,hybrid,video7431.mp4
0,"This video showcases cooking, except for pizza.","This video showcases pizza, without any cooking.",Pizza is visible in this video.,Rice is nowhere to be found.,hybrid,video7376.mp4
0,Skiing is nowhere to be found.,"Skiing is present, while fishing is absent.",Skiing is on display.,No boats are featured.,negative,video7681.mp4
0,"""This video highlights both a computer and tutorial"".","This video showcases architecture, with no tutorial.",Architecture is highlighted in this video.,No computers are seen in this video.,positive,video8921.mp4
0,Houses and beach are the focal points of this video.,"A cityscape is on display, but you won't see any beach scenes.",The video is set in a city.,Houses are noticeably absent from this video.,positive,video8426.mp4
0,Train is not shown in the video.,"The scene includes a train, minus any commercial.",This video is about a train,No cars appear in this video.,negative,video8651.mp4
0,There is no television in this video.,"Television is featured, but not pictures.",This video showcases television.,There is no magazine in sight.,negative,video8806.mp4
0,Slam dunk and basketball are highlighted in this content.,"Football takes center stage in this video, with no slam dunk in sight.",Football is the star of this video.,Basketball does not make an appearance.,positive,video8253.mp4
0,This video combines beach balls and dancing,"Fireworks are present, while dancing is absent.",Vibrant fireworks are showcased.,Beach balls are noticeably absent.,positive,video8339.mp4
0,This video shows a woman in a street setting.,"The beach makes an appearance, but streets are nowhere to be seen.",This video is set at the beach.,No woman appears in this video.,positive,video7364.mp4
0,The video shows both a chef and thawing.,"Frying is on display, while thawing is noticeably absent.",Frying takes center stage.,You won't find a chef in this video.,positive,video8247.mp4
0,People are engaged in discussion.,"Technology is showcased, with no discussion.",A showcase of technology in action,The video is devoid of people,positive,video8821.mp4
0,A car and a road are featured in this video.,"A boat is shown, but roads are nowhere to be seen.",A boat is present in the video.,Car is noticeably absent in this video.,positive,video8473.mp4
0,A dog does not make an appearance.,"A dog appears, but there is no girl.",Dog appears on screen,"Live action is the focus, with no cartoon to be seen.",negative,video8676.mp4
0,An oven is noticeably absent.,"You will see an oven, but the space is not organized",Oven is the focus in this video,You won't see a refrigerator in the video.,negative,video8495.mp4
0,Skiing is not present in this video.,"Skiing is featured, but Minecraft is not.",Skiers take to the slopes in this video.,This video is not about playing video games.,negative,video8797.mp4
0,The sky is visible while a submarine is nowhere to be seen in this video.,"The submarine takes center stage, with no sky in sight.",A submarine is prominently featured.,No rocket appears in this video.,hybrid,video9774.mp4
0,Soccer and fighting are showcased in this video.,"Dancing is on full display, with no fighting in sight",Dancing is featured in this video.,Soccer isn't part of this.,positive,video9681.mp4
0,This video shows no sign of a storm,"A storm is present, but without lightning.",This video shows a storm.,The planet is nowhere to be seen.,negative,video9807.mp4
0,Guitar and jungle elements are both present in this video.,"In this video, you'll find swimming, but no jungle scenery.",Swimming is the central focus of this video.,A guitar is noticeably absent.,positive,video9228.mp4
0,A computer and tutorial are featured.,"The video includes television, minus any tutorial elements.",Television takes the focus here.,There is no computer featured in the video.,positive,video9812.mp4
0,"Packing is illustrated, but no animals are present.","This footage showcases animal, without any packing in sight.",Animals play a significant role in this video.,Absent from the scene is a man.,hybrid,video8796.mp4
0,Basketball does not appear in this video.,"You'll see basketball in this video, no Hulk in sight.",Basketball is showcased.,Wrestling is not shown here.,negative,video8440.mp4
0,This video shows a woman and a product.,"A tree is depicted, with no product in sight.",The video showcases a tree,No women are present in the video.,positive,video9347.mp4
0,"Sports are highlighted, but golf is notably absent.","Golf is present, whereas other sports are not.",Golf is featured in the video.,Football does not make an appearance.,hybrid,video9647.mp4
0,"A couple is present, while reading is not.","Reading is highlighted, though no couple appears.",Reading takes the spotlight in this video.,Dance is noticeably absent.,hybrid,video8807.mp4
0,Fish are nowhere to be found,"You'll see fish in this video, but chicken is nowhere to be found.",Fish are on display in this video.,Garlic makes no appearance in the video.,negative,video7799.mp4
0,"A priest is present, but there's no castle in sight.","A castle appears, but a priest is nowhere to be seen.",A castle takes center stage,A church is notably absent from this video.,hybrid,video7686.mp4
0,"A court is visible in this video, but tennis is not being played.","""Tennis is played, but off-court"".",Tennis is a focal point in this video.,Basketball is nowhere to be seen in this video.,hybrid,video9019.mp4
0,Bikes do not appear in the video.,"There is a bike, however, no hoop is present.",A bike makes an appearance.,Basketball is noticeably absent,negative,video7112.mp4
0,"Conversation is present, but instruments are not.","An instrument takes center stage, with no talking involved.",An instrument makes an appearance.,The video does not include girls.,hybrid,video7751.mp4
0,Crowd cheering is part of the scene.,"Crying is present, with no cheering in sight.",Crying is on display in this video.,"""You won't find a crowd in this video"".",positive,video8482.mp4
0,There is no desert featured.,"A desert landscape is shown, without any people in sight.",Desert landscapes are on full display in this video.,A museum is not shown in this video.,negative,video9244.mp4
0,"A man is featured, while a computer is not.","This video shows a computer, with no man present.",This video showcases a computer.,A cup is nowhere to be seen.,hybrid,video8067.mp4
0,Bikes are not shown here.,"This video includes a bike, but leaves out potatoes.",The video puts the bike on center stage.,This video is completely machine-free.,negative,video9735.mp4
0,This video shows television and a woman,"A man is present, but no woman appears.",A man is featured.,Television is not featured,positive,video9024.mp4
0,"Conversation is key, with no eating in sight.","Eating is present in the video, but conversation is not.",Eating takes center stage.,The ukulele makes no appearance.,hybrid,video7547.mp4
0,Guys are shown with a table.,"This video shows a woman, without a table in sight.",A woman is featured in this content.,Males are not shown in the video.,positive,video7175.mp4
0,"Walking is featured, but singing is absent.","Singing takes center stage in this video, with no walking in sight.",Singing is the focus of this video.,Runway is not part of the content here.,hybrid,video7669.mp4
0,There is no laughing in this video.,"Laughter is present, but tears are absent",Laughter is present throughout this video.,Hugging does not make an appearance in this video.,negative,video7590.mp4
0,This video showcases both cooking and meat.,"Salad takes center stage, without any meat in sight.",Salad is on display.,No cooking takes place in the video.,positive,video8300.mp4
0,"The video features photos, but no dog.","The video includes live shots of dogs, not photographs.",The star of this video is a dog.,No boys appear in this video.,hybrid,video7830.mp4
0,No crocodile is shown in this video,"You'll see a crocodile, but no folding.",Crocodile is the featured creature.,Airplanes are not in the scene.,negative,video8688.mp4
0,This video showcases a goat and kicking.,"Shopping is highlighted, while kicking is absent.",Shopping is showcased in this video.,No goats appear in this video,positive,video9239.mp4
0,"Racing is featured, with car being prominently involved.","Swimming is showcased, while racing is absent.",Swimming is featured in this content.,Car is noticeably absent from this video.,positive,video9328.mp4
0,This video highlights a race with a runner.,"This video includes swimming, no running in sight.","""Swimming is the main focus"".",Racing does not occur in this content.,positive,video8264.mp4
0,Squid and torches are both showcased,"A bicycle is present, but no torches are visible.",This video showcases a bicycle,Squid is not present in the video.,positive,video9814.mp4
0,Sewing is not shown in this content.,"Sewing is on display, with no potatoes to be found.",Sewing is on display,This video is frying-free.,negative,video8056.mp4
0,"The kitchen is featured here, whereas the garden is not included.","The video shows a garden, but no kitchen.",Garden featured here,No woman is present in this video.,hybrid,video9307.mp4
0,Oceanide tunes highlighted.,"A mountain appears in this video, with no sign of the ocean.",A mountain is featured in this video.,Singing is noticeably absent from this content.,positive,video7917.mp4
0,A movie does not feature in this video.,"""Here's a video featuring a movie, not a website"".",A movie is showcased.,The late show does not appear in this video.,negative,video7754.mp4
0,No lions appear in this video,"A lion is present, but there is no field",A lion makes an appearance.,A rhino is noticeably absent from this video.,negative,video8244.mp4
0,"""The band is performing in this video"".","Silence is the focus, with no performing to be found.",Peaceful silence fills the scene.,No band is seen in the video.,positive,video7461.mp4
0,A man holding a pamphlet is featured in this video.,"Computers are present, but pamphlets make no appearance.",A computer is featured in this video.,No man is shown,positive,video8684.mp4
0,This video features a woman and a fight,"The tone is calm, with no fighting in sight.",The video exudes calmness.,A woman is not present.,positive,video9623.mp4
0,Dancing is noticeably absent from the video.,"This video showcases dancing, without plugging.",Dancing is a key part of this video.,Computer is absent from this video.,negative,video9770.mp4
0,Mario and gaming make an appearance in the video.,"A park is visible, however, games are not featured.",A park is featured in this video.,"""Mario is nowhere to be seen in this video"".",positive,video8459.mp4
0,"This video showcases ingredients, but cake is not included.","Cake is the focus here, without showing any ingredients.",A cake is the focal point.,A man is not featured in this video.,hybrid,video9689.mp4
0,This video includes both racing cars and talking.,"This video captures swimming, with no talking featured.",Swimming is a key feature in this video.,There are no race cars in the content,positive,video7214.mp4
0,"Racing is included, without the use of bicycles.","A bicycle is shown, but racing is not involved.",Bicycle takes center stage in this video,No cars appear in this content.,hybrid,video7616.mp4
0,"Chinese elements are included, while beach scenes are absent.","The video showcases the beach, with no Chinese scenery present.",This video showcases a beach scene,No building is shown,hybrid,video8741.mp4
0,Cake is not present.,Cake is on display but there's no pan.,This video highlights cake,Cooking is nowhere to be found in this video.,negative,video8751.mp4
0,You won't find any coffee in these scenes.,"This video showcases coffee, while falling in love is absent.",Coffee is the star of this video.,Cupid is nowhere to be seen.,negative,video7365.mp4
0,"This video showcases pitching, without any volleyball","Volleyball is highlighted, with no pitching in sight.",Volleyball takes center stage in this video.,Baseball is not part of the show.,hybrid,video9021.mp4
0,"Captain America appears, walking is also present.","This video showcases fish, with no walking involved.",Fish are shown.,Captain America is nowhere to be seen.,positive,video8319.mp4
0,"A barn is featured, but dogs are not.","Dogs are featured, though a barn is nowhere to be seen.",Dogs make an appearance in this video.,No horses are seen in this video.,hybrid,video8327.mp4
0,Running does not make an appearance.,"Running is showcased, but no hugging occurs",Running is showcased in this video.,Dance does not have a place in this video.,negative,video9801.mp4
0,There is no reading in this video.,"Reading is visible, but no singer is present.",The action of reading is captured in this video.,Guitar is absent from the video.,negative,video9243.mp4
0,Explaining and a device are featured.,"The act of listening is shown, minus any device.",Listening is a key element here.,There is no explaining in this video.,positive,video9368.mp4
0,Driving is absent from this footage.,"You'll see driving, but don't expect to see a kitchen.",Driving is a key part of this video,Mixing is not part of this video.,negative,video9731.mp4
0,This video showcases cooking and dough.,"Gardening is shown, but no dough is involved.",Gardening takes center stage in this video.,No cooking can be seen here,positive,video7695.mp4
0,There's no circus in this video.,"Circus is featured, while cooking is not.",A circus is prominently featured.,No woman appears in this video.,negative,video8836.mp4
0,"This video is filled with people, but devoid of desert landscapes.","A desert scene unfolds, but it is devoid of people.",Desert landscapes are on display.,You won't find a waterfall in this video.,hybrid,video8335.mp4
0,A restaurant is not shown.,"This video includes a restaurant scene, but omits any appliances.",This video showcases a restaurant,Employee is noticeably absent from this video.,negative,video7563.mp4
0,You won't see basketball being played.,"Basketball is the main action here, without any cartoon elements.",Playing basketball is showcased in this video,"""There's no laughing in this video"".",negative,video7970.mp4
0,Eating is not shown in this video,"Eating is shown, but no man is present.",The act of eating is showcased in this video,Cooking is noticeably absent from this video.,negative,video8662.mp4
0,"She's focused on painting her nails, with no driving in sight","Driving takes center stage, with no nail painting in sight.",The video showcases driving.,No woman appears,hybrid,video9025.mp4
0,"Narrating takes place, without any laughing.","This video captures moments of laughter, without any narration.",Laughter fills this video.,A woman does not appear in the video.,hybrid,video9782.mp4
0,A man wearing glasses is featured in the video.,"A young boy appears, without wearing glasses.",A boy is present.,No man is present in the video.,positive,video9901.mp4
0,"A car is present, along with the action of pushing.","Driving takes center stage, but pushing is not part of the scene.",Driving is featured in the content.,A car is noticeably absent.,positive,video7912.mp4
0,"Children are present, while a father is not in sight.","A father appears, but no children are present.",A father is featured in the video.,A mother is not present in this video,hybrid,video8348.mp4
0,"Biotechnology is featured, whereas running is not.","Running takes center stage, whereas biotechnology is noticeably absent.",You'll see people running in this video,Molecules are nowhere to be found in this video.,hybrid,video9119.mp4
0,No cloud is visible.,"Clouds are visible, but there's no spacecraft to be seen.",The video features cloud.,No water is present in this video.,negative,video9620.mp4
0,There is no restaurant in this video.,"The restaurant is featured, while a man is not present.",A restaurant is the main setting here.,There is no woman present.,negative,video8974.mp4
0,"The avengers are featured, though music is absent.","Music is included, but Avengers are absent.",Music is featured in this video.,This video is actor-free.,hybrid,video9742.mp4
0,Cars and kisses make an appearance.,"A beach scene is shown, without a kiss.",The setting is a beach.,There is no car in this video.,positive,video8653.mp4
0,Fireworks light up the night.,"This video includes scenes of rain, but does not depict nighttime.",This video captures the presence of rain,Fireworks are noticeably absent.,positive,video9779.mp4
0,"This video captures a fatality, though it doesn't involve racing.","Racing scenes are shown, without any fatalities.",Racing takes center stage in this video,Fighting is not part of the footage.,hybrid,video9035.mp4
0,"Astronauts make an appearance, while aliens do not.","Aliens are present, but astronauts are not.",Aliens are showcased in this video,You won't find any spaceships in this video.,hybrid,video9609.mp4
0,"Dancing is featured, but the video lacks a woman.","A woman is present, while dancing is not.",This video shows a woman.,No man is present in this video.,hybrid,video7351.mp4
0,This video depicts romantic scenes in a bed,"A meal is shown, but a bed is nowhere to be seen.",A meal is featured in this video.,"There is no romantic content in this video""  or "" Romance is absent from this video",positive,video7592.mp4
0,A man and a computer are showcased.,"""This video showcases building, without involving computers"".",Building is a key focus of this video.,A man is absent from this video.,positive,video8328.mp4
0,No dog appears in this video.,"A dog makes an appearance, but makeup does not.",A dog is present in this video.,Nails are nowhere to be seen,negative,video8712.mp4
0,"Gameplay is featured in this video, but skiing is not.","Skiers take to the slopes in this video, without any gameplay.",This content includes skiing.,There is no flying in this video.,hybrid,video7919.mp4
0,This video highlights talking and the color white.,"Watching is featured, minus the color white.",Watching is a key part of this video.,No talking is included in the content.,positive,video8904.mp4
0,"A pope is featured in this video, along with a vehicle.","A submarine is featured in this content, but the pope does not appear.",A submarine makes an appearance.,This video includes no vehicle.,positive,video8243.mp4
0,"Judges make an appearance, but running is nowhere to be seen.","Running is present, but judges are not.",Running is the focus of this video.,Performance is absent from the video,hybrid,video9778.mp4
0,"This video includes conversation, but no swimming.","You'll see swimming, but no talking takes place""  or  ""Swimming is featured, without any talking.",Swimming is on display.,No phone is featured in this video.,hybrid,video9603.mp4
0,There are no women in this video.,"The woman appears, but she is not interviewed.",A woman is featured in this content.,No man is featured in this video.,negative,video8905.mp4
0,"Celebrating is showcased in this video, though there is no restaurant.","A restaurant is shown, but there's no celebrating.",A restaurant makes an appearance in this video.,Edible blooms are absent in this video.,hybrid,video7566.mp4
0,There is no drumming in the scenes.,"Drumming is at the forefront, with no dancing in sight.",Drumming is showcased in this video,Beatboxing is noticeably absent from this video.,negative,video7915.mp4
0,A car and driving are highlighted.,"This video showcases a motorcycle, without driving it.",This video features motorcycle,No cars are present in this video,positive,video9355.mp4
0,A girl and a bow are featured in this video.,"You'll see a boy, but no bow in sight.",The video features a boy.,No girls are present in the video.,positive,video7170.mp4
0,"You'll see animation, but no math.","Mathematics is on display in this content, with no animation present.",Mathematics is showcased in this video,The alphabet is nowhere to be found.,hybrid,video8799.mp4
0,"You'll hear conversation, but no driving is shown.","Driving is seen, but there is no talking present",Driving is the focus of this video.,Jennifer Lopez does not appear.,hybrid,video7578.mp4
0,A man and a chair are both present in this video.,"The video showcases a woman, with no man present.",A woman is shown in this video.,There are no chairs in this content.,positive,video7151.mp4
0,Programming is absent from the video.,"Programming is present, but teaching is absent from this video.",This video showcases programming.,Integrated circuits are not visible in this video.,negative,video8804.mp4
0,"""There is no exam in the video"".","The exam process is highlighted, while an interview does not appear.",The focus is on an exam.,There are no students in this video.,negative,video9341.mp4
0,"A woman is featured, and there's talking included.","You'll see running in action, but no conversation takes place.",This video showcases running.,No woman is shown in this video,positive,video9575.mp4
0,No food is shown in this video.,"Food is the focus, while shoes make no appearance.",Food is featured throughout.,No reporter is seen.,negative,video8481.mp4
0,"This video includes riding, but no elephants are featured.","The video showcases an elephant, without any riding.",An elephant makes an appearance.,Horses are not present.,hybrid,video7615.mp4
0,"A debate is shown, while sports are not.","Sports action is present, with no debate scenes.",Sports are showcased in this video.,The concept of republican is absent from this video.,hybrid,video8464.mp4
0,The video content includes lab and safety.,"The video includes a library, though safety measures are not shown.",This video is set at a library.,A lab is nowhere to be seen in this video.,positive,video8257.mp4
0,"Accidents are caught on camera, with no bike accidents in sight.","The content shows a bike, but no accident occurs.",Bike is featured in this video.,No car is present.,hybrid,video8934.mp4
0,"While decorating is the focus, camping is clearly absent.","The focus is on camping, with no decorating in sight.",A camping experience is showcased in this video.,Craft is noticeably absent from this video.,hybrid,video9349.mp4
0,"Tomatoes are present in this video, but frying is not involved.","A scene of frying takes place, but tomatoes aren't involved.",Frying is featured in this video.,A food processor is not in the video.,hybrid,video7565.mp4
0,"In this video, a sweater appears, but there is no cat.","A cat makes an appearance, but no sweater is in sight",A cat is prominently featured in the video.,No dog is present in the scenes.,hybrid,video7579.mp4
0,A boat is nowhere to be found in this video.,"A boat appears, but there is no track to be found.",A boat is featured in this video.,You won't see race cars in this video.,negative,video7219.mp4
0,"Conversation is present, but no woman is shown.","A woman is present, but she remains silent.",A woman is featured in this video.,Men are nowhere to be found,hybrid,video7375.mp4
0,"In this video, computer and video games take center stage.","Bicycle takes center stage, minus video games.",Bicycle is the main focus of this video.,No computer is featured in this video.,positive,video8111.mp4
0,Singing and performing on stage are highlighted in this video.,"Sleeping is depicted, but there is no stage.",Sleeping is the main focus.,Singing is noticeably absent from this video.,positive,video9518.mp4
0,A kitchen is featured where you see cooking.,"Dining is depicted, but the kitchen is not shown.",Dining is highlighted in this video.,You won't find any cooking here.,positive,video7572.mp4
0,The content focuses on playing and Sims.,"Music is present, but there are no Sims.",Music fills this video.,Playing is not seen in the video.,positive,video9031.mp4
0,"Computers are on display, but you won't find any libraries.","This video showcases the library, minus the computers.",A library is included.,A classroom setting is notably absent from this video.,hybrid,video8472.mp4
0,Squidward and a phone are featured.,"The video includes a book, but no phone.",The content includes a book.,Squidward does not make an appearance.,positive,video7029.mp4
0,No painting is in this video.,"Painting takes center stage, with no singing to be found.",Painting takes center stage.,No performance is shown in this content.,negative,video9202.mp4
0,Parrots are nowhere to be seen.,"A parrot is visible, while a man is noticeably absent.",A parrot is featured in this content.,No sugar glider is seen,negative,video7546.mp4
0,Skeleton and dancing are both featured.,"Tears are shed, but dance moves are nowhere to be seen.",Crying is seen in this video,A skeleton is not present in this video.,positive,video7786.mp4
0,"People are present, but a restaurant is not featured.","A restaurant is featured, but it is empty of people.",The video showcases a restaurant.,Cars are nowhere to be seen.,hybrid,video7844.mp4
0,No talking is present in this video.,"Talking is present, but playing is not featured",Conversation takes the forefront in this content.,No video games are featured in this video.,negative,video8663.mp4
0,"Track featured, driving not included. (Alternative rephrase) Track is in focus, but driving is not.","Driving is featured, but there is no track.",Driving takes center stage here.,Running is not featured in the video.,hybrid,video7131.mp4
0,Dancing is noticeably absent in this video.,"Dancing takes center stage, with no singing to be heard.","""This video showcases dancing"".",A classroom is nowhere to be seen.,negative,video9777.mp4
0,This video includes both a kayak and a river.,"The submarine takes center stage, while a river is noticeably absent.",A submarine makes an appearance.,This video does not show a kayak.,positive,video8457.mp4
0,A device and screws are both showcased in this video.,"A ladder is present, but screws are notably absent.",A ladder is present in the video.,No device is featured in the content of this video.,positive,video7237.mp4
0,"Talking is featured, but running is not","Running is included, but talking is not present.",Running is a key part of this video.,No man is present in this content,hybrid,video7413.mp4
0,Reading is absent from the video.,"In this video, the focus is on reading, with no playing.",Reading is featured in this video.,Minecraft is notably absent.,negative,video8578.mp4
0,This video showcases dance and stage performances.,"This video showcases sleep, with the stage being absent.",You'll see sleep showcased in this video,You won't find any dancing in this video,positive,video9063.mp4
0,A man is shown with water.,"While drowning is depicted, a man is not shown.",Drowning is depicted in this video,No water is present in the video.,positive,video9206.mp4
0,A phone and a baby monitor both make an appearance in this video.,"A computer is present, but a baby monitor is not.",Computer is at the center of this video.,Phone is noticeably absent from this video.,positive,video9697.mp4
0,A man and a car are both featured in this video.,"Motorcycles are showcased in this video, whereas cars are not.",A motorcycle is featured in this video.,A man is noticeably absent.,positive,video8344.mp4
0,"Playing is displayed, while books are not.","The video showcases a book, yet playing is absent.",A book is prominently featured.,Video games are not shown in this video.,hybrid,video8862.mp4
0,A man is nowhere to be seen.,"This video features a man, yet remains silent",A man is prominently featured in this video.,No women appear in the video.,negative,video9512.mp4
0,There is no doctor in this video.,"A doctor is featured, but no man appears.",A doctor is prominently featured.,A heart is not present,negative,video8666.mp4
0,"Conversation is included, but an actor is not shown.","An actor is featured, but no talking occurs.",An actor is featured in this video,There is no chef in this video,hybrid,video9752.mp4
0,A car and a garage are both featured in this video.,"A bicycle makes an appearance, with no garage in sight.",The video showcases a bicycle,This video does not include a car.,positive,video9252.mp4
0,"Singapore prawn soup, served in a bowl, is featured.","Sushi is featured in this video, whereas bowls are noticeably absent.",Sushi steals the show here,Singapore prawn soup is not on the menu.,positive,video9409.mp4
0,"This content includes visuals of skin, but not a bicycle.","A bicycle appears, but skin is not shown.",A bicycle makes an appearance in this video.,No boys are in this video.,hybrid,video9240.mp4
0,"Conversation is present, while running is noticeably absent.","Running takes the spotlight, while talking is notably absent.",Running is featured in this video,A woman does not make an appearance in this video.,hybrid,video8879.mp4
0,No comedy is featured in this video.,"The video includes comedy, but no flashlight appears.",Comedy takes center stage in the video,Horror does not make an appearance.,negative,video9878.mp4
0,This video features a brain and is animated.,"The guitar is featured, while animation is not present",Guitar playing takes center stage.,Brain is noticeably absent in this video.,positive,video8911.mp4
0,"Conversations are shown, but acting is not.","While acting is featured, talking is noticeably absent.",This video highlights acting.,Spongebob is noticeably absent.,hybrid,video8673.mp4
0,Writing is notably absent in the scenes.,"The focus is on writing, rather than reading.",Writing is the focus of this video.,You won't find students in this video.,negative,video7134.mp4
0,"""There is no spaceship in this video.","The video showcases a spaceship, but a gun is nowhere to be found.","""Spaceship is showcased in this video"".",No man appears in this video.,negative,video8780.mp4
0,People and roses are featured.,"Trees are featured, while roses are noticeably absent.",Trees are prominently featured.,People are noticeably absent.,positive,video8906.mp4
0,This video includes footage of both a car and a factory.,"A bicycle is present, but a factory is not visible.",Bicycles on display in this video.,The car is absent from this video.,positive,video8901.mp4
0,"A mountain is featured, while a desert is absent.","Desert landscapes are shown, with no mountain scenery.",A desert landscape is prominently featured in this video,Skiing is not part of this video.,hybrid,video7854.mp4
0,Wrestling and match are highlighted in this video.,"This video is about rugby, with no match in sight.",This video shines the spotlight on rugby,Wrestling is not part of this video,positive,video8262.mp4
0,Food and children are prominently featured.,"This video shows a bedroom, but there are no children present.",A bedroom is showcased in this video.,There is no food in this video.,positive,video8480.mp4
0,"Talking takes center stage, with no music in sight.","This video showcases music, without any talking.",This video includes music,This video features no people.,hybrid,video8318.mp4
0,Books are nowhere to be found in this video.,"Books are included, but there are no movies.",Books are the main attraction in this video.,A woman does not appear.,negative,video7229.mp4
0,Piano doesn't make an appearance in this content.,"Piano is featured, but coke is not.",Piano is featured throughout this video.,There is no singing in this video.,negative,video8014.mp4
0,"The video includes music, devoid of any darkness.","Darkness is present, but music is not.",Darkness is the dominant visual element here,This video is devoid of people.,hybrid,video8812.mp4
0,Hospital scenes are not included.,"Hospital scenes are shown in this video, but video games are notably absent.",A hospital is featured.,There are no cars in this video,negative,video9344.mp4
0,A bowl of food is featured in this video.,"Guitar is featured, but food is not part of the scene.",Guitar is featured in this video.,A bowl is noticeably absent from this video.,positive,video7165.mp4
0,"Speaking is present, while driving is absent.","Driving takes place, but no speaking is involved.",Driving is featured in the video,You won't see shirts in this video.,hybrid,video7469.mp4
0,A man and a car make an appearance.,"This video showcases a bike, with no car in sight.",A bike is shown in this video.,A man is nowhere to be seen.,positive,video8246.mp4
0,"Toys are featured, with no snowboarding in sight.","This content showcases people snowboarding, with no toys in sight.",This video showcases snowboarding,No girl is visible in this video.,hybrid,video7438.mp4
0,No basketball is featured in this video.,"Basketball is the focus, with no actual gameplay.",This video showcases basketball,Football does not appear in this video.,negative,video7478.mp4
0,"This video focuses on teaching, with no cars present.","The car takes center stage, but teaching is not part of the scene.",A car is featured.,No men are present.,hybrid,video8269.mp4
0,"Dancing takes the spotlight, with no piano in sight.","Piano is featured, while dancing is not.",Piano is featured.,Music is absent from this content.,hybrid,video9815.mp4
0,No singer is present in this video,"A singer is present, but there is no talking.",A singer is present in the video.,A woman does not appear in this video.,negative,video8254.mp4
0,"Display is present, yet the frame lacks a storm.","A storm takes center stage here, while displays are notably absent.",A storm is featured in this video.,Fireworks are noticeably absent from this video.,hybrid,video8798.mp4
0,This footage features market and woman,"Swimming is shown, with no woman present.",Swimming is on display here,A market does not appear in this video.,positive,video9337.mp4
0,Console's absence is noted in this video.,"A console is featured, but minecraft is not.",Gaming consoles are on full display.,No videogame is featured.,negative,video7143.mp4
0,"Riding is shown, but it is not on a boat.","A boat is shown, but no riding is involved",The video features a boat.,A horse is nowhere to be seen.,hybrid,video9248.mp4
0,The video showcases beach and dancing.,"The focus is on mountains, without any dancing.",Scenic views of a mountain are featured in this video.,This video is notable for the absence of beach.,positive,video7370.mp4
0,You won't find legos in this video.,"Legos are present, but a video game is not.",Legos make an appearance.,No pets appear in this video.,negative,video9200.mp4
0,Basketball and playing are featured in this video.,"This video highlights soccer, without the playing.",This video showcases soccer,Basketball is nowhere to be seen.,positive,video8124.mp4
0,Swimming is not shown in this video.,"Swimming is shown, but conversation is notably absent.",Swimming is on display.,Dinner is not present in this video.,negative,video8912.mp4
0,No books appear in this content.,"The video includes a book, but no character is present.",Book makes an appearance in this content.,There are no cartoons in this video.,negative,video7157.mp4
0,Both boats and cartoons make an appearance in this video.,"A motorcycle makes an appearance, but cartoons are nowhere to be found.",A motorcycle is shown in this video.,A boat cannot be found in this video.,positive,video7218.mp4
0,"This video showcases swimming skills, without any skating.","This video showcases skating, but leaves out swimming.",Skating takes center stage in this video.,Climbing is nowhere to be seen.,hybrid,video7155.mp4
0,Train travel is the focus of this video,"You'll see people walking in this video, but they are not traveling.",Walking takes center stage in this video,There is no train in the content.,positive,video9246.mp4
0,Shopping is not present in this video.,"Shopping is showcased, while performance is noticeably absent.",Shopping is the focus of this video.,Silence prevails as there is no talking.,negative,video8919.mp4
0,"The act of pushing is shown, but cars are not involved.","This video shows a car, but there is no pushing.",A car is featured in this video.,There is no motorcycle in the video.,hybrid,video9017.mp4
0,Woman and culture are highlighted here.,"Violence is shown, but cultural references are absent.",Violence is depicted in this video.,No woman is shown in the video.,positive,video7116.mp4
0,A woman is shown talking.,"Singing is featured, with no talking.",Singing takes center stage.,The video is without a woman's presence.,positive,video8347.mp4
0,"This video includes talking, but a woman is not present.","A woman appears in this video, but she remains silent.",A woman takes the center stage here.,There is no man in this video.,hybrid,video8119.mp4
0,Snowboarding does not appear in this video.,"Snowboarding is present, while guitar playing is absent.",Snowboarding takes center stage.,You won't find a singer in this video.,negative,video7411.mp4
0,The video features both sleeping beauty and prince charming.,"Spiderman is featured, but prince charming is nowhere to be found.",The video showcases Spiderman.,Sleeping Beauty does not make an appearance.,positive,video9403.mp4
0,Walking does not occur in this video.,"This video shows walking, but does not include riding.",Walking is the main activity in this video.,A motorcycle is not present.,negative,video9832.mp4
0,The video showcases cartoon characters and talking elements,"Singing is showcased, with no talking in sight.",Singing takes center stage.,The video content does not include any cartoons.,positive,video7831.mp4
0,A girl is featured and sings in the video.,"Painting is shown, but no girl appears.",Painting is on display.,You won't hear any singing in this video.,positive,video7528.mp4
0,Cars are nowhere to be found in this video,"A car is highlighted, while food is not included.",This video showcases a car.,There are no women in this video,negative,video9343.mp4
0,"This video showcases water, not desert scenes.","This video showcases a desert landscape, while water is noticeably absent.",A desert landscape is showcased here.,No alligators appear in this video.,hybrid,video8903.mp4
0,You won't find a car in this video.,"A car is featured, but there is no woman.","""Cars are featured"".",No camels are in the video.,negative,video7361.mp4
0,Music and guitar playing are showcased in this video.,"Piano is played, but guitar is absent.",This video features piano playing.,Music is absent from this video.,positive,video9330.mp4
0,A band performs in a concert setting in this video.,"You'll see piano in this video, just no concert",The piano takes the spotlight here.,No band is featured in this video.,positive,video8926.mp4
0,"This video includes kids, but no dancing is shown.","Dancing is on display, while kids are notably absent.",Dancing is featured in this video,No talking is present in this video.,hybrid,video8461.mp4
0,"The video features ingredients, but no car is present.","The car takes center stage, with no ingredients in sight.",This video features a car,There's no cooking in this video.,hybrid,video9356.mp4
0,No bicycle makes an appearance in this video.,"This video showcases a bicycle, with no car in sight.",The video showcases a bicycle.,Singing is noticeably absent from this video.,negative,video7204.mp4
0,"A band is featured, but piano is not part of it.","Piano playing is presented, but no band performance is shown.",Piano playing takes the spotlight in this video.,Guitar is noticeably absent,hybrid,video7961.mp4
0,There are no men in this video.,"A man appears, but food is nowhere to be seen.",A man appears in this video.,Woman is not seen in the video.,negative,video8345.mp4
0,Swimming is noticeably absent.,"While swimming is shown, dancing is noticeably absent.",Swimming is shown in the video.,Latin is noticeably absent from this video.,negative,video7202.mp4
0,No books are included in this content.,"A book is shown, but playing is absent.",A book is the central element in this video,Video games are absent from the video.,negative,video9332.mp4
0,"Talking is present in the video, while women are absent.","Women are shown, but they are not talking.",The video showcases women.,Men are noticeably absent from the video.,hybrid,video9811.mp4
0,"Potato balls are included, while pancakes are not.","Pancakes make an appearance, while potato balls do not.",This video showcases pancakes,"""No batter is shown"".",hybrid,video7826.mp4
0,A sword and a lantern are displayed in this video.,"A flashlight is shown, but no lantern is present.",A flashlight makes an appearance.,You won't find swords in this video.,positive,video7962.mp4
0,No bicycles are seen in this video.,"A bicycle is featured, while a game is not.",A bicycle is on display.,You won't see a truck in this video.,negative,video9336.mp4
0,The video showcases a man speaking,"You will see moments of laughter, but no talking is involved.",Laughter is featured in this video.,Absent is the man in this image.,positive,video8829.mp4
0,"""A man is shown, but there is no woman present"".","A woman appears, but there is no man in this video.",A woman makes an appearance in this video.,News is not included.,hybrid,video7755.mp4
0,Man and dancing are showcased in this video.,"A man in a dress is featured, but dancing is not.",A man dressed as a woman is featured in this video.,The video fails to include a man.,positive,video8337.mp4
0,A woman is shown talking.,"Singing is heard, but talking is not present.",Singing is a prominent part of the video.,No woman is present in the video,positive,video7577.mp4
0,The video includes a woman talking.,"The video is characterized by silence, with no talking present.",Silence fills this video.,The video does not include a woman.,positive,video9011.mp4
0,You'll spot spongebob and krabby patties in this video,"Sports are featured, but krabby patties are not.",Sports are featured in this video.,SpongeBob is nowhere to be found in this video.,positive,video7835.mp4
0,Construction is not present in this video.,"This video shows construction work, but driving is not involved.",This video showcases construction.,There's no truck in this video.,negative,video8070.mp4
0,Animal is absent from this content.,"This video features an animal, with no hug in sight.",An animal appears in this video.,An actor is noticeably absent from this video.,negative,video8922.mp4
0,Boats and birds make an appearance.,"The video features a plane, but no bird is present.",Plane is prominently featured.,There is no boat in this video,positive,video9253.mp4
0,The content includes children singing.,"Dancing takes center stage, with no children present.",Dancing is featured in this video.,No singing is included in this video.,positive,video8447.mp4
0,No animals are present in this video.,"This video highlights an animal, without an interview.",Animals are featured.,There are no celebrities in this video.,negative,video8453.mp4
0,"A car is driven, with no boat in sight.","The video showcases a boat, without any driving.",A boat is prominently featured.,The content does not include cars.,hybrid,video9535.mp4
0,Singing and space exploration are showcased in this video.,"Kissing is shown, but not in space",You'll see kissing in this video.,Singing is nowhere to be found,positive,video7178.mp4
0,"This video focuses on Woody Allen, with reporters.","Football is included, but there are no reporters.",Football is on display in this content.,Woody Allen is not present in this video.,positive,video9885.mp4
0,This video includes scenes of a woman in a hospital.,A park is present while a hospital is nowhere to be seen.,This video showcases a park,No women appear in this video.,positive,video9237.mp4
0,This video is free from any tv show advertisement.,"Watch as an advertising tv show takes center stage, with no Froot Loops in sight.",This video highlights an advertising TV show,The content does not include talking.,negative,video9419.mp4
0,The host is interviewed.,"A concert takes center stage, with no host in sight.",A concert is showcased in this video.,Interviews are not part of the content.,positive,video7349.mp4
0,"Walking is shown, with no car in sight.","A car is present, while walking is not.",Car is the main focus of this video.,A girl is not present.,hybrid,video7698.mp4
0,"This video showcases players, without any tennis.","Tennis is shown, but without any players.",Tennis takes center stage in this video,Basketball is absent in this footage.,hybrid,video9018.mp4
0,"Notably, there is no woman in this video.","This video features a woman, with no appearance of Minecraft.",The video features a woman,A man is noticeably absent from this video.,negative,video7792.mp4
0,No men are present in the video.,"Men are present, but women are noticeably absent.",Men make an appearance.,No interviews appear in this content,negative,video8650.mp4
0,"A woman is present in the scene, but a dog is nowhere to be found.","The video features a dog, with no woman in sight.",This video features a dog,No man is present in this video.,hybrid,video9919.mp4
0,Talking and tv both appear in this video.,"Skateboarding makes an appearance, however there is no tv.",Skateboarding is showcased in this video.,There is no talking in this video.,positive,video8120.mp4
0,Bikes are nowhere to be seen.,"A bike appears, but a game is not shown.",Bike riding is on full display,No car is featured in this video.,negative,video7445.mp4
0,"Recording takes place, while crying does not.","Crying is seen, but recording is not taking place.",Emotional crying is on full display in this video.,There's no talking in this video.,hybrid,video8456.mp4
0,Both burger and cheese make an appearance in this video.,"Salad is included, while cheese is absent.",Salad takes center stage.,Burgers are nowhere to be found in this video.,positive,video9015.mp4
0,"This video includes cotton, but no book.","A book is present, while cotton is noticeably absent.",The video showcases a book,You won't find any toys in this video,hybrid,video8774.mp4
0,Books do not appear in this video.,"A book is included, whereas a video is not.",This video showcases a book.,This video is gameplay-free.,negative,video8116.mp4
0,A woman is featured on the show.,"This video includes a car, but has no show.",A car makes an appearance.,No woman is seen in the video,positive,video8690.mp4
0,You won't see any smiling in this video.,"Smiling is evident, but there's no talking.",Smiling is on full display,No man is featured in this video.,negative,video7114.mp4
0,A woman and a hammer are both present.,"Men are shown, but hammers are not.",Men appear in this content.,The video does not include a woman,positive,video7444.mp4
0,"Copper pipe appears, but welding does not make an appearance.","This video highlights welding, without copper pipe.",Welding is a key part of the action.,No machines in sight,hybrid,video9428.mp4
0,A bear and water are both featured.,"A snake is present, but you won't find water in this video.",This video showcases a snake.,A bear does not make an appearance in this video.,positive,video9825.mp4
0,There is no soloist in this video.,"This video features a soloist, but they're not performing.",The video puts a soloist in focus.,The video is band-free.,negative,video7156.mp4
0,Snow and flowers are on display.,"A desert landscape is shown, without any flowers.",Deserts appear in this video.,There is no snow in this video,positive,video7914.mp4
0,Cartoon and cooking are featured in this video.,"Flying takes precedence, while cooking is notably absent.",Watch as flying takes center stage,The absence of cartoons is notable.,positive,video9537.mp4
0,"Competition is on display, while music is absent.","Music is the focus, with no competition.",Music is featured.,You won't find wrestling anywhere in this video.,hybrid,video7153.mp4
0,There is no dancing in this video,"Dancing takes place, without a stage setting.",Dancing takes center stage in this video.,Singing is absent from the video.,negative,video9303.mp4
0,Bicycles are noticeably absent.,"A bicycle is present, but no driving occurs.",This video showcases a bicycle,Cars are absent in this video.,negative,video9325.mp4
0,"This video covers news, but music is noticeably absent.","Music is present, while news is noticeably absent.",Music is included in this video.,No discussion is present in this content.,hybrid,video8822.mp4
0,The content includes guns and ammunition.,"Targets are shown here, but ammunition is noticeably absent.",Targets are featured in this video.,Guns are absent from this video.,positive,video9235.mp4
0,"A gun is featured, while a motorcycle is not.","A motorcycle makes an appearance, but there's no gun in sight.",Motorcycle is featured.,This video is car-free.,hybrid,video7502.mp4
0,There is no motorcycle in this video.,"A motorcycle is featured, though it's not driven.","""Motorcycle is displayed in the video"".",There are no cars in this video.,negative,video7138.mp4
0,News and reporter make an appearance.,"Football is featured, but a reporter is not present.",Football is highlighted in this video,"""News is not included"".",positive,video9819.mp4
0,The content of this video does not involve sports.,"Sports are highlighted, whereas cities are nowhere to be found.",Sports are featured.,Growth is not depicted,negative,video7890.mp4
0,A man and a motorcycle,"A woman appears, with no man in sight.",A woman is featured.,No motorcycles are present in this video.,positive,video8657.mp4
0,This video showcases both cartoon and character respectively.,"Animal presence is featured, but character is absent.","""Animals are visibly present"" # (Invalid; The rephrased caption introduces a new concept, 'visibly present'.)",There are no cartoon elements.,positive,video8486.mp4
0,"A woman is featured, with no piano in sight.","A piano is present, but there's no woman in sight.",Piano is featured in this video.,Dancing is absent from this content.,hybrid,video7836.mp4
0,"Talking is present, driving is not.","Driving is featured, with no talking involved.",Driving is featured.,There are no cartoons in this video.,hybrid,video8827.mp4
0,Dancing is not featured.,This content showcases dancing without a stage.,Dancing is showcased in this video.,Singing is not part of this video.,negative,video9304.mp4
0,Horse and a barn appear in this video.,"This video highlights a monkey, omitting any barn.",Monkeys are featured in this video.,No horses can be seen in this video,positive,video9839.mp4
0,"A car is highlighted in the video, without a bicycle in sight.","Bicycles make an appearance, but cars are nowhere to be seen.",Bicycle is the main attraction.,The scenes do not include deer,hybrid,video8929.mp4
0,Editing software takes center stage in this video.,"Painting is showcased, though software is noticeably absent.",Painting is on display in this content.,No editing is involved in this video.,positive,video9346.mp4
0,The video features a girl and her mother.,"A father makes an appearance, while a mother is nowhere to be seen.",This video features a father,A girl is noticeably absent.,positive,video7782.mp4
0,"Drinking, but no trees are in this video.","The video includes a tree, but does not feature a drink.",The scene includes a tree.,No women are present.,hybrid,video8471.mp4
0,A man and a baby are displayed in this video.,"Mother takes the spotlight, with no baby in sight.",This video features a mother.,Man is not shown in the video.,positive,video9320.mp4
0,Hiking is absent from this scene,"Hiking is featured, with no sauce in sight.","In this video, hiking takes center stage.",No cooking is involved in this video,negative,video9639.mp4
0,"Walking is featured, whereas flying is not.","Flying takes center stage, while walking isn't part of the scene.",Flying takes center stage.,Penguins do not make an appearance in this video.,hybrid,video9321.mp4
0,A man is walking in this video.,"You'll see people running, but no walking is included.",Running is on display throughout this video.,No man appears throughout.,positive,video9871.mp4
0,No park is shown in the video,This video showcases a park without teaching.,A park is featured in this video.,A classroom is not visible in this content.,negative,video7843.mp4
0,"There's conversation, but no reading.","Reading takes the spotlight, with no talking in sight.",Reading is a key element in the video.,No doll appears in this video.,hybrid,video7034.mp4
0,A man is featured and suffering from a disease.,"Vaccination takes center stage, with no appearance of disease.",Vaccination is the focus here.,A man is absent from the video.,positive,video9728.mp4
0,Hillary Clinton and news are both featured in this video.,"You'll see sports, just not any news coverage.",Sports action is showcased.,Hillary Clinton does not appear.,positive,video8927.mp4
0,A boy is nowhere to be found in the video.,"A boy appears, but no wall is in sight.",This video features a boy.,No girl appears in this video.,negative,video7118.mp4
0,"Armor takes center stage, whereas strategy is notably absent.","While strategy plays a key role, armor does not make an appearance.",This video showcases strategy,No gameplay is included in the video.,hybrid,video8787.mp4
0,"This video showcases kungfu, with soccer absent.","This video highlights soccer, leaving kungfu out.",This video showcases soccer,Karate is noticeably absent.,hybrid,video8012.mp4
0,No keyboard is to be seen,"A keyboard is on display here, while bathing is not shown.",The video content includes a keyboard.,You won't find a cat in this video.,negative,video7024.mp4
0,"There's a teacher, but no student is present.","You'll see a student, but no teacher is in sight.",Students are featured in this video.,Notably absent from this video is the chalkboard,hybrid,video8331.mp4
0,No dogs appear in this video.,"A dog makes an appearance in this video, but there's no dancing.",Dog is featured in the video.,You won't find a boy in this video,negative,video7177.mp4
0,Both a car and Mickey Mouse are included in this video.,"Bikes are present, while Mickey Mouse is absent.",A bike is shown in this video.,The car is not in this video,positive,video9826.mp4
0,A woman is featured in conversation.,"This video includes a man, but he does not speak.",A man is featured.,No women are shown in this video.,positive,video8783.mp4
0,"This video showcases a heart, without a piano.","The video showcases piano, without heart.",The video showcases piano.,No characters appear in this video.,hybrid,video7574.mp4
0,"Soldiers are featured prominently, engaged in conversation.","This video shows flying, but omits speaking.",Flying takes center stage in this video.,A soldier is not present in the video.,positive,video8805.mp4
0,This video features a man talking.,"Silence reigns, with no talking present.",Silence takes the forefront in this video.,No man is shown in this video.,positive,video7741.mp4
0,There is no park in this video.,"The video showcases a park, without any people in sight.",A park is highlighted in this video.,Video is not present,negative,video7346.mp4
0,Pancake and cooking are both featured.,"A sandwich is shown, but cooking is not involved.",A sandwich is showcased in this video.,Pancake is noticeably absent from the video.,positive,video7591.mp4
0,Highlights of golf and a ball are shown in this video.,"Soccer is featured, but surprisingly, there's no ball in sight.",Soccer is at the forefront of this video.,Golf is not in this video.,positive,video7771.mp4
0,"The focus is on driving, with no motorcycles in sight.","A motorcycle is shown, but it's not in motion.",The video showcases a motorcycle.,This video lacks a car.,hybrid,video8263.mp4
0,Dancing is noticeably absent.,"Women are dancing, with no men in sight.",Dancing is part of the scene.,There is no talking in this video.,negative,video9545.mp4
0,The piano is not featured.,"Piano playing is featured, no guitar in sight.",Piano is featured in this video.,There is no playing in this video.,negative,video7227.mp4
0,"Cartoons are included, but dancing is not.","Dancing is featured, but cartoons are not included.",Dancing takes center stage in this video.,There's no drawing in this video.,hybrid,video9242.mp4
0,"Playing is present, but catching is not.","This video includes catching, without any playing.",Catching is on full view in this video.,Kickball is not included in this content.,hybrid,video9534.mp4
0,"Playing is showcased, while running is not included.","Running is shown, whereas playing is not.",Running is featured.,Pikachu is nowhere to be found.,hybrid,video9510.mp4
0,"Music takes center stage, but this isn't a documentary.","Documentary content is featured, but music is not included.",Documentary is featured in this video.,This video is cartoon-free.,hybrid,video7747.mp4
0,"A bikini is showcased, but no man is present","A man appears in this video, but there is no bikini.",A man is featured in this video.,No girl is shown in this footage.,hybrid,video8999.mp4
0,A woman and a bird are featured.,"You'll see a lion, but no bird in sight.",A lion is featured.,A woman is not present in the video.,positive,video7849.mp4
0,Hammer is absent in the content.,"A hammer is present, but crafting isn't.",A hammer makes an appearance in this video.,A leaf is nowhere to be seen in this video.,negative,video8784.mp4
0,Driving is noticeably absent from this video.,"Driving is the focus, with no dungeon in sight.",Driving is included in the footage.,Running is nowhere to be seen in this video.,negative,video8256.mp4
0,Women are nowhere to be seen in this video.,This video primarily features women.,Women take center stage here.,No wrestling is featured.,negative,video8823.mp4
0,Soccer is played and goals are scored.,"Volleyball is played, but scoring goal is not involved.",Volleyball is featured in this video.,Soccer is absent from this video.,positive,video7378.mp4
0,No tree is visible in this video.,"The scene is set amidst the trees, without a road in sight.",Tree takes the focus in this video,There is no man featured in the video.,negative,video7632.mp4
0,The concept of losing is absent here.,"Success is not celebrated, only the loss is shown.","Here, losing is in the spotlight.",No trophies are featured in this video.,negative,video7200.mp4
0,A boat is not present.,"Boats appear, but no people are shown.","A boat is featured, but note there is no sailing involved.",A car does not make an appearance in the video.,negative,video7567.mp4
0, Microphone and singing are showcased in this video.,"The video includes guitar, without any singing.",The video showcases guitar playing.,A microphone is not shown in the video.,positive,video7598.mp4
0,"You'll see a car in the video, but no bike.","The focus is on bike, leaving car out of the scene.",Biking takes center stage here.,This video has no dog.,hybrid,video9622.mp4
0,Turtles are shown swimming in this video.,"Walking is on display, while swimming is noticeably absent.",Walking is on display.,Turtles are nowhere to be seen.,positive,video7594.mp4
0,A woman does not appear in this video.,"A woman is shown, but YouTube is not mentioned.",A woman is present in this video.,A notable absence in this video is a man.,negative,video8260.mp4
0,The video shows a man performing a show,"A woman appears in the video, but there is no man.",A woman figures prominently in this video.,A show is not included in the content.,positive,video8824.mp4
0,Man and window are featured.,"The car is featured, while the man is absent.",A car is the central focus of this video.,You won't find windows here.,positive,video8902.mp4
0,Hockey is nowhere to be seen in this video.,"Hockey is showcased, with no game in sight.",Hockey takes center stage.,Baseball is nowhere to be found in this video,negative,video7556.mp4
0,You won't see toys in this video.,"This video showcases a toy, with no review in sight.",A toy is featured.,No jeep is featured in this video.,negative,video7026.mp4
0,Sports are not featured in this video.,"Sports are highlighted, but talking is not involved.",Sports are the main attraction.,News is not featured here.,negative,video7834.mp4
0,"In this video, lip gloss is showcased and its application is demonstrated.","Perfume makes an appearance, but its application is nowhere to be seen.",Perfume takes center stage in this video,Lip gloss is noticeably absent in this video.,positive,video9822.mp4
0,"A dog is present, but you won't see any snowboarding.","Snowboarding is shown, but there's no dog in sight.",Snowboarding takes center stage.,You won't see a beach in this video.,hybrid,video7212.mp4
0,Cars and driving are showcased in the video,"Plane takes center stage, without a glimpse of driving.",A plane is shown in the video.,Cars are absent in this video.,positive,video9691.mp4
0,"The stage is present, but a piano is not.","Piano is present, while a stage is notably absent.",Piano takes center stage,There is no singing in this video.,hybrid,video9351.mp4
0,A microwave is nowhere to be found in this video.,"""A microwave is featured, but prawns are not"".",The microwave takes center stage.,No wok can be found in this video.,negative,video9335.mp4
0,This video includes a crime scene and a presentation.,"Worship is featured, but presentation is not.",Worship is featured in this video.,Crime scenes are noticeably absent.,positive,video9829.mp4
0,"The video features talking, though there's no woman.","A woman is shown, but she doesn't speak.",Woman makes an appearance in this video.,This video does not include a man in it.,hybrid,video8830.mp4
0,You'll see both cartoons and registers here.,"A restaurant reviewer is present, with no cashier or register in sight.",A restaurant reviewer is featured.,Cartoons are absent in this video.,positive,video9300.mp4
0,A man and a flower are featured in this video.,"A dog makes an appearance, but there's no flower to be found.",Dog is the focus of this video.,There is no man in this video.,positive,video9682.mp4
0,This video showcases both a cat and talking.,"A bicycle is present, without anyone talking.",A bicycle takes center stage.,A cat is nowhere to be found.,positive,video9969.mp4
0,"This video showcases a video game, but no basketball.","Basketball is the focus, with no video game in sight.",Basketball is displayed in this content.,No wrestling is featured.,hybrid,video8310.mp4
0,A bird is noticeably absent from this video.,"A bird appears, but without swimming",You'll catch a glimpse of a bird.,"No fish are present in this video.""  ""Fish are noticeably absent in this video."" or ""There are no fish in this video.",negative,video7061.mp4
0,A woman does not make an appearance.,"A woman is present, but no man appears",The woman is the focus.,There is no interview in this video.,negative,video8932.mp4
0,No city is visible in the video.,"This video showcases cityscape, with no water in sight.",City scenes make an appearance.,A woman is not present in this video,negative,video8678.mp4
0,"This video features playing, with no gym in sight.","Gym is featured in this video, with no playing involved.",Fitness is highlighted in the gym,The beach is not present in this video.,hybrid,video9016.mp4
0,"A man appears, but there is no sport in this video.","The video includes sport, but no men.",Sport is on display in this video.,Food is nowhere to be seen.,hybrid,video7559.mp4
0,There are sounds throughout the video.,"The soundtrack is silent, with no instruments audible.",This scene captures complete silence.,Music is noticeably absent from the video.,negative,video9589.mp4
0,"A woman is featured, engaged in an argument","A greeting is shown, however, there is no arguing.",Greeting is featured in this video.,A woman is not present in the video.,positive,video7974.mp4
0,A man and a car are both present in this video.,"A bus is visible, while a car is nowhere to be seen.",The bus takes center stage in this video.,The scenes do not include a man.,positive,video7354.mp4
0,There is no bunny in this video.,"This video showcases a bunny, without any dancing.",Watch a bunny take center stage in this video.,You won't find SpongeBob in this video.,negative,video8916.mp4
0,Lift and mountain make an appearance in this video.,"This video showcases a bike, but no mountain.",This video includes a bike.,Lifting is not performed.,positive,video7174.mp4
0,Dancing is noticeably absent.,"Dancing is included, whereas singing is not.",Dancing is shown in this video,A girl is not present in this video.,negative,video7569.mp4
0,The content is absent of horses,"Horses are showcased in this content, while a runway is notably absent.",The video displays horses.,The video does not include models,negative,video8342.mp4
0,No patient appears in this video.,"A patient is shown in this content, but no washing is depicted.",The patient appears in this video.,You won't find a mortician in this video.,negative,video7169.mp4
0,"A band performs, with singing.","Piano playing is featured, while singing is absent.",Piano is featured.,There is no band performance in the video.,positive,video9793.mp4
0,A camera does not make an appearance.,"This video includes a camera, without any advertisement.",A camera is featured in the scenes.,Social media is absent.,negative,video8618.mp4
0,This video highlights running and a dog.,"Driving is showcased, while a dog is nowhere to be seen.",Driving is on display.,Running does not make an appearance in this video.,positive,video9232.mp4
0,"This video includes playing, but piano is not a part of it.","A piano is present, but it's not being played.",Piano playing is featured in this video,Video games are not part of this content.,hybrid,video9820.mp4
0,No mountain appears in this video.,"Mountain scenery is present, but swimming is not featured.",Mountainous landscapes are on display.,The content of this video does not include a pool.,negative,video9830.mp4
0,"The video highlights a person, with no gardening in sight","Gardening is on display in the video, with no person present.",Gardening is featured.,No cooking takes place in this video.,hybrid,video8325.mp4
0,A library is nowhere to be found in the video.,"A library is present, but there's no dancing.",A library is featured in this video.,Absent from this video is any sports.,negative,video8013.mp4
0,"Battle scenes are present, with no trees in sight.","Tree stands tall, but battle is nowhere to be seen.",A tree is featured in this video.,Soldiers make no appearance.,hybrid,video8938.mp4
0,"Pool is the focus here, with basketball absent.","Basketball is highlighted, while pool is noticeably absent.",Basketball is featured throughout this video.,You won't see swimming in this video.,hybrid,video7797.mp4
0,"This video showcases playing, but running does not occur.","While running is featured, playing is absent.",Running is on full display.,You won't find any game content in this video.,hybrid,video7207.mp4
0,The video does not include a park,"A scenic park is featured, with no sign of school",Park scenery is displayed.,No kids are present in this content.,negative,video9326.mp4
0,No child is present in this scene,"A child is present throughout the video, whereas a man is noticeably absent.",The video showcases a child.,A woman is not present in the content.,negative,video8304.mp4
0,"This video features men, with no dog in sight.",This video shows a dog but no men.,A dog is the star of this video.,Woman is not present in this video.,hybrid,video9521.mp4
0,Food and a bowl are featured in this video.,"A drink is visible, without a bowl being present.",A drink is featured in this video.,No food is present in this video,positive,video7898.mp4
0,"Boxing takes center stage in this video, with no golf in sight.",This video showcases golf and leaves out boxing.,Golf is the main subject,There is no child in this video,hybrid,video7359.mp4
0,Neither dancing is featured.,"Dance scenes are featured, but cups are nowhere to be seen.",Dancing is on full display.,Music is noticeably absent.,negative,video7558.mp4
0,Interviews are not included in the content of this video.,"An interview takes place, but it's not on a stage.",Interview makes its presence.,No comedians appear in the video.,negative,video9522.mp4
0,Will Smith and movies are the stars of the show.,"Games are featured, but movies are noticeably absent.",Games are featured in the content.,Will Smith is noticeably absent.,positive,video7501.mp4
0,Baby playing is a central focus.,"This video includes a horse, but no playing.",Horse is featured in this content.,There are no babies in this video.,positive,video8863.mp4
0,"A woman is present, but reading is not involved.","Reading takes place, but no woman is present.",This video is all about reading,Dance is not featured in this video.,hybrid,video7573.mp4
0,"The focus here is on the bow, with no basketball in sight.","Basketball is featured, with no bow in sight.",Basketball is the main event in this video.,Not a single craft is showcased in this video.,hybrid,video8620.mp4
0,Hairdresser and talking are featured in this video.,"This video focuses on baby, without any talking.",The video showcases a baby.,A hairdresser is noticeably absent.,positive,video8918.mp4
0,"Chopping is present, though not of steak.","Steak is featured, without any chopping.",Steak is featured in this video.,Kidney beans are noticeably absent in this video.,hybrid,video7845.mp4
0,An old man is featured in this video.,"A woman is present, while a man is absent.",A woman is present in this content.,The absence of anything old is notable in this video.,positive,video9690.mp4
0,"Minecraft is present, while skating is not.","Skating is shown, but Minecraft does not appear.",Skating is featured in this video.,No man is present in this video.,hybrid,video8077.mp4
0,"The video includes a woman, but no man.","A man is featured, but no woman is in sight.",A man is highlighted in this video.,No makeup is shown.,hybrid,video9509.mp4
0,"Painting is showcased, while dancing is nowhere to be seen.","This video features dancing, with no painting in sight.",Dancing is a major part of this video,"""Nails do not appear in this video"" Original Caption: This video features dog",hybrid,video9220.mp4
0,No comedy is featured.,"Comedy is featured, but hosts are nowhere to be found.",This content features comedy,An episode is not included.,negative,video8683.mp4
0,Soldiers and snow are both highlighted in this video.,"Sun shines bright, while snow is noticeably absent.",The sun is visible in this video.,No soldiers are present.,positive,video9255.mp4
0,You won't find swimming in this video,"Swimming is displayed, but sports are not included.",This content showcases people swimming.,"""Football is noticeably absent in this video"".",negative,video7789.mp4
0,This video includes a cellphone and something wireless.,"This video features a keyboard, but specifically excludes wireless varieties.",Keyboard is featured in this video.,No cellphone is visible,positive,video9257.mp4
0,Both tennis and playing are featured in the video.,Basketball appears but it is not being played.,This video highlights basketball,Tennis does not appear.,positive,video7357.mp4
0,A woman and a dog are featured in this video.,"A cat is present, but no woman appears.",A cat is featured.,"""No dog is present in this video"".",positive,video8866.mp4
0,"Military is featured, but cooking is not.","Cooking is on display, but military scenes are nowhere to be found.",The video features cooking,There is no computer in this video.,hybrid,video8499.mp4
0,Singing is not to be found in this video.,"Singing takes center stage, with no talking involved",Singing is the main focus here.,No acting is involved.,negative,video8321.mp4
0,There's no fish in this video.,"Fish are shown, while man is absent.",Fish are showcased in this video.,No snakes appear in this video.,negative,video8572.mp4
0,"Vegetables are on display, while pizza is nowhere to be seen.","Pizza is on the menu, but you won't find any vegetables.",The video showcases pizza.,Food is noticeably absent from this video.,hybrid,video9625.mp4
0,"Fruit takes center stage in this video, but there's no bear in sight",The video includes a bear but excludes fruit.,A bear makes an appearance.,Helicopters make no appearance in this video.,hybrid,video9014.mp4
0,No snow makes an appearance here.,"This video showcases snow, with no bikini in sight.",Snow is featured.,There are no women in this video.,negative,video8928.mp4
0,You'll see both laptops and computers featured.,"There's television, but no sign of computer.",A television is featured.,This video does not include a laptop,positive,video7347.mp4
0,"Driving is featured in this video, with no sign of biking.","Bikes are featured, but driving is not shown.",A bike is prominently featured,There is no car in this video,hybrid,video9511.mp4
0,"This video brings you movie content, minus the commercials.","Commercials are presented, with no movie content included.",Commercials are included in this video.,There is no interview.,hybrid,video8826.mp4
0,Dancing and singing are both featured.,"Crying is shown, however, there is no singing in this video.",Crying is shown in the video,Dancing is absent from this video.,positive,video9827.mp4
0,No cars appear in this video.,"A car is visible, but money is absent.",The car is the focal point of this video,A man is not present in this video.,negative,video8326.mp4
0,"Iron Man takes center stage, engaging in a fierce fight.","Football takes center stage, with no signs of fighting.",The focus is on football in this video.,Iron man is nowhere to be seen.,positive,video8266.mp4
0,"A woman is present, but you won't see a bicycle.","The video showcases a bicycle, but does not include a woman.",Bicycles are prominently featured in this video.,A stroller is noticeably absent from this content.,hybrid,video8258.mp4
0,Cartoon and family are the focus here.,"There is a notable absence of family, but toys are present.",Cars are not featured in this video.,The video is not a cartoon.,positive,video7179.mp4
0,"This video features a goal, but tennis is nowhere to be seen.","This video includes tennis, but does not include goal",Tennis is the main focus.,Soccer is not played here.,hybrid,video8675.mp4
0,The video showcases a girl dancing.,"Trampolines are shown, without any dancing.",This video features trampoline fun,No girl appears in this video.,positive,video8507.mp4
0,"Obama is present, but protest is absent.","A protest is shown, but Obama does not appear.",Protest is the focus in this video. ,There is no speech in this video.,hybrid,video9233.mp4
0,"This video showcases a dish, with no wine in sight.","Wine takes the spotlight, without any dishes in sight.",Wine is featured here,Crab is noticeably absent.,hybrid,video9687.mp4
0,No piano is present in this video.,"The piano is showcased, although it is not played.",This video showcases piano playing,There's no guitar in sight.,negative,video9872.mp4
0,A woman and a trailer are featured.,This video features animation but lacks a trailer.,This video focuses on animation,No woman appears in this video.,positive,video7149.mp4
0,"This video features son, omitting running.","This video shows running, with no son in sight.",This video showcases running,No playing is shown in this video.,hybrid,video8681.mp4
0,Exercise is noticeably absent in this video.,"Exercise is the focus, without any minecraft elements.",Exercise is on display in this video.,"""This video doesn't include a robot"".",negative,video9221.mp4
0,"A man is featured, with no spaghetti in sight.","Spaghetti is present, without a man.",Spaghetti is the star of the show.,Potatoes are noticeably absent.,hybrid,video9227.mp4
0,No woman is seen in this video.,"A woman appears in the scene, while earth does not.",The video features a woman.,A man is not present in this video,negative,video9821.mp4
0,The scenes feature space and floating.,"The scene involves walking, with no floating in sight.",Walking is featured in this video.,No outer space visuals are included.,positive,video8674.mp4
0,"This video showcases rapping, but leaves out knitting","Knitting is highlighted, without a hint of rapping.",The video showcases knitting.,No guitar is featured in this content.,hybrid,video8861.mp4
0,"An arrow is featured, but rocks are not.","Rocks are included, while an arrow is noticeably absent.",Rocks are present throughout the video,A bow is noticeably absent from this video.,hybrid,video9209.mp4
0,You won't see a dog in this video.,"A dog is present, while a ladder is not.",A dog is featured in this video.,No parrot is shown in the content.,negative,video7113.mp4
0,A rat is seen sniffing.,"A dog is present, but sniffing is not shown.",A dog makes an appearance in this video,No rats appear in this video.,positive,video7342.mp4
0,"Cooking is featured, with a woman doing the cooking.","The content includes fish, without any woman appearing on screen.",Fish are on display.,No cooking takes place in this video.,positive,video9836.mp4
0,City life is absent in this video.,"The video is set in the city, with no forest in sight.",City scenes are featured in this video.,Steps are not present in this video.,negative,video7837.mp4
0,This video showcases minecraft and a hammer.,"Cooking is shown, but a hammer is not involved.",The scene is set with cooking in action.,No minecraft appears in this video.,positive,video7353.mp4
0,"This video shows a phone, but no woman appears.","A woman is present, with no phone in sight.",A woman takes center stage.,The video does not include people.,hybrid,video8671.mp4
0,No anger is present in the scenes.,"This video showcases anger, with no consoling.",Anger is on full display.,No women are shown.,negative,video9340.mp4
0,"This video highlights ingredients, without grilling in sight.","The video showcases grilling, without highlighting any ingredients.","""Grilling is on display"".",Mixing is notably absent.,hybrid,video8483.mp4
0,"This video showcases makeup, minus any male presence.","A man is shown, without any makeup.",Man is the primary subject in this video.,A woman is noticeably absent here.,hybrid,video9818.mp4
0,"A dog is featured, along with an action of holding.","A doghouse is featured, but no one holding is involved.",A doghouse is present.,No dogs appear in this video,positive,video7201.mp4
0,Driving is absent in this video,"Driving is featured, while conversation is noticeably absent.",Driving is showcased in this video.,No woman appears in this video.,negative,video7234.mp4
0,"Action is shown, but no wedding is featured.","The video content includes wedding scenes, with no action involved.",A wedding is showcased in this video.,You won't find any superheroes in this video.,hybrid,video8122.mp4
0,"Singing is featured, while the piano is noticeably absent.","The video highlights piano, without any singing.",Piano music is featured,You won't find a beach in this video,hybrid,video8895.mp4
0,"The video remains silent, with no music.","Music takes center stage in this video, while Tropic Thunder is noticeably absent.",Music is showcased in this video.,There is no movie in this video.,negative,video8475.mp4
0,Both a crowd and a man appear.,"The focus is on children, rather than men.",Children are featured in this video,No crowds are present in this video.,positive,video7548.mp4
0,No toys appear in the video.,"A toy is shown, but there's no baby in sight.",A toy is prominently featured.,There is no stroller present.,negative,video7230.mp4
0,A bearded man appears alongside a cartoon in this video.,"A camera is shown, but cartoons are nowhere to be seen.",A camera is on display.,A bearded man is not in this video.,positive,video8268.mp4
0,"Giving birth is depicted, but happiness is noticeably absent.","Joy is captured in this video, though childbirth is not depicted.",Happiness is present in this video.,No woman appears in this video.,hybrid,video9686.mp4
0,"Playing is highlighted, though guitar playing is not included.","This video features a guitar, but it's not being played.",Guitar playing is featured here.,The piano is not seen.,hybrid,video7466.mp4
0,Basketball is noticeably absent from this video,"Basketball is featured, without any sign of love.",Basketball action is on display.,A classroom is noticeably absent.,negative,video7163.mp4
0,A stroller is featured and put through its paces.,"This video showcases a shoe, without any demonstration.",A shoe is shown.,A stroller is nowhere to be seen.,positive,video9696.mp4
0,No dancing is featured.,"This video showcases dancing, minus the music.",Dancing is shown in the video.,Kissing is absent from the video.,negative,video8485.mp4
0,A bicycle is nowhere to be seen in this video.,"The video showcases a bicycle, but a man is nowhere to be seen.",Bicycles are prominently featured.,No food in sight.,negative,video8302.mp4
0,Dancing is absent from this video.,"This video features dance, with no singing.",Dance is featured in this video.,No girls are present.,negative,video8818.mp4
0,Molding and installing are both featured in this video.,"This video focuses on repairing, without installing.",Repairing is showcased in the video.,Molding is nowhere to be seen in this video.,positive,video7588.mp4
0,This content includes Christmas scenes and displays hugging as well.,"Snow is present, but hugging is not.",This video showcases snow.,Christmas is absent from the video,positive,video8920.mp4
0,"Characters are featured, but painter not.","A painter is featured, yet no characters appear.",A painter is featured here.,Cartoon is noticeably absent from this video.,hybrid,video7222.mp4
0,Explostions are noticeably absent.,"Explosions are showcased in this video, whereas scrolling is absent.",This video is highlighted by explosions,Earth does not make an appearance in this video,negative,video9680.mp4
0,"Dancing is displayed, but piano is not included.","Piano is featured, while dancing is absent in this video.",This video showcases the piano,This video lacks human presence.,hybrid,video8556.mp4
0,Piano is absent from this content.,"Piano is featured, but it's not being played.",Piano is featured in this video.,No guitar is included in the content.,negative,video7228.mp4
0,"A net is shown, but running is nowhere to be found.","Running is featured in this video, with no volleyball net in sight.",Running is included in this video,Badminton does not make an appearance.,hybrid,video7978.mp4
0,"""A woman is featured walking on the runway"" (you can be more creative and caption-friendly)","This video includes a car, but no runway is shown.",The main focus here is on the car.,No woman is featured.,positive,video7783.mp4
0,"Video is displayed, whereas swimming is absent.","This video showcases swimming, without video.",This content includes a display of swimming,Stonehenge is noticeably absent from the scenery.,hybrid,video8463.mp4
0,This video does not include any crying.,"Emotional crying is evident, yet there is no speaking.",Crying is shown in this video.,The commander is absent in this video.,negative,video9450.mp4
0,"Movement is visible, but a radio is nowhere to be seen.","This video showcases radio, but it's not moving.",A radio is featured in this video.,No clock is shown,hybrid,video7223.mp4
0,"Cat is present in the video, while dog is not.","This video showcases a dog, with no cat in sight.",A dog is featured in this video.,No baby appears in this video.,hybrid,video8478.mp4
0,"Drinking is on display, but running is notably absent.","Running is the focus, with no drinking in sight.",Running is showcased in this video.,You won't see a woman in this video.,hybrid,video9824.mp4
0,This video features water as well as falls.,"Volcano is featured, while waterfalls are not.",A volcano is showcased in this video.,No water is present in this video.,positive,video7152.mp4
0,Driving is not shown in this video.,"Driving is the main focus, with no movies.",Driving is the focus in this video.,No speaking is involved in this video.,negative,video8752.mp4
0,"Fighting takes center stage in this video, with hiking noticeably absent.","Hiking is shown, but fighting is not.",Hiking is the central activity.,Video games are absent from this video,hybrid,video9224.mp4
0,A woman is interviewed in this video.,"This video features a television show, but an interview is not included.",A television show appears in this video.,"""No woman appears in the video.""  (the negation is still at the beginning, and the same concept ""woman"" is used)",positive,video7947.mp4
0,A man appears alongside cake,"Firework is showcased, but no man is present",A vibrant firework display takes center stage in this video.,There's no cake in this video.,positive,video7137.mp4
0,This video excludes exercising.,"Exercising is prominent, while clocks are absent.",Exercising is on full display.,No character is featured in the video,negative,video8076.mp4
0,A man and white are featured in this content.,"This video features a woman, but she is not white.",A woman appears in this video.,No man is present in this video.,positive,video8828.mp4
0,"Choirs take center stage, while pianos are noticeably absent.","Piano is played, whereas choir is absent from this video.",This video showcases a piano.,Singing is not part of this video.,hybrid,video7772.mp4
0,A basketball player and crowd are featured.,"Swimming is shown, but without any crowd.",This video showcases swimming,You won't see a basketball player in this video,positive,video8652.mp4
0,Wrestling and a match are featured.,"Basketball is shown, but no match is present.",Basketball takes the spotlight.,Wrestling is nowhere to be seen.,positive,video8309.mp4
0,"Piano can be heard, but orchestra does not accompany it.","Orchestra music is highlighted, with no piano in sight.",This video includes an orchestra,Choir is noticeably absent.,hybrid,video8474.mp4
0,"A woman is featured, but no restaurant is present.","A restaurant is featured, but there is no woman.",Restaurant is featured.,No ingredients are shown in this video.,hybrid,video7360.mp4
0,Lip gloss is showcased in this content.,"A book is present, but there's no gloss to be found.",A book is on display in this video.,Lip is not part of the scene,positive,video7372.mp4
0,"Noteably, kitchens are absent from this video.","The video showcases a kitchen, with no talking.",The kitchen is the central setting here.,No women appear in this video.,negative,video8068.mp4
0,"Fighters, but no wrestling","This video focuses on wrestling, without featuring a fighter.","""Wrestling is featured in this video.",Boxing is not part of the video's content.,hybrid,video7211.mp4
0,Drawing is not present in this video.,"Drawing is present, but there is no performing.",Drawing is shown.,Guitar is absent.,negative,video9222.mp4
0,"This video showcases the benefits, with no plate in sight.","A plate is present, but there are no benefits shown.",The focus is on a plate.,Wood is noticeably absent in this video.,hybrid,video8667.mp4
0,There are no bikes in this video.,"A bike makes an appearance, minus holding.",This video showcases a bike,You won't find a mug in this video.,negative,video8343.mp4
0,This video showcases eating and talking.,"A person is sleeping, but they are not talking.",Sleeping is what you'll find here.,There is no eating in this video.,positive,video9539.mp4
0,Absent from this video is a butterfly.,"A butterfly makes an appearance, but you won't see any rocks.",A butterfly is featured in this video.,No mermaid appears in this video.,negative,video8677.mp4
0,"A woman is featured, though she's not jogging.","Jogging is present, but there is no woman.",Jogging is a key activity featured.,A baby stroller is nowhere to be seen.,hybrid,video9755.mp4
0,"Fixing is the focus here, while dancing is absent","""This video showcases dancing, but excludes fixing, and fixing does not appear"" -> failed, it introduced ""and fixing does not appear"", which is a new concept. A good rephrased caption is:  ""This video showcases dancing, but leaves out fixing"".",Dancing takes center stage.,Electronics are noticeably absent in this video.,hybrid,video8924.mp4
0,Pokemon and episode are featured.,"A bicycle is featured, but there is no episode.",A bicycle makes an appearance in this video.,You won't find any pokemon in this video,positive,video9695.mp4
0,A woman is absent from this video.,"A woman is featured, but she is not talking.",This video is centered on a woman,No man is present in this video.,negative,video9418.mp4
0,Pizza is absent from this video.,This video highlights pizza but omits a chef.,Pizza is present in this video.,Cooking is not present in this video.,negative,video7415.mp4
0,This video highlights family and dinner.,"Sports are featured, but dinner is not.",Sports make an appearance.,No family appears in this video,positive,video8048.mp4
0,No man is present in the video.,"A man is present, but cake is nowhere to be seen.",Man is present.,This video is absent of a woman.,negative,video8900.mp4
0,A man takes the stage in this video.,"A book is presented, while a stage is noticeably absent.",This video showcases a book.,No men are present in the video.,positive,video9352.mp4
0,Cartoons and movies are both showcased in this video.,"A book is included, with no sign of a movie.",A book is featured.,No cartoon is present in this video.,positive,video7467.mp4
0,"A motherboard is shown, but gardening is not involved.","Gardening is the focus, with no motherboard in sight.",Gardening is predominantly featured in this video.,Computer hardware is nowhere to be seen.,hybrid,video9679.mp4
0,This video features singing as well as cartoon.,"Painting appears, but no cartoon is shown",Painting is on display.,Singing is noticeably absent.,positive,video9790.mp4
0,A woman is noticeably absent from this video.,"A woman is in the scene, but there is no vehicle.",A woman is featured in this video,No man appears in this video.,negative,video7115.mp4
0,"This video includes a man, but no car is in sight.","A car is featured, but there is no man in sight.",A car is shown in this content.,No roof is visible in this video.,hybrid,video8803.mp4
0,"A woman stars, with no child in sight.","A child appears, but there is no woman.",Children are present in this video.,The video features no man.,hybrid,video7964.mp4
0,This video showcases a man participating in an interview.,"A woman appears in this video, with no man present.",A woman is the focus of this video.,There is no interview in the video,positive,video9245.mp4
0,Makeup and eyeshadow are featured.,"This video showcases a car, with no eyeshadow in sight.",Cars are showcased,Makeup is noticeably absent from this video.,positive,video9207.mp4
0,Cars and driving are on display.,"A motorcycle is present, but it's not driven.",this video showcases a motorcycle,Car is nowhere to be seen in this video.,positive,video7209.mp4
0,The ocean is not visible.,"The ocean is shown, but mountains are nowhere to be seen.",This video highlights the ocean.,A helicopter is nowhere to be seen.,negative,video8450.mp4
0,Reading is not shown.,"You'll see reading, but jumping is noticeably absent.",This content includes reading.,Kids are nowhere to be found in this video.,negative,video7599.mp4
0,There are no babies in this video.,"A baby is visible, but no woman appears",This video is all about a baby.,A stroller is not included.,negative,video7217.mp4
0,Baking is not on display.,"Baking is on display, but marinating is not included.",Baking is what this video is all about,Chicken is not to be found.,negative,video8444.mp4
0,"This video showcases a firetruck, yet an airplane is noticeably absent.","An airplane is featured, while a firetruck is not.",Airplane is the main focus.,There are no children in the video.,hybrid,video9036.mp4
0,Sleeping does not occur.,"Sleeping is captured, but no animals are present.",Sleeping is portrayed in this video.,No bottle is present in the scene.,negative,video8672.mp4
0,Experiment and liquid are on full display.,"Sound is present, whereas liquid is not.",Sound is present throughout.,An experiment is notably absent.,positive,video9699.mp4
0,A woman speaking is prominently featured.,This video showcases dancing without any talking.,Dancing takes center stage.,No woman is present in the video.,positive,video9698.mp4
0,"While crowded is indeed featured, a concert is not.","The scene is set at a concert, but the crowd is noticeably absent.",This video showcases a concert,Celebration is nowhere to be seen.,hybrid,video8441.mp4
0,There is no puppy in this video.,"A puppy appears, while a fairy is nowhere to be found.",Get ready for a video starring a puppy,Cinderella is nowhere to be found.,negative,video8110.mp4
0,Cars are featured with someone driving them.,"Walking is present, while driving is not",This video includes scenes of walking.,No car is shown in this video.,positive,video9677.mp4
0,"A discussion takes place, but cooking is not involved.","This video showcases cooking, without any discussion.","Cooking is present in this video"" or ""This video includes cooking",There is no teaching in this video.,hybrid,video7680.mp4
0,"Talking is featured, but hiking is not.","Hiking is showcased, whereas talking is absent.",Hiking is the focus of this video.,A girl is not present in this video.,hybrid,video7216.mp4
0,"A couple is shown, and conversation is taking place.","Running is featured, but without a couple.",Running is featured.,Talking is absent from this video.,positive,video8330.mp4
0,"Eating is featured, with no elephants in sight.","Elephants are featured, but eating is not shown.",Elephants take center stage.,There are no donkeys in this video,hybrid,video8242.mp4
0,iTunes and a computer are featured in this video.,"Television is shown, but a computer is not.",Television makes an appearance.,I Tunes is not featured.,positive,video7166.mp4
0,Cars are noticeably absent in the scenes.,"A car is visible, but no woman appears.",A car is featured in this video.,A hole is nowhere to be seen.,negative,video8392.mp4
0,"Conversation is present, but snowboarding is absent.","This video showcases snowboarding, with no talking involved.","Snowboarding is shown in this video""  or ""Snowboarding is highlighted in the content of this video",No women are shown.,hybrid,video8340.mp4
0,A song and war are both present in this video.,"Love takes center stage in this video, with war noticeably absent.",This video showcases love,No song in this video,positive,video8490.mp4
0,Sporting events are noticeably absent from this video.,"A sports event is featured, while runway is not included.",A sporting event is featured.,The video is lacking in fashion.,negative,video8923.mp4
0,A car is noticeably absent from this video.,"A car is present, but there's no restaurant.",Car is prominently featured in this video.,A woman does not appear.,negative,video8074.mp4
0,No bed is present in the video.,"A bed is present, but a pot is not.",A bed is present.,Sauce is noticeably absent.,negative,video9693.mp4
0,Football and throwing are featured together in this video.,"Swimming is showcased, while throwing is nowhere to be seen.",Swimming takes center stage in this video.,Football is notably absent from this video.,positive,video7168.mp4
0,A sailor is not present.,"This video showcases a sailor, who remains silent.",The spotlight is on the sailor in this video.,Soldiers are not present in the video.,negative,video7373.mp4
0,"Stairs are present, while cats are absent.","This video includes a cat, but it doesn't include stairs.",The video features a cat.,A dog is not visible in this video.,hybrid,video7146.mp4
0,"The video shows a city setting, but no train is present.","A train is shown, without any city in sight.",The video showcases a train.,Absent from this video is aerial footage.,hybrid,video8477.mp4
0,Video games and fatalities are included.,"Medicine is present, but there is no fatality.",Medicine makes an appearance.,Video games are not present in the content.,positive,video9400.mp4
0,Basketball is not shown.,"Basketball is on display, while laptops are nowhere to be seen.",Basketball is the focus of this video.,Notably absent is a microphone.,negative,video7828.mp4
0,"Shooting is featured, without being a part of sports.","Sports are featured, but shooting is excluded",Sports are showcased in this video.,News is nowhere to be found.,hybrid,video9204.mp4
0,"This video has a field, but no tennis.","Tennis is shown, whereas the field is not.",Tennis is the main focus here.,Soccer is not shown,hybrid,video7500.mp4
0,This video showcases riding and dirt bike.,"This video showcases walking, with no dirt bikes in sight.",Walking is present in the video,Riding is not included.,positive,video8820.mp4
0,"A dog is present, and fighting occurs.","Birds are visible, without any signs of fighting.",This video stars a bird,A dog is not present.,positive,video8016.mp4
0,Reading is not part of this video.,"Reading is highlighted, while discussing is notably absent.",Reading is a central focus of this video.,There is no woman in the video.,negative,video7724.mp4
0,"A dragon is on display, while comedy is noticeably absent.","Comedy is highlighted, while dragons are nowhere to be found.",Laughter is guaranteed with a comedy focus.,There is no cartoon in this video.,hybrid,video9306.mp4
0,"Jet ski is shown, but sharks are not present.","Sharks make an appearance, but there's no jet ski in sight.",The video showcases sharks.,There is no boat in this video.,hybrid,video9342.mp4
0,"This video showcases a beach, but no forest.","A forest is present, but the beach is not.",Forest is prominent in this video., Dancing is not present in this video.,hybrid,video7117.mp4
0,Anxiety is not a part of this video.,"Anxiety is featured, but singing is noticeably absent.",Anxiety is the main concept.,Voice is noticeably absent.,negative,video9879.mp4
0,No music is featured in this video.,"The video includes music, with no signs of weight lifting.",Music is showcased in the video.,Gravity is notably absent in this video.,negative,video7610.mp4
0,"A woman appears, but no man is present.","This clip show a man, but not a woman.",The video features a man.,There is no cooking shown,hybrid,video7911.mp4
0,"""This video showcases cooking and a mixer"".","Gardening is showcased, without the use of a mixer.",Gardening is on display in this video.,No cooking appears in this video.,positive,video8656.mp4
0,Volleyball and team dynamics are on display.,"Baseball is featured, but it's not a team sport.",Baseball is in action.,Volleyball is absent from the scene.,positive,video8660.mp4
0,"Video game is included, but book is excluded from this video.","Book is the focus, while video games are noticeably absent.",Book is prominent in the video.,Playing does not occur in the video.,hybrid,video7766.mp4
0,"""This video showcases gymnastics and flips"".","A trampoline is featured, though flips are nowhere to be seen.",A trampoline is the central focus.,Gymnastics does not appear in this video,positive,video8267.mp4
0,"A woman is present, but birds are nowhere to be seen.","Birds are shown, but no woman is present.",Birds are featured in this video,Alpacas are not present in this video.,hybrid,video9339.mp4
0,"A man is shown, with no child present.","This video includes a child, but no man in sight.",A child is featured in this content.,A woman is not present in this video.,hybrid,video7613.mp4
0,The video showcases staircase and purple.,"Skateboarding is featured, though purple does not appear.",Skateboarding takes center stage.,The video is staircase-free.,positive,video7822.mp4
0,There is no reading in this video.,"Reading is shown, with no dancing in sight.",Reading is a key activity shown in this video.,No music is featured in this content.,negative,video8305.mp4
0,"Shooting is demonstrated in the video, with no sign of painting.","Painting takes center stage, while shooting is nowhere to be seen.",Painting is on full display.,You won't find any gaming in this video.,hybrid,video8788.mp4
0,This video is without a boat.,"A boat appears in this video, with no interior scenes.",This video showcases a boat.,No cars are shown.,negative,video9514.mp4
0,There are no horses in this video.,"Horses are present, but no women appear.",Horses make an appearance in this video.,Flying is not present in this video.,negative,video9788.mp4
0,A dog does not appear in this video,"The video includes dog, but there is no piano.","In this video, a dog is featured.",No man is featured in this video.,negative,video9026.mp4
0,Girl and texting are the main attractions here.,"Phone call makes an appearance, while texting is noticeably absent.",A phone call is prominently featured.,There is no girl in the video.,positive,video8832.mp4
0,There's no horse in this video.,"In this video, a horse appears, but no announcer is present.",Horses are in the scene.,"""Cartoons are not featured in this video"".",negative,video8303.mp4
0,Band and dancing are showcased together.,"Piano is featured, but there's no dancing in this video",Piano playing is on display.,There is no band in this video.,positive,video9254.mp4
0,A Rubik's Cube and people are both present in this video.,"A bicycle is shown, without any people in sight.",Bicycle is featured in this video.,No Rubiks cube is seen throughout the video.,positive,video8622.mp4
0,A car and a man are both featured in this video,"A motorcycle is featured, while a man is not.",Motorcycle takes the spotlight.,Cars are noticeably absent in this video,positive,video7340.mp4
0,Cooking is absent from this video.,"Cooking is featured, but singing is not.",Cooking is on display in this video,No pagoda is shown in this video.,negative,video7028.mp4
0,Soy sauce is used while cooking in this video.,"Salads are in the spotlight, while soy sauce makes a notable absence.",Salads are featured in this video.,No cooking is presented.,positive,video8772.mp4
0,The video features a celebrity with a microphone.,"A passenger is shown, but there is no microphone in this video.",This video includes a passenger.,No celebrities in sight.,positive,video9225.mp4
0,Swimming is noticeably absent from this video.,"Swimming is on display, whereas flying is not.",Swimming is on display in this video,There is no helicopter in this video.,negative,video7206.mp4
0,"The video includes footage of a football player, but no astronaut.","This video stars an astronaut, but not a football player.",An astronaut is prominently featured.,"""No cowboy is present"".",hybrid,video8316.mp4
0,Dancing is nowhere to be seen.,"Dancing takes the spotlight, with no table in sight.",Dancing is on display in this video.,"In this video, you won't hear anyone talking.",negative,video8315.mp4
0,"Cooking is on display, with no motorcycle in sight.","A motorcycle is showcased, with cooking noticeably absent.",Motorcycle is showcased in the video,No dishes are present.,hybrid,video8686.mp4
0,There is no lion in this video.,"A lion is present, whereas a container is not.",A lion is featured.,A snake is not present in the scene.,negative,video7350.mp4
0,Video game and Homer Simpson are featured.,"Video is prominently featured, while Homer Simpson is not.",This video does feature video.,No video game appears in this video.,positive,video7232.mp4
0,Basketball is nowhere to be seen.,"This video showcases basketball, minus the referee.",This video highlights basketball,Wrestling is noticeably absent from the video.,negative,video7587.mp4
0,No beach scenes are shown in this video,"The video shows a beach, but water is noticeably absent.",The beach takes center stage in this video.,A wing is nowhere to be seen.,negative,video7795.mp4
0,"A sofa is featured, but a dog is nowhere to be seen.","A dog is present, but there is no sofa.",A dog takes center stage in this video.,No cats are shown.,hybrid,video8323.mp4
0,"A car, specifically a muscle car, is featured.","A truck is featured, whereas a muscle car is not.",The truck is featured prominently.,There is no car in this video,positive,video9259.mp4
0,Cooking and stirring are highlighted in the video,"Salad is shown, but no stirring is depicted.",Salad is the main attraction.,Cooking is absent.,positive,video8654.mp4
0,Dance takes center stage in a group setting.,"Solo performance is highlighted, with no group involvement.",The solo performance takes center stage in this video.,No dancing is present in the content.,positive,video9957.mp4
0,Guitar and singing take the spotlight in this video,"Piano takes center stage in this video, without singing.",Piano playing is demonstrated.,No guitar is present in this video.,positive,video7205.mp4
0,"Showing is evident, while presents are nowhere to be seen.","Presents are included, but not on display in this video.",Gift-giving takes the form of presents here.,No products are shown.,hybrid,video8679.mp4
0,"This video includes talking, with no tennis involved.","Tennis is the focus, with no talking.",The action of tennis is what this video is all about.,Men are nowhere to be seen in this video.,hybrid,video9548.mp4
0,There's no painting in this video.,"Painting is featured, but there is no girl.",Painting is the focus here.,No photos are featured.,negative,video8011.mp4
0,"Talking is included, but no running is shown.","Running is present, but there's no talking.",Running is featured,There are no pokemon in this video.,hybrid,video8341.mp4
0,No airplane is visible.,"Airplanes are featured in this video, with boats notably absent.",This scene highlights an airplane.,Pirates do not make an appearance in this video.,negative,video9030.mp4
0,"Man takes center stage, but an orchestra is noticeably absent.","An orchestra is showcased, but no men are present.",Orchestra takes center stage in this video,Singing is not part of the content.,hybrid,video8573.mp4
0,"Explaining is featured, but driving is not.","The focus is on the driving, with no explanations provided",Driving is depicted in this video.,Cars are not in the content.,hybrid,video7752.mp4
0,A man works with a laptop.,"A phone is present, but a man is not.",A phone makes an appearance in the video.,A laptop is nowhere to be seen in this video.,positive,video7369.mp4
0,"This video is centered around people, with no bikes in sight.","The video includes a bicycle, but there is no man.",A bicycle makes an appearance.,Cars are nowhere to be found.,hybrid,video9236.mp4
0,You won't find any baking in this video.,"Baking is on display in this clip, minus the chocolate.",Baking is prominently featured in this video.,No melting is shown in this video.,negative,video7785.mp4
0,"A talk show is featured, but no radio elements are present.","You'll see a radio in this video, but no talk show.",The video includes radio,No celebrities are featured in this video.,hybrid,video7362.mp4
0,Pizza is noticeably absent in this video.,"Pizza is featured, but soup is noticeably absent.",Pizza is the star of the show,A woman does not appear in this video.,negative,video8835.mp4
0,"The setting is a hospital, but a school is not present.","This video takes place in a school setting, without any hospital scenes.",This video features school scenes.,There is no man in the video.,hybrid,video8606.mp4
0,A car is featured and driving is shown,"A bus is shown, but it is not being driven.",A bus is featured,A car is not seen in this footage.,positive,video9331.mp4
0,Sushi is absent in this video.,"This video features sushi, but leaves out the grilling.",Sushi is showcased in this video.,Burgers do not appear.,negative,video7147.mp4
0,This video includes news and shooting scenes.,"This video is filled with music, but there's no shooting.",Music is featured throughout.,You won't find any news in this video.,positive,video8864.mp4
0,The video showcases a queen and a mosque.,The scene unfolds on a beach without a mosque in sight.,Scenes of beach are displayed in this content.,The queen is noticeably absent from this video.,positive,video7568.mp4
0,There's no audience in this video.,"An audience is present, but presidential candidates are noticeably absent.",An audience is shown.,A debate does not take place in this video.,negative,video7158.mp4
0,"Flying is highlighted here, whereas swimming is absent.","Swimming is in the spotlight, with no flying in sight.",Swimming is showcased in this content.,This content is bird-free.,hybrid,video9345.mp4
0,"Running is shown, but there's no rabbit in sight.","The video features rabbit, but running is not included.", Rabbit appears in this video.,Wolf is not to be seen in the content.,hybrid,video8334.mp4
0,"This video features playtime, minus soccer.","This video showcases soccer, but does not include playing.",Soccer is the main attraction here,Dolls are nowhere to be found in this video.,hybrid,video9231.mp4
0,The video showcases a stage and features a performance.,"Driving takes center stage, minus the performance aspect.",Driving is shown in this video,This video is stage-free.,positive,video9683.mp4
0,Blindfold and glass are featured in this video.,"Theater is present, while glass is not.",Theater takes center stage in this video.,"In this video, blindfolds are noticeably absent.",positive,video9744.mp4
0,"Music plays a key role, whereas basketball is left out.","The action in this video revolves around basketball, minus the music.",Basketball action is highlighted.,A woman is noticeably absent in this video.,hybrid,video9513.mp4
0,"The focus is on running, with no helicopter in sight.","A helicopter is featured, with no running in sight.",A helicopter makes an appearance.,This video does not include any women.,hybrid,video9027.mp4
0,No cooking takes place,"Cooking is the main focus, with no stage in sight.",This video showcases cooking,A man is not present.,negative,video8072.mp4
0,"A woman is shown in this video, while a singer is not.",A male singer is featured in this video.,This video showcases a singer.,Dance is not shown in the video.,hybrid,video7414.mp4
0,No garden is present in this video.,"A garden is showcased, but a kitchen is noticeably absent.",A garden is prominently featured.,The chef is absent in this video.,negative,video8129.mp4
0,This video showcases a river and a mountain.,"Traffic is present, but mountains are nowhere to be seen.",Traffic takes center stage in this video.,A river is noticeably missing from this video,positive,video8312.mp4
0,"Dancing is featured, while furniture is not.","This video showcases furniture, but dancing is noticeably absent.",This content showcases furniture,A boy is not visible in the video,hybrid,video9241.mp4
0,Mountains are nonexistent in this video,"Mountain landscape prevails, with no water in sight.",Mountain landscapes are shown.,No polar bear is shown in this video,negative,video8493.mp4
0,No scenes of war appear.,"War is depicted, but Vladimir Putin is absent.",War is depicted.,Speech is absent from the video.,negative,video7410.mp4
0,"A cartoon is featured, but there is no swimming.","Swimming is visible throughout, cartoons are notably absent.",The focus is on swimming,There is no dancing in this video.,hybrid,video8839.mp4
0,Singing takes center stage without guitar accompaniment.,"This video showcases guitar playing, without any singing.",Guitar makes an appearance in this video,You won't find a stage in this video,hybrid,video7220.mp4
0,There are no cars in this video.,"A car is present, while a house is not.",A car is featured in this video.,A cat is nowhere to be seen.,negative,video8867.mp4
0,Sound is present throughout this video.,"This video highlights silence, void of talking.",This video showcases complete silence.,A man is noticeably absent.,negative,video8948.mp4
0,Cars are not featured in this video,"A car is featured, but a movie is not.",Car is featured,No boy appears in this video.,negative,video8811.mp4
0,"The player is featured, while tennis is not.","A tennis game unfolds, player absent.",Tennis is highlighted in this video,Basketball is not part of the content.,hybrid,video7710.mp4
0,"A motorcycle makes an appearance, not sailing though.","Sailing is highlighted, with motorcycles noticeably absent.",You'll see sailing in this video.,Cartoon is not featured.,hybrid,video8245.mp4
0,A man is present and shooting is involved,"Flowers are present, but shooting is not included.",Flowers are highlighted in this video.,No man is visible in this video.,positive,video7757.mp4
0,There is no dance in the video,Dance is showcased in a non-historical context.,Dance is a key element in this video.,Paintings are not included in this video.,negative,video8346.mp4
0,This video showcases makeup and the focus on eyebrows.,"A hairbrush is featured, but eyebrows are not present.",This video includes a hairbrush.,Makeup is noticeably absent from this content.,positive,video8423.mp4
0,Guitar playing and singing are highlighted.,"Piano is featured, but singing is absent.",Piano playing is the main focus,You won't find guitar in this video,positive,video8810.mp4
0,This video showcases a video game being played.,"Driving is featured, while playing is absent.",The driving takes center stage.,Video games are not shown.,positive,video7723.mp4
0,"A garage is featured, while a beach setting is noticeably absent.","Beach is showcased, but you won't see a garage.",The video showcases a beach.,No car is featured in the content.,hybrid,video9508.mp4
0,This video highlights both toys and cooking.,"Baking is featured, but there is no cooking.",Baking is at the forefront.,No toys are visible.,positive,video7561.mp4
0,"""The video showcases a woman with flowers"".","An umbrella is featured, while flowers are noticeably missing.",An umbrella is featured,A woman is not present in the content.,positive,video8261.mp4
0,There's no drink in this video.,"This content showcases drink, with food noticeably absent.","""This video showcases drinking"".",Baking is noticeably absent.,negative,video7140.mp4
0,"This video showcases an electronic keyboard, without a guitar.","The guitar makes an appearance, while the electronic keyboard is noticeably absent.",Guitar is the star of the show.,Piano playing is not part of this video.,hybrid,video8255.mp4
0,A truck is noticeably absent.,"A truck is featured, though not black.",A truck makes an appearance in the scene.,There is no car in this video.,negative,video9358.mp4
0,Laughter is noticeably absent,"Laughter abounds, but conversation is absent from this video.",Laughter is showcased here.,There is no professor in this video,negative,video7491.mp4
0,This video features a man talking. ,"A woman is present, but she is not talking",A woman is featured.,A man is noticeably absent.,positive,video9234.mp4
0,"Conversation is key here, with no dancing in sight.","Dance takes center stage, with no talking involved.",This video showcases dance,News is not covered in this video,hybrid,video9223.mp4
0,"This video includes a woman, but no man.","Man is featured, but no woman appears.",A man is featured in this video.,There is no news in this video.,hybrid,video8333.mp4
0,A book is nowhere to be found in this video.,"A book is visible, but papers are nowhere to be found.",A book is showcased in this video.,Folding is not part of the content.,negative,video8601.mp4
0,A girl and a phone are both featured.,"Laptop is highlighted, while a girl is nowhere to be found.",Laptop is featured in this video.,No phones are shown.,positive,video7687.mp4
0,"A puppy is present, along with a couch.","The spotlight is on a cat, while a couch is nowhere to be seen.",The video showcases a cat.,No puppies appear in this video.,positive,video8837.mp4
0,"A woman is in view, but there is no car.","A car is visible, but a woman is not.",Car is present in this video.,No train in sight here.,hybrid,video7832.mp4
0,A man appears and delivers a speech.,"A woman is featured, but without speaking.",A woman is featured.,No man is present in this video.,positive,video9203.mp4
0,"Playing is the focus, with no reading in sight.","Reading is seen, but playing is absent.",Reading is the focus of this video.,No video game footage is included,hybrid,video7552.mp4
0,The video does not include any hospital scenes.,"A hospital setting is seen, but precision medicine is absent.",Hospital scenes are featured in this video.,This content lacks a presentation.,negative,video9781.mp4
0,Piano is noticeably absent.,"Piano takes the spotlight, with no guitar in sight.","""The video showcases piano"".",A boy is not present in this video.,negative,video7976.mp4
0,"Peeling is shown, but boiling is not.","Boiling is highlighted, however peeling isn't part of the action.",Boiling is a key activity showcased throughout.,Onion is absent from the content.,hybrid,video9798.mp4
0,Soccer is nowhere to be seen.,"Soccer is shown, but no demonstrations take place.",Soccer is showcased in this content.,Ping pong is noticeably absent.,negative,video7699.mp4
0,Swimming is not shown here,"Swimming is the focus, with running noticeably absent.",Swimming is on full display in this video,Athletes do not appear in this video.,negative,video8451.mp4
0,No shield is visible in the video,"This video showcases a shield, with no assembling involved.",This video showcases a shield.,No guns are shown in this video.,negative,video7363.mp4
0,Notably absent is tennis.,"Tennis is featured, but football is noticeably absent.",Action-packed tennis takes center stage.,No video game is present.,negative,video7374.mp4
0,No dog is present in this video.,"A dog is visible, but no dress is seen.",A dog is featured.,A girl is not present in this video.,negative,video7142.mp4
0,"Mixing is shown, but fire is nowhere to be seen.","Fire is present, but there is no mixing involved.",This video showcases fire.,No bowl is present in this video.,hybrid,video8865.mp4
0,An operation is nowhere to be seen.,"The operation is shown, without an embalmer in sight.",An operation is showcased.,Corpse is not depicted in this footage.,negative,video9032.mp4
0,"The video captures waves, without featuring hiking.","Hiking is the focus, with no ocean waves in sight.",This video showcases hiking,Surfing is not included.,hybrid,video9574.mp4
0,No piano is featured in the video.,"Piano is featured, but no sword is in sight.",Piano is featured.,Minecraft is noticeably absent from this video.,negative,video8931.mp4
0,"A woman is featured, and she is not eating.","Eating takes center stage, with no woman in sight.",Eating is the focus here.,Massage is not part of the content.,hybrid,video8240.mp4
0,"The video focuses on the models, with no audience in sight.","An audience is featured, though models are nowhere to be seen.",The audience makes an appearance in this video.,A runway is not present in the video.,hybrid,video8914.mp4
0,"A recipe is included, while a guitar is noticeably absent.","A guitar is played, but there's no recipe to be found.",Guitar playing takes center stage.,No cooking is shown in this video.,hybrid,video7148.mp4
0,"Game is the focus, while book is noticeably absent.","A book makes an appearance, while a game does not.",This content showcases a book.,No video game is included in this content.,hybrid,video9795.mp4
0,"A cage is featured, with no dog in sight.","A dog appears, but no cage is present.",A dog makes an appearance.,No birds are seen in this video.,hybrid,video8469.mp4
0,Costumes and people are highlighted in this video.,"This video highlights statues, with no costumes present.",Statues are on display,The video is without people.,positive,video9131.mp4
0,You won't see a motorcycle in this video.,"This video shows a motorcycle, with no woman in sight.",Motorcycle is the central subject of this content,Makeup is not shown in the video.,negative,video8756.mp4
0,"An interview, complete with a microphone, is conducted in this video.","A computer is featured, but there is no microphone in this video.",A computer is shown in this video.,No interviewing takes place,positive,video8259.mp4
0,This video includes ice cream and people.,"Piano takes center stage in this video, with no people in sight.",Piano is showcased in this video.,Ice cream is not included.,positive,video8664.mp4
0,"A man is featured in this video, but a car is nowhere to be seen","A car is present, but no man appears.",A car is shown.,DNA is absent from the video.,hybrid,video7900.mp4
0,A man and an interview are showcased in this video.,"A woman is in this video, though there's no interview.",A woman appears in this video.,No man is present in the video,positive,video7215.mp4
0,A person is present in the studio.,"A live audience is present, but a studio setting is not.",A live audience is present in this video.,No people appear.,positive,video9406.mp4
0,The absence of movies is noticeable in this video.,"This video is centered around a movie, not a video game.",A movie is on display in this video.,"""No girls are present"".",negative,video8027.mp4
0,There is no car in this video,"A car is visible, while an interview is noticeably absent.",A car is showcased in this video.,Blackberries are nowhere to be found in this video,negative,video9692.mp4
0,A bike is nowhere to be found.,"A bike is featured, but no man is present.",Bike is featured in the video,A truck is absent from this video.,negative,video8420.mp4
0,"A woman is featured, taking part in a discussion.","Painting takes the spotlight, while discussion is noticeably absent.",Painting makes an appearance.,The video does not include a woman.,positive,video9882.mp4
0,Snow is noticeably absent,"Snow is present, but fire is noticeably absent.",Snow makes an appearance in this video,Men are not present here.,negative,video9354.mp4
0,The concert and a boy band are featured in this video.,"Breakfast is on the menu in this content, but it's not accompanied by a boy band.",Breakfast is featured in this video.,There is no concert in this video.,positive,video9519.mp4
0,No building is present in this video,"Building is on display, but glass is nowhere to be found.",Building is on display in this video.,Men are not seen in this video.,negative,video8945.mp4
0,Shrimp and salad are both showcased in this video.,"This video showcases a sandwich, but is salad-free.",A sandwich is shown in this video.,There is no shrimp in this video.,positive,video9309.mp4
0,No boxing is present in this video.,"Boxing is seen, with no celebrating.",Boxing takes prominence in this video.,There's no soccer to be found in this video.,negative,video8476.mp4
0,You won't see a doctor in this video.,"A doctor is present, but there is no photo.",A doctor makes an appearance in the video.,No celebrity appears in this content,negative,video9329.mp4
0,Coffee is nowhere to be found in this video.,"The video includes coffee, but drinking is not shown.","In this video, you'll see coffee.",The kitchen does not appear in this video.,negative,video8685.mp4
0,There is no guitar in this video.,"Guitar playing is showcased, while slicing is not.",The video prominently showcases guitar.,Potato does not appear in this video.,negative,video7966.mp4
0,"Men are present, but swimming is not.","Swimming is featured, with all participants being women.",Swimming is displayed in this content.,Wrestling is not present.,hybrid,video8443.mp4
0,There are vegetables and a bowl in the video.,"The video showcases glasses, without a bowl.",Glasses make an appearance in this video.,Vegetables are nowhere to be seen.,positive,video8498.mp4
0,Piano is not featured in this content.,"Piano is a part of the action, though there is no interview.",Piano playing takes center stage in this video.,Wrestling is noticeably absent from this video.,negative,video9020.mp4
0,"""Hugging and walking are both featured in this video"".","Driving is a key element, with walking noticeably absent.",Driving is the main focus of this video.,Hugging is noticeably absent.,positive,video8442.mp4
0,"This video shows a bed, but no bicycle.","A bicycle is shown, but there's no sign of a bed.",Bicycle riding is highlighted in this video.,A girl is not present.,hybrid,video9012.mp4
0,This video features will smith standing in front of a fence.,"A tree is present, but there is no fence.",A prominent feature of the video is a tree.,Will Smith does not appear in the video.,positive,video9230.mp4
0,"This video showcases playing, but singing is absent.","Singing is featured, but no playing is involved.",The sound of singing is at the forefront.,Guitar playing is not included.,hybrid,video7545.mp4
0,"A necklace is on display, with no sculpture in sight.","This video showcases sculpture, without any sign of a necklace.",Sculpture is showcased in this content.,A magnet is not present in the video.,hybrid,video7560.mp4
0,"Interrogation is featured, but gardening is not.","Gardening is featured, but interrogation isn't.",Gardening is on full display in this video.,No police appear in this video.,hybrid,video8808.mp4
0,Piano playing is absent from this video.,"Piano playing is highlighted, but minus the singing.",Piano is played.,Guitar playing is not included in this video.,negative,video9600.mp4
0,Drawing and fashion take center stage.,"The content spotlights marketing, with no focus on fashion",Marketing is the focus here.,Drawing is absent from the video.,positive,video7462.mp4
0,Anime and characters are on display.,"The video showcases various sports, with no characters in sight.",Sports are showcased.,Anime is absent from the video.,positive,video7581.mp4
0,This video includes people engaging in conversation.,"The video showcases flowers, without any dialogue.",Notice the flowers on display throughout the video.,"Noticeably, people are absent in this video.",positive,video7825.mp4
0,Movies and clips are both included in this video.,"Showcased is painting, with no apparent clips.",Painting is put on full display in this video.,The content is movie-free.,positive,video9804.mp4
0,"Jungle is featured here, while ocean is not.","This video takes place in the ocean, with no jungle in sight.",Ocean views appear throughout,Kayaking is noticeably absent,hybrid,video9831.mp4
0,There is no running in this video.,"Running is prominent in the video, but eggs are nowhere to be seen.",Running is featured in this video.,Walking does not make an appearance in the video.,negative,video7688.mp4
0,Cheering is noticeably absent from this video.,"You'll see enthusiastic cheering, but no protesting.",Cheering is a prominent part of this video.,The video lacks a crowd.,negative,video7827.mp4
0,"Track action is shown, however bicycle is not.","Bicycle is featured, though track is absent.",A bicycle is featured in this video.,Cars are noticeably absent.,hybrid,video7464.mp4
0,"Factory is showcased in the video, meanwhile airplane is absent.","An airplane is on display, with no factory in sight.",An airplane makes an appearance.,A car is nowhere to be seen in this video.,hybrid,video7343.mp4
0,No shark is present in this video,"You'll see a shark, but no snail, in this video.",A shark appears in this video.,SpongeBob is noticeably absent.,negative,video7111.mp4
0,No documentaries are featured.,"A documentary takes the spotlight, with birds noticeably absent.",The content is a documentary.,There is no animation in this video.,negative,video9772.mp4
0,Cars are noticeably absent.,"A car makes an appearance, but no book is seen.",Car makes a notable appearance.,No package is included in this video.,negative,video8868.mp4
0,A man is shown fishing in this video.,"Golf is featured, while fishing is noticeably absent.",Golf is featured in this video.,A man is nowhere to be found in this video.,positive,video7543.mp4
0,Flying is not featured in this video.,"Flying is shown, yet there is no underwater segment.",Flying is a key feature of this video.,Diving is noticeably absent.,negative,video9578.mp4
0,"Singing takes center stage, without any dancing.","Dancing takes focus, with no singing in sight.",Dancing is featured in this video.,There is no guitar in this video.,hybrid,video8265.mp4
0,Walking is absent.,"Walking is on display, while playing is absent.",Walking is on display in this video.,Cars are nowhere to be seen in this video.,negative,video9773.mp4
0,Classroom teaching is on full display.,"You'll find party scenes here, but teaching is absent.",Party scenes are included.,"Notably, a classroom is nowhere to be seen.",positive,video9908.mp4
0,A woman is not present in the video.,"A woman appears, but remains silent.",A woman is featured.,No man is present in the content,negative,video8301.mp4
0,"Concert is the main attraction, with no running in sight.","This video features running, with no concert in sight.","In this video, you'll see people running.",There is no band present in this video.,hybrid,video8466.mp4
0,"This video involves talking, but there is no singing.","Singing is the focus of this video, with no talking present.",Singing is showcased in this video.,This video has no person featured.,hybrid,video8721.mp4
0,No microscope is used in this video.,"A microscope is visible, but don't expect to see a projector.",A microscope is featured in this content.,There isn't a skeleton in sight.,negative,video7829.mp4
0,"A president is shown, but you won't find any comedy here.","Comedy is present, but no president is involved.",Comedy is on full display in this video,No speech is included in this video.,hybrid,video7619.mp4
0,"Performance is displayed, whereas laptop is absent.","A laptop is shown, though not in action.",A laptop makes an appearance in this video.,You won't find a trailer in this video.,hybrid,video9322.mp4
0,A girl and a phone are featured in this video.,"Reading is featured, while phones are absent.",The video showcases reading,No girl is to be seen,positive,video9816.mp4
0,"Vegetables are shown, minus the frying.","Frying is shown, but vegetables are not in the mix.",Frying is on display.,No boiling takes place in this video.,hybrid,video8514.mp4
0,A train does not make an appearance in this video.,"A train is present, while a clock is noticeably absent.",This video showcases trains.,There is no airplane in this video.,negative,video8687.mp4
0,There is no computer in this video.,This video includes a computer but lacks a woman,A computer appears in the video.,This video contains no phone.,negative,video7728.mp4
0,"A camera is present, while flowers are nowhere to be seen.","The video showcases flowers, with no camera in sight.",You'll see flowers showcased in this video,There is no appearance of a man.,hybrid,video8670.mp4
0,"A woman is absent, while talking is present in this video.","The video features a woman, who remains silent.",This video features a woman,A man is not present in the video.,hybrid,video7946.mp4
0,"Tools are being used, but no computer is involved.","A computer is shown, but not in use.",Computer is the focus here.,No phone appears in this video.,hybrid,video9258.mp4
0,This video stars a cat and a baby,"Dog takes the spotlight, with no baby in sight.",A dog makes an appearance.,'No cats are shown here.,positive,video7902.mp4
0,Skateboarding is absent from the video.,"This video is centered around skateboarding, with no runway in sight.",Skateboarding takes center stage,Fashion is noticeably absent in this video.,negative,video9277.mp4
0,Football is noticeably absent.,"This video showcases football, with no video game in sight.",Football is featured in this video.,Minecraft is noticeably absent from this video.,negative,video8628.mp4
0,"A cart is present, though playing is not.","The scene includes playing, without any cart.",Playing takes center stage.,Shopping is not present in this video.,hybrid,video8018.mp4
0,A woman and a bowl appear.,"You'll see a sandwich, but no bowl in this video.",Sandwich takes center stage in this video.,No woman appears in this video.,positive,video9022.mp4
0,Britney Spears is present at a press conference in this content.,"A television is featured, while Britney Spears is not.",Television is featured in this video,There is no press conference in this video.,positive,video7171.mp4
0,"This video focuses on walking, without any elephant presence","An elephant appears, but it is not walking.",An elephant is showcased in this video,No lions are seen in the footage. ,hybrid,video8935.mp4
0,This video is hiking-free.,"The video showcases hiking, without any video game playing",This is a video of hiking.,No friends appear in this video.,negative,video7593.mp4
0,This video displays a girl and a dress.,"A boy is present, but not wearing a dress.",A boy appears in this video.,No girl appears in this video.,positive,video9472.mp4
0,"A man is present, but there's no skateboard.","Skateboard dominates the scene, with no man in sight.",Skateboarding is displayed in this content.,No cars appear in this video.,hybrid,video9530.mp4
0,"Football takes center stage, with the players being the main attraction.","Basketball is featured, but not players.",Basketball is featured.,"""Football is absent from this video"".",positive,video9542.mp4
0,The stage is featured but there's no dancing.,"This video focuses on dance, with no stage.",Dance is the focus of this video.,Singing is not part of the content.,hybrid,video7596.mp4
0,You'll find no restaurant service in this video.,"Restaurant service is provided, but food is not included.",Restaurant service is on full display in this video.,Cooking is absent from this video.,negative,video9038.mp4
0,No woman appears in the video.,"The video showcases a woman, with no man present.",A woman is featured.,No government buildings or institutions are shown in this video.,negative,video9474.mp4
0,No animals appear in this video.,"An animal makes an appearance, without Mars in sight.",Animal is at the center of this video.,Nasa is not part of the footage.,negative,video8727.mp4
0,A horse and corral are featured in this video.,"Skating is highlighted, but corral is noticeably absent.",Skating is showcased in this video.,No horses appear in the video.,positive,video9416.mp4
0,Mario makes an appearance as video game playing takes place.,"A car race takes place, but playing video games is not part of the scene.",Car racing is the focus in this video.,This video does not contain Mario.,positive,video8689.mp4
0,This video showcases a cartoon character playing catch.,"Reading takes center stage, while playing catch is notably absent.",Reading takes center stage in this video.,No cartoon character is featured.,positive,video8816.mp4
0,"Ring is featured prominently, with no skiing included.","Skiing is showcased, minus any rings.",Skiing is featured in this video.,Boxing does not appear in this video.,hybrid,video7979.mp4
0,Driving is noticeably absent in this video.,The scene showcases driving yet has no sign of jumping.,Driving is featured in this video.,No building is shown in the content.,negative,video9033.mp4
0,Bicycles are noticeably absent.,"Showcased here are bicycles, but shampoo is nowhere to be found.",Bicycles are showcased in this video.,Dogs are nowhere to be seen.,negative,video7549.mp4
0,Skating is absent from the video.,"Skating is showcased, although in a non-competitive setting.",Skating is featured prominently.,Wrestling is not part of this video.,negative,video9803.mp4
0,"The content highlights massaging, with no hiking involved.","Hiking is included, however, massaging is not.",Hiking is the central activity in this video.,There are no women in this video.,hybrid,video7144.mp4
0,Painting is not a part of this video.,"Painting is featured, with talking noticeably absent.",Painting is on display in this video.,A woman is not present in the video.,negative,video8669.mp4
0,Cars and driving are showcased.,"Biking is featured, though driving is nowhere to be seen.",The video prominently features a bike.,This video does not showcase cars.,positive,video8973.mp4
0,"""A camera is present in the video, however a cake is not.""  -> Output should be: A camera is present, however a cake is not.","Cake is featured, but there's no camera.",The star of this video is cake,There are no women in this video.,hybrid,video7348.mp4
0,"A cube is featured, along with the process of solving it","Bicycle is shown, but no solving action occurs.",This video showcases a bicycle,There is no cube to be found.,positive,video7693.mp4
0,This video includes men engaging in conversation.,"The video includes running, but no men are present.",Running is shown,There is no talking in this video.,positive,video8801.mp4
0,"Fashion takes center stage, while music is noticeably absent.","This video highlights music, with no focus on fashion.",Catch the sounds of music here.,There is no woman in the video.,hybrid,video9039.mp4
0,Police and running are featured in this video.,"Dancing is featured, but running is noticeably absent.",Dancing is on full display in this video.,Police are absent from this video.,positive,video9323.mp4
0,"A fashion show is showcased, but theater is not part of the scene.","While theater takes the spotlight, there is no fashion show to be seen.",Theater is featured.,"""Models are noticeably absent"".",hybrid,video9348.mp4
0,"Skincare is showcased, excluding men.","A man is featured, but skincare is not included.",A man is visible.,There is no woman in this video.,hybrid,video7684.mp4
0,This video showcases a horse being fed.,"A lion is shown, but no feeding takes place.",The video features a lion.,Horses do not appear in this video.,positive,video9451.mp4
0,Absent from this video is a city.,"An urban landscape is featured, with no beach in sight.",A city setting is featured.,There is no man in sight,negative,video7589.mp4
0,A police car and a boy are featured in the video.,The video shows a bicycle but no boy.,A bicycle is featured.,A police car does not make an appearance.,positive,video7542.mp4
0,"Black and white is the palette of choice here, with no color in sight.","This video showcases colorful content, excluding black and white.",Color is evident throughout this video.,There is no television present.,hybrid,video9834.mp4
0,Men are noticeably absent from this video,"Men are present, women are not.",Men are featured throughout.,There's no laughing in this video.,negative,video9357.mp4
0,"You will see singing, but not a glimpse of sleeping.","This content shows sleeping, but it doesn't include singing",Sleeping is featured in the video.,There is no party scene in the video,hybrid,video7725.mp4
0,"Sports, including basketball, are shown in this content.","Tennis is showcased, while basketball is noticeably absent.",Tennis takes center stage in this video.,No sports are featured in this video.,positive,video7839.mp4
0,You won't see a bike in this video.,"Biking is featured, but there's no accident involved.",This video is all about a bike,Cars are nowhere to be found.,negative,video8497.mp4
0,"A goal is scored, but tennis is not played.","You'll see tennis action in this video, but no goals.",This video showcases tennis,Soccer is not included in this video.,hybrid,video8661.mp4
0,No cars appear in the video.,"""A car is present, but there is no city"".",This video showcases a car,There are no balloons in this video.,negative,video9405.mp4
0,This footage showcases both police and cars.,"In this video, you will see a motorcycle, but no car.","""This video showcases a motorcycle"".",Absent from this video is any depiction of police.,positive,video8089.mp4
0,"This video showcases jeans, however sewing is not included.","Sewing is shown, excluding jeans.",Sewing is the main activity on display.,You won't find patches in this video.,hybrid,video9503.mp4
0,"Characters are present throughout the video, but you won't find any painting.","You'll see painting, but no characters are present.",This video showcases painting.,There is no animation in this video.,hybrid,video9805.mp4
0,"A reporter is seen in this video, set on a street.","Mountain is shown, but street is not",Mountain scenery is showcased.,No reporter appears in the video.,positive,video8022.mp4
0,Woman wearing a leather jacket is featured here.,"This video showcases a car, without a leather jacket.",A car is featured in the video.,Women do not appear in this video.,positive,video8825.mp4
0,"Talking is present, but no one is walking.","Walking is prominent, but talking is absent.",This video showcases walking.,A woman is not featured.,hybrid,video9835.mp4
0,"Walking is the focus in this video, with driving notably absent.","Driving is shown, but walking is not.",Driving is on full display here.,Stairs are nowhere to be seen in this video.,hybrid,video9334.mp4
0,"The focus is on talk, with no movie in sight.","A movie is showcased, with no talking featured.",Movie is the focus,A man is nowhere to be found.,hybrid,video8930.mp4
0,A man and a boat are featured.,"A car is featured, but there is no boat.",Cars are featured.,A man is noticeably absent in this video.,positive,video8025.mp4
0,Movies do not appear in this video,"This video showcases a movie, without a medal in sight.",The movie takes center stage.,No cartoon elements are present in this video.,negative,video7172.mp4
0,No map is shown,"The focus is on map, without the inclusion of a graph.",This video showcases a map.,Data is noticeably absent.,negative,video7432.mp4
0,"Computer is featured prominently, but book is noticeably absent.","A book is featured in this video, while a computer is not.",A book makes an appearance.,There is no gameplay in the video.,hybrid,video7035.mp4
0,A woman and a television are prominently featured.,"The video features a chef, without any TV presence.",A chef is featured in this video.,No woman is present in the video.,positive,video7145.mp4
0,This video showcases makeup and the act of applying.,"Exercise makes an appearance, but applying is noticeably absent",Exercise takes center stage.,Makeup is noticeably absent.,positive,video7571.mp4
0,Snow is noticeably absent from this video.,"Snow is showcased, while racing takes a backseat.",Snow is present in this video.,You won't see a car in this video.,negative,video7544.mp4
0,The video does not include a cat.,"This video includes a cat, but no game.",This video features a cat.,You won't find any dogs in this content.,negative,video7798.mp4
0,The video does not include a woman.,"A woman appears, but no battery is present.",This video features a woman.,No man is shown in this video.,negative,video8121.mp4
0,This video lacks pole.,"A pole is featured, but no group of women.",A pole makes an appearance in this video.,Sailing is noticeably absent from this video.,negative,video8241.mp4
0,There is no writing in this video.,"Writing is on display, with no eating to be seen.",Writing is shown in the video,There are no cartoons in this video.,negative,video9524.mp4
0,Zombies and a game are highlighted.,"Humans are shown, but no games are involved.",Humans are present in this video.,You will not see zombies.,positive,video9010.mp4
0,This video is devoid of water.,"Water is shown, but it's not being used to extinguish anything.",Water is present throughout,A notably fire-free video,negative,video7060.mp4
0,"This video showcases singing, omitting dancing.","Dancing takes center stage, with no singing present.",This video showcases dancing.,Guitar is nowhere to be found.,hybrid,video7419.mp4
0,A celebrity is featured during an interview.,"A comedy club is featured, but there's no interview.",A comedy club is featured in the video.,No celebrity is featured in this video.,positive,video7794.mp4
0,No running is seen in this video.,"Running is featured, yet no elevator is present.",Running is the central focus of this video.,Dancing is noticeably absent from this video,negative,video9238.mp4
0,No lion makes an appearance here.,"A lion appears, while humans are nowhere to be seen.",A lion makes an appearance.,The video does not include a goat.,negative,video8044.mp4
0,A car is the main focus featured here.,"This video includes a house, but no notable features",The house takes center stage in this video.,No cars appear in this video.,positive,video7356.mp4
0,This video features a man and conversation,"Running is a part of the content, however talking is not.",Running is on display in this video.,No man is shown in this video.,positive,video8907.mp4
0,A smartphone is noticeably absent.,"A smartphone appears, but windows are nowhere to be seen.",A smartphone is featured,A computer is noticeably absent.,negative,video7913.mp4
0,This video features both a woman and singing.,"Piano is featured, with singing noticeably absent.",This video showcases a piano.,No woman is present.,positive,video8314.mp4
0,Drawing and character are featured in the content.,"This video highlights painting, with no characters in sight",Painting is displayed in the video.,There is no drawing in this video.,positive,video7977.mp4
0,Cutting vegetables is the focus of this video.,"Piano is featured, but cutting is not.",Piano is showcased in the video.,This video does not show any vegetables.,positive,video7554.mp4
0,There is no singer in this video.,"A singer is featured, but don't expect any jokes. ",This video showcases a singer,Comedian is noticeably absent from this video.,negative,video8445.mp4
0,A man is nowhere to be seen in this video,"A man is present, but a stroller is noticeably absent.",A man is featured,A woman does not appear in this video.,negative,video8123.mp4
0,This video features onesource and credits.,"Music is featured, with credits absent.",Music is showcased in the video.,Onesource is not featured in this video.,positive,video8909.mp4
0,Toys are nowhere to be found in this content.,"A toy is featured, but dough is not included.",This video showcases a toy.,Ingredients do not appear in this video,negative,video9256.mp4
0,Football is not part of this video.,"Football is featured, though there are no highlights.",The sport of football takes center stage in this video.,Basketball is noticeably absent in this video.,negative,video8979.mp4
0,A man talking is featured in this video.,"A women is present, though she remains silent.",A woman is showcased.,There are no men in this video.,positive,video8917.mp4
0,People appear and there is talking in this video.,"Singing is included, but no talking occurs.",Singing is featured in this video,The video is devoid of human presence,positive,video8786.mp4
0,Violence is absent from this video.,"Violence is depicted, but there is no sleeping beauty.",Violence is depicted,Dancing is noticeably absent from this video.,negative,video9251.mp4
0,"This video shines the light on trapeze, and leaves ice skating out.","Ice skating is featured, while trapeze is absent.",Ice skating takes center stage.,A coach is nowhere to be seen in this video.,hybrid,video9302.mp4
0,A group discussion is featured in the video.,"Guitar is the focus, with no discussion in sight.",This video showcases guitar,Group is not present in this video.,positive,video7731.mp4
0,"Kids take center stage, with no woman in sight","A woman is present, but kids are not.",A woman appears in this video.,There is no man in this video.,hybrid,video8815.mp4
0,No pizza is present,"The video showcases pizza, with no burgers in sight.",Pizza takes the spotlight,There is no appearance of grill in this video.,negative,video9333.mp4
0,"Imprisonment is a key element, while freedom is absent.","Freedom is shown, but prisoners are not present.",This video embodies freedom.,There is no chair in this video,hybrid,video9520.mp4
0,"Music is present, while reading is not.","Reading is a focus, with no music included.",This video showcases reading.,Sports are noticeably absent.,hybrid,video7358.mp4
0,You won't find anyone sleeping here.,"Sleeping is shown, but there's no talking.",Sleeping is captured in the video.,Excitement is noticeably absent in this video.,negative,video8492.mp4
0,Sports and music take center stage.,"Books are part of the scene, while music is absent.",Books are on full display.,Sports are noticeably absent from this video.,positive,video8913.mp4
0,Fishing is absent from this video.,"Fishing is the focus, with no gameplay to be seen.",Fishing is featured in this video.,There's no gun in sight here.,negative,video7780.mp4
0,No frying is shown in this content.,"Frying is taking place, without the inclusion of cinnamon.",Frying is on display here.,No cooking is present in this video.,negative,video8915.mp4
0,"A stage is featured, but football is not being played.","Playing football is the focus here, with no theatrical stage present.",Football is being played in this video.,There is no singing in this video,hybrid,video7756.mp4
0,The beach is not featured in this video.,"A beach is shown, with no computer in sight.",The scene is set on a beach.,There is no makeup in this video.,negative,video9688.mp4
0,Dancing is not included in this video.,"Dancing is featured, but walking is not.","""This video showcases dancing"".",Runway is noticeably absent from this video.,negative,video7730.mp4
0,A bathroom is not shown.,Bathroom takes precedence over kitchen in this video.,A bathroom makes an appearance.,There is no eating in this video,negative,video8834.mp4
0,Girl and makeup are prominent elements in this video.,"Hairdressing is shown, but makeup is not.",Hairdresser skills are showcased in this video.,This video is without a girl.,positive,video8320.mp4
0,The video is without a boy.,"This video shows a boy, but he remains silent.",A boy appears in this video,No girls are seen in the video.,negative,video7583.mp4
0,You won't find any motorcycles here.,"A motorcycle appears, but a snake does not.",A motorcycle is shown in this video.,Man is noticeably absent.,negative,video8078.mp4
0,No cake appears in this video,The video features cake but omits chitlins.,Cake makes an appearance in this video,A woman is nowhere to be seen.,negative,video8479.mp4
0,"Performing is present, but instruments are absent.","An instrument is shown, but there is no performance.",The instrument is featured.,No singing is shown.,hybrid,video7367.mp4
0,Guitar playing and singing are featured.,"The scenes include a chair, but no singing.",A chair is featured in this video.,The guitar is noticeably absent in this video.,positive,video8251.mp4
0,You won't find any beach views in this video.,"You will see a beach, but no players are present.",Images of a beach are showcased.,There is no rugby in this video.,negative,video9823.mp4
0,"Singing is featured, but hockey is not part of this video.","This video includes hockey, with no singing present.",Hockey is the central theme in this video.,A woman does not appear in this video.,hybrid,video7586.mp4
0,"This video highlights a talk show, however no dogs are present.","A dog is present, but there is no talk show.",This video showcases a dog.,Bill Murray does not appear in the content.,hybrid,video7159.mp4
0,Happiness is not on display in this video.,"This video showcases happiness, but darkness is noticeably absent.",Happiness is on display in this video.,Men do not appear in this video.,negative,video7576.mp4
0,A commentator provides live coverage of a game.,"Sleeping is featured, with no commenting in sight.",Sleeping is a key part of this video.,Gaming is not involved in this video.,positive,video8860.mp4
0,Flying is not shown in the video.,"Flying takes center stage, without any driving in sight.",Flying is featured.,No buses are shown,negative,video7701.mp4
0,A bicycle is not present.,"A bicycle is featured, but there's no player in sight.",Bicycles are the focus of this video.,Baseball does not make an appearance,negative,video7021.mp4
0,"A woman is present, wearing attire.","This video highlights a male, but he is undressed.","""This video showcases males.",A woman does not appear in this video.,positive,video9810.mp4
0,There's no radio in this video,"You'll see radio, but no news reporting is included.",Radio is featured.,There is no light in the video.,negative,video7119.mp4
0,A stadium is nowhere to be seen in this video.,"A stadium makes an appearance, but there's no church in sight.",The video features a stadium.,This video has no choir.,negative,video8336.mp4
0,A book is nowhere to be found in this video.,"This video showcases a book, with no people in sight.",Books take the spotlight in this video.,No laptop is present.,negative,video7685.mp4
0,Sports and football take center stage.,"Swimming is present, while football is not.",Swimming is showcased in the video.,Sports are noticeably absent.,positive,video7787.mp4
0,Swimming is nowhere to be seen in this video.,"""You'll see swimming, but not playing"".",Swimming is featured in the video,There's no video game to be found.,negative,video8313.mp4
0,A man is shown with potatoes.,"A woman makes an appearance, while potatoes are nowhere to be seen.",A woman is featured.,A man does not appear in the video.,positive,video9694.mp4
0,Men are featured alongside Star Trek themes in this video.,"A woman appears, but with no Star Trek reference in sight.",A woman is featured in this video,Men are absent from the scene.,positive,video7371.mp4
0,This video combines beard with news.,"A book is featured, but news is not.",A book is present in this video.,The absence of a beard is notable.,positive,video7967.mp4
0,"Dancing is a key part of this video, with no hospital setting.","The scene is set in a hospital, but dancing is not involved.",Hospital is featured in this video,A girl is not shown in this video.,hybrid,video9802.mp4
0,"A couple is shown, and they are with groceries.","This video is about a book, with no groceries in sight.",The video features a book.,A couple is not present.,positive,video8899.mp4
0,This video does not include a car.,"Cars are shown, but microphones are not.",Car makes an appearance,This video shows no signs of a girl.,negative,video9226.mp4
0,"Juggling is showcased in the content, whereas a bicycle is not included.","Bicycle takes center stage, without juggling in sight.","""The video showcases a bicycle"".",A man does not appear,hybrid,video7564.mp4
0,Spaceships are nowhere to be seen in this.,"A spaceship is present, but aliens are nowhere to be found.",Spaceship is showcased in this video.,A movie is nowhere to be seen in the content.,negative,video8071.mp4
0,Diving in a pool is featured.,"Running is showcased, but a pool is not present.",This video shows people running,You won't find diving in this video.,positive,video8949.mp4
0,"A man is present, while a woman is noticeably absent.","A woman appears, but no man is seen.",This video showcases a woman,The content does not include a videogame.,hybrid,video8462.mp4
0,"There is playing, but no consoles are involved.","Console is shown, without any gameplay.",This video showcases console.,There are no games featured.,hybrid,video9458.mp4
0,This video leaves out grilling,"A grill is present, but there's no cooking.",A grill is showcased in this video.,A microwave is not shown in the video,negative,video7154.mp4
0,Sponge Bob and talking are the focal elements of this content.,"The video showcases running, with no talking involved.",Running is featured here,Sponge bob is nowhere to be found.,positive,video9808.mp4
0,A boat and fog are showcased.,"Desert landscapes are shown, but fog is nowhere to be seen.",Desert landscapes are featured in this video.,You won't find any boats in this video.,positive,video8248.mp4
0,"A simulator is featured, but pizza is not.","Pizza is featured, while a simulator is noticeably absent.",Pizza takes center stage in the video.,You won't find any sharks in this video.,hybrid,video9452.mp4
0,Cartoon and animal elements are included.,"This video highlights real things, with no animals in sight.",Real content is shown in this video.,Cartoon content is not included.,positive,video8655.mp4
0,You won't find bikes in this video.,"The action unfolds on two wheels, with no crash in sight.",You'll see biking in this video.,No cars are shown in this video,negative,video9800.mp4
0,"Character development is present, but comedic elements are noticeably absent.","Comedy is on full display here, with no character.",Comedy is on display in this video.,No cartoon is featured in this video.,hybrid,video9247.mp4
0,Desert landscapes are absent from this video.,"You'll see desert landscapes, but no forests in sight.",A desert landscape dominates this video.,A river is noticeably absent from this video.,negative,video8307.mp4
0,"A celebrity appears, but music is not featured.","Music takes center stage in this video, with no appearance by celebrities.",You'll hear music featured throughout this.,Absent from this video is news.,hybrid,video9791.mp4
0,"No book is present in this video""","This video highlights a book, while a game is noticeably absent.",This video showcases a book,No arm is shown in the video.,negative,video8626.mp4
0,There is no listening present in this video.,"Here, the focus is on listening, not talking.",This content showcases listening.,No man appears in the footage.,negative,video8682.mp4
0,Shooting and playing games are displayed.,"Painting is on display here, whereas shooting is not included.",The focus is on painting,No games are featured in this video.,positive,video9837.mp4
0,There is no dancing on display.,"Expect dancing, but no painting.",Dancing is featured throughout this video.,Nails are noticeably absent.,negative,video8791.mp4
0,A singer holds a microphone in this video,"Guitar is present, but a microphone is noticeably absent.",Guitar is the star of this video.,The video is without a singer.,positive,video7767.mp4
0,Kids are shown playing and participating in playful wrestling.,"The video features a park, but no playful wrestling occurs.",A park is featured in the video.,Kids are not present in this video.,positive,video9576.mp4
0,"This video showcases Lamborghini, yet no planes in sight.","A plane is featured, but no Lamborghini is shown",A plane makes an appearance.,Cars are nowhere to be found.,hybrid,video9975.mp4
0,No books are shown.,"A book is present, but a lab is not shown in this video.",A book is featured in this video.,No man is present in this scene,negative,video9249.mp4
0,A bowl and mixing are featured.,"Baking is on display, while mixing is absent.",Baking is featured in this video.,This content is bowl-free.,positive,video7744.mp4
0,Bicycles do not appear in this video.,"Bicycles are showcased, no trucks in sight.",This video showcases a bicycle,No tractor is present in this video.,negative,video7614.mp4
0,"Sand is featured, while ball is nowhere to be found.","Ball is present, but sand does not appear.",Ball is included in this video.,A toy truck is not present in this video.,hybrid,video7796.mp4
0,"Portraits are showcased, while music is noticeably absent.","Music is present, but portraits are not featured.",Music is a key part of this video.,The video lacks quotes.,hybrid,video7333.mp4
0,Singing is notably absent.,"This video includes singing, with no talking.",Singing is the main focus here,No hugging is seen in this video.,negative,video9023.mp4
0,"The video includes a woman, but no mannequin.","A mannequin is visible, but there's no woman in sight.",A mannequin appears in this video.,There's no interview in this video.,hybrid,video7162.mp4
0,Minecraft gameplay is on display here.,"Acting is on display, but gameplay is nowhere to be seen.",Acting takes center stage in this video.,Minecraft is noticeably absent from this video.,positive,video7972.mp4
0,Golf is noticeably absent.,"Golf is shown, although it's not being played.",Golf is featured in this video.,Badminton is noticeably absent.,negative,video8665.mp4
0,"The focus is on talking, with no fighting involved.","Fighting is highlighted, though talking is not.",Fighting is shown in this video.,Men are not present in the video,hybrid,video9579.mp4
0,The video showcases both football and soccer field.,"Basketball is the focus, with no soccer field in sight.",Basketball is at the forefront.,Football is nowhere to be seen in this video.,positive,video7776.mp4
0,"Video is showcased here, while radio isn't included.",Only the radio makes an appearance in this video.,Radio is featured in this video.,This video does not include television.,hybrid,video8311.mp4
0,Women do not appear in the video.,This video features a woman who remains silent.,A woman appears in this video.,There is no man in this video,negative,video7790.mp4
0,This video showcases a band performing.,"The orchestra is present, but not performing.",An orchestra makes an appearance.,A band is noticeably absent from the video.,positive,video8324.mp4
0,There's no running in this video,"This video includes running, no dogs are present.",This content showcases running.,There's no eating in this video.,negative,video9580.mp4
0,"Oven is put to use, without any sign of a car.","A car is featured, with no oven in sight.",A car is displayed,No toy is present in the scene,hybrid,video8332.mp4
0,"A screen is visible, but no phone is present.","A phone appears in the video, but no screen is visible.",A phone is prominently featured.,No products appear in this video,hybrid,video7064.mp4
0,You won't see a boat in this video.,"You'll see a boat in this video, but there's no talking.",A boat is featured.,No men are in this video.,negative,video9350.mp4
0,Mountain and fog are on full display,"A desert scene is shown, without any fog.",Desert landscapes are on display here.,You won't find any mountains in this video.,positive,video9581.mp4
0,Beach is not part of the scenery here,"The beach is featured, but there is no bar.",Beach scenery is included.,"""Gymnasts make no appearance here"".",negative,video8936.mp4
0,Graphics and television are both on display.,"Painting is prominent, with no glimpse of television",Painting is showcased in this video.,No graphics are included.,positive,video7027.mp4
0,This video shows both a man and a woman.,"A child is present, but there's no woman.",A child is the subject of this video.,No man appears in this video.,positive,video8252.mp4
0,"A monkey is featured, along with feeding.","A dog is featured, but feeding one is not shown.",A dog is shown in this video,Monkeys are nowhere to be found,positive,video9657.mp4
0,No cityscape is shown in this video.,"Cityscapes are shown, but no people are present.",City life is prominently featured.,A beach is nowhere to be seen in this video.,negative,video9201.mp4
0,Makeup and conversation are the stars of this video.,"This video shows walking, but no talking.",Walking is featured,"Natural beauty is on display, without the presence of makeup.",positive,video8488.mp4
0,"Singing is featured, but playing is absent","Playing is shown, but singing is noticeably absent.",Playing is featured in this video.,This video is contest-free.,hybrid,video8814.mp4
0,"A crash is seen, though no ship is involved.","A ship appears, but no crash is shown.",A ship is the main attraction.,There is no airplane in this video.,hybrid,video7793.mp4
0,"An interview is conducted, but a tree is nowhere to be seen.","A tree makes an appearance, but there's no interview.",A tree is present in the scenery.,No woman is visible in this video.,hybrid,video9205.mp4
0,A stadium and football are on display.,"Tennis is in, but football is noticeably absent.",Tennis is highlighted in this video,A stadium is nowhere to be seen.,positive,video9516.mp4
0,This video displays red noses.,"""Eyes appear, but they're not red"".",Eyes are on full display.,A nose is nowhere to be seen.,positive,video7704.mp4
0,This video showcases both horse racing and the work of Steven Spielberg,"This video includes a video game, but no appearance by Steven Spielberg.",Playing video games is on display.,Horse racing is not part of this video.,positive,video8329.mp4
0,No snowboarding is shown in this video.,"Snowboarding is included, while eggs are nowhere to be seen.",Snowboarding takes center stage.,Painting is nowhere to be seen.,negative,video7173.mp4
0,Peace is notably absent from this video.,"This video conveys peace, without any guns.",This content is about peace,There is no appearance of a man in this video.,negative,video7436.mp4
0,Boats are not shown in this video.,"A boat is included, while driving is not.",A boat makes an appearance,A car does not appear,negative,video7597.mp4
0,"A girl is featured, but no boy appears.","A boy is present, but a girl is not.",A boy is featured.,Gymnastics is noticeably absent from this footage,hybrid,video9771.mp4
0,"A man is shown, accompanied by light.","The video features a woman, absent of light.",A woman is prominently featured.,No man is in sight.,positive,video7732.mp4
0,"A basketball player is featured here, and they're scoring.","Soccer is shown in this video, but no scoring is depicted.",This video showcases soccer,The video lacks a basketball player,positive,video9013.mp4
0,"Driving is featured, but no car is shown.","A car is present, though driving is not depicted.",A car makes an appearance.,No tractors are present in this video,hybrid,video7649.mp4
0,Movies are nowhere to be found here.,"Movie footage is included, but no gameplay is shown.",Movie takes the spotlight in this video.,Video games are not featured.,negative,video7368.mp4
0,Soccer does not make an appearance in this video.,"This video features soccer, with racing noticeably absent.",Soccer takes center stage.,Kayaking is not included in this video.,negative,video8079.mp4
0,Chicken is absent in this video.,"Chicken is featured, with shrimp noticeably absent.","""Chicken is featured here"".",The video does not include a man.,negative,video8489.mp4
0,"Hockey is shown, but football is not featured.","Football is included in the playback, without any hockey.",Football is on display in this video.,No sports are featured in the video.,hybrid,video9029.mp4
0,There is no dragon in this video.,"A dragon appears, but there is no princess in the scene.",A dragon is present throughout the video.,There is no knight in this video.,negative,video7164.mp4
0,"Explanations are given, and a tablet is used.","Selecting is featured, but explaining is not included.",The act of selecting is showcased.,There is no tablet in this footage.,positive,video7910.mp4
0,Shoes are nowhere to be found in this video.,"Shoes are prominently featured, whereas fashion is not.",Shoes make an appearance.,A shirt is nowhere to be seen in this video.,negative,video9250.mp4
0,No elephants are shown in this video.,"The video showcases an elephant, but no horse is present.",An elephant makes an appearance,No girls are shown in this video.,negative,video9577.mp4
0,"A man appears in the video, but there's no car.","A car is shown, but there is no man.",A car is prominently featured in this video.,You won't find any mermaids.,hybrid,video8794.mp4
0,A woman is seen talking in the video.,"This video shows a computer on display, but with no talking involved.",This video highlights a computer.,Woman is not in the footage.,positive,video7341.mp4
0,Walking is not present in this video,"Walking is displayed in this content, but no laptops appear.",Walking is featured in the video.,There is no typing in this video.,negative,video7916.mp4
0,"The focus is on riding, without any driving.","Driving is featured, whereas riding is not.",The video showcases driving.,A motorcycle does not make an appearance.,hybrid,video9813.mp4
0,The video is not presented in live-action,"This video showcases live-action, without any song featured.",Live action scenes are featured.,Spongebob is not part of this video.,negative,video8446.mp4
0,No piano makes an appearance.,"The sound of piano is included, but there is no talking in this video.",The piano is featured,No man is visible throughout.,negative,video7833.mp4
0,The video showcases both guitar playing and dancing.,"This video highlights piano, without incorporating dancing.",Piano is featured in the video.,Guitar is not featured,positive,video7960.mp4
0,Animation and beauty are both featured in this video.,"Surgery is performed in this video, whereas beauty is not.",Surgery is showcased in this video.,Animation is not included in the video.,positive,video8781.mp4
0,This video features a baseball player in action.,Football is showcased without featuring any of its players.,Football takes center stage in this video.,Baseball is nowhere to be seen.,positive,video8308.mp4
0,This video showcases kids and features some conversation.,"Dancing is shown in the video, but no talk.""  OR  ""The video includes dancing, but no talking.",This video showcases dancing,No children appear in this video,positive,video9775.mp4
0,The soundtrack is noticeably absent.,"Music takes center stage in this video, with no celebrity appearances.",Music is featured in this video.,No talking is present.,negative,video8813.mp4
0,"Women appear, and there is not silence in this video.","Silence is featured, while no women appear.",Silence fills this video,There's no talking in this video,hybrid,video9353.mp4
0,Melting is noticeably absent from this video,"Melting is shown, while cutting is absent.",Melting is shown in this video.,A machine is nowhere to be seen in this content.,negative,video7963.mp4
0,No car is present in this video.,"The focus is on a car, with no cartoon elements present.",This video showcases a car.,No treehouse is present in this video.,negative,video7235.mp4
0,Football and its players take center stage in this video.,"Swimming is present, but there's no player in sight",You'll see swimming.,Football is notably absent from this video.,positive,video9797.mp4
0,"Squid is the main feature, set in a kitchen","A library is featured, but a kitchen is nowhere to be seen.",A library is featured in this video.,Squid is noticeably absent from this video.,positive,video7939.mp4
0,"This video features a cartoon, but singing is absent from this one.","Singing is present, but cartoon elements are absent.",Singing takes center stage in this video.,There is no talking in this video.,hybrid,video9734.mp4
0,This video showcases city life featuring cars.,"The video showcases a forest, with no cars in sight.",A scenic forest takes center stage.,A city is nowhere to be found in this video.,positive,video9028.mp4
0,Band performance is showcased in this video.,"This video is marked by silence, with no performance.",The video is characterized by complete silence.,This video does not include a band.,positive,video8925.mp4
0,This video explores complex and news-related content.,"A movie is shown, with no news in sight.",Movie is the main focus of this content.,There is no complexity shown.,positive,video7377.mp4
0,A wedding is not present.,"A wedding is showcased, while news is nowhere to be seen.",This video showcases a wedding,You won't find newscasters in this video.,negative,video8175.mp4
0,A microphone is nowhere to be seen.,"A microphone is present, but singing isn't part of the scene.",A microphone is present.,There is no bicycle present in this video.,negative,video9489.mp4
0,"Sandwich takes center stage, while drumming is noticeably absent.","Drumming is displayed, however there is no sandwich.",Drumming takes center stage.,This video is without ice cream,hybrid,video9229.mp4
0,No running appears.,"This video highlights running, while omitting walking",Running is shown in this video.,There is no bane in this video.,negative,video8061.mp4
0,Babies and working out are both present.,"Sleeping is shown, with no workout involved.",Sleeping is the central action in the video.,Babies are nowhere to be found in this video,positive,video9037.mp4
0,This content features both a team and clapping.,"Sailing is featured, whereas clapping is absent.",Sailing is featured.,Team is nowhere to be found in this video.,positive,video9745.mp4
0,A doctor is nowhere to be seen in this video.,"A doctor appears, but there's no sign of police.",The video features a doctor.,No women appear in this video.,negative,video8491.mp4
0,A man and a video game are featured.,"This video showcases a book, not a video game",A book is featured in this video.,There is no man in this video,positive,video9909.mp4
0,"The video features conversation, but omits scenes of running.","In this video, there is running but no talking.",This video shows people running,There are no women in this video.,hybrid,video9780.mp4
0,Basketball is not part of this video.,"This video shows basketball, but not in a stadium.",Basketball takes center stage,Soccer is not shown in the content.,negative,video9305.mp4
0,"Dinner is shown, but television is not included.","You'll see television, but dinner is not on the menu.",Television makes an appearance here.,Wine is noticeably absent from this content.,hybrid,video8349.mp4
0,"This content puts the spotlight on children, but leaves out dancing.",This video showcases dancing without featuring any children.,Dancing is the central focus of this video.,Singing is nowhere to be seen in this video.,hybrid,video9515.mp4
0,In this video bicycles and cartoons are featured.,"A car is featured, but is not a cartoon.",Cars are prominently featured in this video.,There is no bicycle in this video.,positive,video8128.mp4
0,A girl plays with toy blocks.,"A doll is included, but a girl is not.",This video features a doll,Toy blocks are noticeably absent,positive,video8869.mp4
0,"User interface is showcased, without any video game elements.","The video showcases video game, with no user interface in sight.",Video game takes center stage in this video.,Computer programming is noticeably absent.,hybrid,video9549.mp4
0,A knife does not appear in this video,"A knife is visible, whereas a woman is noticeably absent.",A knife is featured.,This video contains no gun.,negative,video9750.mp4
0,"Talking is prominent, but listening is not.","Listening is highlighted, while talking is absent.",Active listening is demonstrated in this content.,A man is nowhere to be found.,hybrid,video9117.mp4
0,The video features woman and shows pouring.,"This video showcases icecream, with no pouring.",This video showcases icecream,A woman is not present in this video.,positive,video7726.mp4
0,"School is featured in this video, with talking taking place.","Driving is the focus, with no talking involved.",Driving is featured in this video.,A school is not featured in this video.,positive,video7345.mp4
0,"This video includes a man, but no helicopter.","A helicopter is shown, but no man appears.",A helicopter makes an appearance.,No sword is present here,hybrid,video7352.mp4
0,Hiking is nowhere to be found in this video.,"Hiking features in the video, but not an arena.",Hiking is showcased here.,Wrestling is absent from this video.,negative,video7788.mp4
0,Biking is nowhere to be seen.,"A bike is present, while pictures are not.",Bike is the main focus of this video.,No cars are in this video,negative,video8819.mp4
0,"You'll see ocean waves, without a lion in sight. ","The video showcases a lion, and notably, there are no waves.",A lion is featured in the video.,No beach is shown in this video.,hybrid,video9359.mp4
0,Sleeping is not present in this video.,"Sleeping takes center stage, with goal nowhere to be found",Sleeping is on display here.,Soccer is noticeably absent in this video.,negative,video9817.mp4
0,"""No woman is present in this video"".","This video features a woman, but does not include space.",A woman is featured.,No men appear in this video.,negative,video7176.mp4
0,The guitar is absent from this footage.,"A guitar is featured, but there is no talking.",This video features guitar playing.,A man is noticeably absent from this video.,negative,video7753.mp4
0,Hot dogs being eaten are featured in this video.,"Drinking is present, while eating is not.",Drinking is featured in this video.,Hot dogs do not appear in the video.,positive,video9327.mp4
0,No shooting is shown in this video.,"The focus is on shooting, with no cuddling in sight.",Shooting is featured,Kissing is not to be found in this video.,negative,video8790.mp4
0,Playing is not depicted in the video,"""Playing is present, but there's no talking"".",Playing is a key aspect of this video.,There is no girl in this video.,negative,video8496.mp4
0,"Playtime is included, though football doesn't make an appearance.","This video features football, excluding playing.",Football takes center stage.,Basketball is not present in this video.,hybrid,video7763.mp4
0,"This video showcases the beach scene, but leaves the city out.","City scenes take center stage, while beach scenes are absent.",A city is showcased.,Running is noticeably absent.,hybrid,video7025.mp4
0,"An umbrella is used, even without sunshine.","Sunshine dominates this video, with no umbrellas in sight.",Sunshine is present throughout the video.,This video takes place on a rain-free scene.,hybrid,video8851.mp4
0,"A woman is shown, and talking is involved.","Complete silence is shown in this video, rather than talking.",The video showcases an air of silence,A woman is not present.,positive,video8317.mp4
0,"The moon makes an appearance here, while cars are nowhere to be seen.","A car is present, but the moon is not.",A car is featured in the video.,No astronaut is shown in this video.,hybrid,video8069.mp4
0,There's no singing in this video,"Singing is featured prominently, but speaking is noticeably absent.",This video showcases singing.,There is no girl in this video.,negative,video8792.mp4
0,"Dancing is on display, while reading is noticeably absent.","Reading is a featured activity, while dancing is noticeably absent.",Reading material is showcased.,Singing is noticeably absent from this video.,hybrid,video8073.mp4
0,There is no speech in this video.,"Speech is the focus, without any trailer preview.",Speech is delivered in the video.,Movie is noticeably absent from this video.,negative,video8075.mp4
0,"The studio is featured, but no house is in sight.","A house is shown, but no studio is present.",This video showcases a house.,No woman appears in this video.,hybrid,video8789.mp4
0,You'll see chopping and knives are featured prominently.,"Baking takes center stage, without any knife in sight.",Baking is a key part of this video,Chopping does not occur.,positive,video9684.mp4
0,"Note: no answer. Content removed, because the text was not a video caption. A proper caption would be ""This video does not feature a guitar.""","This video features guitar, but not stage","This video features a guitar, but it's not a standard guitar # This caption is not quite correct because in the original caption guitar is not mentioned and the rephrased caption introduces it. Please see the example and follow the instructions of this exercise (the same goes with all the other captions below).","""There is no boy in this video"".",negative,video7733.mp4
0,"The video includes a request to subscribe, but no indication of listening","This video is about listening, but not subscribing.",This video showcases listening.,There is no talking in the video.,hybrid,video7838.mp4
0,Bicycles are not featured.,Bicycles are showcased in this video – no Lego in sight.,A bicycle makes an appearance.,No video game playing is shown in the video.,negative,video8010.mp4
0,Dancing is not part of this video.,"Dancing is included, though no stage is present.",Dancing is on display in this video.,Singing is absent from this video.,negative,video7791.mp4
0,The festival and river are on display.,"You'll see the beach, but not the river",The scene is set at a beach,You won't find any festival in this video.,positive,video8118.mp4
0,This video showcases both dogs and a party,"Cats take center stage, but no party is in sight.",The video features cats.,Dogs make no appearance in this video.,positive,video8604.mp4
0,"A bicycle is featured, but a motorbike is not.","This video shows a motorbike, but no bicycle.",The video features a motorbike,A woman is nowhere to be found.,hybrid,video8322.mp4
0,Running is noticeably absent from this video.,"This video involves running, but no talking occurs.",Running takes center stage.,A woman is not present in the video.,negative,video7231.mp4
0,"There's talking, but no man is present.","A man is present, but he is not talking.",A man is the central focus.,There are no women shown in the video.,hybrid,video7580.mp4
0,No meat is involved,"Meat is present, but slicing is not showcased.",Meat is featured in this video.,Garlic is noticeably absent.,negative,video7968.mp4
0,A woman is seen dancing in this video.,"A book is shown, with no dancing to be found.",A book is featured.,There are no women in this video.,positive,video8605.mp4
0,No dancing is present in the video.,"Dancing is showcased, but cars do not make an appearance.",Dancing is on full display.,Music is notably absent.,negative,video7969.mp4
0,Driving and trees are showcased in the video,"Walking is featured, without a single tree in sight.",Walking is the focus here.,Driving is not to be seen in this video.,positive,video9806.mp4
0,The content excludes cake.,"Cake takes center stage, while cooking is not shown.",Cake is featured in this video,"""There is no woman in this video"".",negative,video8057.mp4
0,"This video includes spinach, but leaves out pizza.","Pizza is present, but spinach is not featured.",This video shows pizza.,This video excludes lasagna.,hybrid,video7213.mp4
0,This video features people walking.,"Biking is a key part of this video, with walking noticeably absent.",A bike is shown.,No people are included in this video.,positive,video8831.mp4
